timeframe,timestamp_open,timestamp_close,datetime_open_utc,event_type,event_score,is_significant,close_price,return_simple,normalized_range,volume,volatility_realized,regime_during,event_id,global_event_id,pre_return_1h,pre_vol_mean_1h,pre_return_4h,pre_vol_mean_4h,pre_return_12h,pre_vol_mean_12h,pre_return_24h,pre_vol_mean_24h,pre_return_3d,pre_vol_mean_3d,pre_return_7d,pre_vol_mean_7d,post_return_1h,post_mfe_1h,post_mae_1h,post_return_4h,post_mfe_4h,post_mae_4h,post_return_12h,post_mfe_12h,post_mae_12h,post_return_24h,post_mfe_24h,post_mae_24h,post_return_3d,post_mfe_3d,post_mae_3d,post_return_7d,post_mfe_7d,post_mae_7d,outcome_classification
5m,1788220800000,1788221099999,2026-09-01 00:00:00+00:00,VOLATILITY_EXPANSION,1.0,True,78640.17,0.0,0.0009941484104115366,37.65481,0.0,HIGH_VOLATILITY,5m_1,GEV_0001,0.0,37.65,0.0,37.65,0.0,37.65,0.0,37.65,0.0,37.65,0.0,37.65,0.00085,0.0033,-0.00099,0.00063,0.0033,-0.00573,-0.00778,0.00738,-0.01121,-0.01513,0.00738,-0.02823,0.03212,0.04654,-0.03022,0.00526,0.04654,-0.03022,EVENT_OBSERVATION
5m,1788223800000,1788224099999,2026-09-01 00:50:00+00:00,DOWNWARD_EXPANSION,0.9636,False,78653.75,-0.001957161957816811,0.002074026985363122,53.2466,0.0009869571028544273,HIGH_VOLATILITY,5m_2,GEV_0001,0.00017,43.09,0.00017,43.09,0.00017,43.09,0.00017,43.09,0.00017,43.09,0.00017,43.09,-0.00269,0.00196,-0.00353,0.0011,0.00332,-0.0059,-0.00814,0.00721,-0.01159,-0.0187,0.00721,-0.0284,0.03026,0.04636,-0.03038,0.00773,0.04636,-0.03038,FAILED_EXPANSION
5m,1788225900000,1788226199999,2026-09-01 01:25:00+00:00,DOWNWARD_EXPANSION,0.9667,False,78421.38,-0.0021202979945667,0.0022354873122609887,55.73276,0.0011678063105516172,HIGH_VOLATILITY,5m_3,GEV_0001,-0.00572,44.37,-0.00278,43.76,-0.00278,43.76,-0.00278,43.76,-0.00278,43.76,-0.00278,43.76,-0.00262,0.00212,-0.00295,0.00729,0.00738,-0.00295,-0.0068,0.01019,-0.01156,-0.01621,0.01019,-0.02552,0.03068,0.04946,-0.02751,0.01245,0.04946,-0.02751,FAILED_EXPANSION
5m,1788246300000,1788246599999,2026-09-01 07:05:00+00:00,COMPRESSION,0.1599,False,78775.25,-0.0002550911951023638,0.0006012040583812883,22.3543,0.0006912664695838612,LOW_VOLATILITY_COMPRESSION,5m_4,GEV_0001,-0.00287,36.66,0.00415,41.52,0.00172,41.19,0.00172,41.19,0.00172,41.19,0.00172,41.19,-0.00598,0.00039,-0.00608,-0.01015,0.00039,-0.0129,-0.02019,0.00039,-0.0299,-0.01434,0.00039,-0.0299,0.02724,0.04474,-0.03188,-0.00466,0.04474,-0.03188,COMPRESSION_REGIME
5m,1788247200000,1788247499999,2026-09-01 07:20:00+00:00,COMPRESSION,0.0978,False,78764.02,-0.00015207677465212122,0.0005972270079664312,13.29216,0.0005487928156498883,LOW_VOLATILITY_COMPRESSION,5m_5,GEV_0001,-0.00099,31.31,0.00407,41.28,0.00157,40.43,0.00157,40.43,0.00157,40.43,0.00157,40.43,-0.00834,0.00043,-0.00834,-0.01007,0.00043,-0.01276,-0.01822,0.00043,-0.02976,-0.01435,0.00043,-0.02976,0.0265,0.04489,-0.03174,-0.00376,0.04489,-0.03174,COMPRESSION_REGIME
5m,1788247800000,1788248099999,2026-09-01 07:30:00+00:00,COMPRESSION,0.0973,False,78787.94,8.174507974589851e-05,0.0003883843136397686,25.1485,0.00047256882433289706,LOW_VOLATILITY_COMPRESSION,5m_6,GEV_0001,-0.00185,28.84,0.00074,41.68,0.00188,40.11,0.00188,40.11,0.00188,40.11,0.00188,40.11,-0.00994,0.0001,-0.01209,-0.00914,0.0001,-0.01306,-0.01844,0.0001,-0.03005,-0.0153,0.0001,-0.03005,0.02617,0.04458,-0.03203,-0.00365,0.04458,-0.03203,COMPRESSION_REGIME
5m,1788249900000,1788250199999,2026-09-01 08:05:00+00:00,BREAKDOWN_CANDIDATE,0.9898,False,78304.4,-0.0034818906055130716,0.004209086590280962,97.79976,0.0013169164629855956,TRENDING_DOWN,5m_7,GEV_0001,-0.00598,38.82,-0.00589,40.37,-0.00427,41.07,-0.00427,41.07,-0.00427,41.07,-0.00427,41.07,-0.00537,0.0041,-0.00662,-0.00281,0.0041,-0.00697,-0.01313,0.0041,-0.02407,-0.01007,0.0041,-0.02407,0.03076,0.05103,-0.02606,0.00055,0.05103,-0.02606,FALSE_BREAKDOWN_CANDIDATE
5m,1788251100000,1788251399999,2026-09-01 08:25:00+00:00,BREAKDOWN_CANDIDATE,0.9907,True,77888.0,-0.0028041013471005183,0.0035372586277731457,182.25644,0.0014034635578922838,TRENDING_DOWN,5m_8,GEV_0001,-0.01134,60.74,-0.01194,44.36,-0.00956,43.02,-0.00956,43.02,-0.00956,43.02,-0.00956,43.02,0.00056,0.00331,-0.00131,0.00136,0.00404,-0.00166,-0.00627,0.00688,-0.01885,-0.00822,0.00688,-0.01885,0.03973,0.05665,-0.02085,0.00756,0.05665,-0.02085,FALSE_BREAKDOWN_CANDIDATE
5m,1788263100000,1788263399999,2026-09-01 11:45:00+00:00,COMPRESSION,0.1437,False,78100.01,-8.37317740959298e-05,0.0006437899303725933,27.89563,0.0006947204920908474,LOW_VOLATILITY_COMPRESSION,5m_9,GEV_0001,0.00038,27.64,-0.00704,54.52,-0.00687,45.74,-0.00687,45.74,-0.00687,45.74,-0.00687,45.74,-0.00132,0.00126,-0.00458,-0.00048,0.00415,-0.00755,-0.00673,0.00415,-0.02151,-0.01895,0.00415,-0.02351,0.04055,0.05378,-0.02351,0.00425,0.05378,-0.02351,COMPRESSION_REGIME
5m,1788269700000,1788269999999,2026-09-01 13:35:00+00:00,DOWNWARD_EXPANSION,0.9774,False,77634.32,-0.0023938388557991352,0.003851389437042792,163.87237,0.0013383929122188817,HIGH_VOLATILITY,5m_10,GEV_0001,-0.00236,78.83,-0.00366,48.0,-0.01153,47.94,-0.01279,47.53,-0.01279,47.53,-0.01279,47.53,0.00899,0.01012,-0.0016,-0.00054,0.01017,-0.00407,-0.00839,0.01017,-0.01564,-0.01178,0.01017,-0.01765,0.0221,0.0601,-0.01765,0.00314,0.0601,-0.01765,FAILED_EXPANSION
5m,1788270000000,1788270299999,2026-09-01 13:40:00+00:00,UPWARD_EXPANSION,0.9988,True,77924.0,0.0037313394385369847,0.005748164878599638,210.77614,0.001656315454039786,HIGH_VOLATILITY,5m_11,GEV_0001,-0.0006,88.45,-0.00177,50.96,-0.0083,49.2,-0.00911,48.52,-0.00911,48.52,-0.00911,48.52,0.00611,0.00637,-0.00531,-0.00518,0.00642,-0.00778,-0.01331,0.00642,-0.0193,-0.00696,0.00642,-0.0213,0.01897,0.05616,-0.0213,-0.00102,0.05616,-0.0213,FAILED_EXPANSION
5m,1788270300000,1788270599999,2026-09-01 13:45:00+00:00,UPWARD_EXPANSION,0.9735,False,78100.74,0.0022681073866845924,0.0035849852382961443,166.98302,0.0017857321663218998,HIGH_VOLATILITY,5m_12,GEV_0001,0.00133,97.67,0.00201,52.23,-0.00532,50.27,-0.00686,49.23,-0.00686,49.23,-0.00686,49.23,0.00278,0.00414,-0.0031,-0.00858,0.00414,-0.01002,-0.01627,0.00414,-0.02152,-0.01279,0.00414,-0.02352,0.02001,0.05377,-0.02352,-0.00278,0.05377,-0.02352,FAILED_EXPANSION
5m,1788271500000,1788271799999,2026-09-01 14:05:00+00:00,UPWARD_EXPANSION,0.9691,False,78366.01,0.0029180424377381886,0.0038350810510831626,110.61689,0.0017498339284977534,HIGH_VOLATILITY,5m_13,GEV_0001,0.00808,112.39,0.0065,55.64,0.00065,51.9,-0.00349,50.18,-0.00349,50.18,-0.00349,50.18,-0.00732,0.00074,-0.00763,-0.01552,0.00074,-0.01563,-0.01661,0.00074,-0.02483,-0.01494,0.00074,-0.02682,0.01168,0.0502,-0.02682,-0.00357,0.0502,-0.02682,FAILED_EXPANSION
5m,1788274800000,1788275099999,2026-09-01 15:00:00+00:00,DOWNWARD_EXPANSION,0.9729,False,77844.59,-0.004137243390805012,0.004526583029083914,114.92079,0.0017437225973689387,HIGH_VOLATILITY,5m_14,GEV_0001,-0.00376,70.42,-0.00254,61.48,-0.0081,53.32,-0.01012,50.94,-0.01012,50.94,-0.01012,50.94,0.00084,0.00418,-0.0015,-0.00702,0.00418,-0.0183,-0.00476,0.00418,-0.0183,-0.00995,0.00418,-0.0203,0.01485,0.05723,-0.0203,0.00901,0.05723,-0.0203,EVENT_CONTINUATION
5m,1788288300000,1788288599999,2026-09-01 18:45:00+00:00,UPWARD_EXPANSION,0.9701,False,76782.91,0.0026887965461175334,0.004760825032549598,216.2831,0.0015199043812151607,TRENDING_DOWN,5m_15,GEV_0001,-0.00836,117.21,-0.0196,66.17,-0.02607,60.74,-0.02362,53.94,-0.02362,53.94,-0.02362,53.94,0.00673,0.0089,-0.00473,0.00706,0.00955,-0.00473,0.0106,0.01314,-0.00473,0.00804,0.01314,-0.00676,0.03674,0.07185,-0.00676,0.02028,0.07185,-0.00676,EVENT_CONTINUATION
5m,1788296100000,1788296399999,2026-09-01 20:55:00+00:00,COMPRESSION,0.1151,False,77448.45,0.0002668292611736067,0.0005322249831985167,11.77042,0.0007203694382112588,LOW_VOLATILITY_COMPRESSION,5m_16,GEV_0001,0.00176,22.63,-0.0019,55.21,-0.00558,56.85,-0.01515,51.74,-0.01515,51.74,-0.01515,51.74,-0.00306,0.00088,-0.00682,-0.00304,0.00245,-0.00682,-0.00767,0.00444,-0.00943,-0.00055,0.00444,-0.01529,0.02903,0.06264,-0.01529,0.01342,0.06264,-0.01529,COMPRESSION_REGIME
5m,1788306900000,1788307199999,2026-09-01 23:55:00+00:00,COMPRESSION,0.2347,False,77439.0,-0.0004321534562982121,0.0007036506153230961,24.82426,0.0007479152118798009,LOW_VOLATILITY_COMPRESSION,5m_17,GEV_0001,0.00213,27.4,0.00164,28.29,-0.00845,52.52,-0.01527,49.06,-0.01527,49.06,-0.01527,49.06,-0.00292,0.00094,-0.00396,0.00161,0.00456,-0.0093,-0.00788,0.00456,-0.01517,-0.00128,0.00456,-0.01517,0.02869,0.06277,-0.01517,0.01313,0.06277,-0.01517,COMPRESSION_REGIME
5m,1788307800000,1788308099999,2026-09-02 00:10:00+00:00,COMPRESSION,0.1648,False,77397.03,-3.83720930232645e-05,0.0006104885420021931,43.57062,0.0006779301241038071,LOW_VOLATILITY_COMPRESSION,5m_18,GEV_0001,0.00175,32.62,-0.00037,29.08,-0.00814,52.67,-0.01724,49.08,-0.01581,48.99,-0.01581,48.99,-0.00059,0.00084,-0.00342,-0.00027,0.0051,-0.00877,-0.00735,0.0051,-0.01464,-0.00291,0.0051,-0.01464,0.0294,0.06335,-0.01464,0.01708,0.06335,-0.01464,COMPRESSION_REGIME
5m,1788309900000,1788310199999,2026-09-02 00:45:00+00:00,COMPRESSION,0.1217,False,77244.09,0.00019137811797098614,0.0007219969838469723,19.50175,0.0006378902720122122,LOW_VOLATILITY_COMPRESSION,5m_19,GEV_0002,-0.00425,34.55,-0.00136,29.7,-0.00965,52.02,-0.01984,48.62,-0.01775,48.48,-0.01775,48.48,-0.00536,0.00166,-0.00536,0.00441,0.00709,-0.0068,-0.00629,0.00709,-0.01269,-0.00202,0.00709,-0.01269,0.03048,0.06545,-0.01269,0.01977,0.06545,-0.01269,COMPRESSION_REGIME
5m,1788310800000,1788311099999,2026-09-02 01:00:00+00:00,COMPRESSION,0.0918,False,77206.81,-8.34053740776941e-05,0.0005684731696595082,25.48436,0.0006055938341235847,LOW_VOLATILITY_COMPRESSION,5m_20,GEV_0002,-0.00314,29.08,-0.00226,30.0,-0.00827,51.66,-0.01906,48.39,-0.01823,48.2,-0.01823,48.2,-0.00279,0.00214,-0.00632,0.00362,0.00758,-0.00632,-0.00538,0.00758,-0.01221,-0.0012,0.00758,-0.01221,0.03105,0.06597,-0.01221,0.01946,0.06597,-0.01221,COMPRESSION_REGIME
5m,1788324300000,1788324599999,2026-09-02 04:45:00+00:00,COMPRESSION,0.0684,False,77584.62,-6.0575347225810816e-05,0.0005431488869830054,20.45223,0.0007101060168553454,LOW_VOLATILITY_COMPRESSION,5m_21,GEV_0003,-0.00071,32.16,0.00441,41.99,-2e-05,42.85,-0.01515,48.99,-0.01342,47.64,-0.01342,47.64,0.00222,0.00229,-0.00189,-0.00939,0.00234,-0.00942,-0.00377,0.00234,-0.01702,0.00068,0.00406,-0.01702,0.02546,0.06078,-0.01702,0.01992,0.06078,-0.01702,COMPRESSION_REGIME
5m,1788324600000,1788324899999,2026-09-02 04:50:00+00:00,COMPRESSION,0.1641,False,77550.0,-0.00044622246006997823,0.00044655061250811935,6.2732,0.0006992748413479467,LOW_VOLATILITY_COMPRESSION,5m_22,GEV_0003,-0.00054,28.98,0.00476,41.72,-0.00106,42.63,-0.01511,48.97,-0.01386,47.52,-0.01386,47.52,0.00219,0.00273,-0.00144,-0.00966,0.00279,-0.01036,-0.00367,0.00279,-0.01658,0.00306,0.00451,-0.01658,0.02576,0.06125,-0.01658,0.02093,0.06125,-0.01658,COMPRESSION_REGIME
5m,1788324900000,1788325199999,2026-09-02 04:55:00+00:00,COMPRESSION,0.0648,False,77561.82,0.00015241779497099373,0.00039568437151168355,9.98105,0.0006936716295186494,LOW_VOLATILITY_COMPRESSION,5m_23,GEV_0003,-2e-05,25.74,0.00451,41.53,-0.00044,42.53,-0.0148,48.93,-0.01371,47.41,-0.01371,47.41,0.00115,0.00258,-0.0016,-0.00912,0.00263,-0.01051,-0.00503,0.00263,-0.01673,0.00276,0.00436,-0.01673,0.02499,0.06109,-0.01673,0.02075,0.06109,-0.01673,COMPRESSION_REGIME
5m,1788325500000,1788325799999,2026-09-02 05:05:00+00:00,COMPRESSION,0.0688,False,77479.98,-7.782049946825076e-05,0.0007432887824699556,14.00535,0.0005049435461132607,LOW_VOLATILITY_COMPRESSION,5m_24,GEV_0003,0.00127,23.95,0.00325,41.53,-0.00102,42.45,-0.01839,48.55,-0.01475,47.27,-0.01475,47.27,0.00277,0.00364,-0.00054,-0.00573,0.00369,-0.00946,-0.00479,0.00369,-0.01569,0.00276,0.00542,-0.01569,0.02556,0.06221,-0.01569,0.02129,0.06221,-0.01569,COMPRESSION_REGIME
5m,1788330000000,1788330299999,2026-09-02 06:20:00+00:00,COMPRESSION,0.0609,False,77591.85,-2.4487047897148173e-06,0.0005574039026005952,24.09859,0.0006286198010954371,LOW_VOLATILITY_COMPRESSION,5m_25,GEV_0004,-0.00209,28.89,0.00443,33.98,0.00624,40.7,-0.01586,47.76,-0.01333,46.56,-0.01333,46.56,0.00054,0.00224,-0.00167,-0.01214,0.00224,-0.01427,-0.00179,0.00224,-0.01711,0.00201,0.00397,-0.01711,0.02619,0.06068,-0.01711,0.02109,0.06068,-0.01711,COMPRESSION_REGIME
5m,1788330900000,1788331199999,2026-09-02 06:35:00+00:00,COMPRESSION,0.1538,False,77538.94,0.00022548594931004473,0.0005442426734231483,29.0032,0.0006110688310131802,LOW_VOLATILITY_COMPRESSION,5m_26,GEV_0004,-0.00188,31.93,0.00413,33.7,0.01112,37.51,-0.01756,47.76,-0.014,46.47,-0.014,46.47,0.0008,0.00293,-0.0005,-0.01359,0.00293,-0.01366,-0.00284,0.00293,-0.01644,0.00304,0.00466,-0.01644,0.02807,0.0614,-0.01644,0.02153,0.0614,-0.01644,COMPRESSION_REGIME
5m,1788331500000,1788331799999,2026-09-02 06:45:00+00:00,COMPRESSION,0.1837,False,77597.06,-0.0002182595923415631,0.0005810787161265712,32.82799,0.0006413026494827197,LOW_VOLATILITY_COMPRESSION,5m_27,GEV_0004,-0.00205,36.54,0.00464,34.55,0.0106,36.05,-0.01574,47.81,-0.01326,46.49,-0.01326,46.49,-0.0004,0.00218,-0.00125,-0.01481,0.00218,-0.01529,-0.00253,0.00218,-0.01718,0.00305,0.0039,-0.01718,0.02666,0.06061,-0.01718,0.01994,0.06061,-0.01718,COMPRESSION_REGIME
5m,1788333900000,1788334199999,2026-09-02 07:25:00+00:00,COMPRESSION,0.1856,False,77598.0,-0.0004637143519592435,0.0005156060723213841,20.72349,0.0006025913321383973,LOW_VOLATILITY_COMPRESSION,5m_28,GEV_0004,0.00067,32.81,-0.00081,32.07,0.00304,33.5,-0.01502,47.83,-0.01325,46.09,-0.01325,46.09,-0.00451,0.00046,-0.00451,-0.01412,0.00046,-0.01719,-0.00553,0.00046,-0.01719,0.00459,0.00755,-0.01719,0.02731,0.06059,-0.01719,0.02164,0.06059,-0.01719,COMPRESSION_REGIME
5m,1788334500000,1788334799999,2026-09-02 07:35:00+00:00,COMPRESSION,0.2111,False,77600.93,0.00023884283033259734,0.0003356918531773828,45.15556,0.0005973901057245654,LOW_VOLATILITY_COMPRESSION,5m_29,GEV_0004,0.0008,32.79,-0.00066,30.62,0.00379,33.45,-0.01231,47.92,-0.01322,46.05,-0.01322,46.05,-0.00632,0.00039,-0.00672,-0.01144,0.00039,-0.01723,-0.00537,0.00039,-0.01723,0.00486,0.00751,-0.01723,0.02745,0.06055,-0.01723,0.02094,0.06055,-0.01723,COMPRESSION_REGIME
5m,1788356400000,1788356699999,2026-09-02 13:40:00+00:00,BREAKOUT_CANDIDATE,0.9965,True,77381.65,0.008624217935349288,0.008933384077491226,196.02673,0.002759958713681424,HIGH_VOLATILITY,5m_30,GEV_0005,0.00728,58.74,0.01069,64.11,0.00643,50.72,-0.00696,49.89,-0.016,49.04,-0.016,49.04,-0.00073,0.0014,-0.00869,-0.00094,0.00259,-0.00869,-0.0004,0.00259,-0.00869,0.01957,0.01996,-0.00869,0.02937,0.06356,-0.00869,0.0241,0.06356,-0.00869,FALSE_BREAKOUT_CANDIDATE
5m,1788356700000,1788356999999,2026-09-02 13:45:00+00:00,DOWNWARD_EXPANSION,0.9865,False,77102.0,-0.003613905880786916,0.004430624367720689,120.18733,0.002998855731809387,HIGH_VOLATILITY,5m_31,GEV_0005,0.00447,64.77,0.00558,65.21,0.00354,51.13,-0.01279,49.58,-0.01956,49.19,-0.01956,49.19,0.00158,0.00503,-0.00137,0.00367,0.00623,-0.00459,0.00294,0.00623,-0.00459,0.02242,0.02462,-0.00459,0.03363,0.06742,-0.00459,0.02859,0.06742,-0.00459,FAILED_EXPANSION
5m,1788363000000,1788363299999,2026-09-02 15:30:00+00:00,UPWARD_EXPANSION,0.9653,False,77294.0,0.0032980304237075764,0.0046056615002458825,82.31079,0.002026879594187412,HIGH_VOLATILITY,5m_32,GEV_0006,0.00109,59.53,0.0084,57.37,-0.00309,52.42,-0.00795,48.79,-0.01712,49.62,-0.01712,49.62,0.00306,0.00373,-0.00388,-0.002,0.00373,-0.00444,0.00531,0.00784,-0.00444,0.04621,0.04752,-0.00444,0.03133,0.06477,-0.00444,0.01705,0.06477,-0.00444,FAILED_EXPANSION
5m,1788374400000,1788374699999,2026-09-02 18:40:00+00:00,COMPRESSION,0.0722,False,77314.0,-6.479648407287097e-05,0.0005643221150115717,18.01892,0.0006187343213717132,LOW_VOLATILITY_COMPRESSION,5m_33,GEV_0007,7e-05,35.54,-0.00014,60.04,-0.00387,60.09,0.00962,48.28,-0.01686,50.32,-0.01686,50.32,-0.00108,0.00132,-0.00246,-0.00245,0.00266,-0.00376,0.00666,0.00758,-0.00448,0.04741,0.05247,-0.00448,0.0343,0.06449,-0.00448,0.01578,0.06449,-0.00448,COMPRESSION_REGIME
5m,1788375300000,1788375599999,2026-09-02 18:55:00+00:00,COMPRESSION,0.1033,False,77377.76,0.00022944671284297335,0.0005835009956350343,13.67971,0.0006277894191335929,LOW_VOLATILITY_COMPRESSION,5m_34,GEV_0007,-5e-05,30.03,0.00404,58.74,-0.00301,59.58,0.0029,47.06,-0.01605,50.11,-0.01605,50.11,-0.00047,0.00049,-0.00328,-0.00444,0.00184,-0.00458,0.00591,0.00675,-0.0053,0.0501,0.0516,-0.0053,0.03389,0.06361,-0.0053,0.0134,0.06361,-0.0053,COMPRESSION_REGIME
5m,1788375600000,1788375899999,2026-09-02 19:00:00+00:00,COMPRESSION,0.0875,False,77366.86,-0.00014086734999818606,0.0005581201046545383,14.50211,0.0006217155987989717,LOW_VOLATILITY_COMPRESSION,5m_35,GEV_0007,0.00013,29.96,0.00385,58.35,-0.00328,59.54,0.00089,46.87,-0.01619,50.04,-0.01619,50.04,0.0014,0.00142,-0.00314,-0.00283,0.00198,-0.00465,0.00999,0.01006,-0.00516,0.05254,0.05256,-0.00516,0.03314,0.06376,-0.00516,0.01325,0.06376,-0.00516,COMPRESSION_REGIME
5m,1788375900000,1788376199999,2026-09-02 19:05:00+00:00,COMPRESSION,0.1135,False,77388.69,0.0002821621557345111,0.0006353641598016228,8.93627,0.0005596093644655361,LOW_VOLATILITY_COMPRESSION,5m_36,GEV_0007,-0.00052,29.23,0.00698,54.08,-0.00331,59.38,0.00265,46.61,-0.01591,49.96,-0.01591,49.96,-1e-05,0.0017,-0.00342,-0.00223,0.0017,-0.00493,0.00798,0.01028,-0.00544,0.05018,0.05493,-0.00544,0.03315,0.06346,-0.00544,0.01297,0.06346,-0.00544,COMPRESSION_REGIME
5m,1788384300000,1788384599999,2026-09-02 21:25:00+00:00,COMPRESSION,0.1901,False,77283.48,-0.0004265585879127398,0.000704937200032865,7.62494,0.0006441055384964107,LOW_VOLATILITY_COMPRESSION,5m_37,GEV_0008,-0.00128,25.43,0.00238,28.4,0.00509,54.11,0.00123,46.17,-0.01725,48.81,-0.01725,48.81,-0.00335,0.00192,-0.00337,0.002,0.00206,-0.00408,0.00594,0.01165,-0.00408,0.05795,0.05831,-0.00408,0.03331,0.06491,-0.00408,0.01293,0.06491,-0.00408,COMPRESSION_REGIME
5m,1788384600000,1788384899999,2026-09-02 21:30:00+00:00,COMPRESSION,0.1717,False,77242.0,-0.0005367253130940108,0.0005371430051009197,10.22585,0.0005494466022759297,LOW_VOLATILITY_COMPRESSION,5m_38,GEV_0008,-0.00281,24.79,0.0005,28.19,0.00687,53.77,0.00255,46.15,-0.01778,48.74,-0.01778,48.74,-0.00199,0.00246,-0.00283,0.00356,0.00363,-0.00355,0.00655,0.01219,-0.00355,0.06273,0.06548,-0.00355,0.03379,0.06548,-0.00355,0.01214,0.06548,-0.00355,COMPRESSION_REGIME
5m,1788389400000,1788389699999,2026-09-02 22:50:00+00:00,COMPRESSION,0.1724,False,77040.93,-0.0002994912930173177,0.0006377129663414585,20.97824,0.0006386616907433358,LOW_VOLATILITY_COMPRESSION,5m_39,GEV_0009,-0.00368,15.75,-0.00412,23.92,0.00696,47.99,-0.00335,45.95,-0.02034,47.96,-0.02034,47.96,0.00313,0.00368,-0.00044,0.01064,0.01115,-0.00095,0.00875,0.01484,-0.00095,0.05316,0.06826,-0.00095,0.03586,0.06826,-0.00095,0.01193,0.06826,-0.00095,COMPRESSION_REGIME
5m,1788389700000,1788389999999,2026-09-02 22:55:00+00:00,COMPRESSION,0.0602,False,77034.03,-8.956278175764609e-05,0.00020744078947960954,6.03176,0.0006372034851223159,LOW_VOLATILITY_COMPRESSION,5m_40,GEV_0009,-0.00323,14.91,-0.00444,23.77,0.00461,46.41,-0.00311,45.79,-0.02042,47.89,-0.02042,47.89,0.00397,0.0044,-0.00035,0.01015,0.01124,-0.00086,0.00911,0.01493,-0.00086,0.0533,0.06836,-0.00086,0.0357,0.06836,-0.00086,0.01155,0.06836,-0.00086,COMPRESSION_REGIME
5m,1788402600000,1788402899999,2026-09-03 02:30:00+00:00,BREAKOUT_CANDIDATE,0.9609,False,77883.76,0.0036739031738559635,0.004262762866096861,107.21801,0.0015370110132960485,TRENDING_UP,5m_41,GEV_0010,0.00473,45.37,0.01031,30.22,0.00873,38.74,0.00786,44.95,-0.00962,46.81,-0.00962,46.81,-0.0023,0.00021,-0.00418,-0.00108,0.00021,-0.01005,0.02409,0.02554,-0.01005,0.03703,0.0567,-0.01005,0.02638,0.0567,-0.01005,0.00355,0.0567,-0.01005,FALSE_BREAKOUT_CANDIDATE
5m,1788426000000,1788426299999,2026-09-03 09:00:00+00:00,COMPRESSION,0.0731,False,77829.56,-0.00017702220896476106,0.00041822156003455387,7.97034,0.0006816984968132252,LOW_VOLATILITY_COMPRESSION,5m_42,GEV_0010,-0.00032,28.55,0.00097,42.72,0.00638,33.87,0.01081,44.92,-0.01031,45.9,-0.01031,45.9,-0.00229,0.00187,-0.0032,0.01,0.01225,-0.00452,0.04558,0.05089,-0.00452,0.0429,0.05744,-0.00452,0.02624,0.05744,-0.00452,0.00444,0.05744,-0.00452,COMPRESSION_REGIME
5m,1788427800000,1788428099999,2026-09-03 09:30:00+00:00,COMPRESSION,0.0939,False,77748.2,7.11321080173466e-05,0.0004524863598127419,23.94096,0.0005332467605012925,LOW_VOLATILITY_COMPRESSION,5m_43,GEV_0010,-0.00256,24.77,0.00523,39.3,0.00655,34.17,0.01347,44.09,-0.01134,45.73,-0.01134,45.73,-0.00311,0.00045,-0.00319,0.01121,0.01331,-0.00348,0.05581,0.05855,-0.00348,0.04288,0.05855,-0.00348,0.0286,0.05855,-0.00348,0.00478,0.05855,-0.00348,COMPRESSION_REGIME
5m,1788431100000,1788431399999,2026-09-03 10:25:00+00:00,COMPRESSION,0.1903,False,77630.96,-0.00024533158463202476,0.0006501272172854897,29.71713,0.0005886780488985466,LOW_VOLATILITY_COMPRESSION,5m_44,GEV_0010,-0.00144,31.73,-0.00151,37.32,0.00787,34.92,0.01383,42.42,-0.01283,45.55,-0.01283,45.55,0.00382,0.00423,-0.00197,0.02619,0.02638,-0.00197,0.0451,0.06014,-0.00197,0.0429,0.06014,-0.00197,0.03018,0.06014,-0.00197,0.00449,0.06014,-0.00197,COMPRESSION_REGIME
5m,1788436200000,1788436499999,2026-09-03 11:50:00+00:00,COMPRESSION,0.1116,False,77901.97,8.755358966516802e-05,0.0005974174979142837,23.37823,0.0004682630887336718,LOW_VOLATILITY_COMPRESSION,5m_45,GEV_0010,0.00241,32.88,0.00285,32.06,0.00802,37.1,0.01561,40.18,-0.00939,45.27,-0.00939,45.27,0.00833,0.00892,-9e-05,0.04324,0.04344,-9e-05,0.04356,0.05646,-9e-05,0.04334,0.05646,-9e-05,0.02588,0.05646,-9e-05,3e-05,0.05646,-0.00362,COMPRESSION_REGIME
5m,1788436800000,1788437099999,2026-09-03 12:00:00+00:00,COMPRESSION,0.1793,False,77940.0,-0.00010763532126834008,0.0006209905055169897,35.28775,0.0004916048977998374,LOW_VOLATILITY_COMPRESSION,5m_46,GEV_0010,0.00242,33.24,0.0011,31.48,0.00763,37.32,0.01586,39.96,-0.0089,45.23,-0.0089,45.23,0.00857,0.01081,-0.00056,0.03712,0.04401,-0.00056,0.04139,0.05594,-0.00056,0.04188,0.05594,-0.00056,0.02539,0.05594,-0.00056,-0.00205,0.05594,-0.00411,COMPRESSION_REGIME
5m,1788438300000,1788438599999,2026-09-03 12:25:00+00:00,COMPRESSION,0.1345,False,77970.09,-0.00024554669336451784,0.0004774907916612117,14.99847,0.0006422174878893487,LOW_VOLATILITY_COMPRESSION,5m_47,GEV_0010,0.00055,36.36,-0.00012,31.75,0.01213,37.72,0.01275,39.64,-0.00852,45.19,-0.00852,45.19,0.00673,0.01042,-0.00021,0.03586,0.04361,-0.00021,0.04076,0.05553,-0.00021,0.04322,0.05553,-0.00021,0.02568,0.05553,-0.00021,-0.00222,0.05553,-0.00449,COMPRESSION_REGIME
5m,1788438600000,1788438899999,2026-09-03 12:30:00+00:00,UPWARD_EXPANSION,0.9535,False,78292.0,0.004128634454571012,0.006085551525059994,240.26038,0.0013416621728600706,TRENDING_UP,5m_48,GEV_0010,0.00456,53.23,0.00442,36.1,0.01656,39.04,0.01794,40.38,-0.00443,45.46,-0.00443,45.46,0.00419,0.00627,-0.00411,0.03382,0.03932,-0.00411,0.03842,0.05119,-0.00411,0.0198,0.05119,-0.00411,0.02181,0.05119,-0.00411,-0.01176,0.05119,-0.01219,EVENT_CONTINUATION
5m,1788445200000,1788445499999,2026-09-03 14:20:00+00:00,BREAKOUT_CANDIDATE,0.9832,False,79376.0,0.004548665609167113,0.004632634549486005,183.44876,0.001636870122852985,TRENDING_UP,5m_49,GEV_0010,0.01,114.16,0.02223,69.01,0.02391,48.95,0.02737,43.63,0.00936,47.14,0.00936,47.14,0.01728,0.02004,-0.00453,0.02152,0.02513,-0.00453,0.01655,0.03684,-0.00453,-0.00068,0.03684,-0.00474,0.00341,0.03684,-0.00902,-0.02646,0.03684,-0.03401,EVENT_CONTINUATION
5m,1788445500000,1788445799999,2026-09-03 14:25:00+00:00,BREAKOUT_CANDIDATE,0.975,False,79664.01,0.0036284267284820704,0.003864103752748597,272.3766,0.0016831016661200864,TRENDING_UP,5m_50,GEV_0010,0.01489,132.63,0.02619,74.18,0.02662,50.53,0.0301,44.33,0.01302,47.44,0.01302,47.44,0.01355,0.01635,-0.00368,0.01612,0.02142,-0.00368,0.01321,0.03309,-0.00368,-0.00358,0.03309,-0.00834,0.0001,0.03309,-0.0126,-0.02998,0.03309,-0.03751,EVENT_CONTINUATION
5m,1788446700000,1788446999999,2026-09-03 14:45:00+00:00,UPWARD_EXPANSION,1.0,True,80360.0,0.007462948531631541,0.009202961672473904,501.17608,0.0024548786780001215,TRENDING_UP,5m_51,GEV_0010,0.0194,178.87,0.03585,92.76,0.03248,56.05,0.04061,47.46,0.02187,48.58,0.02187,48.58,0.00527,0.00796,-0.00746,0.00849,0.01257,-0.00746,0.00386,0.02414,-0.00746,-0.02069,0.02414,-0.02092,-0.00866,0.02414,-0.02115,-0.03776,0.02414,-0.04584,EVENT_CONTINUATION
5m,1788447300000,1788447599999,2026-09-03 14:55:00+00:00,BREAKOUT_CANDIDATE,0.9903,True,80549.97,0.003670532284498318,0.0053386736208591865,272.48028,0.0025745692214322506,TRENDING_UP,5m_52,GEV_0010,0.02168,197.72,0.0362,101.44,0.03513,58.7,0.0452,48.94,0.02429,49.1,0.02429,49.1,0.00991,0.01018,-0.0052,0.00874,0.01018,-0.0052,0.0035,0.02173,-0.0052,-0.02029,0.02173,-0.02346,-0.0125,0.02173,-0.02346,-0.03896,0.02173,-0.04809,EVENT_CONTINUATION
5m,1788447600000,1788447899999,2026-09-03 15:00:00+00:00,UPWARD_EXPANSION,0.9866,False,80812.96,0.0032649298317555253,0.0058484431210044105,461.50086,0.0025851141625122653,TRENDING_UP,5m_53,GEV_0010,0.02424,228.85,0.03937,110.3,0.03988,61.79,0.04856,50.42,0.02763,49.65,0.02763,49.65,0.00025,0.0069,-0.00567,0.00765,0.00767,-0.00567,0.00092,0.0184,-0.00567,-0.02243,0.0184,-0.02664,-0.01571,0.0184,-0.02664,-0.04364,0.0184,-0.05119,EVENT_CONTINUATION
5m,1788447900000,1788448199999,2026-09-03 15:05:00+00:00,DOWNWARD_EXPANSION,0.9734,False,80586.96,-0.002796581142430643,0.004139875731756048,757.38744,0.0028740859956621393,TRENDING_UP,5m_54,GEV_0010,0.02164,278.99,0.03565,125.24,0.03692,66.65,0.0486,52.29,0.02476,50.58,0.02476,50.58,0.0049,0.00972,-0.00288,0.0085,0.01307,-0.00288,0.00473,0.02126,-0.00288,-0.01723,0.02126,-0.02391,-0.01315,0.02126,-0.02391,-0.04026,0.02126,-0.04853,FAILED_EXPANSION
5m,1788450600000,1788450899999,2026-09-03 15:50:00+00:00,BREAKOUT_CANDIDATE,0.9875,False,81270.64,0.0060295691387664,0.006244321442528272,359.94659,0.00243078456178959,TRENDING_UP,5m_55,GEV_0010,0.01265,257.95,0.04324,152.25,0.04539,75.87,0.05239,56.18,0.03345,52.13,0.03345,52.13,-0.00369,0.00123,-0.00809,0.00518,0.0059,-0.00809,-0.00416,0.01267,-0.00809,-0.02264,0.01267,-0.03212,-0.01986,0.01267,-0.03212,-0.05073,0.01267,-0.05653,EVENT_CONTINUATION
5m,1788451200000,1788451499999,2026-09-03 16:00:00+00:00,DOWNWARD_EXPANSION,0.991,True,80832.88,-0.006332300732654672,0.007142019435655363,229.61398,0.0029444831799932216,TRENDING_UP,5m_56,GEV_0010,0.00025,252.75,0.03712,159.84,0.0397,78.6,0.04576,57.34,0.02788,52.55,0.02788,52.55,0.00182,0.00652,-0.00271,0.00967,0.01184,-0.00271,0.00028,0.01815,-0.00271,-0.01753,0.01815,-0.02688,-0.01518,0.01815,-0.02688,-0.04618,0.01815,-0.05142,FAILED_EXPANSION
5m,1788471000000,1788471299999,2026-09-03 21:30:00+00:00,UPWARD_EXPANSION,0.9727,False,82087.18,0.003977153200753314,0.006554129402423068,582.51961,0.0017207792110395274,TRENDING_UP,5m_57,GEV_0010,0.00771,94.89,0.01197,72.66,0.05581,96.28,0.06273,65.37,0.04383,54.54,0.04383,54.54,-0.01294,0.00259,-0.0144,-0.01558,0.00259,-0.01585,-0.01225,0.00259,-0.0193,-0.02805,0.00259,-0.04175,-0.02652,0.00259,-0.04175,-0.05915,0.00259,-0.06592,FAILED_EXPANSION
5m,1788493200000,1788493499999,2026-09-04 03:40:00+00:00,COMPRESSION,0.212,False,80873.69,0.0004167491340920648,0.0007255758949541317,29.83471,0.0007260643979458188,LOW_VOLATILITY_COMPRESSION,5m_58,GEV_0011,0.00161,39.59,-0.00444,43.15,0.00015,66.57,0.04124,69.41,0.02641,54.66,0.0284,53.9,0.00205,0.00512,-0.00071,-0.00128,0.00512,-0.00372,-0.01673,0.00679,-0.02737,-0.01547,0.00679,-0.02737,-0.01535,0.00679,-0.02737,-0.04945,0.00679,-0.05453,COMPRESSION_REGIME
5m,1788493800000,1788494099999,2026-09-04 03:50:00+00:00,COMPRESSION,0.0778,False,80932.89,3.830348668021344e-06,0.0005416833625982775,31.86031,0.0006009436341342796,LOW_VOLATILITY_COMPRESSION,5m_59,GEV_0011,0.00209,42.05,-0.00446,43.64,-0.00416,65.21,0.04104,69.54,0.02849,54.44,0.02915,53.87,0.0017,0.00439,-0.00139,-0.003,0.00439,-0.00444,-0.01856,0.00606,-0.02808,-0.01644,0.00606,-0.02808,-0.01579,0.00606,-0.02808,-0.0509,0.00606,-0.05522,COMPRESSION_REGIME
5m,1788494400000,1788494699999,2026-09-04 04:00:00+00:00,COMPRESSION,0.101,False,80855.19,6.41929499072269e-05,0.0004353462035027942,36.48934,0.000617790287023888,LOW_VOLATILITY_COMPRESSION,5m_60,GEV_0011,-0.0004,43.1,-0.00383,43.73,0.00028,61.87,0.03999,69.69,0.02752,54.47,0.02817,53.83,0.00195,0.00535,-0.00044,-0.00276,0.00535,-0.00349,-0.0178,0.00702,-0.02715,-0.0157,0.00702,-0.02715,-0.01507,0.00702,-0.02715,-0.04831,0.00702,-0.05431,COMPRESSION_REGIME
5m,1788494700000,1788494999999,2026-09-04 04:05:00+00:00,COMPRESSION,0.0786,False,80866.09,0.00013480890960737568,0.00033672952408105706,26.05682,0.0005319875112545951,LOW_VOLATILITY_COMPRESSION,5m_61,GEV_0011,-0.00126,41.39,-0.00435,43.25,-0.00143,60.47,0.03982,69.71,0.02664,54.49,0.02831,53.8,0.00242,0.00522,-0.00013,-0.00189,0.00522,-0.00449,-0.01741,0.00689,-0.02728,-0.01631,0.00689,-0.02728,-0.01513,0.00689,-0.02728,-0.04833,0.00689,-0.05444,COMPRESSION_REGIME
5m,1788506700000,1788506999999,2026-09-04 07:25:00+00:00,COMPRESSION,0.1165,False,80862.05,0.00013357863978602502,0.0007099745801646568,27.75834,0.0007009461076719013,LOW_VOLATILITY_COMPRESSION,5m_62,GEV_0012,0.00169,37.18,0.00025,43.22,-0.0084,52.44,0.0373,69.88,0.02641,54.76,0.02825,53.42,0.00149,0.00167,-0.00444,0.00586,0.00694,-0.00444,-0.01303,0.00694,-0.02723,-0.01415,0.00694,-0.02723,-0.01778,0.00694,-0.02723,-0.04361,0.00694,-0.05439,COMPRESSION_REGIME
5m,1788507600000,1788507899999,2026-09-04 07:40:00+00:00,COMPRESSION,0.2106,False,80769.91,-0.00010002724752122827,0.0005393097503760704,85.49268,0.0006331414893421143,LOW_VOLATILITY_COMPRESSION,5m_63,GEV_0012,-0.00096,43.42,-0.00128,45.31,-0.00944,52.94,0.03684,70.34,0.02731,54.84,0.02708,53.49,0.00345,0.00476,-0.00331,0.00592,0.00809,-0.00331,-0.01346,0.00809,-0.02612,-0.01287,0.00809,-0.02612,-0.0184,0.00809,-0.02612,-0.04341,0.00809,-0.05331,COMPRESSION_REGIME
5m,1788510000000,1788510299999,2026-09-04 08:20:00+00:00,COMPRESSION,0.2132,False,80920.0,0.0005935305173607741,0.00078336628769154,20.73936,0.0006712845901186235,LOW_VOLATILITY_COMPRESSION,5m_64,GEV_0013,0.00085,59.08,-0.00355,49.21,-0.00608,51.38,0.03911,70.73,0.03601,54.95,0.02899,53.55,0.00072,0.00482,-0.00078,0.00367,0.00622,-0.0011,-0.01449,0.00622,-0.02793,-0.01571,0.00622,-0.02793,-0.01797,0.00622,-0.02793,-0.04325,0.00622,-0.05507,COMPRESSION_REGIME
5m,1788525000000,1788525299999,2026-09-04 12:30:00+00:00,DOWNWARD_EXPANSION,1.0,True,79842.31,-0.018412712072780946,0.021028825443552487,1644.80372,0.005434722540196665,HIGH_VOLATILITY,5m_65,GEV_0014,-0.0173,170.18,-0.01561,90.23,-0.01793,61.07,0.0198,80.72,0.02511,57.11,0.01529,55.31,-0.00724,0.01876,-0.00832,-0.00102,0.01876,-0.01481,-0.00237,0.01876,-0.01481,-0.002,0.01876,-0.01481,-0.00424,0.01876,-0.01481,-0.03375,0.01876,-0.04754,FAILED_EXPANSION
5m,1788525600000,1788525899999,2026-09-04 12:40:00+00:00,DOWNWARD_EXPANSION,0.9773,False,79686.0,-0.003302188455010735,0.005399944783274388,344.97839,0.005486148703383428,HIGH_VOLATILITY,5m_66,GEV_0014,-0.01922,230.72,-0.01681,103.85,-0.01894,66.44,0.0176,82.64,0.022,57.97,0.0133,56.04,-0.00356,0.00535,-0.00861,0.0021,0.00535,-0.01288,-0.00074,0.00535,-0.01288,0.00051,0.00535,-0.01288,-0.00268,0.01097,-0.01288,-0.0263,0.01097,-0.04567,FAILED_EXPANSION
5m,1788525900000,1788526199999,2026-09-04 12:45:00+00:00,DOWNWARD_EXPANSION,0.9767,False,79450.56,-0.00295459679241028,0.0064569714801254365,452.5234,0.005465418647072272,TRENDING_DOWN,5m_67,GEV_0014,-0.02236,263.3,-0.02054,111.94,-0.0208,68.86,0.01391,84.02,0.01864,58.44,0.01031,56.43,0.00268,0.00319,-0.00567,0.0043,0.00518,-0.00995,0.00186,0.00537,-0.00995,0.00359,0.00537,-0.00995,0.00092,0.01396,-0.00995,-0.01995,0.01396,-0.04284,FAILED_EXPANSION
5m,1788532800000,1788533099999,2026-09-04 14:40:00+00:00,DOWNWARD_EXPANSION,0.95,False,79036.05,-0.003650773740902058,0.0057830572251522236,218.42324,0.0025387657779942893,TRENDING_DOWN,5m_68,GEV_0014,-0.00461,134.13,-0.02509,151.82,-0.02115,86.08,-0.00914,86.47,0.00811,60.2,0.00503,58.56,0.00614,0.00642,-0.00476,0.00762,0.01064,-0.00476,0.00738,0.01064,-0.00476,0.00849,0.01064,-0.00476,-7e-05,0.01928,-0.00476,-0.00486,0.01928,-0.03782,FAILED_EXPANSION
5m,1788533100000,1788533399999,2026-09-04 14:45:00+00:00,BREAKDOWN_CANDIDATE,0.9568,False,78697.67,-0.004281337440319999,0.0059114837834462084,278.28102,0.002483502163533362,TRENDING_DOWN,5m_69,GEV_0014,-0.01213,142.82,-0.02939,156.65,-0.02445,87.86,-0.02069,86.9,0.00485,60.46,0.00073,58.78,0.00881,0.0109,-0.00048,0.01152,0.01499,-0.00048,0.01106,0.01499,-0.00048,0.01314,0.01499,-0.00048,0.00505,0.02366,-0.00048,-0.0002,0.02366,-0.03369,FALSE_BREAKDOWN_CANDIDATE
5m,1788544500000,1788544799999,2026-09-04 17:55:00+00:00,COMPRESSION,0.0521,False,79472.22,7.827246872871285e-05,0.0007968822313004689,18.3654,0.0005808072874665908,LOW_VOLATILITY_COMPRESSION,5m_70,GEV_0015,-0.00343,36.95,0.00118,88.1,-0.01881,94.65,-0.01937,75.2,0.02856,61.52,0.01058,59.26,0.00184,0.00231,-0.00022,0.00191,0.00491,-0.00022,0.00133,0.00491,-0.00038,0.00738,0.00916,-0.00038,-0.0036,0.01369,-0.00997,-0.02439,0.01369,-0.0431,COMPRESSION_REGIME
5m,1788545100000,1788545399999,2026-09-04 18:05:00+00:00,COMPRESSION,0.1672,False,79592.0,0.00046030827833387633,0.0008039752738969399,23.04521,0.0006963377383541766,LOW_VOLATILITY_COMPRESSION,5m_71,GEV_0015,-0.00125,30.53,0.00392,84.84,-0.01765,94.51,-0.02126,75.1,0.03166,61.43,0.0121,59.2,0.00167,0.00171,-0.00099,0.00076,0.00339,-0.00101,-0.00017,0.00339,-0.00188,0.00528,0.00764,-0.00188,-0.00523,0.01216,-0.01146,-0.03169,0.01216,-0.04454,COMPRESSION_REGIME
5m,1788545700000,1788545999999,2026-09-04 18:15:00+00:00,COMPRESSION,0.1783,False,79575.5,0.0006030615306347187,0.0006341147715063858,22.26225,0.0007074839956867382,LOW_VOLATILITY_COMPRESSION,5m_72,GEV_0015,-0.00026,26.91,0.00506,80.32,-0.01742,94.45,-0.01925,74.7,0.03229,61.39,0.01189,59.14,0.00269,0.00269,-0.0006,0.00156,0.0036,-0.0008,0.00062,0.0036,-0.00168,0.00564,0.00785,-0.00168,-0.00471,0.01237,-0.01125,-0.02935,0.01237,-0.04435,COMPRESSION_REGIME
5m,1788546000000,1788546299999,2026-09-04 18:20:00+00:00,COMPRESSION,0.0569,False,79573.2,-2.8903368499144655e-05,0.0006504702588307969,23.07769,0.0007074237091668821,LOW_VOLATILITY_COMPRESSION,5m_73,GEV_0015,-0.00023,26.54,0.00317,78.92,-0.01577,94.32,-0.01863,74.66,0.03193,61.32,0.01186,59.11,0.00291,0.00291,-0.0005,0.00126,0.00363,-0.00077,0.00064,0.00363,-0.00165,0.00534,0.00788,-0.00165,-0.0053,0.0124,-0.01122,-0.03028,0.0124,-0.04432,COMPRESSION_REGIME
5m,1788546300000,1788546599999,2026-09-04 18:25:00+00:00,COMPRESSION,0.1413,False,79534.55,-0.00048571629644145187,0.0006042656933370173,17.13133,0.0006550995761887608,LOW_VOLATILITY_COMPRESSION,5m_74,GEV_0015,0.00029,25.49,0.00196,75.46,-0.01475,94.27,-0.01746,74.56,0.03215,61.27,0.01137,59.07,0.00344,0.00359,-1e-05,0.00216,0.00412,-0.00028,0.00136,0.00412,-0.00116,0.00528,0.00837,-0.00116,-0.00494,0.01289,-0.01074,-0.0292,0.01289,-0.04385,COMPRESSION_REGIME
5m,1788547500000,1788547799999,2026-09-04 18:45:00+00:00,COMPRESSION,0.1295,False,79604.29,-0.00042341590403882634,0.00042372088237952913,16.18394,0.0006865980851072448,LOW_VOLATILITY_COMPRESSION,5m_75,GEV_0015,0.00149,23.22,0.01152,66.65,-0.01437,93.61,-0.01774,74.26,0.03674,60.41,0.01226,58.93,0.0017,0.00271,-0.00012,0.00074,0.00324,-0.00116,0.00078,0.00324,-0.00204,0.00428,0.00748,-0.00204,-0.00508,0.01201,-0.01161,-0.03169,0.01201,-0.04469,COMPRESSION_REGIME
5m,1788547800000,1788548099999,2026-09-04 18:50:00+00:00,COMPRESSION,0.1049,False,79630.39,0.00032787177675985824,0.00046590252791686465,10.10277,0.0006781072208703446,LOW_VOLATILITY_COMPRESSION,5m_76,GEV_0015,0.00207,22.46,0.01036,61.18,-0.01421,93.54,-0.019,74.16,0.03498,60.18,0.01259,58.88,0.0007,0.00238,-0.00045,0.00042,0.00291,-0.00149,0.00034,0.00291,-0.00237,0.00414,0.00715,-0.00237,-0.00511,0.01167,-0.01194,-0.03336,0.01167,-0.04501,COMPRESSION_REGIME
5m,1788548100000,1788548399999,2026-09-04 18:55:00+00:00,COMPRESSION,0.0991,False,79618.15,-0.00015371016015375272,0.0007333754928995389,23.00658,0.0006843076316125278,LOW_VOLATILITY_COMPRESSION,5m_77,GEV_0015,0.00184,21.67,0.0089,57.0,-0.0146,93.36,-0.02014,74.09,0.03194,60.12,0.01244,58.85,0.0022,0.00254,-0.00026,0.00023,0.00306,-0.00133,0.00032,0.00306,-0.00221,0.0048,0.00731,-0.00221,-0.0053,0.01183,-0.01178,-0.03221,0.01183,-0.04486,COMPRESSION_REGIME
5m,1788548700000,1788548999999,2026-09-04 19:05:00+00:00,COMPRESSION,0.0589,False,79724.66,8.893898797968092e-05,0.0003010360909660825,19.28937,0.0007045329322308769,LOW_VOLATILITY_COMPRESSION,5m_78,GEV_0015,0.00167,21.41,0.00664,53.08,-0.01478,93.3,-0.01904,73.86,0.03291,60.0,0.01379,58.79,0.00113,0.00157,-0.0011,-0.00094,0.00172,-0.00267,-0.00072,0.00172,-0.00355,0.00288,0.00596,-0.00355,-0.00711,0.01048,-0.0131,-0.03189,0.01048,-0.04613,COMPRESSION_REGIME
5m,1788549000000,1788549299999,2026-09-04 19:10:00+00:00,COMPRESSION,0.0955,False,79706.0,-0.00023405556072619849,0.0006567886984667562,17.72265,0.000651628757463752,LOW_VOLATILITY_COMPRESSION,5m_79,GEV_0015,0.00224,21.01,0.0064,51.45,-0.01522,93.14,-0.0184,73.11,0.03241,59.98,0.01355,58.75,0.00137,0.00196,-0.00087,-0.00119,0.00196,-0.00243,-0.00017,0.00196,-0.00331,0.00294,0.0062,-0.00331,-0.00678,0.01071,-0.01287,-0.03122,0.01071,-0.04591,COMPRESSION_REGIME
5m,1788549600000,1788549899999,2026-09-04 19:20:00+00:00,COMPRESSION,0.1038,False,79804.38,0.00018974989610121007,0.00035574488518048025,27.74649,0.0006841967671529685,LOW_VOLATILITY_COMPRESSION,5m_80,GEV_0015,0.00291,25.2,0.00631,50.37,-0.01295,93.29,-0.02112,73.18,0.03201,60.03,0.0148,58.74,-0.00071,0.00072,-0.0021,-0.00123,0.00072,-0.00366,-0.00121,0.00072,-0.00454,0.0019,0.00496,-0.00454,-0.00703,0.00947,-0.01409,-0.03182,0.00947,-0.04709,COMPRESSION_REGIME
5m,1788549900000,1788550199999,2026-09-04 19:25:00+00:00,COMPRESSION,0.0653,False,79808.23,4.824296611283252e-05,0.00036850836060395645,28.59655,0.0006490322018931113,LOW_VOLATILITY_COMPRESSION,5m_81,GEV_0015,0.00344,25.63,0.00498,49.39,-0.01303,93.31,-0.02132,73.03,0.03161,60.0,0.01485,58.71,-0.00061,0.00068,-0.00215,-0.0009,0.00068,-0.00371,-0.00114,0.00068,-0.00459,0.00194,0.00491,-0.00459,-0.00708,0.00942,-0.01414,-0.03223,0.00942,-0.04713,COMPRESSION_REGIME
5m,1788550800000,1788551099999,2026-09-04 19:40:00+00:00,COMPRESSION,0.1484,False,79682.72,0.00037663497241524624,0.0006657654256782764,15.66796,0.0006932058038964412,LOW_VOLATILITY_COMPRESSION,5m_82,GEV_0015,0.00056,26.92,0.00203,45.58,-0.01346,92.7,-0.02278,72.78,0.03069,59.96,0.01326,58.63,0.00052,0.00225,-0.00057,-0.00018,0.00225,-0.00214,0.0006,0.00225,-0.00302,0.00217,0.00649,-0.00302,-0.00427,0.01101,-0.01258,-0.02982,0.01101,-0.04563,COMPRESSION_REGIME
5m,1788552900000,1788553199999,2026-09-04 20:15:00+00:00,COMPRESSION,0.0835,False,79827.53,0.00014959483479359825,0.00045072169964416943,16.95526,0.0006995480536011458,LOW_VOLATILITY_COMPRESSION,5m_83,GEV_0015,0.00048,33.43,0.00447,41.92,-0.01292,90.64,-0.02012,71.21,0.03106,60.01,0.0151,58.45,-0.00029,0.00013,-0.002,-0.00253,0.00013,-0.00395,-0.00205,0.00013,-0.00483,-0.00156,0.00467,-0.00483,-0.00712,0.00918,-0.01438,-0.03066,0.00918,-0.04736,COMPRESSION_REGIME
5m,1788554100000,1788554399999,2026-09-04 20:35:00+00:00,COMPRESSION,0.0675,False,79735.94,-1.956419501480955e-05,0.0006713409285699628,25.36413,0.0006221677967950896,LOW_VOLATILITY_COMPRESSION,5m_84,GEV_0015,0.00104,24.9,0.00045,34.61,-0.01682,89.68,-0.02258,70.89,0.02983,59.98,0.01393,58.29,0.00065,0.00095,-0.00085,-0.00111,0.00105,-0.00281,-0.00153,0.00105,-0.00369,-0.00017,0.00582,-0.00369,-0.00649,0.01033,-0.01324,-0.02882,0.01033,-0.04627,COMPRESSION_REGIME
5m,1788554400000,1788554699999,2026-09-04 20:40:00+00:00,COMPRESSION,0.0814,False,79724.01,-0.00014961885443387501,0.0004990968216475012,20.50472,0.0006184375156765808,LOW_VOLATILITY_COMPRESSION,5m_85,GEV_0015,0.00052,24.04,-0.00161,32.86,-0.01634,89.2,-0.02143,70.8,0.0302,59.96,0.01378,58.26,0.00048,0.0012,-0.0007,-0.00121,0.0012,-0.00266,-0.00136,0.0012,-0.00354,0.00069,0.00597,-0.00354,-0.00672,0.01049,-0.0131,-0.02905,0.01049,-0.04613,COMPRESSION_REGIME
5m,1788554700000,1788554999999,2026-09-04 20:45:00+00:00,COMPRESSION,0.1462,False,79751.22,0.0003413024507925577,0.0007930913157190573,13.31068,0.0005902618418196355,LOW_VOLATILITY_COMPRESSION,5m_86,GEV_0015,0.00014,23.86,-0.00052,31.47,-0.01683,88.91,-0.02176,70.76,0.03105,59.96,0.01413,58.22,-0.00041,0.00085,-0.00104,-0.00192,0.00085,-0.003,-0.0019,0.00085,-0.00388,0.00011,0.00563,-0.00388,-0.00648,0.01014,-0.01343,-0.0312,0.01014,-0.04645,COMPRESSION_REGIME
5m,1788555300000,1788555599999,2026-09-04 20:55:00+00:00,COMPRESSION,0.1802,False,79697.04,-0.00038819491122266125,0.0005307599880748759,32.05696,0.00039094822838697276,LOW_VOLATILITY_COMPRESSION,5m_87,GEV_0015,-0.00121,22.75,-0.00061,28.32,-0.01787,87.95,-0.0218,70.68,0.02903,59.98,0.01344,58.16,-0.00092,0.00153,-0.00232,-0.00155,0.00153,-0.00232,-0.00059,0.00153,-0.0032,0.00051,0.00631,-0.0032,-0.00576,0.01083,-0.01276,-0.02958,0.01083,-0.0458,COMPRESSION_REGIME
5m,1788555600000,1788555899999,2026-09-04 21:00:00+00:00,COMPRESSION,0.1615,False,79740.0,0.0005390413495909296,0.0005388763481314417,16.92948,0.0003958240990728588,LOW_VOLATILITY_COMPRESSION,5m_88,GEV_0015,-0.00117,20.7,0.00066,26.88,-0.0176,87.72,-0.02012,70.35,0.03048,59.99,0.01399,58.13,-0.00098,0.00099,-0.00286,-0.00171,0.00099,-0.00286,-0.00052,0.00099,-0.00374,0.0,0.00577,-0.00374,-0.00627,0.01028,-0.01329,-0.03,0.01028,-0.04632,COMPRESSION_REGIME
5m,1788555900000,1788556199999,2026-09-04 21:05:00+00:00,COMPRESSION,0.141,False,79769.64,0.00037170805116626404,0.0004880302832003882,22.27056,0.00041509571801478086,LOW_VOLATILITY_COMPRESSION,5m_89,GEV_0015,-0.00057,19.2,0.00097,26.29,-0.01669,87.36,-0.01984,70.31,0.03259,59.96,0.01436,58.09,-0.00147,0.00062,-0.00323,-0.00159,0.00062,-0.00323,-0.00089,0.00062,-0.00411,8e-05,0.0054,-0.00411,-0.00699,0.00991,-0.01366,-0.02975,0.00991,-0.04667,COMPRESSION_REGIME
5m,1788556200000,1788556499999,2026-09-04 21:10:00+00:00,COMPRESSION,0.0089,False,79769.59,-6.268048846624907e-07,0.0002556111921848842,12.21836,0.00041502085743382267,LOW_VOLATILITY_COMPRESSION,5m_90,GEV_0015,-0.00058,18.3,0.00193,25.77,-0.0163,87.11,-0.02241,70.2,0.03443,59.93,0.01436,58.05,-0.00097,0.00062,-0.00323,-0.0018,0.00062,-0.00323,-0.00063,0.00062,-0.00411,0.00023,0.0054,-0.00411,-0.00631,0.00991,-0.01366,-0.03017,0.00991,-0.04667,COMPRESSION_REGIME
5m,1788556500000,1788556799999,2026-09-04 21:15:00+00:00,COMPRESSION,0.137,False,79803.99,0.00043124203095445957,0.0004311814484464184,5.93759,0.0004347022587847944,LOW_VOLATILITY_COMPRESSION,5m_91,GEV_0015,-0.00029,16.83,0.00261,24.66,-0.01697,86.82,-0.0216,69.85,0.03603,59.87,0.0148,58.01,-0.0013,0.00019,-0.00366,-0.00142,0.00019,-0.00366,-0.00137,0.00019,-0.00454,0.00038,0.00496,-0.00454,-0.00687,0.00947,-0.01408,-0.03011,0.00947,-0.04708,COMPRESSION_REGIME
5m,1788556800000,1788557099999,2026-09-04 21:20:00+00:00,COMPRESSION,0.137,False,79775.3,-0.00035950583423216553,0.0004695689016524143,21.32188,0.0003311043951327344,LOW_VOLATILITY_COMPRESSION,5m_92,GEV_0015,0.00035,17.16,0.0023,24.53,-0.01485,86.25,-0.0216,69.71,0.03313,59.8,0.01443,57.97,-0.00128,0.00055,-0.0033,-0.0012,0.00055,-0.0033,-0.00097,0.00055,-0.00418,0.00114,0.00532,-0.00418,-0.00653,0.00984,-0.01373,-0.02968,0.00984,-0.04674,COMPRESSION_REGIME
5m,1788557100000,1788557399999,2026-09-04 21:25:00+00:00,COMPRESSION,0.1142,False,79772.57,-3.422111856676846e-05,0.0005765139571159013,38.48959,0.0003293649995564962,LOW_VOLATILITY_COMPRESSION,5m_93,GEV_0015,0.00016,18.89,0.00328,24.69,-0.01561,86.02,-0.02433,69.7,0.03347,59.79,0.0144,57.96,-0.00083,0.00059,-0.00327,-0.00099,0.00059,-0.00327,-0.00094,0.00059,-0.00414,0.00107,0.00536,-0.00414,-0.00678,0.00987,-0.0137,-0.03023,0.00987,-0.04671,COMPRESSION_REGIME
5m,1788557400000,1788557699999,2026-09-04 21:30:00+00:00,COMPRESSION,0.0701,False,79784.62,0.00015105442885920972,0.0003859139769044228,18.45521,0.00031815512793999804,LOW_VOLATILITY_COMPRESSION,5m_94,GEV_0015,0.00059,19.68,0.00349,24.63,-0.016,85.38,-0.02805,69.51,0.03555,59.8,0.01455,57.92,-0.00135,0.00043,-0.00342,-0.00139,0.00043,-0.00342,-0.00109,0.00043,-0.00429,0.00084,0.00521,-0.00429,-0.00715,0.00972,-0.01385,-0.03029,0.00972,-0.04685,COMPRESSION_REGIME
5m,1788557700000,1788557999999,2026-09-04 21:35:00+00:00,COMPRESSION,0.0358,False,79787.52,3.634785751960301e-05,0.0002890176308274486,20.09616,0.0003174647136092327,LOW_VOLATILITY_COMPRESSION,5m_95,GEV_0015,0.00065,20.6,0.00269,24.5,-0.01701,85.04,-0.02305,67.56,0.03397,59.78,0.01459,57.89,-0.00105,0.0004,-0.00345,-0.00205,0.0004,-0.00345,-0.00123,0.0004,-0.00433,0.00098,0.00517,-0.00433,-0.00721,0.00968,-0.01388,-0.03007,0.00968,-0.04689,COMPRESSION_REGIME
5m,1788559500000,1788559799999,2026-09-04 22:05:00+00:00,COMPRESSION,0.0648,False,79652.56,-0.00011699447715785016,0.0003362101607280273,17.10607,0.00042430093739166794,LOW_VOLATILITY_COMPRESSION,5m_96,GEV_0015,-0.00147,51.49,0.00076,31.86,-0.01574,85.36,-0.02197,68.01,0.03079,60.24,0.01287,58.05,-4e-05,0.0008,-0.00065,-0.00124,0.00132,-0.00226,-0.00028,0.00139,-0.00264,0.00256,0.00687,-0.00264,-0.00568,0.01139,-0.01221,-0.03235,0.01139,-0.04527,COMPRESSION_REGIME
5m,1788560100000,1788560399999,2026-09-04 22:15:00+00:00,COMPRESSION,0.1062,False,79700.01,9.348426001110077e-05,0.0007040149681286186,21.94483,0.0004362420051239926,LOW_VOLATILITY_COMPRESSION,5m_97,GEV_0015,-0.0013,57.22,0.00156,33.04,-0.01425,85.43,-0.01968,67.93,0.03178,60.34,0.01348,58.04,-0.00081,0.0002,-0.00124,-0.00148,0.00073,-0.00286,-0.00098,0.0008,-0.00324,0.00212,0.00627,-0.00324,-0.00794,0.01079,-0.0128,-0.0315,0.01079,-0.04584,COMPRESSION_REGIME
5m,1788560400000,1788560699999,2026-09-04 22:20:00+00:00,COMPRESSION,0.1398,False,79673.48,-0.0003328732330146744,0.0004774487068971206,17.77717,0.0004349146835057496,LOW_VOLATILITY_COMPRESSION,5m_98,GEV_0015,-0.00128,58.13,0.00126,32.95,-0.01469,85.34,-0.01984,67.86,0.03241,60.34,0.01314,58.01,0.00041,0.00053,-0.00091,-0.001,0.00106,-0.00253,-0.00032,0.00113,-0.00291,0.00232,0.00661,-0.00291,-0.00618,0.01113,-0.01247,-0.03117,0.01113,-0.04552,COMPRESSION_REGIME
5m,1788561300000,1788561599999,2026-09-04 22:35:00+00:00,COMPRESSION,0.1309,False,79703.99,0.00033685943837102883,0.0003368714665351862,7.43626,0.0004777670528156502,LOW_VOLATILITY_COMPRESSION,5m_99,GEV_0015,-0.00105,67.67,0.00164,35.85,-0.01711,85.83,-0.01742,67.68,0.03353,60.42,0.01353,58.03,-0.00036,0.00068,-0.00129,-0.00145,0.00068,-0.00291,-0.0011,0.00075,-0.00329,0.00143,0.00622,-0.00329,-0.01045,0.01074,-0.01285,-0.03184,0.01074,-0.04589,COMPRESSION_REGIME
5m,1788562200000,1788562499999,2026-09-04 22:50:00+00:00,COMPRESSION,0.0542,False,79664.03,7.155099715605573e-06,0.0002672473386043061,27.27476,0.0003435359429161364,LOW_VOLATILITY_COMPRESSION,5m_100,GEV_0015,0.0004,52.46,0.00042,36.87,-0.0178,85.83,-0.01814,67.58,0.03058,60.48,0.01302,57.98,-0.00056,0.00118,-0.00079,-0.00128,0.00118,-0.00241,-0.00053,0.00125,-0.00279,0.00176,0.00673,-0.00279,-0.00906,0.01125,-0.01235,-0.03245,0.01125,-0.04541,COMPRESSION_REGIME
5m,1788562500000,1788562799999,2026-09-04 22:55:00+00:00,COMPRESSION,0.147,False,79636.09,-0.0003507229046786353,0.0005206182272383269,15.14603,0.0003594997956974673,LOW_VOLATILITY_COMPRESSION,5m_101,GEV_0015,0.00015,42.05,0.00023,36.97,-0.01901,85.74,-0.01853,67.47,0.03057,60.44,0.01266,57.94,0.00031,0.00153,-0.00044,-0.00084,0.00153,-0.00206,-0.00023,0.0016,-0.00244,0.00186,0.00708,-0.00244,-0.00859,0.0116,-0.01201,-0.03122,0.0116,-0.04507,COMPRESSION_REGIME
5m,1788562800000,1788563099999,2026-09-04 23:00:00+00:00,COMPRESSION,0.071,False,79640.0,4.909834222144305e-05,0.0004910848819688672,21.38845,0.0003293888644752661,LOW_VOLATILITY_COMPRESSION,5m_102,GEV_0015,-0.00027,40.03,-0.00097,36.94,-0.01812,85.63,-0.01903,67.39,0.03137,60.45,0.01271,57.91,1e-05,0.00148,-0.00049,-0.00107,0.00148,-0.00211,0.0003,0.00155,-0.00249,0.00139,0.00703,-0.00249,-0.00825,0.01155,-0.01205,-0.03066,0.01155,-0.04512,COMPRESSION_REGIME
5m,1788563100000,1788563399999,2026-09-04 23:05:00+00:00,COMPRESSION,0.0531,False,79649.44,0.00011853340030132387,0.00019723930262417917,7.01827,0.00033028732252333363,LOW_VOLATILITY_COMPRESSION,5m_103,GEV_0015,-4e-05,38.75,-0.00094,36.51,-0.01877,85.36,-0.01884,67.26,0.03047,60.42,0.01283,57.87,1e-05,0.00136,-0.00059,-0.00164,0.00136,-0.00222,0.0,0.00143,-0.0026,0.00131,0.00691,-0.0026,-0.0066,0.01143,-0.01217,-0.03078,0.01143,-0.04523,COMPRESSION_REGIME
5m,1788563400000,1788563699999,2026-09-04 23:10:00+00:00,COMPRESSION,0.184,False,79611.11,-0.00048123376636421966,0.0005936357375245084,14.57465,0.00031516440904028525,LOW_VOLATILITY_COMPRESSION,5m_104,GEV_0015,-0.00102,38.56,-0.00119,36.41,-0.01941,85.16,-0.01923,67.22,0.0304,60.42,0.01235,57.83,0.00077,0.00185,-0.00011,-0.00082,0.00185,-0.00174,0.00048,0.00191,-0.00212,0.00181,0.0074,-0.00212,-0.00602,0.01192,-0.0117,-0.03129,0.01192,-0.04477,COMPRESSION_REGIME
5m,1788563700000,1788563999999,2026-09-04 23:15:00+00:00,COMPRESSION,0.1186,False,79635.1,0.0003013398506817033,0.00036277972903907214,12.5033,0.00033117878736785956,LOW_VOLATILITY_COMPRESSION,5m_105,GEV_0015,-0.00081,32.82,-0.00193,36.31,-0.01901,85.04,-0.01951,67.11,0.03,60.42,0.01265,57.79,-0.00012,0.00154,-0.00044,-0.00052,0.00154,-0.00205,-0.00014,0.00161,-0.00242,0.00194,0.00709,-0.00242,-0.00649,0.01161,-0.01199,-0.0312,0.01161,-0.04506,COMPRESSION_REGIME
5m,1788564900000,1788565199999,2026-09-04 23:35:00+00:00,COMPRESSION,0.0703,False,79675.13,-0.00011947093950959164,0.0001365545308804655,9.92747,0.00043614765989309704,LOW_VOLATILITY_COMPRESSION,5m_106,GEV_0015,-0.00036,19.52,0.00028,34.12,-0.01988,84.15,-0.02017,66.85,0.02791,60.39,0.01316,57.64,-0.00035,0.00058,-0.00094,-0.00076,0.00058,-0.00255,-0.00049,0.00111,-0.00293,0.00154,0.00659,-0.00293,-0.00795,0.01111,-0.01249,-0.03107,0.01111,-0.04554,COMPRESSION_REGIME
5m,1788565200000,1788565499999,2026-09-04 23:40:00+00:00,COMPRESSION,0.0479,False,79668.01,-8.936289153227417e-05,8.949639886831185e-05,6.57091,0.0004082510566571694,LOW_VOLATILITY_COMPRESSION,5m_107,GEV_0015,8e-05,19.46,-0.00018,33.61,-0.01945,84.0,-0.01928,66.76,0.02748,60.36,0.01307,57.6,-0.00051,0.00067,-0.00085,-0.00057,0.00067,-0.00246,-0.00075,0.0012,-0.00284,0.00192,0.00668,-0.00284,-0.00688,0.0112,-0.0124,-0.03118,0.0112,-0.04546,COMPRESSION_REGIME
5m,1788565500000,1788565799999,2026-09-04 23:45:00+00:00,COMPRESSION,0.1066,False,79647.65,-0.00025556054431385977,0.00025587697816576707,4.81234,0.0004151171375748953,LOW_VOLATILITY_COMPRESSION,5m_108,GEV_0015,-0.0002,16.44,-0.00115,33.39,-0.01993,83.83,-0.01948,66.64,0.02673,60.33,0.01281,57.55,-0.00062,0.00093,-0.00092,-0.00031,0.00093,-0.0022,-3e-05,0.00145,-0.00258,0.00204,0.00693,-0.00258,-0.00575,0.01145,-0.01215,-0.03106,0.01145,-0.04521,COMPRESSION_REGIME
5m,1788565800000,1788566099999,2026-09-04 23:50:00+00:00,COMPRESSION,0.154,False,79619.72,-0.00035066947989037534,0.00038294533062902865,9.87403,0.00042597409876838786,LOW_VOLATILITY_COMPRESSION,5m_109,GEV_0015,-0.00056,13.91,-0.00083,32.86,-0.0204,83.63,-0.02062,66.61,0.02772,60.26,0.01246,57.51,0.00029,0.00128,-0.00057,-0.00022,0.00128,-0.00185,0.00013,0.0018,-0.00223,0.00297,0.00729,-0.00223,-0.0059,0.01181,-0.0118,-0.03049,0.01181,-0.04488,COMPRESSION_REGIME
5m,1788566100000,1788566399999,2026-09-04 23:55:00+00:00,COMPRESSION,0.2123,False,79660.77,0.0005155757895154434,0.0005153101080996695,14.52617,0.0004427618890515349,LOW_VOLATILITY_COMPRESSION,5m_110,GEV_0015,0.00031,12.93,-0.00166,32.51,-0.01926,83.3,-0.01981,66.52,0.02869,60.23,0.01298,57.47,-0.0011,0.00076,-0.00124,-0.00099,0.00076,-0.00237,-0.00065,0.00129,-0.00275,0.00215,0.00677,-0.00275,-0.00689,0.01129,-0.01231,-0.03057,0.01129,-0.04537,COMPRESSION_REGIME
5m,1788566400000,1788566699999,2026-09-05 00:00:00+00:00,COMPRESSION,0.1215,False,79641.03,-0.0002478007681824268,0.0003110205882571342,9.29951,0.00044958730146738436,LOW_VOLATILITY_COMPRESSION,5m_111,GEV_0015,1e-05,12.48,-0.00241,31.82,-0.01925,83.07,-0.01879,66.46,0.02829,60.21,0.01273,57.43,-0.00046,0.00101,-0.00113,-0.0007,0.00101,-0.00212,0.00017,0.00154,-0.0025,0.00298,0.00702,-0.0025,-0.00737,0.01154,-0.01207,-0.02939,0.01154,-0.04513,COMPRESSION_REGIME
5m,1788566700000,1788566999999,2026-09-05 00:05:00+00:00,COMPRESSION,0.0908,False,79649.99,0.0001125048232049064,0.00041958574006096237,10.56526,0.00044944749242737395,LOW_VOLATILITY_COMPRESSION,5m_112,GEV_0015,1e-05,11.65,-0.00207,31.18,-0.01936,82.5,-0.01932,66.33,0.02907,60.18,0.01284,57.39,-9e-05,0.0009,-0.00125,-0.00129,0.0009,-0.00223,0.0003,0.00142,-0.00261,0.00325,0.00691,-0.00261,-0.00753,0.01142,-0.01218,-0.02947,0.01142,-0.04524,COMPRESSION_REGIME
5m,1788567600000,1788567899999,2026-09-05 00:20:00+00:00,COMPRESSION,0.0743,False,79637.76,0.00015170985039003604,0.00015181240657693673,3.10919,0.00036915929034668455,LOW_VOLATILITY_COMPRESSION,5m_113,GEV_0015,-0.00086,12.54,-0.00138,30.76,-0.01944,81.81,-0.01997,65.94,0.02891,60.11,0.01269,57.28,0.00052,0.00078,-0.00109,-0.00078,0.00091,-0.00208,0.00048,0.00158,-0.00246,0.00292,0.00706,-0.00246,-0.00753,0.01158,-0.01203,-0.02935,0.01158,-0.04509,COMPRESSION_REGIME
5m,1788567900000,1788568199999,2026-09-05 00:25:00+00:00,COMPRESSION,0.0953,False,79652.71,0.00018772501888575377,0.0002040106356707763,11.33411,0.0003519217441010191,LOW_VOLATILITY_COMPRESSION,5m_114,GEV_0015,-0.00104,11.98,-0.00134,30.67,-0.02074,81.69,-0.01843,65.85,0.03093,60.1,0.01288,57.24,0.00052,0.00059,-0.00128,-0.00119,0.00072,-0.00227,3e-05,0.00139,-0.00265,0.00345,0.00687,-0.00265,-0.00814,0.01139,-0.01221,-0.02979,0.01139,-0.04527,COMPRESSION_REGIME
5m,1788568500000,1788568799999,2026-09-05 00:35:00+00:00,COMPRESSION,0.0451,False,79647.11,-7.043073984169812e-05,0.0002794828337148047,7.34126,0.00030425969762578914,LOW_VOLATILITY_COMPRESSION,5m_115,GEV_0015,-0.00035,11.35,-0.00111,30.85,-0.00379,70.14,-0.02142,65.66,0.0316,60.06,0.0128,57.16,-0.00029,0.00079,-0.00121,-0.00147,0.00079,-0.0022,0.00081,0.00146,-0.00258,0.00324,0.00694,-0.00258,-0.00529,0.01146,-0.01214,-0.02994,0.01146,-0.04521,COMPRESSION_REGIME
5m,1788574500000,1788574799999,2026-09-05 02:15:00+00:00,COMPRESSION,0.1142,False,79581.99,0.00022610728470162655,0.00022618182832573046,9.07577,0.0003824552069483789,LOW_VOLATILITY_COMPRESSION,5m_116,GEV_0015,-0.00136,22.38,-0.00148,21.57,0.00514,45.29,-0.01451,63.96,0.0315,59.48,0.01198,56.56,0.00015,0.0005,-0.00089,0.00054,0.00068,-0.00176,0.00118,0.00241,-0.00176,0.00452,0.00777,-0.00176,-0.00344,0.01229,-0.01133,-0.0286,0.01229,-0.04442,COMPRESSION_REGIME
5m,1788574800000,1788575099999,2026-09-05 02:20:00+00:00,COMPRESSION,0.1568,False,79594.0,0.00015091354212182218,0.00042000653315567776,25.30605,0.00038976785480256186,LOW_VOLATILITY_COMPRESSION,5m_117,GEV_0015,-0.00107,23.6,-0.001,21.64,0.00343,44.84,-0.01358,63.72,0.03034,59.46,0.01213,56.53,8e-05,0.00035,-0.00104,0.00037,0.00058,-0.00191,0.00105,0.00226,-0.00191,0.00408,0.00761,-0.00191,-0.00153,0.01214,-0.01148,-0.02854,0.01214,-0.04457,COMPRESSION_REGIME
5m,1788577500000,1788577799999,2026-09-05 03:05:00+00:00,COMPRESSION,0.2438,False,79518.72,-0.0004569161965416457,0.00046529924022921897,13.21836,0.0004419807485015185,LOW_VOLATILITY_COMPRESSION,5m_118,GEV_0015,-0.00044,14.87,-0.00164,16.53,0.00404,35.68,-0.0179,63.14,0.0269,59.24,0.01117,56.21,0.00036,0.00141,-0.0001,0.00187,0.00248,-0.00096,0.00248,0.00321,-0.00096,0.005,0.00857,-0.00096,-0.00666,0.01309,-0.01055,-0.02815,0.01309,-0.04366,COMPRESSION_REGIME
5m,1788578700000,1788578999999,2026-09-05 03:25:00+00:00,COMPRESSION,0.1441,False,79584.0,-0.00020100502512565566,0.0002010454362685967,18.52565,0.0003956164713184399,LOW_VOLATILITY_COMPRESSION,5m_119,GEV_0015,0.00079,17.44,-0.00191,17.63,0.00215,34.12,-0.01556,62.79,0.02477,59.12,0.012,56.11,-0.00032,0.00059,-0.00089,0.00168,0.00168,-0.00178,0.00137,0.0024,-0.00178,0.00396,0.00774,-0.00178,-0.01019,0.01226,-0.01136,-0.02885,0.01226,-0.04445,COMPRESSION_REGIME
5m,1788579000000,1788579299999,2026-09-05 03:30:00+00:00,COMPRESSION,0.1665,False,79601.81,0.00022378870124639683,0.00029044565695171185,20.67628,0.00036220076306485796,LOW_VOLATILITY_COMPRESSION,5m_120,GEV_0015,0.0004,17.03,-0.00104,17.55,0.003,33.51,-0.01511,62.74,0.02668,59.01,0.01223,56.08,-0.00052,0.00036,-0.00111,0.00182,0.00186,-0.00201,0.00143,0.00217,-0.00201,0.00454,0.00751,-0.00201,-0.00859,0.01204,-0.01158,-0.02924,0.01204,-0.04466,COMPRESSION_REGIME
5m,1788579300000,1788579599999,2026-09-05 03:35:00+00:00,COMPRESSION,0.1292,False,79614.65,0.0001613028648468351,0.000354206166829812,12.93332,0.00035931561644757986,LOW_VOLATILITY_COMPRESSION,5m_121,GEV_0015,0.00033,16.67,-0.00076,17.64,0.00101,33.13,-0.01516,62.63,0.02527,58.99,0.01239,56.04,-0.00106,0.0002,-0.00127,0.00146,0.0017,-0.00217,0.0015,0.00201,-0.00217,0.00484,0.00735,-0.00217,-0.00866,0.01187,-0.01174,-0.02952,0.01187,-0.04482,COMPRESSION_REGIME
5m,1788579600000,1788579899999,2026-09-05 03:40:00+00:00,COMPRESSION,0.0727,False,79622.75,0.00010174006919583256,0.00010172971920720925,10.49963,0.0003416797448615387,LOW_VOLATILITY_COMPRESSION,5m_122,GEV_0015,4e-05,16.25,-0.00057,17.65,0.00128,32.57,-0.01547,62.51,0.0267,58.97,0.01249,56.0,-0.00112,0.0001,-0.00137,0.00136,0.00159,-0.00227,0.00161,0.00204,-0.00227,0.00609,0.00725,-0.00227,-0.00846,0.01177,-0.01184,-0.02985,0.01177,-0.04491,COMPRESSION_REGIME
5m,1788579900000,1788580199999,2026-09-05 03:45:00+00:00,COMPRESSION,0.0701,False,79623.2,5.6516510669180064e-06,0.00010034763737208802,24.38337,0.0002741015807876199,LOW_VOLATILITY_COMPRESSION,5m_123,GEV_0015,0.00069,17.26,-0.00031,18.02,0.00292,32.33,-0.01618,62.5,0.02554,58.95,0.0125,55.98,-0.0008,9e-05,-0.0015,0.00132,0.00176,-0.00228,0.00162,0.00204,-0.00228,0.00486,0.00724,-0.00228,-0.00894,0.01177,-0.01185,-0.02985,0.01177,-0.04492,COMPRESSION_REGIME
5m,1788580200000,1788580499999,2026-09-05 03:50:00+00:00,COMPRESSION,0.1561,False,79602.5,-0.00025997447979986266,0.00034182343519369873,11.65497,0.0002871273108495247,LOW_VOLATILITY_COMPRESSION,5m_124,GEV_0015,0.00051,17.46,-0.00022,18.16,0.00216,31.83,-0.01644,62.37,0.02591,58.91,0.01224,55.94,-0.00068,0.00026,-0.00124,0.00162,0.00202,-0.00202,0.00202,0.0023,-0.00202,0.00562,0.00751,-0.00202,-0.00873,0.01203,-0.01159,-0.02933,0.01203,-0.04467,COMPRESSION_REGIME
5m,1788580500000,1788580799999,2026-09-05 03:55:00+00:00,COMPRESSION,0.1528,False,79582.0,-0.0002575296002009786,0.0002631248272220826,14.31463,0.00029918830508378396,LOW_VOLATILITY_COMPRESSION,5m_125,GEV_0015,0.00016,17.71,-0.00099,18.25,0.00192,31.66,-0.01568,62.31,0.02602,58.87,0.01198,55.91,-0.00103,0.00026,-0.00103,0.00161,0.00228,-0.00176,0.00281,0.00294,-0.00176,0.0056,0.00777,-0.00176,-0.00849,0.01229,-0.01133,-0.02908,0.01229,-0.04442,COMPRESSION_REGIME
5m,1788581400000,1788581699999,2026-09-05 04:10:00+00:00,COMPRESSION,0.1069,False,79539.99,-9.176931106003039e-05,0.0004274579365675052,16.44569,0.0002815470311657326,LOW_VOLATILITY_COMPRESSION,5m_126,GEV_0015,-7e-05,20.02,-0.00167,18.75,0.00108,30.89,-0.01771,62.17,0.02796,58.81,0.01144,55.81,0.00024,0.00045,-0.00123,0.00153,0.00281,-0.00123,0.00307,0.00387,-0.00123,0.00542,0.0083,-0.00123,-0.00915,0.01282,-0.01081,-0.02824,0.01282,-0.04392,COMPRESSION_REGIME
5m,1788581700000,1788581999999,2026-09-05 04:15:00+00:00,COMPRESSION,0.184,False,79564.68,0.0003104098957014134,0.00042745097447755416,12.87866,0.00023219434843948684,LOW_VOLATILITY_COMPRESSION,5m_127,GEV_0015,-0.00037,19.93,-0.00077,18.64,0.00117,30.67,-0.01878,62.09,0.02791,58.79,0.01176,55.78,-8e-05,0.00014,-0.00154,0.00125,0.0025,-0.00154,0.00303,0.00355,-0.00154,0.00489,0.00798,-0.00154,-0.00893,0.01251,-0.01112,-0.02929,0.01251,-0.04422,COMPRESSION_REGIME
5m,1788582000000,1788582299999,2026-09-05 04:20:00+00:00,COMPRESSION,0.0778,False,79575.99,0.00014214850106863963,0.00014225396378991935,8.162,0.00023563057343031204,LOW_VOLATILITY_COMPRESSION,5m_128,GEV_0015,-0.0003,16.44,-0.00078,18.31,0.00072,30.36,-0.0201,61.94,0.02778,58.77,0.0119,55.74,-0.00053,0.0,-0.00168,0.00091,0.00236,-0.00168,0.00362,0.00362,-0.00168,0.00446,0.00784,-0.00168,-0.01,0.01237,-0.01126,-0.02943,0.01237,-0.04435,COMPRESSION_REGIME
5m,1788582300000,1788582599999,2026-09-05 04:25:00+00:00,COMPRESSION,0.1523,False,79558.28,-0.00022255456702457987,0.0002227298026050986,19.55945,0.0002371703273261736,LOW_VOLATILITY_COMPRESSION,5m_129,GEV_0015,-0.00032,16.37,-0.00119,18.65,0.00011,30.01,-0.02103,61.86,0.02747,58.75,0.01167,55.71,0.00035,0.00035,-0.00146,0.00102,0.00258,-0.00146,0.00419,0.00432,-0.00146,0.0047,0.00807,-0.00146,-0.00934,0.01259,-0.01104,-0.02899,0.01259,-0.04414,COMPRESSION_REGIME
5m,1788582600000,1788582899999,2026-09-05 04:30:00+00:00,COMPRESSION,0.0339,False,79560.12,2.3127699593228357e-05,0.00010206118341695995,9.97793,0.00022463077396209797,LOW_VOLATILITY_COMPRESSION,5m_130,GEV_0015,-0.00052,15.71,-0.00116,18.62,-0.00251,29.18,-0.01998,61.57,0.02649,58.73,0.0117,55.67,0.00043,0.00043,-0.00148,0.0001,0.00256,-0.00148,0.00539,0.00539,-0.00148,0.00444,0.00804,-0.00148,-0.00918,0.01257,-0.01106,-0.02868,0.01257,-0.04416,COMPRESSION_REGIME
5m,1788582900000,1788583199999,2026-09-05 04:35:00+00:00,COMPRESSION,0.2488,False,79530.01,-0.0003784559399859777,0.00037872496180995507,22.35495,0.00023372510942752163,LOW_VOLATILITY_COMPRESSION,5m_131,GEV_0015,-0.00106,15.84,-0.00147,18.72,-0.00213,28.22,-0.01877,61.28,0.02566,58.73,0.01132,55.64,0.00062,0.0008,-0.00111,0.00106,0.00293,-0.00111,0.00512,0.00577,-0.00111,0.00482,0.00842,-0.00111,-0.00882,0.01295,-0.01069,-0.02812,0.01295,-0.0438,COMPRESSION_REGIME
5m,1788583200000,1788583499999,2026-09-05 04:40:00+00:00,COMPRESSION,0.0304,False,79533.28,4.1116554618803036e-05,4.136633117600076e-05,8.09752,0.00022985951234624294,LOW_VOLATILITY_COMPRESSION,5m_132,GEV_0015,-0.00112,15.46,-0.00118,18.73,-0.004,27.54,-0.01858,61.17,0.02505,58.72,0.01136,55.6,-0.00014,0.00076,-0.00115,0.00103,0.00289,-0.00115,0.00507,0.00573,-0.00115,0.00477,0.00838,-0.00115,-0.00945,0.01291,-0.01073,-0.02869,0.01291,-0.04384,COMPRESSION_REGIME
5m,1788593700000,1788593999999,2026-09-05 07:35:00+00:00,COMPRESSION,0.17,False,79731.02,-0.00020000759903471277,0.00020017303177598695,14.49756,0.00035014488864707545,LOW_VOLATILITY_COMPRESSION,5m_133,GEV_0015,0.00019,23.44,0.00146,26.24,0.00098,26.2,-0.01296,59.75,0.02745,58.78,0.01387,54.9,-0.00147,0.00041,-0.00204,-0.00119,0.00041,-0.00204,0.00037,0.00588,-0.00232,0.00118,0.00588,-0.00232,-0.01503,0.0104,-0.01843,-0.03066,0.0104,-0.04621,COMPRESSION_REGIME
5m,1788594000000,1788594299999,2026-09-05 07:40:00+00:00,COMPRESSION,0.1399,False,79730.74,-3.511807574962944e-06,0.00028558621179220866,29.90368,0.0002815600192594441,LOW_VOLATILITY_COMPRESSION,5m_134,GEV_0015,0.00084,23.9,0.00136,26.58,0.0006,26.19,-0.01287,59.6,0.02799,58.76,0.01387,54.88,-0.00145,0.00041,-0.00204,-0.00154,0.00041,-0.00204,0.00156,0.00589,-0.00232,0.00145,0.00589,-0.00232,-0.01626,0.0104,-0.01843,-0.03066,0.0104,-0.04621,COMPRESSION_REGIME
5m,1788594600000,1788594899999,2026-09-05 07:50:00+00:00,COMPRESSION,0.1016,False,79731.83,4.803833032318572e-05,0.00023227862699255836,16.57398,0.0002778612373799211,LOW_VOLATILITY_COMPRESSION,5m_135,GEV_0015,0.00093,23.97,0.00162,26.63,0.00058,26.09,-0.01188,59.16,0.02864,58.67,0.01388,54.82,-0.00137,0.0001,-0.00205,-0.00128,0.0001,-0.00205,0.00016,0.00587,-0.00233,0.00102,0.00587,-0.00233,-0.01758,0.01039,-0.01946,-0.03062,0.01039,-0.04622,COMPRESSION_REGIME
5m,1788595500000,1788595799999,2026-09-05 08:05:00+00:00,COMPRESSION,0.1613,False,79645.28,-7.533346357724291e-06,0.00030422392890069476,26.62473,0.00033921695485384843,LOW_VOLATILITY_COMPRESSION,5m_136,GEV_0015,-0.00027,21.9,0.00123,27.16,-0.00213,25.78,-0.01323,58.62,0.02747,58.54,0.01278,54.75,0.00067,0.00104,-0.00097,0.00036,0.00114,-0.00097,0.00129,0.00696,-0.00125,0.00288,0.00696,-0.00125,-0.0163,0.01148,-0.0184,-0.02903,0.01148,-0.04518,COMPRESSION_REGIME
5m,1788600600000,1788600899999,2026-09-05 09:30:00+00:00,COMPRESSION,0.0814,False,79697.64,-1.0037928311890099e-06,1.1292680686216999e-06,20.25019,0.00028270180425931204,LOW_VOLATILITY_COMPRESSION,5m_137,GEV_0015,0.00163,32.04,0.0013,25.91,-0.00109,27.18,-0.01707,56.41,0.03888,57.93,0.01345,54.43,-0.00064,0.00013,-0.00122,0.00042,0.00096,-0.0013,0.00194,0.0063,-0.0019,0.00344,0.0063,-0.0019,-0.0139,0.01082,-0.01904,-0.02946,0.01082,-0.04581,COMPRESSION_REGIME
5m,1788600900000,1788601199999,2026-09-05 09:35:00+00:00,COMPRESSION,0.1858,False,79689.37,-0.00010376718808746688,0.00023830029023952932,25.11062,0.0002526611858263072,LOW_VOLATILITY_COMPRESSION,5m_138,GEV_0015,0.00095,30.93,0.00139,26.22,-0.00123,27.23,-0.01821,56.26,0.04047,57.85,0.01334,54.41,-0.00092,0.00024,-0.00112,-0.00034,0.00106,-0.0012,0.00222,0.00641,-0.0018,0.00274,0.00641,-0.0018,-0.01249,0.01093,-0.01894,-0.02911,0.01093,-0.04571,COMPRESSION_REGIME
5m,1788601800000,1788602099999,2026-09-05 09:50:00+00:00,COMPRESSION,0.1359,False,79646.01,-7.533328387765437e-07,0.00015870223756343123,27.39825,0.00029408940993237584,LOW_VOLATILITY_COMPRESSION,5m_139,GEV_0015,0.0003,33.83,0.00096,27.94,0.00017,25.95,-0.01809,55.74,0.03863,57.51,0.01279,54.38,-0.0003,0.00023,-0.00065,-0.00025,0.00161,-0.00126,0.00324,0.00696,-0.00126,0.00261,0.00696,-0.00126,-0.01113,0.01148,-0.01841,-0.02901,0.01148,-0.04519,COMPRESSION_REGIME
5m,1788602400000,1788602699999,2026-09-05 10:00:00+00:00,COMPRESSION,0.1354,False,79630.93,-4.395257742983993e-06,7.509644807627486e-05,31.74184,0.00020155919481565325,LOW_VOLATILITY_COMPRESSION,5m_140,GEV_0015,-0.00084,32.54,0.00027,27.14,-0.00039,25.05,-0.01828,55.4,0.0395,57.45,0.0126,54.35,0.00041,0.00042,-0.00046,0.00021,0.0018,-0.00107,0.00303,0.00715,-0.00107,0.0036,0.00715,-0.00107,-0.01138,0.01167,-0.01822,-0.02819,0.01167,-0.04501,COMPRESSION_REGIME
5m,1788602700000,1788602999999,2026-09-05 10:05:00+00:00,COMPRESSION,0.1142,False,79629.94,-1.2432355116165361e-05,1.26836714935276e-05,25.13825,0.00020108454664255913,LOW_VOLATILITY_COMPRESSION,5m_141,GEV_0015,-0.00086,31.25,0.00065,27.33,-0.00028,25.06,-0.01602,55.34,0.03945,57.42,0.01259,54.33,0.00025,0.00054,-0.00045,0.0007,0.00181,-0.00105,0.00285,0.00716,-0.00105,0.00367,0.00716,-0.00105,-0.0116,0.01168,-0.01821,-0.02803,0.01168,-0.045,COMPRESSION_REGIME
5m,1788603000000,1788603299999,2026-09-05 10:10:00+00:00,COMPRESSION,0.2155,False,79622.0,-9.971123926511005e-05,0.00013049157268091,40.34419,0.00017117315008037637,LOW_VOLATILITY_COMPRESSION,5m_142,GEV_0015,-0.00122,31.92,-6e-05,27.7,-0.00089,25.22,-0.01658,55.33,0.03891,57.4,0.01249,54.32,0.00035,0.00065,-0.00035,0.00054,0.00191,-0.00096,0.00387,0.00726,-0.00096,0.00377,0.00726,-0.00096,-0.01105,0.01178,-0.01811,-0.02793,0.01178,-0.0449,COMPRESSION_REGIME
5m,1788603300000,1788603599999,2026-09-05 10:15:00+00:00,COMPRESSION,0.1049,False,79622.0,0.0,1.2559342888600273e-07,26.77437,0.00016044369736593282,LOW_VOLATILITY_COMPRESSION,5m_143,GEV_0015,-0.00092,31.05,-4e-05,27.73,-0.00098,24.8,-0.01521,55.23,0.03818,57.37,0.01249,54.29,3e-05,0.00065,-0.00035,0.00068,0.00191,-0.00096,0.0031,0.00726,-0.00096,0.00444,0.00726,-0.00096,-0.01015,0.01178,-0.01811,-0.02804,0.01178,-0.0449,COMPRESSION_REGIME
5m,1788605100000,1788605399999,2026-09-05 10:45:00+00:00,COMPRESSION,0.1278,False,79596.01,-5.0251249968380485e-05,5.0379409721602396e-05,20.13296,0.00023734044920813472,LOW_VOLATILITY_COMPRESSION,5m_144,GEV_0015,-0.00063,29.41,-0.00088,28.59,-0.00085,23.94,-0.01831,54.92,0.04118,57.25,0.01215,54.16,0.00062,0.00098,-3e-05,0.00171,0.00224,-0.00063,0.00239,0.00759,-0.00063,0.00494,0.00759,-0.00063,-0.01173,0.01211,-0.01779,-0.02814,0.01211,-0.04459,COMPRESSION_REGIME
5m,1788607500000,1788607799999,2026-09-05 11:25:00+00:00,COMPRESSION,0.0562,False,79623.95,-7.535415510462329e-07,5.036173161460542e-05,9.5282,0.0002883310271371755,LOW_VOLATILITY_COMPRESSION,5m_145,GEV_0015,0.0001,21.13,-0.00117,27.74,-0.00141,23.87,-0.02105,54.4,0.04081,56.51,0.01251,53.94,0.00039,0.0007,-0.0002,0.00087,0.0019,-0.00098,0.00226,0.00723,-0.00098,0.0035,0.00723,-0.00098,-0.01483,0.01176,-0.01813,-0.02928,0.01176,-0.04493,COMPRESSION_REGIME
5m,1788607800000,1788608099999,2026-09-05 11:30:00+00:00,COMPRESSION,0.1505,False,79636.0,0.00015133637555031498,0.0001514390476668551,9.48807,0.0002676806399991936,LOW_VOLATILITY_COMPRESSION,5m_146,GEV_0015,-0.00013,19.48,-0.00139,27.65,-0.00061,23.76,-0.01984,54.23,0.03896,56.46,0.01266,53.91,0.00058,0.00073,-0.00035,0.001,0.00174,-0.00113,0.00256,0.00708,-0.00113,0.00422,0.00708,-0.00113,-0.01449,0.0116,-0.01828,-0.02933,0.0116,-0.04507,COMPRESSION_REGIME
5m,1788608100000,1788608399999,2026-09-05 11:35:00+00:00,COMPRESSION,0.047,False,79635.93,-8.789994475622009e-07,8.790002202144801e-07,10.73168,0.00024043931145275454,LOW_VOLATILITY_COMPRESSION,5m_147,GEV_0015,0.00025,17.79,-0.00119,27.05,-0.00049,23.78,-0.02037,54.12,0.0381,56.42,0.01266,53.88,0.00096,0.00096,-0.00035,0.00123,0.00174,-0.00113,0.00203,0.00708,-0.00113,0.00349,0.00708,-0.00113,-0.01512,0.0116,-0.01828,-0.02905,0.0116,-0.04507,COMPRESSION_REGIME
5m,1788609900000,1788610199999,2026-09-05 12:05:00+00:00,COMPRESSION,0.2207,False,79673.98,0.0002481978039827748,0.00024838724010032073,9.14389,0.0002929872880111046,LOW_VOLATILITY_COMPRESSION,5m_148,GEV_0015,0.0003,17.9,0.00036,26.81,0.0003,24.2,-0.01906,53.5,0.03756,56.17,0.01315,53.72,0.00015,0.00126,-0.00077,0.00138,0.00218,-0.00161,0.00295,0.0066,-0.00161,0.00279,0.0066,-0.00161,-0.01665,0.01112,-0.01875,-0.02904,0.01112,-0.04553,COMPRESSION_REGIME
5m,1788610500000,1788610799999,2026-09-05 12:15:00+00:00,COMPRESSION,0.1134,False,79656.24,-7.807943666315875e-05,7.83366124236499e-05,9.65038,0.0002800514964730567,LOW_VOLATILITY_COMPRESSION,5m_149,GEV_0015,0.0004,13.69,-0.0001,26.09,0.00038,24.12,-0.01865,53.21,0.03638,56.07,0.01292,53.65,0.00055,0.00148,-0.00055,0.00188,0.0024,-0.00138,0.0032,0.00683,-0.00138,0.00389,0.00683,-0.00138,-0.0174,0.01135,-0.01853,-0.02938,0.01135,-0.04532,COMPRESSION_REGIME
5m,1788610800000,1788611099999,2026-09-05 12:20:00+00:00,COMPRESSION,0.222,False,79676.0,0.00024806593934134646,0.00024812992620116566,9.24617,0.0002864184126927803,LOW_VOLATILITY_COMPRESSION,5m_150,GEV_0015,0.00065,13.82,0.00034,25.62,0.00048,24.01,-0.01897,53.08,0.03499,56.02,0.01317,53.61,0.00108,0.00123,-0.0008,0.00236,0.00236,-0.00163,0.00244,0.00658,-0.00163,0.00403,0.00658,-0.00163,-0.01697,0.01109,-0.01878,-0.02962,0.01109,-0.04555,COMPRESSION_REGIME
5m,1788627000000,1788627299999,2026-09-05 16:50:00+00:00,BREAKOUT_CANDIDATE,0.9599,False,80098.85,0.0013607950993874685,0.0016535817929969915,76.13456,0.0006493493897493907,HIGH_VOLATILITY,5m_151,GEV_0017,0.00421,49.88,0.00446,37.98,0.00692,31.13,0.00447,29.2,0.03667,54.18,0.01855,53.01,-0.00046,0.00126,-0.00165,-0.00436,0.00126,-0.00505,-0.00232,0.00126,-0.00505,-0.00512,0.00126,-0.01081,-0.01637,0.00576,-0.03095,-0.03439,0.00576,-0.05059,FALSE_BREAKOUT_CANDIDATE
5m,1788627900000,1788628199999,2026-09-05 17:05:00+00:00,UPWARD_EXPANSION,0.9517,False,80116.06,0.0010069285530527328,0.001725621554529766,100.85009,0.0006743843376774359,HIGH_VOLATILITY,5m_152,GEV_0017,0.00416,70.06,0.0054,42.57,0.00826,32.89,0.00532,29.42,0.039,54.43,0.01877,53.14,-0.0013,0.00058,-0.00178,-0.00424,0.00058,-0.00527,-0.00326,0.00058,-0.00527,-0.00662,0.00058,-0.01102,-0.01755,0.00554,-0.03116,-0.03398,0.00554,-0.05079,FAILED_EXPANSION
5m,1788628500000,1788628799999,2026-09-05 17:15:00+00:00,DOWNWARD_EXPANSION,0.9661,False,80049.57,-0.0010285530160925038,0.0017284290221671469,69.7196,0.0007798533645171215,HIGH_VOLATILITY,5m_153,GEV_0017,0.00306,73.69,0.00439,42.72,0.00618,32.72,0.0057,29.46,0.03912,54.45,0.01792,53.14,-0.00032,0.00128,-0.00095,-0.00269,0.00128,-0.00444,-0.00317,0.00128,-0.00444,-0.00399,0.00128,-0.0102,-0.01761,0.00638,-0.03035,-0.03408,0.00638,-0.05001,FAILED_EXPANSION
5m,1788636600000,1788636899999,2026-09-05 19:30:00+00:00,DOWNWARD_EXPANSION,0.967,False,79784.27,-0.002234285311956241,0.002339558913053958,53.1139,0.0007258205689524523,HIGH_VOLATILITY,5m_154,GEV_0019,-0.0025,16.65,0.00086,45.23,0.00047,34.81,0.00035,30.54,0.03429,54.67,0.01455,52.84,-0.0008,0.00234,-0.00113,0.0007,0.00234,-0.00113,0.00049,0.00406,-0.0026,0.00055,0.00406,-0.00691,-0.01667,0.00972,-0.02713,-0.0331,0.00972,-0.04685,FAILED_EXPANSION
5m,1788637500000,1788637799999,2026-09-05 19:45:00+00:00,DOWNWARD_EXPANSION,0.9536,False,79744.65,-0.0013863815778929478,0.0018001207604523052,37.76083,0.0009099384417817463,HIGH_VOLATILITY,5m_155,GEV_0019,-0.00251,18.1,-9e-05,44.74,0.00021,34.73,6e-05,30.51,0.0327,54.67,0.01404,52.78,0.00019,0.0014,-0.00064,0.00082,0.00255,-0.00064,0.00118,0.00456,-0.0021,0.00084,0.00456,-0.00642,-0.01666,0.01022,-0.02664,-0.03295,0.01022,-0.04637,FAILED_EXPANSION
5m,1788671100000,1788671399999,2026-09-06 05:05:00+00:00,COMPRESSION,0.1155,False,79854.97,-1.4901793424559884e-05,0.0001577860463789019,13.38721,0.0001852527399885676,LOW_VOLATILITY_COMPRESSION,5m_156,GEV_0020,-0.00141,32.55,-0.00151,24.8,-0.00326,32.17,0.00497,32.3,0.02781,54.71,0.01545,51.08,0.00104,0.00317,-0.00076,0.00019,0.00317,-0.00348,-0.00337,0.00317,-0.00779,-0.00147,0.00883,-0.00779,-0.00909,0.00883,-0.02799,-0.03277,0.00883,-0.04769,COMPRESSION_REGIME
5m,1788672900000,1788673199999,2026-09-06 05:35:00+00:00,UPWARD_EXPANSION,0.9561,False,80086.0,0.0021193336105387317,0.0021148515346002465,52.12624,0.0007414543170747988,HIGH_VOLATILITY,5m_157,GEV_0020,0.00216,60.14,0.00057,32.02,0.0012,33.24,0.00637,32.8,0.03416,54.88,0.01839,51.19,-0.00327,0.00027,-0.00347,-0.00223,0.00027,-0.00636,-0.0042,0.00027,-0.01065,-0.00275,0.00592,-0.01065,-0.01426,0.00592,-0.03079,-0.03479,0.00592,-0.05044,FAILED_EXPANSION
5m,1788684300000,1788684599999,2026-09-06 08:45:00+00:00,COMPRESSION,0.2021,False,79771.38,-0.00010478850896233904,0.0002225108804686593,13.25061,0.000278232303316865,LOW_VOLATILITY_COMPRESSION,5m_158,GEV_0021,-0.00085,45.75,-0.00177,41.03,0.00014,31.77,0.00215,33.9,0.02526,54.46,0.01438,50.75,0.00104,0.00274,-0.00012,0.00223,0.00312,-0.00012,0.00201,0.00312,-0.00675,-0.00422,0.00989,-0.00966,-0.00203,0.00989,-0.02697,-0.03632,0.00989,-0.04669,COMPRESSION_REGIME
5m,1788692100000,1788692399999,2026-09-06 10:55:00+00:00,COMPRESSION,0.1431,False,80003.93,-9.99949877567019e-07,0.0002009901263600644,20.4055,0.00025770150468710487,LOW_VOLATILITY_COMPRESSION,5m_159,GEV_0022,0.00148,27.53,0.00275,37.69,0.00276,33.43,0.00485,34.42,0.02918,54.63,0.01734,50.51,-0.00106,0.0002,-0.00142,-0.00576,0.0002,-0.00964,0.00064,0.00112,-0.00964,-0.00805,0.00695,-0.01253,-0.01355,0.00695,-0.0298,-0.04158,0.00695,-0.04946,COMPRESSION_REGIME
5m,1788705000000,1788705299999,2026-09-06 14:30:00+00:00,DOWNWARD_EXPANSION,0.9512,False,79559.75,-0.0014066454111378857,0.0055156030530514105,259.7761,0.000575158035030992,HIGH_VOLATILITY,5m_160,GEV_0023,-0.00295,58.39,-0.00524,31.14,-0.00473,33.48,-0.00236,35.16,-0.00251,52.29,0.01169,50.04,0.00098,0.00248,-0.00411,0.00465,0.00498,-0.00411,0.00567,0.01257,-0.00411,-0.00646,0.01257,-0.00702,-0.0033,0.01257,-0.02438,-0.03081,0.01257,-0.04416,FAILED_EXPANSION
5m,1788723600000,1788723899999,2026-09-06 19:40:00+00:00,COMPRESSION,0.1788,False,79807.92,-5.512933341633719e-05,5.513237282726741e-05,18.19569,0.0002649045304724849,LOW_VOLATILITY_COMPRESSION,5m_161,GEV_0025,-0.00182,17.41,0.00145,18.25,-0.00048,29.55,-0.00059,30.49,-0.02124,44.63,0.01485,48.97,0.00183,0.00203,-0.00039,0.00721,0.00852,-0.00202,-0.00656,0.00942,-0.01011,-0.00583,0.00942,-0.01413,-0.01893,0.00942,-0.02741,-0.03211,0.00942,-0.04713,COMPRESSION_REGIME
5m,1788723900000,1788724199999,2026-09-06 19:45:00+00:00,COMPRESSION,0.1965,False,79811.99,5.099744486525282e-05,0.00011326618970399807,19.47612,0.00025945470781592723,LOW_VOLATILITY_COMPRESSION,5m_162,GEV_0025,-0.00138,16.44,0.00138,18.47,-0.00034,29.49,0.00084,30.5,-0.02026,44.56,0.0149,48.95,0.0015,0.00202,-0.00044,0.00881,0.00937,-0.00207,-0.00561,0.00937,-0.01016,-0.00548,0.00937,-0.01418,-0.01854,0.00937,-0.02746,-0.03207,0.00937,-0.04718,COMPRESSION_REGIME
5m,1788724200000,1788724499999,2026-09-06 19:50:00+00:00,COMPRESSION,0.0762,False,79812.0,1.2529445747588852e-07,3.758833258010806e-07,14.58484,0.00026016314805524433,LOW_VOLATILITY_COMPRESSION,5m_163,GEV_0025,-0.00136,16.53,0.00196,18.67,-2e-05,29.46,0.00084,30.42,-0.02301,44.45,0.0149,48.93,0.00118,0.00202,-0.00044,0.00753,0.00937,-0.00207,-0.00592,0.00937,-0.01016,-0.00559,0.00937,-0.01418,-0.01982,0.00937,-0.02746,-0.03183,0.00937,-0.04718,COMPRESSION_REGIME
5m,1788732300000,1788732599999,2026-09-06 22:05:00+00:00,DOWNWARD_EXPANSION,0.9507,False,79687.4,-0.0018293086205480869,0.0026741994342895595,46.03902,0.0007129945451699652,HIGH_VOLATILITY,5m_164,GEV_0026,-0.00356,34.03,-0.00186,23.01,-0.00293,25.33,-0.00212,29.91,-0.02154,42.71,0.01332,48.58,0.00701,0.00834,-0.00051,0.00149,0.01095,-0.00051,-0.00388,0.01095,-0.00861,-0.00612,0.01095,-0.01264,-0.023,0.01095,-0.02594,-0.0342,0.01095,-0.04569,FAILED_EXPANSION
5m,1788735600000,1788735899999,2026-09-06 23:00:00+00:00,UPWARD_EXPANSION,0.9924,True,80220.0,0.0020589550930938394,0.004265519820493556,107.09154,0.0010955142613672637,HIGH_VOLATILITY,5m_165,GEV_0027,0.00484,45.68,0.00397,29.07,0.00308,27.49,0.00589,29.93,-0.01188,42.53,0.02009,48.57,0.00132,0.00424,-0.00262,-0.00303,0.00424,-0.00524,-0.01132,0.00424,-0.01519,-0.01542,0.00424,-0.0192,-0.02611,0.00424,-0.03241,-0.04321,0.00424,-0.05202,FAILED_EXPANSION
5m,1788737700000,1788737999999,2026-09-06 23:35:00+00:00,BREAKOUT_CANDIDATE,0.9913,True,80441.99,0.0028173933900210724,0.0029339154836919715,98.01618,0.0011474140127612036,HIGH_VOLATILITY,5m_166,GEV_0028,0.00605,58.35,0.00789,35.45,0.00661,29.39,0.00807,31.08,-0.01074,42.74,0.02291,48.62,-0.00345,0.00147,-0.00473,-0.00954,0.00147,-0.00954,-0.01278,0.00147,-0.01791,-0.0174,0.00147,-0.0219,-0.02734,0.00147,-0.03508,-0.04542,0.00147,-0.05464,FALSE_BREAKOUT_CANDIDATE
5m,1788738300000,1788738599999,2026-09-06 23:45:00+00:00,UPWARD_EXPANSION,0.9818,False,80514.97,0.0016386498430953633,0.0021951197398447173,93.69407,0.0012486592964399358,TRENDING_UP,5m_167,GEV_0028,0.00644,66.5,0.00881,38.65,0.00703,30.51,0.00883,30.59,-0.0088,42.88,0.02384,48.68,-0.00437,0.00056,-0.00563,-0.01084,0.00056,-0.01152,-0.0137,0.00056,-0.0188,-0.01646,0.00056,-0.02279,-0.02792,0.00056,-0.03596,-0.04592,0.00056,-0.0555,FAILED_EXPANSION
5m,1788738600000,1788738899999,2026-09-06 23:50:00+00:00,DOWNWARD_EXPANSION,0.9642,False,80413.14,-0.001264733750754643,0.0017161374372397346,109.94581,0.0013531851170681354,TRENDING_UP,5m_168,GEV_0028,0.00476,72.66,0.00753,40.5,0.0062,31.12,0.00698,30.61,-0.01086,42.98,0.02255,48.71,-0.00324,0.0015,-0.00437,-0.00943,0.0015,-0.0105,-0.01226,0.0015,-0.01756,-0.01571,0.0015,-0.02155,-0.02634,0.0015,-0.03473,-0.04471,0.0015,-0.0543,EVENT_CONTINUATION
5m,1788740100000,1788740399999,2026-09-07 00:15:00+00:00,DOWNWARD_EXPANSION,0.976,False,80099.25,-0.002847699432327433,0.003199530582371231,58.77187,0.001539005169473299,HIGH_VOLATILITY,5m_169,GEV_0028,-0.002,68.1,0.00328,44.75,0.00167,32.53,0.00235,31.31,-0.01346,43.08,0.01855,48.73,-0.00221,0.00296,-0.00291,-0.00512,0.00408,-0.0068,-0.00772,0.00408,-0.01371,-0.01305,0.00408,-0.01772,-0.02301,0.00408,-0.03095,-0.03997,0.00408,-0.0506,EVENT_CONTINUATION
5m,1788743100000,1788743399999,2026-09-07 01:05:00+00:00,DOWNWARD_EXPANSION,0.9606,False,79989.42,-0.002934999715798914,0.0031802955940923115,50.37589,0.0012622359855650248,HIGH_VOLATILITY,5m_170,GEV_0029,-0.00491,37.03,0.00022,47.03,0.00066,33.09,0.00017,31.95,-0.01299,42.81,0.01716,48.65,-0.00229,0.00318,-0.00235,-0.00314,0.00546,-0.00561,-0.00525,0.00546,-0.01236,-0.00799,0.00546,-0.01637,-0.01958,0.00546,-0.02962,-0.03947,0.00546,-0.04929,EVENT_CONTINUATION
5m,1788748500000,1788748799999,2026-09-07 02:35:00+00:00,UPWARD_EXPANSION,0.9859,False,80386.02,0.004693509563558518,0.00487037422676225,75.14159,0.0014883696764582753,HIGH_VOLATILITY,5m_171,GEV_0030,0.00608,27.86,0.00535,46.32,0.00898,31.15,0.0056,32.39,-0.00569,42.62,0.0222,48.48,-0.00885,0.0005,-0.00885,-0.00853,0.0005,-0.01052,-0.01674,0.0005,-0.01723,-0.0151,0.0005,-0.02122,-0.0273,0.0005,-0.03441,-0.03641,0.0005,-0.05398,FAILED_EXPANSION
5m,1788748800000,1788749099999,2026-09-07 02:40:00+00:00,DOWNWARD_EXPANSION,0.9571,False,80264.0,-0.001517925629357042,0.0022232881491079074,58.13421,0.0015734832884326379,HIGH_VOLATILITY,5m_172,GEV_0030,0.00513,30.78,0.00364,46.54,0.00685,31.3,0.00483,32.51,-0.00594,42.66,0.02065,48.49,-0.00788,0.00202,-0.00843,-0.00728,0.00202,-0.00902,-0.01537,0.00202,-0.01628,-0.01408,0.00202,-0.01973,-0.02494,0.00202,-0.03294,-0.03448,0.00202,-0.05254,EVENT_CONTINUATION
5m,1788749700000,1788749999999,2026-09-07 02:55:00+00:00,DOWNWARD_EXPANSION,0.9681,False,79874.24,-0.002832419821345744,0.0037746838029382185,55.84974,0.0019400566010863264,HIGH_VOLATILITY,5m_173,GEV_0030,-0.00065,33.58,-0.00226,46.23,0.00416,31.37,-0.00041,32.79,-0.01185,42.68,0.01569,48.47,-0.00348,0.00319,-0.00383,-0.00269,0.00319,-0.00418,-0.00854,0.00319,-0.01148,-0.01182,0.00319,-0.01495,-0.01898,0.00319,-0.02822,-0.02847,0.00319,-0.04792,FAILED_EXPANSION
5m,1788787800000,1788788099999,2026-09-07 13:30:00+00:00,DOWNWARD_EXPANSION,0.9547,False,79404.0,-0.0030035203252104514,0.0032504659714876556,80.12389,0.0010114414856832198,HIGH_VOLATILITY,5m_174,GEV_0031,-0.00126,32.79,-0.0001,27.64,-0.00705,39.19,-0.0049,36.58,0.00177,36.89,0.00971,47.92,-0.00451,0.00301,-0.00499,-0.00392,0.00301,-0.00912,-0.00107,0.00301,-0.00912,-0.01619,0.00301,-0.01688,-0.03124,0.00448,-0.03436,-0.01528,0.00612,-0.04228,EVENT_CONTINUATION
5m,1788789900000,1788790199999,2026-09-07 14:05:00+00:00,DOWNWARD_EXPANSION,0.9604,False,79140.93,-0.0024272220975026793,0.002780861938316896,98.76517,0.0011842711037443321,HIGH_VOLATILITY,5m_175,GEV_0032,-0.00539,46.89,-0.00299,32.02,-0.00834,40.78,-0.00787,37.01,-0.00177,35.96,0.00637,47.95,-0.0006,0.00251,-0.00232,0.00044,0.00251,-0.00582,0.00239,0.00407,-0.00582,-0.01333,0.00435,-0.01922,-0.02655,0.00782,-0.03115,-0.01052,0.00947,-0.0391,FAILED_EXPANSION
5m,1788795000000,1788795299999,2026-09-07 15:30:00+00:00,DOWNWARD_EXPANSION,0.9559,False,78841.54,-0.002357397089430835,0.0029679785554670803,109.21396,0.001137322365834472,TRENDING_DOWN,5m_176,GEV_0033,-0.00259,62.74,-0.00774,43.75,-0.01128,43.93,-0.01,37.53,-0.00658,34.55,0.00256,48.06,0.00122,0.00244,-0.00205,0.0068,0.00701,-0.00205,0.00097,0.00816,-0.00205,-0.00376,0.00816,-0.01549,-0.02127,0.01165,-0.02747,-0.00395,0.0133,-0.03545,FAILED_EXPANSION
5m,1788803700000,1788803999999,2026-09-07 17:55:00+00:00,COMPRESSION,0.1238,False,79185.73,0.00013135404677178109,0.00013840877642987446,14.79825,0.00038590614802225324,LOW_VOLATILITY_COMPRESSION,5m_177,GEV_0034,0.00198,22.48,-0.0021,45.4,-0.00719,40.64,-0.00702,39.28,-0.0036,33.64,0.00694,47.88,0.00013,0.00074,-0.00113,-0.00027,0.00295,-0.00113,-0.00767,0.00378,-0.00797,-0.0086,0.00378,-0.01977,-0.02345,0.00725,-0.03169,-0.00313,0.00889,-0.03964,COMPRESSION_REGIME
5m,1788807900000,1788808199999,2026-09-07 19:05:00+00:00,COMPRESSION,0.2123,False,79158.08,-0.0003033513887609196,0.0003906107879321764,10.8067,0.000388920000743576,LOW_VOLATILITY_COMPRESSION,5m_178,GEV_0035,-0.00022,23.92,0.00081,36.02,-0.0066,38.62,-0.00899,39.59,-0.00711,33.67,0.00659,47.71,0.00114,0.0033,-0.0,-0.00043,0.0033,-0.00476,-0.00948,0.00413,-0.01133,-0.00882,0.00413,-0.01943,-0.02474,0.0076,-0.03136,-0.00181,0.00925,-0.03931,COMPRESSION_REGIME
5m,1788808200000,1788808499999,2026-09-07 19:10:00+00:00,COMPRESSION,0.1083,False,79165.98,9.980029833966952e-05,0.00022092823205125786,11.84004,0.00039042417652862906,LOW_VOLATILITY_COMPRESSION,5m_179,GEV_0035,-0.00011,21.13,0.00149,35.56,-0.00569,38.55,-0.00879,39.56,-0.00678,33.66,0.00669,47.69,0.00089,0.0032,-0.0001,-0.00043,0.0032,-0.00486,-0.00955,0.00403,-0.01142,-0.00882,0.00403,-0.01953,-0.02519,0.0075,-0.03145,-0.00119,0.00915,-0.0394,COMPRESSION_REGIME
5m,1788808500000,1788808799999,2026-09-07 19:15:00+00:00,COMPRESSION,0.158,False,79182.0,0.00020235964994053113,0.0002023187087975054,5.98646,0.00038221431649232825,LOW_VOLATILITY_COMPRESSION,5m_180,GEV_0035,-0.00024,19.12,0.00064,35.15,-0.00496,38.38,-0.0085,39.53,-0.00761,33.65,0.00689,47.67,0.00098,0.003,-0.0002,-0.00081,0.003,-0.00506,-0.00926,0.00383,-0.01162,-0.00926,0.00383,-0.01973,-0.02558,0.0073,-0.03165,0.00033,0.00894,-0.0396,COMPRESSION_REGIME
5m,1788809100000,1788809399999,2026-09-07 19:25:00+00:00,COMPRESSION,0.0955,False,79243.43,5.047739628505354e-07,0.00028986630184971315,21.4752,0.00038969537112545,LOW_VOLATILITY_COMPRESSION,5m_181,GEV_0035,0.00128,17.7,0.00273,32.33,-0.00228,37.9,-0.0076,39.52,-0.00708,33.56,0.00767,47.64,-0.00037,0.00222,-0.00075,-0.00291,0.00222,-0.00583,-0.00978,0.00305,-0.01239,-0.00971,0.00305,-0.02049,-0.02591,0.00652,-0.0324,-0.00127,0.00816,-0.04034,COMPRESSION_REGIME
5m,1788813000000,1788813299999,2026-09-07 20:30:00+00:00,COMPRESSION,0.1783,False,79233.99,0.00025273319844987263,0.0003448015176314159,8.33488,0.0003952041453968805,LOW_VOLATILITY_COMPRESSION,5m_182,GEV_0036,-0.00181,21.7,0.00375,23.01,-0.00337,33.66,-0.00899,39.7,-0.00631,33.48,0.00755,47.47,-0.00025,0.00056,-0.00083,-0.00081,0.00056,-0.00572,-0.00926,0.00317,-0.0133,-0.01007,0.00317,-0.02037,-0.02499,0.00664,-0.03228,0.00273,0.00828,-0.04023,COMPRESSION_REGIME
5m,1788813300000,1788813599999,2026-09-07 20:35:00+00:00,COMPRESSION,0.1455,False,79218.66,-0.00019347757193599602,0.0001936412456357695,7.68166,0.00039529118880655755,LOW_VOLATILITY_COMPRESSION,5m_183,GEV_0036,-0.00188,18.0,0.00248,22.19,-0.00271,33.48,-0.00902,39.66,-0.00649,33.48,0.00736,47.45,-8e-05,0.00075,-0.00064,9e-05,0.00075,-0.00552,-0.00844,0.00336,-0.01311,-0.00864,0.00336,-0.02018,-0.02455,0.00683,-0.0321,0.002,0.00847,-0.04004,COMPRESSION_REGIME
5m,1788815100000,1788815399999,2026-09-07 21:05:00+00:00,COMPRESSION,0.2108,False,79212.01,-0.00035335684586612626,0.0003536079945452055,11.18979,0.0003501343496460293,LOW_VOLATILITY_COMPRESSION,5m_184,GEV_0036,-0.00045,16.33,0.00153,20.44,-0.004,33.29,-0.0095,39.52,-0.00699,33.45,0.00727,47.36,-0.00015,0.00083,-0.00169,0.00174,0.00181,-0.00544,-0.01031,0.00345,-0.01303,-0.00836,0.00345,-0.0201,-0.0244,0.00692,-0.03201,-0.0028,0.00856,-0.03996,COMPRESSION_REGIME
5m,1788816000000,1788816299999,2026-09-07 21:20:00+00:00,COMPRESSION,0.0311,False,79254.44,-1.9683052387198252e-05,1.9683439817348676e-05,4.25974,0.0003558765282436863,LOW_VOLATILITY_COMPRESSION,5m_185,GEV_0036,0.00051,14.51,0.00173,19.9,-0.00253,32.57,-0.0089,39.26,-0.00653,33.45,0.00781,47.31,-0.00093,7e-05,-0.00286,0.00158,0.00263,-0.00597,-0.0104,0.00291,-0.01356,-0.00923,0.00291,-0.02062,-0.02569,0.00638,-0.03253,-0.00351,0.00802,-0.04048,COMPRESSION_REGIME
5m,1788816300000,1788816599999,2026-09-07 21:25:00+00:00,COMPRESSION,0.1944,False,79232.01,-0.00028301253532303505,0.00037295532449578035,12.39565,0.000368113119970541,LOW_VOLATILITY_COMPRESSION,5m_186,GEV_0036,0.00023,14.07,0.0014,19.52,-0.00312,32.46,-0.00846,39.22,-0.00678,33.44,0.00753,47.29,-0.00162,0.00035,-0.00257,0.00209,0.00292,-0.00569,-0.00953,0.00319,-0.01328,-0.0087,0.00319,-0.02035,-0.02526,0.00666,-0.03226,-0.0041,0.0083,-0.0402,COMPRESSION_REGIME
5m,1788816600000,1788816899999,2026-09-07 21:30:00+00:00,COMPRESSION,0.1681,False,79213.99,-0.000227433331553617,0.00036609694827895926,6.53414,0.0003664907169462483,LOW_VOLATILITY_COMPRESSION,5m_187,GEV_0036,-0.00025,13.86,0.00154,19.19,-0.00249,32.09,-0.00871,39.09,-0.00715,33.41,0.0073,47.27,-0.002,0.00027,-0.00235,0.00133,0.00314,-0.00547,-0.00788,0.00342,-0.01305,-0.0087,0.00342,-0.02012,-0.02502,0.00689,-0.03204,-0.00381,0.00853,-0.03999,COMPRESSION_REGIME
5m,1788816900000,1788817199999,2026-09-07 21:35:00+00:00,COMPRESSION,0.0891,False,79212.0,-2.512182507163896e-05,0.0003029843963035904,18.32825,0.0003624891257792179,LOW_VOLATILITY_COMPRESSION,5m_188,GEV_0036,-8e-05,14.63,0.00092,19.32,-0.00207,32.11,-0.00864,39.06,-0.00721,33.4,0.00727,47.25,-0.00431,0.0002,-0.00452,0.00142,0.00317,-0.00544,-0.00654,0.00345,-0.01303,-0.00869,0.00345,-0.0201,-0.02553,0.00692,-0.03201,-0.00502,0.00856,-0.03996,COMPRESSION_REGIME
5m,1788817500000,1788817799999,2026-09-07 21:45:00+00:00,COMPRESSION,0.0809,False,79188.01,-5.947516387883045e-05,0.00036962666444079195,9.8783,0.0003006236270471514,LOW_VOLATILITY_COMPRESSION,5m_189,GEV_0036,-0.00059,15.89,0.00028,19.3,-0.00289,31.99,-0.00956,38.94,-0.00665,33.13,0.00697,47.22,-0.00286,0.00038,-0.00514,0.00224,0.00347,-0.00514,-0.00531,0.00375,-0.01273,-0.00855,0.00375,-0.0198,-0.02565,0.00722,-0.03172,-0.00477,0.00886,-0.03967,COMPRESSION_REGIME
5m,1788874200000,1788874499999,2026-09-08 13:30:00+00:00,DOWNWARD_EXPANSION,0.9528,False,78118.55,-0.0027642784351176175,0.003949638082119978,300.95289,0.0009758532121375902,HIGH_VOLATILITY,5m_190,GEV_0038,-0.00364,89.3,-0.006,59.34,-0.01514,86.77,-0.01619,60.31,-0.02023,43.6,0.00383,49.82,0.00337,0.00376,-0.00638,0.00655,0.01101,-0.00638,0.00832,0.01101,-0.00638,0.01982,0.02101,-0.00638,-0.00749,0.02101,-0.02652,-0.01717,0.02268,-0.02652,FAILED_EXPANSION
5m,1788874500000,1788874799999,2026-09-08 13:35:00+00:00,BREAKDOWN_CANDIDATE,0.9979,True,77878.15,-0.0030773740680031247,0.004350514232811099,385.68711,0.0012613331220498844,HIGH_VOLATILITY,5m_191,GEV_0038,-0.00649,114.12,-0.01037,66.11,-0.01824,89.18,-0.01935,61.36,-0.02239,44.01,0.00314,49.94,0.00601,0.00686,-0.00331,0.00917,0.01413,-0.00331,0.01227,0.01413,-0.00331,0.01882,0.02416,-0.00331,-0.00295,0.02416,-0.02352,-0.02013,0.02583,-0.02352,FALSE_BREAKDOWN_CANDIDATE
5m,1788875700000,1788875999999,2026-09-08 13:55:00+00:00,UPWARD_EXPANSION,0.967,False,77961.66,0.001722525171018896,0.003462984241228451,227.55363,0.001338855922699876,HIGH_VOLATILITY,5m_192,GEV_0038,-0.00622,182.72,-0.01016,86.94,-0.01863,96.27,-0.01752,64.66,-0.02075,45.13,-0.00141,50.21,0.00777,0.00858,-0.00184,0.00696,0.01304,-0.00184,0.01193,0.01304,-0.00184,0.01512,0.02307,-0.00184,0.01643,0.02307,-0.02456,-0.01723,0.02473,-0.02456,EVENT_CONTINUATION
5m,1788903900000,1788904199999,2026-09-08 21:45:00+00:00,COMPRESSION,0.0781,False,78510.7,-0.00016899298392580864,0.00035167181033923507,12.07045,0.00023977453499474176,LOW_VOLATILITY_COMPRESSION,5m_193,GEV_0039,0.00016,28.95,-0.00015,30.13,-0.00326,54.97,-0.00855,66.5,-0.01754,45.09,0.01735,49.47,0.00055,0.00194,-0.00133,0.00453,0.0047,-0.00133,0.00644,0.01591,-0.00133,-0.00522,0.01591,-0.00756,-0.01578,0.01757,-0.03139,-0.03653,0.01757,-0.04512,COMPRESSION_REGIME
5m,1788905400000,1788905699999,2026-09-08 22:10:00+00:00,COMPRESSION,0.1302,False,78505.99,0.00021990418242223697,0.0003821364458941286,16.68935,0.0006187171049172909,LOW_VOLATILITY_COMPRESSION,5m_194,GEV_0039,-0.00063,26.25,-0.00216,28.47,-0.003,54.52,-0.00819,66.5,-0.01782,45.13,0.01566,49.47,-0.0001,0.00097,-0.00055,0.00378,0.00538,-0.00124,0.00635,0.01597,-0.00124,-0.00823,0.01597,-0.00937,-0.01684,0.01763,-0.03133,-0.03979,0.01763,-0.04507,COMPRESSION_REGIME
5m,1788909600000,1788909899999,2026-09-08 23:20:00+00:00,COMPRESSION,0.1165,False,78460.01,-0.00010552033184363374,0.00037993877390530125,30.98173,0.00041394823184432594,LOW_VOLATILITY_COMPRESSION,5m_195,GEV_0040,-0.0013,36.09,0.00076,31.55,-0.00025,52.91,-0.00679,66.38,-0.01647,45.08,0.01477,49.54,0.00262,0.00366,-0.00065,0.00157,0.00597,-0.00065,0.00591,0.01657,-0.00065,-0.00433,0.01657,-0.00879,-0.01662,0.01823,-0.03076,-0.03297,0.01823,-0.04451,COMPRESSION_REGIME
5m,1788909900000,1788910199999,2026-09-08 23:25:00+00:00,COMPRESSION,0.0738,False,78460.0,-1.2745346311682226e-07,0.0006006882487892513,28.40503,0.0003647775255192779,LOW_VOLATILITY_COMPRESSION,5m_196,GEV_0040,-0.00057,36.27,-0.00018,31.51,0.00022,52.75,-0.007,66.42,-0.01684,45.08,0.01374,49.55,0.00217,0.00366,-0.00065,0.0015,0.00597,-0.00065,0.00683,0.01657,-0.00065,-0.00352,0.01657,-0.00879,-0.01619,0.01823,-0.03076,-0.03474,0.01823,-0.04451,COMPRESSION_REGIME
5m,1788910200000,1788910499999,2026-09-08 23:30:00+00:00,COMPRESSION,0.2056,False,78466.0,7.647208768801761e-05,0.00022226187138381373,88.97985,0.00036359855109487863,LOW_VOLATILITY_COMPRESSION,5m_197,GEV_0040,-0.00031,42.46,0.00015,32.3,-0.00021,53.23,-0.00678,66.64,-0.01721,45.18,0.01313,49.58,0.00209,0.00358,-0.00073,0.00166,0.0059,-0.00073,0.0077,0.01649,-0.00073,-0.00287,0.01649,-0.00887,-0.01613,0.01815,-0.03083,-0.03551,0.01815,-0.04458,COMPRESSION_REGIME
5m,1788910500000,1788910799999,2026-09-08 23:35:00+00:00,COMPRESSION,0.0188,False,78466.05,6.372186680536629e-07,0.00022672225758775416,14.93621,0.00036058696142828684,LOW_VOLATILITY_COMPRESSION,5m_198,GEV_0040,-0.00043,43.05,0.0,31.51,0.00043,53.1,-0.00729,66.66,-0.01669,45.18,0.01232,49.57,0.00247,0.00358,-0.00073,0.00173,0.0059,-0.00073,0.00744,0.01649,-0.00073,-0.00285,0.01649,-0.00887,-0.01613,0.01815,-0.03083,-0.0367,0.01815,-0.04458,COMPRESSION_REGIME
5m,1788910800000,1788911099999,2026-09-08 23:40:00+00:00,COMPRESSION,0.1068,False,78448.12,-0.0002285064687213012,0.0002442378478923841,13.25401,0.0003640811425182997,LOW_VOLATILITY_COMPRESSION,5m_199,GEV_0040,-0.00053,42.69,0.00035,31.16,0.0001,52.86,-0.00849,66.63,-0.0172,45.12,0.01174,49.56,0.00319,0.00381,-0.0005,0.00257,0.00613,-0.0005,0.00735,0.01672,-0.0005,-0.00278,0.01672,-0.00864,-0.01611,0.01838,-0.03061,-0.03537,0.01838,-0.04436,COMPRESSION_REGIME
5m,1788911100000,1788911399999,2026-09-08 23:45:00+00:00,COMPRESSION,0.105,False,78436.14,-0.00015271239132308434,0.00028048295084383295,23.04318,0.00024364167394446976,LOW_VOLATILITY_COMPRESSION,5m_200,GEV_0040,-0.0015,35.55,0.00026,30.65,5e-05,52.72,-0.00952,66.66,-0.01721,44.83,0.01111,49.56,0.00427,0.00427,-0.00035,0.0027,0.00628,-0.00035,0.00915,0.01688,-0.00035,-0.00216,0.01688,-0.00849,-0.01609,0.01854,-0.03047,-0.03536,0.01854,-0.04422,COMPRESSION_REGIME
5m,1788911400000,1788911699999,2026-09-08 23:50:00+00:00,COMPRESSION,0.1363,False,78418.0,-0.0002312709421957715,0.0005820092325741464,17.38139,0.00023860329222577807,LOW_VOLATILITY_COMPRESSION,5m_201,GEV_0040,-0.00141,36.21,0.00087,30.12,0.00047,52.53,-0.00925,66.67,-0.01801,44.73,0.0122,49.53,0.00463,0.00463,-0.00012,0.00288,0.00651,-0.00012,0.01133,0.01711,-0.00012,-0.00157,0.01711,-0.00826,-0.01563,0.01877,-0.03024,-0.03473,0.01877,-0.044,COMPRESSION_REGIME
5m,1788921300000,1788921599999,2026-09-09 02:35:00+00:00,COMPRESSION,0.1163,False,78763.62,-0.00021439312845272784,0.00029137817687908567,13.60706,0.0005473892221131944,LOW_VOLATILITY_COMPRESSION,5m_202,GEV_0041,-0.00089,45.83,0.00336,39.44,0.00533,35.66,-0.00516,66.7,-0.01469,45.45,0.01999,49.5,-0.00205,0.00046,-0.00273,0.00565,0.0077,-0.00273,0.00639,0.01265,-0.00273,-0.00727,0.01265,-0.01262,-0.0193,0.0143,-0.0345,-0.03435,0.0143,-0.04819,COMPRESSION_REGIME
5m,1788921600000,1788921899999,2026-09-09 02:40:00+00:00,COMPRESSION,0.1649,False,78792.0,0.00036031863441521317,0.0003807493146512336,7.00577,0.0005604818564212735,LOW_VOLATILITY_COMPRESSION,5m_203,GEV_0041,-0.00061,44.0,0.00385,39.21,0.0049,35.45,-0.00432,66.62,-0.0136,45.44,0.02028,49.49,-0.0018,0.0001,-0.00309,0.00502,0.00734,-0.00309,0.00264,0.01229,-0.00309,-0.00672,0.01229,-0.01297,-0.01976,0.01394,-0.03484,-0.03588,0.01394,-0.04853,COMPRESSION_REGIME
5m,1788921900000,1788922199999,2026-09-09 02:45:00+00:00,COMPRESSION,0.1229,False,78774.46,-0.00022261143263269112,0.0003243437022608966,13.10611,0.0005489492070440758,LOW_VOLATILITY_COMPRESSION,5m_204,GEV_0041,-0.00116,43.79,0.00281,37.11,0.00278,35.05,-0.00433,66.55,-0.01383,45.44,0.01988,49.48,-0.00161,0.00032,-0.00287,0.0047,0.00756,-0.00287,0.00456,0.01251,-0.00287,-0.00585,0.01251,-0.01275,-0.01923,0.01416,-0.03463,-0.03532,0.01416,-0.04832,COMPRESSION_REGIME
5m,1788922200000,1788922499999,2026-09-09 02:50:00+00:00,COMPRESSION,0.0823,False,78782.0,9.571630195859271e-05,0.0004060572211927247,9.94591,0.0005407481244497021,LOW_VOLATILITY_COMPRESSION,5m_205,GEV_0041,-0.00133,43.35,0.00322,37.14,0.00332,34.38,-0.00256,66.36,-0.01384,45.44,0.01998,49.47,-0.00175,0.00023,-0.00296,0.00444,0.00746,-0.00296,0.00163,0.01241,-0.00296,-0.00534,0.01241,-0.01285,-0.01933,0.01406,-0.03472,-0.03628,0.01406,-0.04841,COMPRESSION_REGIME
5m,1788923700000,1788923999999,2026-09-09 03:15:00+00:00,COMPRESSION,0.1123,False,78584.45,-0.00010179094811268996,0.0005344568804642649,18.99301,0.000462623169579064,LOW_VOLATILITY_COMPRESSION,5m_206,GEV_0041,-0.00223,24.7,0.00148,35.18,-0.00043,33.38,-0.0036,65.82,-0.0173,45.47,0.01316,49.4,0.00312,0.00455,-0.00046,0.00861,0.01038,-0.00046,-0.00065,0.01496,-0.00387,-0.0028,0.01496,-0.01036,-0.01636,0.01661,-0.03229,-0.03256,0.01661,-0.04602,COMPRESSION_REGIME
5m,1788924000000,1788924299999,2026-09-09 03:20:00+00:00,COMPRESSION,0.1415,False,78583.31,-1.4506686755400011e-05,0.0005695865954234979,38.67045,0.0003405752084196196,LOW_VOLATILITY_COMPRESSION,5m_207,GEV_0041,-0.00308,17.58,0.00157,34.46,0.00053,33.04,-0.00272,65.85,-0.01732,45.48,0.01339,49.4,0.00428,0.00456,-0.00044,0.00902,0.01039,-0.00044,-0.00647,0.01497,-0.00666,-0.00328,0.01497,-0.01035,-0.01704,0.01663,-0.03228,-0.03249,0.01663,-0.04601,COMPRESSION_REGIME
5m,1788924300000,1788924599999,2026-09-09 03:25:00+00:00,COMPRESSION,0.1816,False,78577.71,-7.126195116990974e-05,0.0005593189213581954,47.16356,0.00033949561824651734,LOW_VOLATILITY_COMPRESSION,5m_208,GEV_0041,-0.0031,19.71,0.0015,34.79,0.00144,33.01,-0.00248,65.8,-0.01654,45.5,0.01181,49.4,0.00405,0.00469,-0.00037,0.0089,0.01046,-0.00037,-0.00255,0.01505,-0.00659,-0.00232,0.01505,-0.01028,-0.01642,0.0167,-0.03221,-0.03463,0.0167,-0.04594,COMPRESSION_REGIME
5m,1788924600000,1788924899999,2026-09-09 03:30:00+00:00,COMPRESSION,0.1071,False,78595.99,0.00023263594726796732,0.00023270907332541515,6.86461,0.0003554119556378752,LOW_VOLATILITY_COMPRESSION,5m_209,GEV_0041,-0.00234,18.15,0.00166,34.35,0.00065,32.76,-0.00408,65.56,-0.01709,45.48,0.0137,49.34,0.00415,0.00445,-0.00023,0.00798,0.01023,-0.00023,0.0002,0.01481,-0.00682,-0.00264,0.01481,-0.01051,-0.01682,0.01646,-0.03244,-0.03481,0.01646,-0.04616,COMPRESSION_REGIME
5m,1788924900000,1788925199999,2026-09-09 03:35:00+00:00,COMPRESSION,0.1116,False,78601.99,7.633977255072644e-05,0.0003133508451885843,25.17518,0.0003638101512284483,LOW_VOLATILITY_COMPRESSION,5m_210,GEV_0041,-0.00205,18.88,0.00173,33.05,-0.00037,32.6,-0.0041,65.41,-0.01748,45.48,0.01223,49.34,0.00407,0.00438,-0.00028,0.00794,0.01015,-0.00028,0.00163,0.01473,-0.00689,-0.00317,0.01473,-0.01058,-0.01701,0.01639,-0.03251,-0.03565,0.01639,-0.04623,COMPRESSION_REGIME
5m,1788925500000,1788925799999,2026-09-09 03:45:00+00:00,COMPRESSION,0.1186,False,78647.98,-2.5810549801552618e-05,0.0005965823915629906,24.79102,0.00040302556469329885,LOW_VOLATILITY_COMPRESSION,5m_211,GEV_0041,-0.00161,20.6,0.0027,33.35,-0.00166,32.2,-0.00333,64.49,-0.01703,45.47,0.01298,49.33,0.00613,0.00722,-0.00056,0.00699,0.00956,-0.00056,-0.00045,0.01414,-0.00748,-0.00252,0.01414,-0.01116,-0.01782,0.01579,-0.03308,-0.03626,0.01579,-0.04679,COMPRESSION_REGIME
5m,1788925800000,1788926099999,2026-09-09 03:50:00+00:00,COMPRESSION,0.0811,False,78644.01,-5.047809238079015e-05,0.0005594831697925881,14.7079,0.0003976270546010917,LOW_VOLATILITY_COMPRESSION,5m_212,GEV_0041,-0.00175,20.73,0.00288,33.18,-0.00249,31.95,-0.00334,64.33,-0.01756,45.45,0.01356,49.31,0.00672,0.00727,-0.00051,0.00776,0.00961,-0.00051,0.00054,0.01419,-0.00743,-0.00389,0.01419,-0.01111,-0.0175,0.01584,-0.03303,-0.03657,0.01584,-0.04674,COMPRESSION_REGIME
5m,1788928800000,1788929099999,2026-09-09 04:40:00+00:00,UPWARD_EXPANSION,0.9759,False,79195.07,0.003457582715330254,0.0037035133626371988,163.67321,0.0015673813287915737,HIGH_VOLATILITY,5m_213,GEV_0042,0.00693,43.64,0.00631,39.23,0.00506,32.96,0.00524,64.52,-0.00898,45.85,0.0207,49.41,-0.00339,0.00221,-0.00373,0.00562,0.00713,-0.00448,-0.00491,0.00713,-0.01433,-0.0108,0.00713,-0.01799,-0.02454,0.00877,-0.03976,-0.04124,0.00877,-0.05338,EVENT_CONTINUATION
5m,1788960900000,1788961199999,2026-09-09 13:35:00+00:00,DOWNWARD_EXPANSION,0.9729,False,79344.0,-0.00404887571397583,0.004741505343819215,94.13113,0.0013422944879597127,HIGH_VOLATILITY,5m_214,GEV_0044,-0.00232,63.15,0.00035,60.53,0.00647,47.91,0.01882,47.29,-0.00565,48.03,0.0342,49.41,-0.00097,0.00407,-0.00588,-0.00763,0.00407,-0.01618,-0.01741,0.00407,-0.01984,-0.02874,0.00407,-0.03362,-0.02584,0.00688,-0.04156,-0.04732,0.00688,-0.05515,EVENT_CONTINUATION
5m,1788963900000,1788964199999,2026-09-09 14:25:00+00:00,UPWARD_EXPANSION,0.9642,False,79274.74,0.004291197388872403,0.004550503729182905,62.2579,0.002008259269580255,HIGH_VOLATILITY,5m_215,GEV_0045,-0.00434,88.44,0.00244,70.63,0.00574,50.61,0.01196,43.47,-0.00498,48.61,0.02506,49.48,-0.01132,0.00175,-0.01532,-0.00821,0.00175,-0.01532,-0.01578,0.00175,-0.01898,-0.02521,0.00175,-0.03278,-0.02339,0.00776,-0.04072,-0.04348,0.00776,-0.05433,FAILED_EXPANSION
5m,1788964800000,1788965099999,2026-09-09 14:40:00+00:00,DOWNWARD_EXPANSION,0.9583,False,79000.0,-0.0033653450702412213,0.003826708860759464,67.9106,0.001868686213802341,HIGH_VOLATILITY,5m_216,GEV_0045,-0.00311,86.01,-0.0009,71.75,0.00264,51.51,0.00755,43.61,-0.00901,48.45,0.02166,49.52,-0.00451,0.005,-0.0119,-0.0059,0.005,-0.0119,-0.00934,0.005,-0.01557,-0.02175,0.005,-0.02942,-0.01957,0.01127,-0.03739,-0.04099,0.01127,-0.05104,EVENT_CONTINUATION
5m,1788966000000,1788966299999,2026-09-09 15:00:00+00:00,DOWNWARD_EXPANSION,0.9854,False,78808.01,-0.001899743927183617,0.009726422479136373,490.75933,0.0021113432336014397,TRENDING_DOWN,5m_217,GEV_0045,-0.00329,117.34,6e-05,83.77,0.00167,56.06,0.00334,45.06,-0.00924,49.11,0.02255,49.8,-0.00079,0.00745,-0.00949,-0.00528,0.00745,-0.00949,-0.00375,0.00745,-0.01317,-0.01931,0.00745,-0.02705,-0.01721,0.01373,-0.03504,-0.03927,0.01373,-0.04873,EVENT_CONTINUATION
5m,1788966300000,1788966599999,2026-09-09 15:05:00+00:00,DOWNWARD_EXPANSION,0.9875,False,78611.43,-0.002494416493957985,0.005846986882187481,310.74947,0.002200292889094833,TRENDING_DOWN,5m_218,GEV_0045,-0.00478,128.14,-0.003,88.42,-0.00048,58.12,0.00028,45.96,-0.01151,49.38,0.02289,49.84,-0.00139,0.0038,-0.00701,-0.00278,0.00416,-0.00701,-0.00255,0.00416,-0.0107,-0.01615,0.00416,-0.02462,-0.01501,0.01626,-0.03263,-0.03653,0.01626,-0.04635,FAILED_EXPANSION
5m,1788966600000,1788966899999,2026-09-09 15:10:00+00:00,DOWNWARD_EXPANSION,0.9679,False,78478.01,-0.00169720866291323,0.005050714206438153,183.05745,0.0021654319794160997,TRENDING_DOWN,5m_219,GEV_0045,-0.00769,133.97,-0.00497,90.84,-0.00146,59.22,-0.00212,46.46,-0.01333,49.51,0.02158,49.91,0.00241,0.00397,-0.00533,8e-05,0.00587,-0.00533,-0.00122,0.00587,-0.00902,-0.01455,0.00587,-0.02296,-0.01329,0.01799,-0.03098,-0.03461,0.01799,-0.04473,FAILED_EXPANSION
5m,1788967200000,1788967499999,2026-09-09 15:20:00+00:00,BREAKDOWN_CANDIDATE,0.9915,True,78075.03,-0.005837131290823416,0.006300221722617326,156.00731,0.002674037258257306,TRENDING_DOWN,5m_220,GEV_0045,-0.01091,139.5,-0.01076,93.94,-0.00647,60.71,-0.00594,46.91,-0.01972,49.76,0.0139,49.98,0.00552,0.00915,-0.00019,0.00637,0.01106,-0.00019,0.00321,0.01106,-0.00391,-0.01154,0.01106,-0.01792,-0.00803,0.02325,-0.02598,-0.02991,0.02325,-0.0398,FALSE_BREAKDOWN_CANDIDATE
5m,1788967500000,1788967799999,2026-09-09 15:25:00+00:00,UPWARD_EXPANSION,0.9819,False,78377.23,0.003870635720536919,0.00433748424127781,159.87419,0.0026018065578578865,TRENDING_DOWN,5m_221,GEV_0045,-0.01132,142.81,-0.00783,96.48,-0.00255,61.55,-0.00112,47.28,-0.01581,49.92,0.01736,50.04,0.00328,0.00526,-0.00405,0.002,0.00716,-0.00405,0.00024,0.00716,-0.00775,-0.01619,0.00716,-0.0217,-0.01179,0.0193,-0.02974,-0.03494,0.0193,-0.0435,FAILED_EXPANSION
5m,1788967800000,1788968099999,2026-09-09 15:30:00+00:00,UPWARD_EXPANSION,0.9618,False,78611.63,0.0029906645080466365,0.003451652128317356,95.06149,0.0028255652613143113,TRENDING_DOWN,5m_222,GEV_0045,-0.00865,145.33,-0.0058,97.59,0.0002,61.88,0.00085,47.46,-0.01289,50.02,0.01705,50.06,0.00333,0.00416,-0.00345,-0.00099,0.00416,-0.00345,-0.00284,0.00416,-0.01071,-0.01841,0.00416,-0.02462,-0.0154,0.01626,-0.03263,-0.03785,0.01626,-0.04635,FAILED_EXPANSION
5m,1788978300000,1788978599999,2026-09-09 18:25:00+00:00,COMPRESSION,0.2151,False,78624.0,0.00032087012037584905,0.0004101800976800977,20.44435,0.0005667862756927731,LOW_VOLATILITY_COMPRESSION,5m_223,GEV_0046,-0.00292,25.85,-0.00821,66.96,-0.00672,60.49,-0.00137,47.93,-0.01617,50.8,0.01519,49.64,-0.00114,0.00023,-0.00361,-0.00754,0.00023,-0.01086,-0.00518,0.00023,-0.01086,-0.01971,0.00023,-0.02478,-0.01816,0.0161,-0.03278,-0.03318,0.0161,-0.0465,COMPRESSION_REGIME
5m,1788978900000,1788979199999,2026-09-09 18:35:00+00:00,COMPRESSION,0.2373,False,78544.0,-0.0005026500474017981,0.0005538297005500102,15.30933,0.0005374519920419371,LOW_VOLATILITY_COMPRESSION,5m_224,GEV_0046,-0.00247,24.31,-0.00912,64.91,-0.00839,60.47,-0.00071,47.92,-0.01762,50.8,0.01584,49.6,-0.00256,0.0005,-0.0026,-0.00644,0.0005,-0.00985,-0.00441,0.0005,-0.00985,-0.01765,0.0005,-0.02378,-0.01754,0.01714,-0.0318,-0.03493,0.01714,-0.04553,COMPRESSION_REGIME
5m,1788999300000,1788999599999,2026-09-10 00:15:00+00:00,COMPRESSION,0.1255,False,78256.55,-0.00016264363234208545,0.0005682591425254648,15.40056,0.0004877636099937175,LOW_VOLATILITY_COMPRESSION,5m_225,GEV_0047,0.00117,38.0,-0.00017,38.59,-0.014,54.24,-0.00561,49.58,-0.02301,50.93,0.01454,50.14,0.00035,0.00322,-0.00234,0.00204,0.00375,-0.00389,-0.00687,0.00393,-0.00727,-0.01837,0.00393,-0.02291,-0.01255,0.02087,-0.02824,-0.02301,0.02087,-0.04202,COMPRESSION_REGIME
5m,1789015500000,1789015799999,2026-09-10 04:45:00+00:00,COMPRESSION,0.124,False,78348.1,0.00010352311763117683,0.0005495985224912623,21.54044,0.0005771835807667912,LOW_VOLATILITY_COMPRESSION,5m_226,GEV_0048,-0.0013,18.56,0.00233,32.11,-0.0051,34.52,-0.00988,48.66,-0.01673,50.5,0.00915,50.01,0.00086,0.00219,-0.00099,-0.00316,0.00276,-0.00564,-0.01562,0.00276,-0.02134,-0.01584,0.00276,-0.02405,-0.01448,0.01968,-0.02938,-0.02383,0.01968,-0.04314,COMPRESSION_REGIME
5m,1789029300000,1789029599999,2026-09-10 08:35:00+00:00,COMPRESSION,0.1385,False,78116.21,-2.1761974942746676e-05,0.0006145971495544236,27.90696,0.0005898456222321059,LOW_VOLATILITY_COMPRESSION,5m_227,GEV_0049,0.00192,36.59,-0.00311,41.03,-0.00247,36.35,-0.01894,48.34,-0.01659,49.93,0.00239,49.96,-0.00154,0.00145,-0.00165,-0.01288,0.00145,-0.01404,-0.01078,0.00145,-0.01844,-0.00915,0.00145,-0.02115,-0.01701,0.02271,-0.02649,-0.02011,0.02271,-0.0403,COMPRESSION_REGIME
5m,1789029900000,1789030199999,2026-09-10 08:45:00+00:00,COMPRESSION,0.121,False,78100.56,3.8412031266865654e-07,0.0003199720975112757,33.93322,0.0005488539583460198,LOW_VOLATILITY_COMPRESSION,5m_228,GEV_0049,0.00042,32.62,-0.00316,41.12,-0.00012,36.28,-0.01896,47.96,-0.0168,49.92,0.00378,49.97,-0.00141,0.00165,-0.00243,-0.01356,0.00165,-0.01824,-0.01086,0.00165,-0.01824,-0.00933,0.00165,-0.02095,-0.01571,0.02291,-0.0263,-0.02057,0.02291,-0.04011,COMPRESSION_REGIME
5m,1789031400000,1789031699999,2026-09-10 09:10:00+00:00,COMPRESSION,0.2125,False,78150.01,0.00048648088815017587,0.0004987843251714994,15.53884,0.000626534795518594,LOW_VOLATILITY_COMPRESSION,5m_229,GEV_0049,0.00089,24.53,-0.00417,40.58,-0.00117,35.85,-0.01741,47.55,-0.01733,49.92,0.00354,49.96,-0.00211,0.00101,-0.00306,-0.01682,0.00101,-0.01886,-0.01141,0.00101,-0.01886,-0.01108,0.00101,-0.02157,-0.01696,0.02226,-0.02692,-0.01869,0.02226,-0.04072,COMPRESSION_REGIME
5m,1789032000000,1789032299999,2026-09-10 09:20:00+00:00,COMPRESSION,0.1806,False,78175.99,-8.851039184909482e-05,0.0005978817793034055,31.79884,0.0005519609537075094,LOW_VOLATILITY_COMPRESSION,5m_230,GEV_0049,0.00018,27.8,-0.00263,40.66,-0.00091,36.17,-0.01622,47.59,-0.0161,49.89,0.00443,49.98,-0.00301,0.00068,-0.00339,-0.01648,0.00068,-0.01919,-0.01225,0.00068,-0.01919,-0.01227,0.00068,-0.0219,-0.01872,0.02193,-0.02724,-0.01891,0.02193,-0.04104,COMPRESSION_REGIME
5m,1789043400000,1789043699999,2026-09-10 12:30:00+00:00,BREAKDOWN_CANDIDATE,0.9771,False,77371.28,-0.005471295589684511,0.0080367030246882,719.65973,0.0016792368072201908,HIGH_VOLATILITY,5m_231,GEV_0050,-0.00862,126.6,-0.00956,71.2,-0.0113,48.46,-0.02696,51.06,-0.02683,52.38,-0.01176,50.92,-0.00579,0.0076,-0.00899,-0.00685,0.0076,-0.00899,-0.00755,0.0076,-0.01173,-0.00289,0.0076,-0.01712,-0.00754,0.03255,-0.01712,-0.00423,0.03255,-0.03106,EVENT_CONTINUATION
5m,1789043700000,1789043999999,2026-09-10 12:35:00+00:00,DOWNWARD_EXPANSION,0.9733,False,77110.22,-0.0033741202161835515,0.006256239445303077,412.18798,0.0018236452318198721,HIGH_VOLATILITY,5m_232,GEV_0050,-0.01198,155.79,-0.01288,78.7,-0.01454,51.0,-0.03041,52.26,-0.02957,52.84,-0.01587,51.0,-0.0006,0.00508,-0.00563,-0.00117,0.00508,-0.00563,-0.00402,0.00563,-0.00838,0.00678,0.00743,-0.01379,-0.00418,0.03605,-0.01379,-0.00223,0.03605,-0.02778,FAILED_EXPANSION
5m,1789073400000,1789073699999,2026-09-10 20:50:00+00:00,COMPRESSION,0.2382,False,77296.02,0.0005698234349920117,0.0005694989211605471,14.19425,0.0006079524235736884,LOW_VOLATILITY_COMPRESSION,5m_233,GEV_0051,0.00249,19.58,0.00257,30.43,-0.01108,68.73,-0.01164,52.59,-0.02416,55.82,-0.0509,48.41,-0.00199,0.00012,-0.00254,-0.00516,0.00012,-0.01076,0.0007,0.00264,-0.01076,-0.00023,0.03356,-0.01616,0.00067,0.03356,-0.01616,-0.00977,0.03356,-0.03012,COMPRESSION_REGIME
5m,1789073700000,1789073999999,2026-09-10 20:55:00+00:00,COMPRESSION,0.1568,False,77268.08,-0.00036146751152266177,0.00047949942589492207,11.6733,0.0006036277091744265,LOW_VOLATILITY_COMPRESSION,5m_234,GEV_0051,0.00139,13.18,0.00088,30.13,-0.01078,68.65,-0.01348,52.45,-0.02486,55.82,-0.05161,48.41,-0.00161,0.00048,-0.00218,-0.00465,0.00048,-0.01041,0.00125,0.003,-0.01041,0.00092,0.03393,-0.01581,0.00103,0.03393,-0.01581,-0.00922,0.03393,-0.02977,COMPRESSION_REGIME
5m,1789074000000,1789074299999,2026-09-10 21:00:00+00:00,COMPRESSION,0.2377,False,77240.87,-0.0003521505905156319,0.0005585126112639516,28.34131,0.0006183259161400816,LOW_VOLATILITY_COMPRESSION,5m_235,GEV_0051,0.00089,13.12,0.00125,30.02,-0.01196,68.79,-0.01374,52.46,-0.02523,55.85,-0.05083,48.36,-0.00115,0.0008,-0.00208,-0.00312,0.0008,-0.01006,0.00124,0.00335,-0.01006,0.00139,0.0343,-0.01546,0.00101,0.0343,-0.01546,-0.00928,0.0343,-0.02943,COMPRESSION_REGIME
5m,1789074600000,1789074899999,2026-09-10 21:10:00+00:00,COMPRESSION,0.1363,False,77258.01,-0.000278081509326622,0.0005827227493952287,12.02402,0.0004390359216404745,LOW_VOLATILITY_COMPRESSION,5m_236,GEV_0051,-0.00085,12.74,0.00101,29.5,-0.01141,68.49,-0.01257,52.3,-0.02533,55.84,-0.05319,48.34,-0.00148,0.00058,-0.0023,-0.00462,0.00058,-0.01028,0.00034,0.00313,-0.01028,0.00135,0.03407,-0.01568,0.00136,0.03407,-0.01568,-0.00972,0.03407,-0.02964,COMPRESSION_REGIME
5m,1789075200000,1789075499999,2026-09-10 21:20:00+00:00,COMPRESSION,0.1233,False,77218.01,0.00022175910148169997,0.0003194850527745827,17.79694,0.00043423930905400635,LOW_VOLATILITY_COMPRESSION,5m_237,GEV_0051,-0.00072,12.73,-0.00114,28.94,-0.01225,68.17,-0.01315,52.24,-0.02569,55.83,-0.05296,48.26,-0.00077,0.00026,-0.00179,-0.00441,0.00026,-0.00976,-1e-05,0.00365,-0.00976,0.00245,0.0346,-0.01517,0.00293,0.0346,-0.01517,-0.00888,0.0346,-0.02914,COMPRESSION_REGIME
5m,1789075500000,1789075799999,2026-09-10 21:25:00+00:00,COMPRESSION,0.0766,False,77230.69,0.00016421039599445741,0.00029379512212052394,9.68524,0.0004381299903956083,LOW_VOLATILITY_COMPRESSION,5m_238,GEV_0051,-0.00061,12.17,-0.00117,28.25,-0.01247,68.02,-0.01344,52.21,-0.02526,55.84,-0.05542,48.25,-0.00208,9e-05,-0.00208,-0.00541,9e-05,-0.00993,-0.00104,0.00349,-0.00993,0.00169,0.03443,-0.01533,0.00246,0.03443,-0.01533,-0.00868,0.03443,-0.0293,COMPRESSION_REGIME
5m,1789075800000,1789076099999,2026-09-10 21:30:00+00:00,COMPRESSION,0.1231,False,77231.7,1.3077702659236579e-05,0.0004305226998758282,33.52609,0.00043074389930082216,LOW_VOLATILITY_COMPRESSION,5m_239,GEV_0051,-0.00029,14.02,-0.00355,27.71,-0.01137,67.98,-0.01213,52.28,-0.02502,55.86,-0.05915,48.23,-0.00308,8e-05,-0.00343,-0.00628,8e-05,-0.00994,-0.00179,0.00347,-0.00994,0.00176,0.03442,-0.01534,0.00214,0.03442,-0.01534,-0.0087,0.03442,-0.02931,COMPRESSION_REGIME
5m,1789077000000,1789077299999,2026-09-10 21:50:00+00:00,COMPRESSION,0.1818,False,77142.01,-0.00019440877763410302,0.00046667179141430203,29.94952,0.00035363379897340285,LOW_VOLATILITY_COMPRESSION,5m_240,GEV_0051,-0.00199,21.76,-0.00338,23.43,-0.01086,66.86,-0.01259,52.37,-0.02587,55.95,-0.05626,47.88,-0.00298,0.00099,-0.00404,-0.00221,0.00099,-0.00879,-0.00153,0.00464,-0.00879,0.00112,0.03562,-0.0142,0.00243,0.03562,-0.0142,-0.00891,0.03562,-0.02818,COMPRESSION_REGIME
5m,1789077300000,1789077599999,2026-09-10 21:55:00+00:00,COMPRESSION,0.0278,False,77144.0,2.5796579581127688e-05,0.00025938504614739656,11.20545,0.00035185674608019144,LOW_VOLATILITY_COMPRESSION,5m_241,GEV_0051,-0.00161,21.53,-0.00239,23.34,-0.01087,66.57,-0.01281,52.24,-0.02552,55.96,-0.05449,47.86,-0.00399,0.00096,-0.00423,-0.00224,0.00096,-0.00881,-0.00132,0.00461,-0.00881,-0.00047,0.0356,-0.01423,0.00223,0.0356,-0.01423,-0.00944,0.0356,-0.02821,COMPRESSION_REGIME
5m,1789102500000,1789102799999,2026-09-11 04:55:00+00:00,COMPRESSION,0.1295,False,77114.01,-0.000257215217443596,0.0004189900123208769,10.36294,0.0006189773362935277,LOW_VOLATILITY_COMPRESSION,5m_242,GEV_0052,0.00289,36.02,0.00267,41.54,-0.00111,36.95,-0.0164,54.77,-0.01989,56.0,-0.0488,47.76,0.0018,0.0018,-0.00058,0.00325,0.00501,-0.00058,0.0104,0.036,-0.01384,0.00141,0.036,-0.01384,0.00736,0.036,-0.01384,0.00599,0.036,-0.02783,COMPRESSION_REGIME
5m,1789102800000,1789103099999,2026-09-11 05:00:00+00:00,COMPRESSION,0.2181,False,77076.46,-0.00048694134827109714,0.00048730831696211356,13.31642,0.0006302538936438136,LOW_VOLATILITY_COMPRESSION,5m_243,GEV_0052,0.00166,29.54,0.00099,41.55,-0.00088,36.81,-0.01534,54.66,-0.02038,55.94,-0.04859,47.74,0.00239,0.00239,-0.0001,0.00338,0.0055,-0.0001,0.01019,0.0365,-0.01336,0.0016,0.0365,-0.01336,0.00697,0.0365,-0.01336,0.00508,0.0365,-0.02736,COMPRESSION_REGIME
5m,1789103100000,1789103399999,2026-09-11 05:05:00+00:00,COMPRESSION,0.1448,False,77093.49,0.0002209494312530591,0.0003650113647728157,14.5588,0.000630635177395672,LOW_VOLATILITY_COMPRESSION,5m_244,GEV_0052,0.00177,21.12,0.00145,41.23,-0.00076,36.67,-0.01563,54.64,-0.02016,55.75,-0.04895,47.72,0.00235,0.00242,-0.00032,0.00238,0.00527,-0.00032,0.00914,0.03627,-0.01358,0.00115,0.03627,-0.01358,0.00644,0.03627,-0.01358,0.00521,0.03627,-0.02757,COMPRESSION_REGIME
5m,1789104000000,1789104299999,2026-09-11 05:20:00+00:00,COMPRESSION,0.0915,False,77130.03,3.889537145695954e-07,0.00041527275433445103,23.58926,0.0005467742951015952,LOW_VOLATILITY_COMPRESSION,5m_245,GEV_0052,0.0007,20.61,0.00329,41.16,-0.00228,36.67,-0.01597,54.48,-0.02173,55.58,-0.04926,47.68,0.00183,0.00391,-0.00065,0.00113,0.0048,-0.00065,0.00933,0.03578,-0.01405,0.00137,0.03578,-0.01405,0.00522,0.03578,-0.01405,0.00494,0.03578,-0.02803,COMPRESSION_REGIME
5m,1789104300000,1789104599999,2026-09-11 05:25:00+00:00,COMPRESSION,0.2163,False,77101.31,-0.0003723582111921919,0.0004931174321163165,24.32479,0.0003631184656357284,LOW_VOLATILITY_COMPRESSION,5m_246,GEV_0052,-0.00106,18.62,0.00375,40.9,-0.00285,36.54,-0.01752,54.48,-0.02188,55.57,-0.04842,47.67,0.00227,0.00428,-0.00028,0.00063,0.00517,-0.00028,0.00953,0.03617,-0.01368,0.00131,0.03617,-0.01368,0.00535,0.03617,-0.01368,0.00648,0.03617,-0.02767,COMPRESSION_REGIME
5m,1789105200000,1789105499999,2026-09-11 05:40:00+00:00,COMPRESSION,0.0792,False,77188.47,0.00011751840517049139,0.0003688374701558557,14.00694,0.00040032019083708465,LOW_VOLATILITY_COMPRESSION,5m_247,GEV_0052,0.0012,18.28,0.00386,40.39,-0.00224,35.25,-0.01569,53.86,-0.01828,55.47,-0.04689,47.62,0.00065,0.00315,-0.00037,-0.00291,0.00404,-0.00418,0.00546,0.035,-0.01479,0.00067,0.035,-0.01479,0.00479,0.035,-0.01479,0.00521,0.035,-0.02877,COMPRESSION_REGIME
5m,1789105500000,1789105799999,2026-09-11 05:45:00+00:00,COMPRESSION,0.0806,False,77196.01,9.768298296353173e-05,0.0004180267866174628,14.62,0.00040007688284488517,LOW_VOLATILITY_COMPRESSION,5m_248,GEV_0052,0.00115,18.45,0.00377,39.49,-0.00254,34.56,-0.01555,53.77,-0.01898,55.41,-0.04576,47.61,0.00111,0.00305,-0.00042,-0.0022,0.00394,-0.00428,0.00516,0.0349,-0.01489,0.00057,0.0349,-0.01489,0.00397,0.0349,-0.01489,0.00418,0.0349,-0.02886,COMPRESSION_REGIME
5m,1789105800000,1789106099999,2026-09-11 05:50:00+00:00,COMPRESSION,0.1839,False,77199.99,5.155706881754263e-05,0.0002476684258637254,62.1297,0.00039227417041252124,LOW_VOLATILITY_COMPRESSION,5m_249,GEV_0052,0.00086,22.13,0.00297,40.07,-0.00263,34.75,-0.01696,53.93,-0.01802,55.42,-0.0453,47.61,0.00104,0.003,-0.00025,-0.00228,0.00389,-0.00433,0.00396,0.03484,-0.01494,0.00052,0.03484,-0.01494,0.00416,0.03484,-0.01494,0.00359,0.03484,-0.02891,COMPRESSION_REGIME
5m,1789106400000,1789106699999,2026-09-11 06:00:00+00:00,COMPRESSION,0.076,False,77260.86,0.00010355603663092516,0.00041172205434935195,13.81956,0.00036357567418867834,LOW_VOLATILITY_COMPRESSION,5m_250,GEV_0052,0.00239,22.94,0.00356,39.47,0.00123,34.74,-0.01512,53.73,-0.01616,55.29,-0.04557,47.59,0.0007,0.00221,-0.00102,-0.00127,0.0031,-0.00512,-0.00143,0.03403,-0.01572,-0.00059,0.03403,-0.01572,0.00616,0.03403,-0.01572,0.00393,0.03403,-0.02968,COMPRESSION_REGIME
5m,1789106700000,1789106999999,2026-09-11 06:05:00+00:00,COMPRESSION,0.1188,False,77274.35,0.0001746032855447499,0.00038965064086596106,15.83462,0.00036356922963938525,LOW_VOLATILITY_COMPRESSION,5m_251,GEV_0052,0.00235,23.14,0.00447,39.44,0.00346,34.57,-0.01461,53.7,-0.01685,55.03,-0.04626,47.57,0.00117,0.00203,-0.0012,-0.00237,0.00292,-0.00529,-0.00264,0.03385,-0.01589,-0.00087,0.03385,-0.01589,0.00634,0.03385,-0.01589,0.00308,0.03385,-0.02985,COMPRESSION_REGIME
5m,1789110900000,1789111199999,2026-09-11 07:15:00+00:00,COMPRESSION,0.1316,False,77332.22,0.00011445440104340676,0.0004824638423673557,15.37632,0.0005917381028066581,LOW_VOLATILITY_COMPRESSION,5m_252,GEV_0053,0.00023,23.44,0.00637,37.1,0.00228,35.16,-0.0111,52.87,-0.01423,52.78,-0.04446,47.53,-0.00119,0.00092,-0.00243,-0.00657,0.00217,-0.00757,-0.00236,0.03308,-0.01662,-0.00011,0.03308,-0.01662,0.00514,0.03308,-0.01662,0.00547,0.03308,-0.03057,COMPRESSION_REGIME
5m,1789112400000,1789112699999,2026-09-11 07:40:00+00:00,COMPRESSION,0.1557,False,77263.82,8.024518787896895e-06,0.0002676543820897415,47.52822,0.0003997830183339513,LOW_VOLATILITY_COMPRESSION,5m_253,GEV_0053,0.00033,26.16,0.00507,38.38,0.00013,35.76,-0.00971,53.03,-0.01492,51.46,-0.04341,47.54,0.00207,0.00306,-0.00154,-0.00463,0.00306,-0.00669,0.00055,0.03399,-0.01575,0.00029,0.03399,-0.01575,0.00769,0.03399,-0.01575,0.00722,0.03399,-0.02971,COMPRESSION_REGIME
5m,1789112700000,1789112999999,2026-09-11 07:45:00+00:00,COMPRESSION,0.2418,False,77246.01,-0.00023050892384057775,0.0003569116385429744,45.92171,0.00036775940140141726,LOW_VOLATILITY_COMPRESSION,5m_254,GEV_0053,-0.00047,28.42,0.00585,32.11,0.00119,35.86,-0.01053,53.01,-0.01325,51.18,-0.04327,47.52,0.00163,0.00329,-0.00131,-0.00407,0.00329,-0.00646,0.00101,0.03423,-0.01553,0.00047,0.03423,-0.01553,0.00782,0.03423,-0.01553,0.00652,0.03423,-0.02949,COMPRESSION_REGIME
5m,1789113900000,1789114199999,2026-09-11 08:05:00+00:00,COMPRESSION,0.1639,False,77155.56,-0.00032844909447171666,0.0003288162252985442,15.30185,0.0003154927988047894,LOW_VOLATILITY_COMPRESSION,5m_255,GEV_0053,-0.0027,36.27,0.00257,28.96,-0.00169,35.74,-0.01267,52.84,-0.01521,49.95,-0.04407,47.43,0.00158,0.00446,-0.00014,-0.00307,0.00446,-0.0053,0.00343,0.03544,-0.01437,0.00231,0.03544,-0.01437,0.00864,0.03544,-0.01437,0.00697,0.03544,-0.02835,COMPRESSION_REGIME
5m,1789114200000,1789114499999,2026-09-11 08:10:00+00:00,COMPRESSION,0.2118,False,77182.0,0.00034268431205730643,0.0004848280687206635,20.589,0.0003381109609129679,LOW_VOLATILITY_COMPRESSION,5m_256,GEV_0053,-0.00183,37.06,0.00259,28.99,-0.00183,35.8,-0.01151,52.8,-0.0154,49.92,-0.04447,47.4,0.00132,0.00412,-0.00048,-0.00334,0.00412,-0.00564,0.00359,0.03509,-0.01471,0.00148,0.03509,-0.01471,0.00767,0.03509,-0.01471,0.00758,0.03509,-0.02869,COMPRESSION_REGIME
5m,1789130100000,1789130399999,2026-09-11 12:35:00+00:00,UPWARD_EXPANSION,0.9929,True,77632.78,0.006285070624087119,0.008668374364540302,523.08042,0.0018922924404368594,HIGH_VOLATILITY,5m_257,GEV_0054,0.01021,196.39,0.00299,79.63,0.01084,50.68,0.00678,54.38,-0.00962,51.27,-0.02898,47.14,0.0002,0.00665,-0.00802,0.00017,0.02908,-0.00802,-0.00477,0.02908,-0.00966,-0.00377,0.02908,-0.00966,0.00355,0.02908,-0.01602,0.00692,0.02908,-0.03433,FAILED_EXPANSION
5m,1789130700000,1789130999999,2026-09-11 12:45:00+00:00,UPWARD_EXPANSION,0.992,True,77865.45,0.0035499415453097427,0.005955272845658657,397.408,0.00208971154482931,HIGH_VOLATILITY,5m_258,GEV_0054,0.01214,245.67,0.00638,92.37,0.01415,55.05,0.0107,54.63,-0.00682,51.92,-0.01995,47.05,0.00859,0.00943,-0.00786,0.00034,0.026,-0.00786,-0.00743,0.026,-0.01262,-0.0069,0.026,-0.01262,-0.00084,0.026,-0.01897,0.00296,0.026,-0.03721,FAILED_EXPANSION
5m,1789131600000,1789131899999,2026-09-11 13:00:00+00:00,DOWNWARD_EXPANSION,0.9844,False,77765.77,-0.0034244490695537477,0.0036932701881561307,179.05719,0.002455358568750262,TRENDING_UP,5m_259,GEV_0054,0.00915,285.4,0.00554,103.87,0.00995,58.84,0.00937,53.87,-0.00925,52.29,-0.02081,46.92,0.02272,0.02732,-0.00658,0.00124,0.02732,-0.00658,-0.0061,0.02732,-0.01135,-0.00553,0.02732,-0.01135,-0.00167,0.02732,-0.01771,0.00349,0.02732,-0.03598,FAILED_EXPANSION
5m,1789131900000,1789132199999,2026-09-11 13:05:00+00:00,DOWNWARD_EXPANSION,0.9812,False,77574.0,-0.0024659950001139075,0.00463712068476553,157.26524,0.0025214502976836552,TRENDING_UP,5m_260,GEV_0054,0.00852,293.95,0.00384,106.53,0.00769,59.71,0.00782,54.08,-0.01129,52.41,-0.02169,46.92,0.0188,0.02986,-0.00413,0.00289,0.02986,-0.00413,-0.00291,0.02986,-0.00891,-0.00264,0.02986,-0.00891,5e-05,0.02986,-0.01528,0.00601,0.02986,-0.03359,FAILED_EXPANSION
5m,1789133100000,1789133399999,2026-09-11 13:25:00+00:00,DOWNWARD_EXPANSION,0.9667,False,77526.01,-0.002572884565381628,0.0028166030987535743,134.27496,0.002709173690289101,TRENDING_UP,5m_261,GEV_0054,0.00559,311.48,0.00487,112.6,0.00928,61.93,0.0077,54.03,-0.01033,52.61,-0.02252,46.85,0.01963,0.03049,-0.00351,0.004,0.03049,-0.00351,-0.00254,0.03049,-0.00829,-0.00267,0.03049,-0.00829,0.00431,0.03049,-0.01467,0.00841,0.03049,-0.033,FAILED_EXPANSION
5m,1789134000000,1789134299999,2026-09-11 13:40:00+00:00,UPWARD_EXPANSION,0.9792,False,77877.29,0.0029503581538270485,0.004534056077195178,262.50319,0.002195615228057093,TRENDING_UP,5m_262,GEV_0054,0.0037,188.92,0.01186,120.31,0.01282,65.32,0.01223,54.81,0.00042,52.4,-0.0192,46.83,0.00995,0.02584,-0.00375,-0.00343,0.02584,-0.00737,-0.00771,0.02584,-0.01277,-0.00746,0.02584,-0.01277,0.0035,0.02584,-0.01911,0.01823,0.02584,-0.03736,FAILED_EXPANSION
5m,1789134300000,1789134599999,2026-09-11 13:45:00+00:00,UPWARD_EXPANSION,0.9977,True,78534.04,0.008433138852160793,0.010721465494453106,420.16498,0.0031048311295833702,TRENDING_UP,5m_263,GEV_0054,0.00859,200.4,0.01958,127.76,0.02116,67.81,0.01892,55.59,0.00835,52.26,-0.01418,46.96,0.00188,0.01727,-0.00988,-0.01196,0.01727,-0.01568,-0.01551,0.01727,-0.02102,-0.0157,0.01727,-0.02102,-0.00123,0.01727,-0.02732,0.0186,0.0186,-0.04541,FAILED_EXPANSION
5m,1789134600000,1789134899999,2026-09-11 13:50:00+00:00,UPWARD_EXPANSION,0.9592,False,78670.57,0.0017384818099261956,0.004678369560561063,324.31923,0.0031182391336188196,TRENDING_UP,5m_264,GEV_0054,0.00932,194.77,0.02137,133.36,0.02207,69.82,0.01966,56.37,0.01083,52.46,-0.00778,47.04,0.00208,0.0155,-0.00303,-0.01481,0.0155,-0.01738,-0.01757,0.0155,-0.02272,-0.01704,0.0155,-0.02272,-0.00565,0.0155,-0.02901,0.01747,0.02325,-0.04706,FAILED_EXPANSION
5m,1789134900000,1789135199999,2026-09-11 13:55:00+00:00,UPWARD_EXPANSION,0.9934,True,79242.56,0.007270698559829869,0.00835952296341755,354.15612,0.0036381097323944615,TRENDING_UP,5m_265,GEV_0054,0.0155,197.9,0.02856,139.63,0.02951,72.12,0.0268,57.2,0.01643,52.55,-0.00171,47.15,-0.0056,0.00817,-0.00926,-0.02156,0.00817,-0.02448,-0.02486,0.00817,-0.02978,-0.02367,0.00817,-0.02978,-0.01356,0.00817,-0.03601,0.01048,0.01587,-0.05394,FAILED_EXPANSION
5m,1789135200000,1789135499999,2026-09-11 14:00:00+00:00,UPWARD_EXPANSION,0.9932,True,79532.86,0.003663435406427995,0.009531531998220698,590.95398,0.003368903960704864,TRENDING_UP,5m_266,GEV_0054,0.02272,234.05,0.03072,151.04,0.03307,75.92,0.02974,59.03,0.01934,52.97,0.00066,47.39,-0.01085,0.00449,-0.01287,-0.02996,0.00449,-0.03059,-0.02818,0.00449,-0.03332,-0.02724,0.00449,-0.03332,-0.01401,0.00449,-0.03953,0.01042,0.01216,-0.0574,FAILED_EXPANSION
5m,1789135500000,1789135799999,2026-09-11 14:05:00+00:00,DOWNWARD_EXPANSION,0.9887,False,79032.01,-0.006297397075875399,0.009053673315407249,297.96496,0.0039523739463326,TRENDING_UP,5m_267,GEV_0054,0.0188,243.19,0.02518,156.18,0.02732,77.85,0.02586,59.55,0.01212,53.12,-0.00315,47.48,-0.00476,0.00685,-0.00662,-0.02483,0.00685,-0.02719,-0.02166,0.00685,-0.02719,-0.02094,0.00685,-0.02719,-0.00916,0.00685,-0.03345,0.01504,0.02018,-0.05142,EVENT_CONTINUATION
5m,1789137000000,1789137299999,2026-09-11 14:30:00+00:00,DOWNWARD_EXPANSION,0.9556,False,78754.0,-0.0037192591842930556,0.003784061761942184,102.43753,0.0041488226829144974,TRENDING_UP,5m_268,GEV_0054,0.01574,244.42,0.02224,165.23,0.02544,80.71,0.01889,59.84,0.00475,53.43,-0.00814,47.45,0.00104,0.00373,-0.00343,-0.01902,0.00373,-0.02376,-0.01892,0.00373,-0.02376,-0.01668,0.00373,-0.02376,-0.00198,0.00373,-0.03003,0.02413,0.02839,-0.04807,EVENT_CONTINUATION
5m,1789141800000,1789142099999,2026-09-11 15:50:00+00:00,DOWNWARD_EXPANSION,0.9908,True,77618.62,-0.011894018466274914,0.013759713841859013,426.84045,0.003575147933911953,HIGH_VOLATILITY,5m_269,GEV_0054,-0.01542,93.49,0.00824,186.46,0.01048,85.34,0.0061,61.78,-0.0155,54.23,-0.02281,47.3,0.00365,0.01223,-0.00407,-0.00335,0.01223,-0.00948,-0.00452,0.01223,-0.00948,-0.00299,0.01223,-0.00948,0.01252,0.01409,-0.01585,0.03974,0.04556,-0.03415,EVENT_CONTINUATION
5m,1789143300000,1789143599999,2026-09-11 16:15:00+00:00,DOWNWARD_EXPANSION,0.951,False,77520.01,-0.003597562464733195,0.004072367895721406,135.62634,0.0037566580077268894,HIGH_VOLATILITY,5m_270,GEV_0054,-0.01467,118.17,0.0073,195.67,0.00705,87.81,0.00788,63.1,-0.01414,54.73,-0.02456,47.51,0.00395,0.00617,-0.00178,-0.00181,0.00617,-0.00822,-0.00368,0.00617,-0.00822,-0.00188,0.00617,-0.00822,0.01597,0.01754,-0.01459,0.04448,0.04689,-0.03292,FAILED_EXPANSION
5m,1789169700000,1789169999999,2026-09-11 23:35:00+00:00,COMPRESSION,0.0368,False,77200.01,1.29533678672189e-07,0.00018575127127569684,10.14775,0.0005915402267148611,LOW_VOLATILITY_COMPRESSION,5m_271,GEV_0057,0.00044,78.03,-0.00093,45.99,0.00458,99.09,0.00573,68.49,-0.01613,56.81,-0.03107,48.03,0.00081,0.0014,-0.00062,0.00084,0.00231,-0.00062,0.00158,0.0026,-0.00062,0.00055,0.00396,-0.00182,0.0141,0.03109,-0.01051,0.04798,0.0544,-0.02891,COMPRESSION_REGIME
5m,1789170300000,1789170599999,2026-09-11 23:45:00+00:00,COMPRESSION,0.2179,False,77174.07,-0.0001287831508104409,0.00047632579181076376,45.6537,0.00048634634895681675,LOW_VOLATILITY_COMPRESSION,5m_272,GEV_0057,0.00158,77.06,-0.00194,45.8,0.00315,99.45,0.006,68.56,-0.01609,56.87,-0.03106,48.06,0.00146,0.00174,-2e-05,0.00094,0.00265,-2e-05,0.00223,0.00294,-0.00013,0.00117,0.0043,-0.00148,0.01443,0.03143,-0.01018,0.04841,0.05476,-0.02859,COMPRESSION_REGIME
5m,1789170600000,1789170899999,2026-09-11 23:50:00+00:00,COMPRESSION,0.1233,False,77192.01,0.00023246149904987412,0.0003072856892831417,8.44512,0.00048276972148603793,LOW_VOLATILITY_COMPRESSION,5m_273,GEV_0057,0.00146,76.2,-0.00216,45.44,0.0027,99.4,0.00717,68.5,-0.01563,56.85,-0.03049,48.06,0.00165,0.00166,-0.00025,0.00099,0.00241,-0.00025,0.00212,0.0027,-0.00036,0.00113,0.00406,-0.00171,0.01281,0.03119,-0.01041,0.0482,0.05451,-0.02881,COMPRESSION_REGIME
5m,1789170900000,1789171199999,2026-09-11 23:55:00+00:00,COMPRESSION,0.2441,False,77225.7,0.00043644413456789266,0.00043651271532671644,21.54244,0.0004272804063242485,LOW_VOLATILITY_COMPRESSION,5m_274,GEV_0057,0.00098,64.51,-0.00078,45.28,0.00246,99.33,0.00858,68.47,-0.01568,56.86,-0.03057,48.07,0.0008,0.00122,-0.00044,0.00055,0.00198,-0.00044,0.00169,0.00227,-0.0008,0.00069,0.00363,-0.00215,0.01248,0.03074,-0.01084,0.04737,0.05405,-0.02924,COMPRESSION_REGIME
5m,1789171800000,1789172099999,2026-09-12 00:10:00+00:00,COMPRESSION,0.1938,False,77304.07,1.3194822196638256e-05,0.0002922226475269809,92.16458,0.0003210579815140396,LOW_VOLATILITY_COMPRESSION,5m_275,GEV_0057,0.00239,50.77,-0.002,47.09,0.00493,99.87,0.00633,68.45,-0.01798,57.0,-0.02973,48.15,0.0008,0.0008,-0.00072,-0.00013,0.00096,-0.00109,0.00034,0.00125,-0.00181,-0.00039,0.00261,-0.00316,0.01057,0.0297,-0.01184,0.0475,0.05298,-0.03022,COMPRESSION_REGIME
5m,1789172100000,1789172399999,2026-09-12 00:15:00+00:00,COMPRESSION,0.0411,False,77305.1,1.332400739051387e-05,0.0002587151429853916,12.84281,0.0003181863958418111,LOW_VOLATILITY_COMPRESSION,5m_276,GEV_0057,0.002,33.31,-0.00097,46.83,0.0045,99.48,0.00633,68.42,-0.0177,56.98,-0.02914,48.15,0.00077,0.00095,-0.00074,-0.00091,0.00095,-0.0011,0.00014,0.00124,-0.00182,-0.0004,0.00259,-0.00317,0.00971,0.02969,-0.01185,0.04871,0.05297,-0.03023,COMPRESSION_REGIME
5m,1789172400000,1789172699999,2026-09-12 00:20:00+00:00,COMPRESSION,0.0526,False,77300.53,-5.911641017219971e-05,0.0002472169337002034,13.14366,0.0003238036178432183,LOW_VOLATILITY_COMPRESSION,5m_277,GEV_0057,0.00187,33.22,-0.00164,46.65,0.00439,99.2,0.00591,68.37,-0.01735,56.97,-0.02935,48.15,0.00036,0.00101,-0.00068,-0.00086,0.00101,-0.00104,0.0002,0.0013,-0.00177,-0.00042,0.00265,-0.00311,0.0096,0.02975,-0.0118,0.04874,0.05303,-0.03018,COMPRESSION_REGIME
5m,1789172700000,1789172999999,2026-09-12 00:25:00+00:00,COMPRESSION,0.1458,False,77279.91,-0.00026675108178420004,0.0003262167360185383,13.94679,0.00033158307522251847,LOW_VOLATILITY_COMPRESSION,5m_278,GEV_0057,0.00116,29.49,-0.00135,46.74,0.0024,98.98,0.00561,68.35,-0.01717,56.97,-0.02979,48.15,0.00064,0.00127,-0.00041,-0.00036,0.00127,-0.00078,0.00062,0.00156,-0.0015,-0.00012,0.00292,-0.00285,0.00955,0.03002,-0.01153,0.04943,0.05331,-0.02992,COMPRESSION_REGIME
5m,1789173000000,1789173299999,2026-09-12 00:30:00+00:00,COMPRESSION,0.075,False,77280.01,1.2939973661474369e-06,0.00041252582653638514,16.16137,0.00033250469228252917,LOW_VOLATILITY_COMPRESSION,5m_279,GEV_0057,0.00104,29.83,-0.00114,46.46,0.00171,97.65,0.00642,67.74,-0.01717,56.97,-0.02979,48.15,0.00054,0.00127,-0.00041,-2e-05,0.00127,-0.00078,0.00064,0.00156,-0.0015,-0.00013,0.00292,-0.00285,0.00982,0.03002,-0.01153,0.05148,0.05331,-0.02992,COMPRESSION_REGIME
5m,1789173300000,1789173599999,2026-09-12 00:35:00+00:00,COMPRESSION,0.1297,False,77262.29,-0.00022929603658183861,0.000378062829874598,10.84355,0.00034430006243888443,LOW_VOLATILITY_COMPRESSION,5m_280,GEV_0057,0.00081,30.13,-0.00227,46.04,-0.00477,87.72,0.00601,67.63,-0.01777,56.96,-0.02994,48.15,0.00042,0.0015,-0.00015,0.00041,0.0015,-0.00055,0.001,0.00179,-0.00127,0.0001,0.00315,-0.00262,0.00952,0.03026,-0.01131,0.05192,0.05355,-0.0297,COMPRESSION_REGIME
5m,1789173600000,1789173899999,2026-09-12 00:40:00+00:00,COMPRESSION,0.1547,False,77288.76,0.00034259921625423573,0.0003586549971820115,7.09241,0.0003410213473526553,LOW_VOLATILITY_COMPRESSION,5m_281,GEV_0057,0.00136,29.89,-0.00154,45.9,-0.00388,84.16,0.00686,67.6,-0.01791,56.95,-0.02937,48.15,-0.00015,0.00116,-0.00034,-0.00048,0.00116,-0.00089,0.0004,0.00145,-0.00161,-0.00101,0.00281,-0.00296,0.00876,0.0299,-0.01165,0.05218,0.05319,-0.03003,COMPRESSION_REGIME
5m,1789173900000,1789174199999,2026-09-12 00:45:00+00:00,COMPRESSION,0.0387,False,77286.78,-2.5618214084421886e-05,0.00010972122269824772,11.65058,0.0003356286104258088,LOW_VOLATILITY_COMPRESSION,5m_282,GEV_0057,0.00146,28.12,0.00031,45.45,-0.00743,82.37,0.00661,67.57,-0.01885,56.95,-0.02904,48.15,0.00037,0.00119,-0.00032,-0.0004,0.00119,-0.00092,0.00054,0.00147,-0.00159,-0.00063,0.00283,-0.00294,0.00912,0.02993,-0.01162,0.05181,0.05322,-0.03,COMPRESSION_REGIME
5m,1789174500000,1789174799999,2026-09-12 00:55:00+00:00,COMPRESSION,0.225,False,77287.43,-0.0004181337345071645,0.000421413934969852,16.37262,0.00036629508012253636,LOW_VOLATILITY_COMPRESSION,5m_283,GEV_0057,0.0008,25.84,-0.00067,44.6,-0.00955,77.64,0.00493,67.48,-0.01888,56.92,-0.02873,48.14,-0.00019,0.00118,-0.00033,-0.00084,0.00118,-0.00093,0.00068,0.00147,-0.0016,-0.00015,0.00282,-0.00295,0.00861,0.02992,-0.01163,0.05669,0.05669,-0.03001,COMPRESSION_REGIME
5m,1789174800000,1789175099999,2026-09-12 01:00:00+00:00,COMPRESSION,0.1069,False,77291.21,4.890834124005039e-05,0.00037429870744690847,21.57489,0.00023459521999773453,LOW_VOLATILITY_COMPRESSION,5m_284,GEV_0057,-0.00011,25.84,-0.00073,44.79,-0.0061,76.95,0.00378,67.51,-0.01802,56.92,-0.02905,48.14,1e-05,0.00113,-0.00037,-0.00118,0.00113,-0.00118,0.00058,0.00142,-0.00165,-0.00037,0.00277,-0.00299,0.00699,0.02987,-0.01168,0.05441,0.05757,-0.03006,COMPRESSION_REGIME
5m,1789175400000,1789175699999,2026-09-12 01:10:00+00:00,COMPRESSION,0.108,False,77365.88,0.00023116305528270154,0.00023110963127420843,8.09763,0.0003225467799559651,LOW_VOLATILITY_COMPRESSION,5m_285,GEV_0057,0.0008,18.94,4e-05,44.68,-0.00463,74.79,0.00604,67.42,-0.01745,56.89,-0.02838,48.13,-0.00077,0.00016,-0.00132,-0.00171,0.00016,-0.00261,-0.00072,0.00045,-0.00261,-0.0012,0.00181,-0.00396,0.00597,0.02888,-0.01263,0.05061,0.05655,-0.03099,COMPRESSION_REGIME
5m,1789175700000,1789175999999,2026-09-12 01:15:00+00:00,COMPRESSION,0.0269,False,77364.29,-2.0551695398718373e-05,0.00018212537076209848,7.75067,0.0003232030666149775,LOW_VOLATILITY_COMPRESSION,5m_286,GEV_0057,0.00077,12.44,-0.00047,44.36,-0.00444,73.74,0.0059,67.39,-0.01632,56.65,-0.02919,48.12,-0.00075,0.00018,-0.0013,-0.00158,0.00018,-0.00259,-0.00077,0.00047,-0.00259,-0.00089,0.00183,-0.00394,0.00657,0.0289,-0.01261,0.04924,0.05657,-0.03097,COMPRESSION_REGIME
5m,1789176300000,1789176599999,2026-09-12 01:25:00+00:00,COMPRESSION,0.1073,False,77329.08,7.5004687793978064e-06,0.0003843314830591695,21.34507,0.0003442599815172013,LOW_VOLATILITY_COMPRESSION,5m_287,GEV_0057,0.00064,13.71,-0.00041,44.5,-0.00254,73.12,0.00672,67.29,-0.01784,56.64,-0.02967,48.14,-0.00056,0.00011,-0.00084,-0.00164,0.00024,-0.00213,-0.00013,0.00093,-0.00213,-0.00096,0.00228,-0.00348,0.00682,0.02937,-0.01216,0.05085,0.05705,-0.03053,COMPRESSION_REGIME
5m,1789176600000,1789176899999,2026-09-12 01:30:00+00:00,COMPRESSION,0.0764,False,77322.02,-9.129812484509614e-05,0.00012441475274437144,12.56787,0.0003465545064618406,LOW_VOLATILITY_COMPRESSION,5m_288,GEV_0057,0.00054,13.6,-0.00059,44.39,-0.00273,72.28,0.00749,67.29,-0.01836,56.53,-0.02952,48.13,-0.00075,0.0002,-0.00075,-0.00101,0.00033,-0.00204,-4e-05,0.00102,-0.00204,-0.00104,0.00238,-0.00339,0.0082,0.02946,-0.01207,0.04896,0.05715,-0.03044,COMPRESSION_REGIME
5m,1789178100000,1789178399999,2026-09-12 01:55:00+00:00,COMPRESSION,0.1186,False,77272.37,-0.0002072756335071979,0.00022841282077920192,11.12381,0.00035797111026513606,LOW_VOLATILITY_COMPRESSION,5m_289,GEV_0057,-0.00019,15.63,0.00213,44.52,-0.02486,63.63,0.00391,66.88,-0.02052,56.49,-0.02843,48.11,0.0002,0.00065,-0.00068,-0.0007,0.00098,-0.0014,0.00122,0.00166,-0.0014,0.00062,0.00302,-0.00275,0.00835,0.03012,-0.01144,0.05188,0.05783,-0.02982,COMPRESSION_REGIME
5m,1789178400000,1789178699999,2026-09-12 02:00:00+00:00,COMPRESSION,0.1755,False,77292.01,0.00025416588102578075,0.0004094860516629621,12.1107,0.0003661748513192961,LOW_VOLATILITY_COMPRESSION,5m_290,GEV_0057,1e-05,15.3,0.00166,43.86,-0.02818,61.27,0.00397,66.78,-0.02023,56.27,-0.02793,48.1,0.00021,0.00039,-0.00093,-0.00099,0.00072,-0.00166,0.00096,0.00141,-0.00166,0.0001,0.00276,-0.003,0.00836,0.02986,-0.01169,0.05152,0.05756,-0.03007,COMPRESSION_REGIME
5m,1789178700000,1789178999999,2026-09-12 02:05:00+00:00,COMPRESSION,0.1682,False,77319.97,0.0003617450238388997,0.0003617435443909402,7.32247,0.00030974051045749065,LOW_VOLATILITY_COMPRESSION,5m_291,GEV_0057,-0.00036,14.21,0.00316,41.57,-0.02166,57.24,0.00507,66.75,-0.02013,56.25,-0.02808,48.08,-0.00052,0.00036,-0.00129,-0.00146,0.00036,-0.00202,0.00074,0.00104,-0.00202,-0.00052,0.0024,-0.00337,0.00842,0.02949,-0.01204,0.05225,0.05718,-0.03042,COMPRESSION_REGIME
5m,1789179000000,1789179299999,2026-09-12 02:10:00+00:00,COMPRESSION,0.0759,False,77306.01,-0.00018054844046122565,0.00018071040013578718,5.32857,0.0003008345036296296,LOW_VOLATILITY_COMPRESSION,5m_292,GEV_0057,-0.00077,13.52,0.00158,40.99,-0.02225,55.22,0.0041,66.66,-0.01899,56.23,-0.02838,48.08,-0.00032,0.00054,-0.00111,-0.00124,0.00054,-0.00184,0.00081,0.00123,-0.00184,-0.00034,0.00258,-0.00319,0.0088,0.02967,-0.01187,0.05265,0.05737,-0.03024,COMPRESSION_REGIME
5m,1789179300000,1789179599999,2026-09-12 02:15:00+00:00,COMPRESSION,0.0049,False,77306.0,-1.293560486503864e-07,1.2935606543814596e-07,3.08411,0.00030116339567324034,LOW_VOLATILITY_COMPRESSION,5m_293,GEV_0057,-0.00075,13.13,0.00151,40.57,-0.02377,54.08,0.0055,66.38,-0.01846,56.18,-0.0286,48.07,-0.0001,0.00054,-0.00111,-0.00098,0.00054,-0.00184,0.00081,0.00123,-0.00184,-0.00021,0.00258,-0.00319,0.00811,0.02967,-0.01187,0.05238,0.05737,-0.03024,COMPRESSION_REGIME
5m,1789179600000,1789179899999,2026-09-12 02:20:00+00:00,COMPRESSION,0.0955,False,77322.27,0.0002104623185781307,0.00021041803351096747,7.06277,0.00028198436827300453,LOW_VOLATILITY_COMPRESSION,5m_294,GEV_0057,-8e-05,13.08,0.00171,39.76,-0.02186,53.21,0.00617,66.32,-0.01908,56.04,-0.02854,48.06,-0.00101,0.00033,-0.00132,-0.00119,0.00033,-0.00205,0.00079,0.00101,-0.00205,-0.00051,0.00237,-0.0034,0.00852,0.02946,-0.01207,0.05323,0.05715,-0.03045,COMPRESSION_REGIME
5m,1789180200000,1789180499999,2026-09-12 02:30:00+00:00,COMPRESSION,0.1483,False,77264.02,-0.00028556238257093636,0.00029612748598901084,7.82941,0.0003191615100179419,LOW_VOLATILITY_COMPRESSION,5m_295,GEV_0057,-0.00075,11.3,0.00316,35.07,-0.01892,52.0,0.00604,66.23,-0.01925,56.01,-0.02898,48.05,0.00013,0.00108,-0.00057,5e-05,0.00108,-0.00129,0.00228,0.00269,-0.00129,0.0001,0.00313,-0.00264,0.00871,0.03023,-0.01133,0.05304,0.05794,-0.02972,COMPRESSION_REGIME
5m,1789183800000,1789184099999,2026-09-12 03:30:00+00:00,COMPRESSION,0.1142,False,77274.01,-0.00017700102047313315,0.00020718479602643584,7.61512,0.0003604823216855085,LOW_VOLATILITY_COMPRESSION,5m_296,GEV_0058,0.00013,35.63,0.00096,23.23,-0.01981,48.11,0.00648,66.32,-0.01682,56.27,-0.02924,48.17,5e-05,0.00052,-0.00062,0.00034,0.0011,-0.00142,0.00165,0.003,-0.00142,-0.00066,0.003,-0.00277,0.00739,0.0301,-0.01146,0.04982,0.05781,-0.02984,COMPRESSION_REGIME
5m,1789184100000,1789184399999,2026-09-12 03:35:00+00:00,COMPRESSION,0.0898,False,77264.65,-0.00012112740104985864,0.00012127149996790698,4.80227,0.0003526060269566364,LOW_VOLATILITY_COMPRESSION,5m_297,GEV_0058,0.00028,35.4,0.00084,23.18,-0.01924,47.68,0.0052,66.07,-0.01701,56.27,-0.02952,48.17,0.00038,0.00064,-0.0005,0.00028,0.00122,-0.0013,0.00214,0.00312,-0.0013,-0.00079,0.00312,-0.00265,0.00713,0.03023,-0.01134,0.04994,0.05794,-0.02972,COMPRESSION_REGIME
5m,1789184400000,1789184699999,2026-09-12 03:40:00+00:00,COMPRESSION,0.1905,False,77246.01,-0.00024124874700137688,0.0002673277234642175,13.81322,0.0003590254273460073,LOW_VOLATILITY_COMPRESSION,5m_298,GEV_0058,0.00015,33.03,0.0008,23.26,-0.01788,47.38,0.00484,65.98,-0.01785,56.26,-0.02985,48.17,7e-05,0.00088,-0.00034,0.00052,0.00147,-0.00106,0.00204,0.00336,-0.00106,-0.00042,0.00336,-0.00241,0.00719,0.03047,-0.0111,0.05077,0.05819,-0.02949,COMPRESSION_REGIME
5m,1789184700000,1789184999999,2026-09-12 03:45:00+00:00,COMPRESSION,0.079,False,77246.43,5.437174036559966e-06,0.00014227194706610053,15.60232,0.00034509961482963417,LOW_VOLATILITY_COMPRESSION,5m_299,GEV_0058,-0.00018,29.34,0.00094,22.87,-0.01663,47.12,0.00585,64.81,-0.01782,56.25,-0.02985,48.17,0.00012,0.00087,-0.0004,0.00046,0.00146,-0.00107,0.00173,0.00336,-0.00107,-0.0007,0.00336,-0.00242,0.00647,0.03047,-0.0111,0.05092,0.05818,-0.0295,COMPRESSION_REGIME
5m,1789185000000,1789185299999,2026-09-12 03:50:00+00:00,COMPRESSION,0.1691,False,77268.09,0.0002804013078663292,0.00028032270501320136,4.4987,0.0003554500225382319,LOW_VOLATILITY_COMPRESSION,5m_300,GEV_0058,0.00012,28.4,0.00099,22.03,-0.00452,46.72,0.00592,64.78,-0.0175,56.23,-0.02933,48.16,-0.00034,0.00059,-0.00068,0.00029,0.00118,-0.00135,0.00153,0.00307,-0.00135,-0.00078,0.00307,-0.0027,0.00582,0.03018,-0.01138,0.05064,0.05789,-0.02977,COMPRESSION_REGIME
5m,1789185300000,1789185599999,2026-09-12 03:55:00+00:00,COMPRESSION,0.0224,False,77268.09,0.0,1.2941953133255024e-07,1.41712,0.0003361747726187111,LOW_VOLATILITY_COMPRESSION,5m_301,GEV_0058,-0.00026,27.37,0.00055,21.89,-0.00597,43.79,0.00489,64.6,-0.01742,56.21,-0.02908,48.16,-0.00059,0.00059,-0.00068,2e-05,0.00118,-0.00135,0.00145,0.00307,-0.00135,-0.00098,0.00307,-0.0027,0.00529,0.03018,-0.01138,0.05006,0.05789,-0.02977,COMPRESSION_REGIME
5m,1789185900000,1789186199999,2026-09-12 04:05:00+00:00,COMPRESSION,0.0344,False,77302.92,-1.2936105213690041e-06,0.00014346159239517095,4.77201,0.0003368207032770102,LOW_VOLATILITY_COMPRESSION,5m_302,GEV_0058,0.0003,18.95,-0.0,20.02,-0.00836,41.1,0.00449,63.9,-0.01877,56.13,-0.02821,48.15,-0.00156,0.00014,-0.00174,0.0004,0.00073,-0.0018,0.00076,0.00262,-0.0018,-0.00099,0.00262,-0.00315,0.00462,0.02972,-0.01183,0.0503,0.05741,-0.03021,COMPRESSION_REGIME
5m,1789186200000,1789186499999,2026-09-12 04:10:00+00:00,COMPRESSION,0.0859,False,77294.0,-0.00011539020776962783,0.00011553290035440028,3.81532,0.00033925721232569726,LOW_VOLATILITY_COMPRESSION,5m_303,GEV_0058,0.00017,17.22,-0.00013,19.58,-0.0065,40.66,0.00405,63.84,-0.01963,56.0,-0.02824,48.14,-0.00078,0.00012,-0.00168,3e-05,0.00084,-0.00168,0.00088,0.00274,-0.00168,-0.00119,0.00274,-0.00303,0.00451,0.02983,-0.01171,0.05064,0.05753,-0.03009,COMPRESSION_REGIME
5m,1789187100000,1789187399999,2026-09-12 04:25:00+00:00,COMPRESSION,0.1312,False,77252.01,0.0002278777037332258,0.00024633663253550086,5.61254,0.0003056767215507274,LOW_VOLATILITY_COMPRESSION,5m_304,GEV_0058,-0.00046,12.97,-0.00036,18.11,-0.00536,38.15,0.00089,63.65,-0.02084,55.97,-0.02899,48.14,-0.00065,0.00054,-0.00114,0.00067,0.00139,-0.00114,0.00163,0.00328,-0.00114,-0.00045,0.00328,-0.00249,0.00482,0.03039,-0.01117,0.0503,0.05811,-0.02957,COMPRESSION_REGIME
5m,1789187400000,1789187699999,2026-09-12 04:30:00+00:00,COMPRESSION,0.197,False,77278.12,0.00033798473334223367,0.00033812934372633104,4.54369,0.00032025752217771384,LOW_VOLATILITY_COMPRESSION,5m_305,GEV_0058,5e-05,9.15,-2e-05,17.92,-0.00611,37.59,0.00166,63.52,-0.02083,55.96,-0.02868,48.13,-0.00044,0.0002,-0.00148,0.00041,0.00105,-0.00148,0.00132,0.00294,-0.00148,-0.00056,0.00294,-0.00283,0.00404,0.03005,-0.01151,0.04816,0.05775,-0.02989,COMPRESSION_REGIME
5m,1789187700000,1789187999999,2026-09-12 04:35:00+00:00,COMPRESSION,0.1207,False,77293.76,0.00020238587584686663,0.00020247430064223467,6.74449,0.00032233567732681544,LOW_VOLATILITY_COMPRESSION,5m_306,GEV_0058,0.00038,9.08,0.00041,17.72,-0.00454,37.2,0.00233,63.48,-0.02063,55.95,-0.02812,48.13,-0.00069,0.0,-0.00168,0.00074,0.00085,-0.00168,0.00081,0.00274,-0.00168,-0.00103,0.00274,-0.00303,0.00364,0.02984,-0.01171,0.04704,0.05754,-0.03009,COMPRESSION_REGIME
5m,1789188600000,1789188899999,2026-09-12 04:50:00+00:00,COMPRESSION,0.1245,False,77242.0,-0.0001813451147683054,0.00018150747002931145,4.9584,0.00034951525519198387,LOW_VOLATILITY_COMPRESSION,5m_307,GEV_0058,-0.00034,29.86,-0.00101,23.33,-0.00847,37.62,0.0014,64.38,-0.02439,55.95,-0.02899,48.22,-3e-05,0.00024,-0.00101,0.00142,0.00171,-0.00101,0.00132,0.00341,-0.00101,-0.00041,0.00341,-0.00236,0.00456,0.03053,-0.01105,0.04881,0.05825,-0.02944,COMPRESSION_REGIME
5m,1789189200000,1789189499999,2026-09-12 05:00:00+00:00,COMPRESSION,0.2389,False,77200.01,-0.00029447280756000893,0.00029468908099882375,17.95144,0.0003232926069299881,LOW_VOLATILITY_COMPRESSION,5m_308,GEV_0058,-0.00133,31.6,-0.00118,23.41,-0.0085,37.24,0.0016,64.41,-0.0244,55.9,-0.02854,48.21,0.0002,0.00079,-0.00047,0.00218,0.00225,-0.00047,0.00235,0.00396,-0.00047,0.00025,0.00396,-0.00182,0.00531,0.03109,-0.01051,0.0501,0.05882,-0.02891,COMPRESSION_REGIME
5m,1789191600000,1789191899999,2026-09-12 05:40:00+00:00,COMPRESSION,0.0703,False,77240.0,-4.531310383804055e-06,0.00016960124287941248,12.33971,0.00032784092204265667,LOW_VOLATILITY_COMPRESSION,5m_309,GEV_0058,-0.00015,75.01,-0.00048,33.87,-0.00477,39.46,0.00067,66.02,-0.02137,56.13,-0.0287,48.36,0.00099,0.00099,-0.00052,0.00129,0.0019,-0.00052,-0.0001,0.00344,-0.00052,0.00091,0.00344,-0.00233,0.00287,0.03055,-0.01102,0.04902,0.05827,-0.02942,COMPRESSION_REGIME
5m,1789191900000,1789192199999,2026-09-12 05:45:00+00:00,COMPRESSION,0.0292,False,77239.99,-1.2946659755375123e-07,1.2946661431159312e-07,4.25585,0.0003271267836909832,LOW_VOLATILITY_COMPRESSION,5m_310,GEV_0058,-0.00021,53.79,-0.00098,33.8,-0.00457,39.23,0.00057,65.99,-0.02052,56.09,-0.02843,48.35,0.00114,0.00154,-0.00052,0.00131,0.0019,-0.00052,-0.00062,0.00344,-0.00064,0.00101,0.00344,-0.00233,0.00344,0.03055,-0.01102,0.04899,0.05827,-0.02942,COMPRESSION_REGIME
5m,1789192200000,1789192499999,2026-09-12 05:50:00+00:00,COMPRESSION,0.1453,False,77239.87,-1.5535993727056052e-06,0.00027110351169677433,28.99082,0.0003230201651134405,LOW_VOLATILITY_COMPRESSION,5m_311,GEV_0058,-3e-05,54.54,-0.00063,34.12,-0.00343,39.08,0.00052,66.03,-0.02134,56.08,-0.02928,48.36,0.00091,0.00154,-0.00052,0.00123,0.0019,-0.00052,-0.00066,0.00344,-0.0009,0.00107,0.00344,-0.00233,0.00472,0.03056,-0.01102,0.04964,0.05827,-0.02941,COMPRESSION_REGIME
5m,1789192800000,1789193099999,2026-09-12 06:00:00+00:00,COMPRESSION,0.0656,False,77215.13,-3.716749980564593e-05,0.0001394804360232188,7.72423,0.0003129536874853737,LOW_VOLATILITY_COMPRESSION,5m_312,GEV_0058,0.0002,74.96,-0.00099,39.12,0.00084,40.43,-0.00059,66.73,-0.02108,56.35,-0.03007,48.44,0.00141,0.00187,-0.0002,0.00221,0.00226,-0.0002,-0.00033,0.00376,-0.00058,0.0014,0.00376,-0.00201,0.00664,0.03089,-0.0107,0.04925,0.05861,-0.0291,COMPRESSION_REGIME
5m,1789193100000,1789193399999,2026-09-12 06:05:00+00:00,COMPRESSION,0.1432,False,77207.03,-0.00010490172068611248,0.0001960961326967171,20.03368,0.0003060920815568414,LOW_VOLATILITY_COMPRESSION,5m_313,GEV_0058,0.00032,75.12,-0.00146,39.28,0.00178,39.7,-0.00087,66.75,-0.02208,56.34,-0.0298,48.45,0.00183,0.00197,-9e-05,0.00247,0.00251,-9e-05,5e-05,0.00387,-0.00047,0.00133,0.00387,-0.00191,0.00571,0.03099,-0.0106,0.04965,0.05872,-0.029,COMPRESSION_REGIME
5m,1789193400000,1789193699999,2026-09-12 06:10:00+00:00,COMPRESSION,0.0979,False,77209.94,3.7690868305739755e-05,0.00029037711983713823,11.65433,0.00023134540322585035,LOW_VOLATILITY_COMPRESSION,5m_314,GEV_0058,-0.00031,74.62,-0.00124,39.37,0.00158,37.95,-0.00258,66.74,-0.02416,56.31,-0.03035,48.44,0.00172,0.00193,-4e-05,0.00244,0.00247,-4e-05,-0.00053,0.00383,-0.00053,0.0013,0.00383,-0.00195,0.00471,0.03096,-0.01064,0.04911,0.05868,-0.02904,COMPRESSION_REGIME
5m,1789193700000,1789193999999,2026-09-12 06:15:00+00:00,COMPRESSION,0.162,False,77230.01,0.0002599406242251856,0.00025987307265650276,6.66143,0.00024339987013380552,LOW_VOLATILITY_COMPRESSION,5m_315,GEV_0058,-0.00015,46.17,-0.00098,39.4,-0.00013,37.39,-0.00109,66.32,-0.02449,56.26,-0.03008,48.43,0.00122,0.00167,-0.00026,0.00207,0.00221,-0.00026,-0.00128,0.00357,-0.00136,0.0009,0.00357,-0.0022,0.00423,0.03069,-0.01089,0.04862,0.05841,-0.02929,COMPRESSION_REGIME
5m,1789194000000,1789194299999,2026-09-12 06:20:00+00:00,COMPRESSION,0.0149,False,77230.01,0.0,1.2948334455429063e-07,4.98725,0.00024255167326354702,LOW_VOLATILITY_COMPRESSION,5m_316,GEV_0058,-7e-05,44.44,-0.00119,39.44,0.00086,37.02,-0.00053,66.15,-0.02522,56.24,-0.03006,48.43,0.00133,0.00167,-0.0,0.00194,0.00221,-0.0,-0.00054,0.00357,-0.00136,0.0008,0.00357,-0.0022,0.00301,0.03069,-0.01089,0.04817,0.05841,-0.02929,COMPRESSION_REGIME
5m,1789194300000,1789194599999,2026-09-12 06:25:00+00:00,COMPRESSION,0.0908,False,77239.0,0.00011640552681546623,0.00011665091469328657,7.53597,0.0002024854619623154,LOW_VOLATILITY_COMPRESSION,5m_317,GEV_0058,0.00048,40.64,-0.00061,39.45,0.00035,36.66,-0.00048,66.0,-0.02422,56.19,-0.03019,48.42,0.00093,0.00156,-0.00012,0.00183,0.00209,-0.00012,-0.00056,0.00345,-0.00148,0.00074,0.00345,-0.00232,0.00222,0.03057,-0.01101,0.04826,0.05829,-0.0294,COMPRESSION_REGIME
5m,1789196100000,1789196399999,2026-09-12 06:55:00+00:00,COMPRESSION,0.1873,False,77289.73,-0.00026232049381447187,0.0002626480905029473,11.34716,0.0002192166859892983,LOW_VOLATILITY_COMPRESSION,5m_318,GEV_0058,0.00093,32.44,2e-05,38.04,0.00306,35.87,-0.00011,65.84,-0.02361,56.17,-0.02956,48.41,-0.00026,0.00075,-0.00031,0.00056,0.00144,-0.00031,-0.00205,0.00279,-0.00213,-0.00217,0.00279,-0.00299,-4e-05,0.02989,-0.01166,0.04868,0.05759,-0.03004,COMPRESSION_REGIME
5m,1789197000000,1789197299999,2026-09-12 07:10:00+00:00,COMPRESSION,0.1083,False,77342.54,-7.046078379036036e-05,7.744767627240118e-05,16.15184,0.00024101865345748218,LOW_VOLATILITY_COMPRESSION,5m_319,GEV_0058,0.00172,13.45,0.0008,36.03,0.00162,35.4,0.00025,65.93,-0.02406,56.13,-0.02949,48.39,-0.0006,0.00011,-0.00099,-0.00019,0.00075,-0.00099,-0.00213,0.00211,-0.00281,-0.00222,0.00211,-0.00367,-0.00161,0.02919,-0.01233,0.04941,0.05687,-0.0307,COMPRESSION_REGIME
5m,1789197300000,1789197599999,2026-09-12 07:15:00+00:00,COMPRESSION,0.2245,False,77324.0,-0.00023971284108326163,0.00025800527649885014,21.7427,0.0002612910780864425,LOW_VOLATILITY_COMPRESSION,5m_320,GEV_0058,0.00122,14.22,0.00033,35.68,0.00226,35.4,-0.00011,65.93,-0.02444,56.05,-0.02948,48.38,-0.00011,0.00035,-0.00075,-0.00031,0.00099,-0.00075,-0.00221,0.00235,-0.00257,-0.00196,0.00235,-0.00343,-0.00055,0.02943,-0.0121,0.05042,0.05712,-0.03047,COMPRESSION_REGIME
5m,1789197600000,1789197899999,2026-09-12 07:20:00+00:00,COMPRESSION,0.162,False,77332.35,0.00010798717086557552,0.00023289089236257218,21.10462,0.00025933524437104567,LOW_VOLATILITY_COMPRESSION,5m_321,GEV_0058,0.00133,15.33,0.00114,35.68,0.00087,35.13,-0.00033,65.95,-0.02471,56.02,-0.0298,48.38,-0.00022,0.00025,-0.00086,-0.00044,0.00088,-0.00086,-0.00237,0.00224,-0.00268,-0.00223,0.00224,-0.00354,-0.00074,0.02932,-0.0122,0.04886,0.05701,-0.03057,COMPRESSION_REGIME
5m,1789198200000,1789198499999,2026-09-12 07:30:00+00:00,COMPRESSION,0.1997,False,77300.0,-0.00014357576078993795,0.0002003880983183084,28.06348,0.0002719034954557242,LOW_VOLATILITY_COMPRESSION,5m_322,GEV_0058,0.00041,18.5,0.00034,34.83,0.00088,35.17,-1e-05,65.86,-0.02427,56.01,-0.03068,48.4,0.00013,0.00066,-0.00044,-0.0,0.0013,-0.00044,-0.00203,0.00266,-0.00259,-0.00218,0.00266,-0.00313,-0.0023,0.02975,-0.01179,0.04937,0.05745,-0.03017,COMPRESSION_REGIME
5m,1789198500000,1789198799999,2026-09-12 07:35:00+00:00,COMPRESSION,0.1898,False,77286.44,-0.00017542043984475342,0.00017558060637794202,25.43418,0.00027226376877306096,LOW_VOLATILITY_COMPRESSION,5m_323,GEV_0058,3e-05,18.46,0.00028,35.19,0.00019,35.16,0.0003,65.77,-0.02448,56.01,-0.03066,48.39,0.00083,0.00084,-0.00026,0.00046,0.00148,-0.00026,-0.00287,0.00284,-0.00287,-0.00213,0.00284,-0.00295,-0.00275,0.02993,-0.01162,0.04864,0.05764,-0.03,COMPRESSION_REGIME
5m,1789198800000,1789199099999,2026-09-12 07:40:00+00:00,COMPRESSION,0.1005,False,77286.48,5.175552140190831e-07,3.700517865479942e-05,24.20903,0.000238785318116043,LOW_VOLATILITY_COMPRESSION,5m_324,GEV_0058,-0.00039,19.57,0.00052,35.59,-0.00026,34.94,0.00029,65.63,-0.02411,56.01,-0.03066,48.39,0.00083,0.00084,-0.00026,0.00072,0.00148,-0.00026,-0.0028,0.00284,-0.00293,-0.0016,0.00284,-0.00295,-0.00326,0.02993,-0.01162,0.04875,0.05764,-0.03,COMPRESSION_REGIME
5m,1789199100000,1789199399999,2026-09-12 07:45:00+00:00,COMPRESSION,0.1663,False,77282.01,-5.783676524018233e-05,0.0002651328556284346,25.34869,0.00023175630700496857,LOW_VOLATILITY_COMPRESSION,5m_325,GEV_0058,-0.0006,20.55,0.00046,35.82,-0.00054,34.89,0.00047,65.55,-0.02419,56.0,-0.03068,48.39,0.00102,0.00102,-0.00021,0.00083,0.00154,-0.00021,-0.00214,0.00289,-0.00288,-0.0015,0.00289,-0.00289,-0.0033,0.02999,-0.01156,0.04862,0.0577,-0.02994,COMPRESSION_REGIME
5m,1789199400000,1789199699999,2026-09-12 07:50:00+00:00,COMPRESSION,0.1679,False,77290.82,0.00011399807018497299,0.00021826654187386474,21.61848,0.00022839346382575468,LOW_VOLATILITY_COMPRESSION,5m_326,GEV_0058,-0.00025,20.63,0.00029,35.94,-0.00088,34.86,0.00098,65.46,-0.02477,56.0,-0.03062,48.39,0.00078,0.00108,-0.00028,0.00084,0.00142,-0.00028,-0.00225,0.00278,-0.00299,-0.00215,0.00278,-0.00301,-0.00482,0.02988,-0.01167,0.04979,0.05758,-0.03005,COMPRESSION_REGIME
5m,1789201500000,1789201799999,2026-09-12 08:25:00+00:00,COMPRESSION,0.1215,False,77303.53,-0.00014925938759424717,0.00014941102948342605,5.91353,0.0002727879119323857,LOW_VOLATILITY_COMPRESSION,5m_327,GEV_0058,-0.0001,37.7,0.00067,41.51,-0.00104,35.81,-0.00105,65.93,-0.02987,55.86,-0.02933,48.48,0.00104,0.00104,-0.0,0.00032,0.00126,-0.00015,-0.00142,0.00261,-0.00315,-0.00358,0.00261,-0.00377,-0.00579,0.02971,-0.01183,0.05167,0.0574,-0.03021,COMPRESSION_REGIME
5m,1789201800000,1789202099999,2026-09-12 08:30:00+00:00,COMPRESSION,0.0859,False,77310.0,8.369604855040791e-05,8.381839348073892e-05,6.50624,0.0002704100869641997,LOW_VOLATILITY_COMPRESSION,5m_328,GEV_0058,0.00013,36.22,0.00041,41.53,-0.00075,35.65,-0.00107,65.83,-0.02984,55.76,-0.02838,48.46,0.00052,0.00099,-8e-05,0.00025,0.00117,-0.00023,-0.00168,0.00253,-0.00324,-0.00523,0.00253,-0.00588,-0.00554,0.02962,-0.01192,0.05192,0.05731,-0.03029,COMPRESSION_REGIME
5m,1789202400000,1789202699999,2026-09-12 08:40:00+00:00,COMPRESSION,0.0351,False,77350.83,0.0,1.2928109491212065e-07,3.08877,0.0003009091032931375,LOW_VOLATILITY_COMPRESSION,5m_329,GEV_0058,0.00083,33.78,0.00129,41.74,-0.00074,35.48,-0.00095,65.67,-0.02874,55.6,-0.02844,48.43,-0.00014,0.00046,-0.00019,-0.0004,0.00065,-0.00076,-0.00221,0.002,-0.00376,-0.00684,0.002,-0.00769,-0.00655,0.02908,-0.01244,0.05134,0.05676,-0.03081,COMPRESSION_REGIME
5m,1789202700000,1789202999999,2026-09-12 08:45:00+00:00,COMPRESSION,0.1267,False,77360.83,0.0001292810949797829,0.0001293936479222723,5.75912,0.00029855763472228577,LOW_VOLATILITY_COMPRESSION,5m_330,GEV_0058,0.00102,32.36,0.00136,36.14,0.00127,35.29,-0.00015,65.61,-0.02825,55.55,-0.02813,48.42,-0.00026,0.00034,-0.00032,-0.00042,0.00052,-0.00089,-0.002,0.00187,-0.00389,-0.0063,0.00187,-0.00782,-0.00625,0.02894,-0.01257,0.05142,0.05662,-0.03093,COMPRESSION_REGIME
5m,1789203300000,1789203599999,2026-09-12 08:55:00+00:00,COMPRESSION,0.1575,False,77360.01,0.00011092231908316208,0.00022944671284297924,12.53365,0.0002846593534032137,LOW_VOLATILITY_COMPRESSION,5m_331,GEV_0058,0.00117,30.65,0.00178,36.15,0.00027,35.0,-6e-05,65.56,-0.02934,55.46,-0.02875,48.41,-0.00014,0.00035,-0.00032,-0.00026,0.00053,-0.0009,-0.00246,0.00188,-0.00388,-0.00706,0.00188,-0.00781,-0.00465,0.02896,-0.01256,0.05109,0.05663,-0.03092,COMPRESSION_REGIME
5m,1789204200000,1789204499999,2026-09-12 09:10:00+00:00,COMPRESSION,0.2106,False,77366.01,0.00020348991671248484,0.00023278956740815202,22.70663,0.00020227345340164483,LOW_VOLATILITY_COMPRESSION,5m_332,GEV_0058,0.00091,20.12,0.00171,36.21,4e-05,35.07,0.00106,65.47,-0.02726,55.37,-0.02952,48.37,0.00041,0.00045,-0.0004,-0.00072,0.00045,-0.00098,-0.00259,0.00181,-0.00396,-0.007,0.00181,-0.00788,-0.00559,0.02888,-0.01263,0.0526,0.05655,-0.031,COMPRESSION_REGIME
5m,1789206300000,1789206599999,2026-09-12 09:45:00+00:00,COMPRESSION,0.1052,False,77341.01,1.3188519936369048e-05,0.00013627957535069168,16.37957,0.0002317417589154285,LOW_VOLATILITY_COMPRESSION,5m_333,GEV_0058,-0.00026,22.4,0.00131,27.78,0.00089,35.71,0.00409,64.96,-0.0212,55.31,-0.02894,48.37,0.00019,0.00077,-8e-05,-0.00051,0.00077,-0.00111,-0.00094,0.00213,-0.00364,-0.00736,0.00213,-0.00997,-0.00387,0.02921,-0.01231,0.05169,0.05689,-0.03068,COMPRESSION_REGIME
5m,1789206900000,1789207199999,2026-09-12 09:55:00+00:00,COMPRESSION,0.1849,False,77349.44,0.00018478014201828152,0.0001848752880434934,14.58213,0.00023499946596851608,LOW_VOLATILITY_COMPRESSION,5m_334,GEV_0058,-0.00014,23.6,0.0017,27.79,0.00313,35.72,0.00399,64.75,-0.0203,55.21,-0.02866,48.35,-0.00021,0.00066,-0.0005,0.00022,0.00066,-0.00122,-0.0011,0.00202,-0.00375,-0.007,0.00202,-0.01008,-0.00472,0.0291,-0.01242,0.05141,0.05678,-0.03079,COMPRESSION_REGIME
5m,1789207500000,1789207799999,2026-09-12 10:05:00+00:00,COMPRESSION,0.1628,False,77398.01,0.00015519603028968376,0.00019057337520693362,9.57105,0.00026309475001736496,LOW_VOLATILITY_COMPRESSION,5m_335,GEV_0058,0.00062,24.9,0.00247,22.91,0.00418,34.88,0.00398,64.62,-0.01985,55.17,-0.02803,48.34,-0.00117,4e-05,-0.00117,-0.00027,4e-05,-0.00185,-0.00176,0.00139,-0.00437,-0.00783,0.00139,-0.0107,-0.00471,0.02845,-0.01304,0.05001,0.05611,-0.0314,COMPRESSION_REGIME
5m,1789207800000,1789208099999,2026-09-12 10:10:00+00:00,COMPRESSION,0.0363,False,77398.0,-1.2920228820156865e-07,1.2920230490143558e-07,5.07842,0.0002589296202446427,LOW_VOLATILITY_COMPRESSION,5m_336,GEV_0058,0.00041,24.2,0.00244,22.61,0.00277,34.68,0.0041,64.57,-0.02033,55.12,-0.02793,48.33,-0.00091,0.0,-0.00117,-0.00038,0.0,-0.00185,-0.00176,0.00139,-0.00437,-0.00783,0.00139,-0.0107,-0.00519,0.02845,-0.01304,0.05052,0.05611,-0.0314,COMPRESSION_REGIME
5m,1789208100000,1789208399999,2026-09-12 10:15:00+00:00,COMPRESSION,0.105,False,77389.63,-0.00010814232925904221,0.00010841245784479675,3.56891,0.0002616022631829829,LOW_VOLATILITY_COMPRESSION,5m_337,GEV_0058,0.00034,22.73,0.00207,22.44,0.00259,34.54,0.00325,64.44,-0.0212,55.1,-0.02804,48.31,-0.00116,0.00011,-0.00116,-0.00027,0.00011,-0.00174,-0.00155,0.0015,-0.00426,-0.00795,0.0015,-0.01059,-0.00521,0.02856,-0.01293,0.0505,0.05623,-0.03129,COMPRESSION_REGIME
5m,1789208400000,1789208699999,2026-09-12 10:20:00+00:00,COMPRESSION,0.1215,False,77380.11,-0.00012301389734004076,0.00012315826379671516,4.31271,0.00025418313756316583,LOW_VOLATILITY_COMPRESSION,5m_338,GEV_0058,-4e-05,21.7,0.00194,22.4,0.00246,34.25,0.00364,64.29,-0.02145,55.05,-0.02847,48.3,-0.00105,0.00012,-0.00106,4e-05,0.00024,-0.00161,-0.00105,0.00162,-0.00414,-0.00821,0.00162,-0.01047,-0.00449,0.02869,-0.01281,0.05058,0.05636,-0.03117,COMPRESSION_REGIME
5m,1789208700000,1789208999999,2026-09-12 10:25:00+00:00,COMPRESSION,0.0314,False,77380.1,-1.2923217596050307e-07,1.2923219270537657e-07,1.64712,0.00025417615538677425,LOW_VOLATILITY_COMPRESSION,5m_339,GEV_0058,-5e-05,19.8,0.00183,22.33,0.00337,34.02,0.00439,64.19,-0.02152,55.03,-0.02808,48.29,-0.00114,0.0,-0.00114,0.00053,0.00053,-0.00161,-0.0023,0.00162,-0.00414,-0.00808,0.00162,-0.01047,-0.00631,0.02869,-0.01281,0.05075,0.05636,-0.03117,COMPRESSION_REGIME
5m,1789209300000,1789209599999,2026-09-12 10:35:00+00:00,COMPRESSION,0.1613,False,77362.13,1.2150795508647505e-05,0.0001454199877898915,30.75507,0.00021693632175006494,LOW_VOLATILITY_COMPRESSION,5m_340,GEV_0058,-9e-05,17.0,0.00101,22.63,0.00254,32.61,0.00405,64.2,-0.02263,54.97,-0.02831,48.28,-0.00052,0.00019,-0.00091,0.00142,0.00142,-0.00138,-0.00204,0.00186,-0.00391,-0.00752,0.00186,-0.01024,-0.00542,0.02893,-0.01258,0.05013,0.0566,-0.03095,COMPRESSION_REGIME
5m,1789209600000,1789209899999,2026-09-12 10:40:00+00:00,COMPRESSION,0.1554,False,77374.0,0.00015343424489477897,0.00017951766743349727,11.80879,0.00018625026481816574,LOW_VOLATILITY_COMPRESSION,5m_341,GEV_0058,0.00044,15.79,0.00074,22.67,0.00332,32.36,0.00463,64.14,-0.02147,54.94,-0.02796,48.27,-0.00041,4e-05,-0.00106,0.00103,0.00139,-0.00154,-0.00234,0.0017,-0.00406,-0.00884,0.0017,-0.01039,-0.00416,0.02877,-0.01273,0.0502,0.05644,-0.0311,COMPRESSION_REGIME
5m,1789212000000,1789212299999,2026-09-12 11:20:00+00:00,COMPRESSION,0.1073,False,77298.48,-1.9663648124224054e-05,0.00012497011584172084,10.44616,0.000251185501006698,LOW_VOLATILITY_COMPRESSION,5m_342,GEV_0058,-0.00105,17.63,-0.00044,23.35,0.00185,27.45,0.00616,63.51,-0.0206,54.72,-0.02921,48.27,0.00023,0.00081,-8e-05,0.00193,0.00268,-0.00056,-0.00068,0.00268,-0.00309,-0.00824,0.00268,-0.01033,-0.0042,0.02977,-0.01177,0.05262,0.05747,-0.03015,COMPRESSION_REGIME
5m,1789212300000,1789212599999,2026-09-12 11:25:00+00:00,COMPRESSION,0.1016,False,77292.27,-8.033793161255076e-05,8.383762050197161e-05,3.89507,0.000249698709790676,LOW_VOLATILITY_COMPRESSION,5m_343,GEV_0058,-0.00114,17.6,-0.00024,23.0,0.00132,27.05,0.00575,63.46,-0.02157,54.68,-0.02928,48.27,0.00046,0.00089,-0.0,0.00208,0.00276,-0.00048,-0.00053,0.00276,-0.00301,-0.00811,0.00276,-0.01025,-0.00377,0.02986,-0.01169,0.05149,0.05756,-0.03007,COMPRESSION_REGIME
5m,1789212600000,1789212899999,2026-09-12 11:30:00+00:00,COMPRESSION,0.1083,False,77299.99,9.988062195609437e-05,0.00010000001293655957,2.75158,0.00025070316219643,LOW_VOLATILITY_COMPRESSION,5m_344,GEV_0058,-0.00079,17.68,-0.0,22.53,0.0013,26.99,0.00651,63.34,-0.02239,54.64,-0.02933,48.26,0.00038,0.00079,-0.0001,0.00131,0.00266,-0.00058,-0.00063,0.00266,-0.00311,-0.00787,0.00266,-0.01035,-0.00482,0.02975,-0.01179,0.05099,0.05745,-0.03017,COMPRESSION_REGIME
5m,1789213800000,1789214099999,2026-09-12 11:50:00+00:00,COMPRESSION,0.1252,False,77356.01,0.0001264444304525103,0.00012655771671772623,3.2819,0.0002199501775170339,LOW_VOLATILITY_COMPRESSION,5m_345,GEV_0058,0.00053,14.4,0.00084,21.19,0.00212,26.57,0.00483,63.18,-0.02459,54.51,-0.02856,48.25,-0.00072,6e-05,-0.00085,0.0004,0.00193,-0.0013,-0.001,0.00193,-0.00383,-0.00729,0.00193,-0.01107,-0.00589,0.02901,-0.0125,0.05098,0.05669,-0.03087,COMPRESSION_REGIME
5m,1789214100000,1789214399999,2026-09-12 11:55:00+00:00,COMPRESSION,0.0568,False,77356.04,3.878173138183172e-07,6.463619389372878e-07,8.04978,0.00021218515339396584,LOW_VOLATILITY_COMPRESSION,5m_346,GEV_0058,0.0003,12.94,0.00112,20.91,0.00169,26.57,0.00415,63.09,-0.02482,54.42,-0.0283,48.24,-0.00021,6e-05,-0.00085,0.00031,0.00193,-0.0013,-0.001,0.00193,-0.00383,-0.00729,0.00193,-0.01107,-0.00538,0.02901,-0.0125,0.05102,0.05669,-0.03087,COMPRESSION_REGIME
5m,1789214400000,1789214699999,2026-09-12 12:00:00+00:00,COMPRESSION,0.1705,False,77350.03,-7.769270505564307e-05,0.00013897861448793232,18.72632,0.00021425370584538984,LOW_VOLATILITY_COMPRESSION,5m_347,GEV_0058,0.00021,12.94,0.00071,18.99,0.00065,26.55,0.00376,62.99,-0.02487,54.23,-0.02893,48.24,-0.00018,0.00014,-0.00078,0.00079,0.00201,-0.00123,-0.00088,0.00201,-0.00375,-0.00763,0.00201,-0.01099,-0.0053,0.02909,-0.01243,0.05129,0.05677,-0.0308,COMPRESSION_REGIME
5m,1789214700000,1789214999999,2026-09-12 12:05:00+00:00,COMPRESSION,0.1413,False,77360.49,0.00013522942395760573,0.0001353404043847339,7.19622,0.00018237345765286276,LOW_VOLATILITY_COMPRESSION,5m_348,GEV_0058,0.00069,10.73,0.00035,18.28,0.00074,26.0,0.00574,62.85,-0.02595,54.03,-0.02904,48.24,0.00011,0.00048,-0.00091,2e-05,0.00188,-0.00136,-0.00101,0.00188,-0.00389,-0.00758,0.00188,-0.01112,-0.00647,0.02895,-0.01256,0.05154,0.05662,-0.03093,COMPRESSION_REGIME
5m,1789215600000,1789215899999,2026-09-12 12:20:00+00:00,COMPRESSION,0.0337,False,77315.99,1.2933936832659754e-07,1.293393515275847e-07,6.94555,0.00018897949412718931,LOW_VOLATILITY_COMPRESSION,5m_349,GEV_0058,0.00023,10.11,1e-05,16.93,0.0002,25.4,0.00459,62.47,-0.02617,53.63,-0.02962,48.24,-0.00047,0.00105,-0.00059,0.0008,0.00245,-0.00079,-0.00062,0.00245,-0.00331,-0.00609,0.00245,-0.01055,-0.00489,0.02954,-0.01199,0.05054,0.05723,-0.03037,COMPRESSION_REGIME
5m,1789216200000,1789216499999,2026-09-12 12:30:00+00:00,COMPRESSION,0.0568,False,77329.59,2.0432440974493815e-05,2.056134010275378e-05,3.78571,0.00018903099051415862,LOW_VOLATILITY_COMPRESSION,5m_350,GEV_0058,0.00038,9.82,0.00025,15.6,0.00064,25.28,0.00236,61.62,-0.02749,53.54,-0.02953,48.23,-0.00014,0.00088,-0.00096,0.00065,0.00228,-0.00096,-0.00077,0.00228,-0.00349,-0.007,0.00228,-0.01073,-0.005,0.02936,-0.01217,0.05097,0.05705,-0.03054,COMPRESSION_REGIME
5m,1789216500000,1789216799999,2026-09-12 12:35:00+00:00,COMPRESSION,0.1375,False,77339.89,0.00013319610255280168,0.00013343696247812654,5.65348,0.00017473208959389167,LOW_VOLATILITY_COMPRESSION,5m_351,GEV_0058,0.00023,10.05,-0.00014,15.58,0.001,25.21,-0.00377,56.62,-0.02752,53.47,-0.02976,48.21,-0.00059,0.00074,-0.0011,0.00021,0.00214,-0.0011,-0.0009,0.00214,-0.00362,-0.00714,0.00214,-0.01086,-0.0049,0.02922,-0.0123,0.05095,0.05691,-0.03067,COMPRESSION_REGIME
5m,1789255500000,1789255799999,2026-09-12 23:25:00+00:00,COMPRESSION,0.1302,False,77251.65,7.22366846621636e-05,7.223146690054121e-05,1.84343,0.00021854990874005232,LOW_VOLATILITY_COMPRESSION,5m_352,GEV_0061,0.00064,8.42,0.00168,27.32,-0.00053,29.29,0.0008,28.25,-0.01193,49.94,-0.03198,47.78,0.00024,0.00063,-0.0002,7e-05,0.00116,-0.00116,-0.00758,0.00116,-0.00973,-0.00657,0.00257,-0.00973,-0.01964,0.0304,-0.02956,0.05248,0.06083,-0.02956,COMPRESSION_REGIME
5m,1789255800000,1789256099999,2026-09-12 23:30:00+00:00,COMPRESSION,0.0406,False,77251.65,0.0,1.2944707323094473e-07,1.19203,0.00021765881186879495,LOW_VOLATILITY_COMPRESSION,5m_353,GEV_0061,0.00051,6.13,0.00141,24.28,-0.00063,29.27,0.00067,28.21,-0.01265,49.93,-0.03242,47.77,0.00024,0.00063,-0.0002,-0.00037,0.00116,-0.00116,-0.00724,0.00116,-0.00973,-0.00537,0.00257,-0.00973,-0.02034,0.0304,-0.02956,0.05322,0.06083,-0.02956,COMPRESSION_REGIME
5m,1789257300000,1789257599999,2026-09-12 23:55:00+00:00,COMPRESSION,0.1191,False,77278.73,-1.941021919638075e-06,0.0001048153871059452,11.64397,0.0001757233652476447,LOW_VOLATILITY_COMPRESSION,5m_354,GEV_0061,0.0006,5.44,0.00212,21.72,-0.001,29.23,0.00069,27.97,-0.01312,49.85,-0.03198,47.56,-4e-05,0.00028,-0.00151,-0.00112,0.00081,-0.00151,-0.00629,0.00081,-0.01008,-0.00565,0.00222,-0.01008,-0.02115,0.03004,-0.0299,0.05139,0.06046,-0.0299,COMPRESSION_REGIME
5m,1789257900000,1789258199999,2026-09-13 00:05:00+00:00,COMPRESSION,0.0325,False,77282.03,-1.2939617011209492e-07,1.2939618685949774e-07,3.27249,0.00014489732683476594,LOW_VOLATILITY_COMPRESSION,5m_355,GEV_0061,0.00012,5.72,0.00122,18.84,-0.00101,29.11,-0.00027,27.63,-0.01313,49.78,-0.03288,47.54,-0.00014,0.00023,-0.00155,-0.00072,0.00077,-0.00155,-0.00657,0.00077,-0.01012,-0.00396,0.00217,-0.01012,-0.02055,0.02999,-0.02994,0.05106,0.06041,-0.02994,COMPRESSION_REGIME
5m,1789258500000,1789258799999,2026-09-13 00:15:00+00:00,COMPRESSION,0.0273,False,77274.19,0.0,1.2940931518419313e-07,3.1469,0.0001484213950938193,LOW_VOLATILITY_COMPRESSION,5m_356,GEV_0061,2e-05,5.3,0.00138,17.33,-0.00054,29.01,-0.0004,27.26,-0.01255,49.53,-0.033,47.53,0.00028,0.00028,-0.00145,-0.00028,0.00087,-0.00145,-0.00559,0.00087,-0.01002,-0.00487,0.00228,-0.01002,-0.01928,0.0301,-0.02984,0.05161,0.06052,-0.02984,COMPRESSION_REGIME
5m,1789258800000,1789259099999,2026-09-13 00:20:00+00:00,COMPRESSION,0.1321,False,77268.01,-7.997495670941657e-05,8.011077288003572e-05,3.7204,0.00010614502175189246,LOW_VOLATILITY_COMPRESSION,5m_357,GEV_0061,0.00028,5.33,0.00121,17.13,-0.00062,28.92,-0.00042,27.23,-0.01291,49.52,-0.03258,47.53,0.00085,0.00095,-0.00137,-0.00041,0.00095,-0.00137,-0.00547,0.00095,-0.00994,-0.00672,0.00236,-0.00994,-0.01869,0.03018,-0.02977,0.05146,0.06061,-0.02977,COMPRESSION_REGIME
5m,1789259100000,1789259399999,2026-09-13 00:25:00+00:00,COMPRESSION,0.1019,False,77270.31,2.976652304109706e-05,0.0001036620663226893,3.75729,0.0001050811140913799,LOW_VOLATILITY_COMPRESSION,5m_358,GEV_0061,0.00024,5.08,0.00099,16.96,-0.00075,28.89,-0.00012,27.19,-0.01347,49.48,-0.03324,47.53,-0.0002,0.00092,-0.0014,-0.00069,0.00092,-0.0014,-0.00565,0.00092,-0.00997,-0.01032,0.00233,-0.01141,-0.01838,0.03015,-0.0298,0.05238,0.06058,-0.0298,COMPRESSION_REGIME
5m,1789259400000,1789259699999,2026-09-13 00:30:00+00:00,COMPRESSION,0.0469,False,77270.3,-1.29415813066025e-07,1.29415829817683e-07,3.91995,0.00010508337411808107,LOW_VOLATILITY_COMPRESSION,5m_359,GEV_0061,0.00024,5.24,0.00117,16.91,-0.00077,28.87,-0.00013,27.16,-0.01259,49.44,-0.0329,47.52,-0.00037,0.00092,-0.0014,-0.00046,0.00092,-0.0014,-0.00624,0.00092,-0.00997,-0.00737,0.00233,-0.01141,-0.01892,0.03015,-0.0298,0.05249,0.06058,-0.0298,COMPRESSION_REGIME
5m,1789259700000,1789259999999,2026-09-13 00:35:00+00:00,COMPRESSION,0.0314,False,77270.31,1.2941582983039268e-07,1.2941581306922814e-07,1.32197,9.627290484773525e-05,LOW_VOLATILITY_COMPRESSION,5m_360,GEV_0061,0.00036,5.25,0.00138,16.67,-0.0009,28.86,0.0001,27.11,-0.01249,49.39,-0.03298,47.52,0.00014,0.00092,-0.0014,-0.00073,0.00092,-0.0014,-0.00624,0.00092,-0.00997,-0.00689,0.00233,-0.01141,-0.01753,0.03015,-0.0298,0.05232,0.06058,-0.0298,COMPRESSION_REGIME
5m,1789262700000,1789262999999,2026-09-13 01:25:00+00:00,DOWNWARD_EXPANSION,0.9795,False,77254.5,-0.0010282667317695893,0.0010294545948779533,86.68633,0.000466457932742508,HIGH_VOLATILITY,5m_361,GEV_0061,-0.0002,25.76,0.00063,16.7,-0.00083,26.48,-0.00096,27.8,-0.01179,49.03,-0.03338,47.58,7e-05,0.00103,-0.00017,0.00036,0.00103,-0.00091,-0.00867,0.00103,-0.00977,-0.00518,0.00253,-0.01121,-0.0179,0.03036,-0.0296,0.05006,0.06079,-0.0296,FAILED_EXPANSION
5m,1789276500000,1789276799999,2026-09-13 05:15:00+00:00,COMPRESSION,0.2441,False,77253.73,9.994043705296995e-05,0.00010005989354812934,14.63775,0.00017318692104217545,LOW_VOLATILITY_COMPRESSION,5m_362,GEV_0061,2e-05,17.53,-0.00054,19.49,-0.00087,22.77,0.00016,25.55,-0.01443,48.64,-0.03186,47.42,0.00059,0.00093,-0.0001,-0.00624,0.00093,-0.00644,0.00135,0.00207,-0.00976,0.00415,0.00797,-0.0112,-0.01778,0.03037,-0.02959,0.04241,0.0608,-0.02959,COMPRESSION_REGIME
5m,1789277700000,1789277999999,2026-09-13 05:35:00+00:00,COMPRESSION,0.1715,False,77299.95,-6.468305304707656e-07,4.5278166415372845e-05,18.23261,0.00010255277768346995,LOW_VOLATILITY_COMPRESSION,5m_363,GEV_0061,0.00111,18.78,0.00024,18.13,0.00097,22.74,0.00077,25.06,-0.01462,48.4,-0.03479,47.26,-0.00026,0.00033,-0.00026,-0.00742,0.00033,-0.00944,-0.00034,0.00147,-0.01035,0.00417,0.00737,-0.01179,-0.01785,0.02975,-0.03017,0.04155,0.06017,-0.03017,COMPRESSION_REGIME
5m,1789278300000,1789278599999,2026-09-13 05:45:00+00:00,COMPRESSION,0.2429,False,77317.96,0.00010283273795996806,0.00010295150053113665,14.86566,9.317960160502309e-05,LOW_VOLATILITY_COMPRESSION,5m_364,GEV_0061,0.00135,18.84,0.00036,18.19,0.00163,22.73,0.00101,25.03,-0.01399,48.35,-0.03345,47.23,-0.00093,0.0001,-0.00093,-0.00706,0.0001,-0.00967,0.00015,0.00124,-0.01058,0.00239,0.00714,-0.01202,-0.01811,0.02952,-0.03039,0.04147,0.05992,-0.03039,COMPRESSION_REGIME
5m,1789278600000,1789278899999,2026-09-13 05:50:00+00:00,COMPRESSION,0.1894,False,77322.76,6.208130685281255e-05,6.220678103054873e-05,13.7061,7.978109092996893e-05,LOW_VOLATILITY_COMPRESSION,5m_365,GEV_0061,0.00146,19.68,0.00035,17.75,0.00174,22.57,0.00107,25.06,-0.0154,48.35,-0.0333,47.22,-0.00249,4e-05,-0.0025,-0.00681,4e-05,-0.00974,9e-05,0.00117,-0.01064,0.00257,0.00708,-0.01208,-0.01852,0.02945,-0.03045,0.04067,0.05986,-0.03045,COMPRESSION_REGIME
5m,1789278900000,1789279199999,2026-09-13 05:55:00+00:00,COMPRESSION,0.1363,False,77322.01,-9.699602031787435e-06,3.181500325724076e-05,11.98813,8.117992900246196e-05,LOW_VOLATILITY_COMPRESSION,5m_366,GEV_0061,0.00145,19.8,3e-05,17.93,0.00144,22.52,0.00135,25.01,-0.01547,48.33,-0.03334,47.22,-0.00258,5e-05,-0.00341,-0.00665,5e-05,-0.00973,9e-05,0.00118,-0.01063,0.00375,0.00708,-0.01207,-0.01759,0.02946,-0.03044,0.04103,0.05987,-0.03044,COMPRESSION_REGIME
5m,1789279200000,1789279499999,2026-09-13 06:00:00+00:00,COMPRESSION,0.1811,False,77323.3,1.6683477317869233e-05,4.26779508893556e-05,17.22097,8.655016937520172e-05,LOW_VOLATILITY_COMPRESSION,5m_367,GEV_0061,0.00134,16.93,0.0003,17.87,0.00173,22.57,0.0014,24.12,-0.01432,48.28,-0.03295,47.22,-0.00222,3e-05,-0.00343,-0.00687,3e-05,-0.00974,-3e-05,0.00117,-0.01065,0.00535,0.00707,-0.01209,-0.01736,0.02944,-0.03046,0.04023,0.05985,-0.03046,COMPRESSION_REGIME
5m,1789280700000,1789280999999,2026-09-13 06:25:00+00:00,COMPRESSION,0.1795,False,77296.43,5.7185729805731e-05,5.7311831865883266e-05,11.81875,0.00011427688508067154,LOW_VOLATILITY_COMPRESSION,5m_368,GEV_0061,0.00019,18.25,0.00047,19.33,0.0013,22.48,0.00074,24.33,-0.01177,48.2,-0.03179,47.22,-0.002,0.00031,-0.00308,-0.007,0.00031,-0.0094,0.00047,0.00151,-0.0103,0.00354,0.00775,-0.01174,-0.01785,0.0298,-0.03012,0.04099,0.06022,-0.03012,COMPRESSION_REGIME
5m,1789281000000,1789281299999,2026-09-13 06:30:00+00:00,COMPRESSION,0.1003,False,77296.43,0.0,1.2937208089379176e-07,13.62433,9.149570484933363e-05,LOW_VOLATILITY_COMPRESSION,5m_369,GEV_0061,-5e-05,18.6,0.00032,19.37,0.00178,22.49,0.00037,24.35,-0.01098,48.18,-0.03171,47.22,-0.00214,0.00031,-0.00308,-0.00637,0.00031,-0.0094,0.00069,0.00151,-0.0103,0.00214,0.00775,-0.01174,-0.01766,0.0298,-0.03012,0.04088,0.06022,-0.03012,COMPRESSION_REGIME
5m,1789282200000,1789282499999,2026-09-13 06:50:00+00:00,DOWNWARD_EXPANSION,0.9889,False,77129.99,-0.001505961707949366,0.0015174382882716326,76.15306,0.0004831649411437413,HIGH_VOLATILITY,5m_370,GEV_0061,-0.00249,34.42,-0.00223,22.25,-0.00018,23.95,-0.00233,25.08,-0.01645,48.15,-0.03327,47.3,-6e-05,0.00151,-0.00093,-0.00587,0.00151,-0.00726,0.00315,0.00368,-0.00817,0.0063,0.00992,-0.00961,-0.01547,0.03202,-0.02803,0.04104,0.0625,-0.02803,EVENT_CONTINUATION
5m,1789288200000,1789288499999,2026-09-13 08:30:00+00:00,DOWNWARD_EXPANSION,0.9917,True,76906.04,-0.001565562455478231,0.0022270032366769124,89.10686,0.0005951108688007405,HIGH_VOLATILITY,5m_371,GEV_0062,-0.00292,22.49,-0.00426,25.23,-0.00355,20.86,-0.00523,24.72,-0.01551,47.88,-0.03618,47.22,-0.00395,0.00157,-0.00437,-0.00153,0.00157,-0.00528,0.00593,0.0066,-0.00528,0.01069,0.01422,-0.00673,-0.01844,0.03503,-0.0252,0.04509,0.0656,-0.0252,FAILED_EXPANSION
5m,1789288500000,1789288799999,2026-09-13 08:35:00+00:00,BREAKDOWN_CANDIDATE,0.9847,False,76787.12,-0.0015463024750721477,0.0018016042273755874,67.18328,0.000701472054542148,HIGH_VOLATILITY,5m_372,GEV_0062,-0.00434,26.45,-0.00553,26.29,-0.00488,21.23,-0.00729,24.93,-0.01701,47.91,-0.03761,47.22,-0.0008,0.00163,-0.00283,1e-05,0.00163,-0.00374,0.00681,0.00816,-0.00374,0.0128,0.0158,-0.00519,-0.01615,0.03663,-0.02369,0.04628,0.06725,-0.02369,FALSE_BREAKDOWN_CANDIDATE
5m,1789291200000,1789291499999,2026-09-13 09:20:00+00:00,DOWNWARD_EXPANSION,0.9767,False,76712.29,-0.000777757515761035,0.0020115420879757034,82.41777,0.0007310724804765535,TRENDING_DOWN,5m_373,GEV_0063,-0.00408,43.32,-0.00722,30.84,-0.00606,21.78,-0.00867,25.88,-0.01872,48.09,-0.04071,47.25,0.00043,0.00146,-0.00185,-0.00062,0.002,-0.00277,0.00954,0.00962,-0.00277,0.01199,0.01679,-0.00422,-0.01095,0.03764,-0.02274,0.04759,0.06829,-0.02274,FAILED_EXPANSION
5m,1789291500000,1789291799999,2026-09-13 09:25:00+00:00,DOWNWARD_EXPANSION,0.9667,False,76650.0,-0.0008119950532045062,0.0017024135681670612,52.07554,0.0007343119081965456,TRENDING_DOWN,5m_374,GEV_0063,-0.00489,46.67,-0.00818,31.61,-0.0072,22.08,-0.00948,25.97,-0.0199,48.11,-0.04149,47.26,0.00137,0.00227,-0.00104,-0.00085,0.00282,-0.00196,0.01005,0.01044,-0.00196,0.01472,0.01761,-0.00341,-0.01064,0.03849,-0.02194,0.04869,0.06916,-0.02194,FAILED_EXPANSION
5m,1789291800000,1789292099999,2026-09-13 09:30:00+00:00,BREAKDOWN_CANDIDATE,0.9538,False,76602.01,-0.0006260926288323976,0.001554397854573359,98.04132,0.000644090438206482,TRENDING_DOWN,5m_375,GEV_0063,-0.00395,53.94,-0.00903,33.42,-0.00813,22.54,-0.00967,26.12,-0.01943,48.18,-0.04214,47.29,0.00264,0.0029,-0.00042,0.00087,0.00345,-0.00133,0.01038,0.01107,-0.00133,0.01627,0.01825,-0.00278,-0.00971,0.03914,-0.02133,0.05099,0.06983,-0.02133,FALSE_BREAKDOWN_CANDIDATE
5m,1789292100000,1789292399999,2026-09-13 09:35:00+00:00,UPWARD_EXPANSION,0.9819,False,76726.0,0.001618625934228124,0.0022332716419467434,63.50141,0.0007409469604467472,TRENDING_DOWN,5m_376,GEV_0063,-0.0008,51.97,-0.00742,34.09,-0.00671,22.93,-0.00832,26.24,-0.01629,48.19,-0.03981,47.29,0.00071,0.00128,-0.00162,-0.00016,0.00182,-0.00295,0.00827,0.00944,-0.00295,0.01421,0.0166,-0.0044,-0.01065,0.03746,-0.02291,0.04987,0.0681,-0.02291,FAILED_EXPANSION
5m,1789330500000,1789330799999,2026-09-13 20:15:00+00:00,COMPRESSION,0.178,False,77308.01,0.00010362225097027,0.00010555180504567303,5.90225,0.00018769153848081444,LOW_VOLATILITY_COMPRESSION,5m_377,GEV_0064,0.00075,9.62,0.00106,12.99,0.00382,24.42,0.00182,22.42,-0.00036,40.28,-0.03168,46.92,0.0011,0.0011,-0.00011,-0.0053,0.00184,-0.00886,0.00543,0.0076,-0.01189,0.02691,0.02767,-0.01189,-0.01232,0.02965,-0.03027,0.04952,0.06006,-0.03027,COMPRESSION_REGIME
5m,1789336800000,1789337099999,2026-09-13 22:00:00+00:00,DOWNWARD_EXPANSION,0.9868,False,77093.99,-0.002871462569196459,0.003439697439450118,83.13281,0.0009099437901483328,HIGH_VOLATILITY,5m_378,GEV_0065,-0.00291,18.81,-0.00293,12.39,0.00393,20.58,-0.00233,21.47,-0.00075,40.23,-0.03431,46.79,-0.00441,0.00288,-0.00553,-0.00075,0.00288,-0.00915,0.01323,0.0166,-0.00915,0.02122,0.03251,-0.00915,-0.01754,0.03251,-0.02758,0.04958,0.063,-0.02758,FAILED_EXPANSION
5m,1789337100000,1789337399999,2026-09-13 22:05:00+00:00,DOWNWARD_EXPANSION,0.988,False,76962.06,-0.0017112877411067373,0.0036966266235597127,140.6905,0.0009852484685102226,HIGH_VOLATILITY,5m_379,GEV_0065,-0.00489,28.97,-0.0046,15.18,0.00222,21.39,-0.00388,21.91,-0.00269,40.36,-0.0342,46.84,-0.00351,0.00194,-0.00383,0.00356,0.00374,-0.00745,0.01441,0.01835,-0.00745,0.02411,0.03428,-0.00745,-0.0157,0.03428,-0.02591,0.05494,0.06482,-0.02591,FAILED_EXPANSION
5m,1789337700000,1789337999999,2026-09-13 22:15:00+00:00,DOWNWARD_EXPANSION,0.9774,False,76808.77,-0.0016277588582420677,0.002721173636812499,81.72077,0.0009743046399035215,HIGH_VOLATILITY,5m_380,GEV_0065,-0.00755,35.65,-0.00702,17.15,0.00045,22.0,-0.00597,22.14,-0.00489,40.44,-0.03565,46.86,-0.00215,0.00163,-0.00242,0.0067,0.0077,-0.00547,0.01556,0.02038,-0.00547,0.02403,0.03634,-0.00547,-0.01326,0.03634,-0.02397,0.05654,0.06695,-0.02397,FAILED_EXPANSION
5m,1789344300000,1789344599999,2026-09-14 00:05:00+00:00,UPWARD_EXPANSION,0.9535,False,76975.96,0.00158677471741564,0.0029793717415150973,59.14298,0.0007616946666801532,HIGH_VOLATILITY,5m_381,GEV_0066,0.00371,32.92,-0.00392,28.59,0.00263,24.7,-0.00396,24.31,0.00237,40.16,-0.0424,46.59,-0.00187,0.00139,-0.00763,0.00815,0.01161,-0.00763,0.01094,0.01816,-0.00763,0.01656,0.03409,-0.00763,-0.00832,0.03409,-0.02609,0.05869,0.06463,-0.02609,EVENT_CONTINUATION
5m,1789345200000,1789345499999,2026-09-14 00:20:00+00:00,DOWNWARD_EXPANSION,0.9733,False,76748.77,-0.0019407524329951853,0.0026301398706454916,94.29786,0.000926605668984904,TRENDING_DOWN,5m_382,GEV_0066,0.00024,37.88,-0.00735,31.7,-0.00126,25.54,-0.00672,24.85,-0.00127,40.22,-0.04281,46.61,0.00043,0.00194,-0.00469,0.01211,0.01461,-0.00469,0.01583,0.02118,-0.00469,0.01685,0.03715,-0.00469,-0.00347,0.03715,-0.0232,0.06537,0.06778,-0.0232,FAILED_EXPANSION
5m,1789345500000,1789345799999,2026-09-14 00:25:00+00:00,DOWNWARD_EXPANSION,1.0,True,76472.96,-0.0035936732275969607,0.004708330892383369,206.83472,0.0013927201958507326,TRENDING_DOWN,5m_383,GEV_0066,-0.00353,52.19,-0.01103,35.76,-0.0047,26.83,-0.01032,25.56,-0.00489,40.44,-0.04647,46.69,0.00498,0.00562,-0.0011,0.01521,0.01827,-0.0011,0.01997,0.02486,-0.0011,0.0202,0.04089,-0.0011,-0.00089,0.04089,-0.01968,0.06886,0.07163,-0.01968,FAILED_EXPANSION
5m,1789345800000,1789346099999,2026-09-14 00:30:00+00:00,UPWARD_EXPANSION,0.987,False,76700.74,0.0029785691569934603,0.004749237099928945,72.72205,0.0016372827126300076,TRENDING_DOWN,5m_384,GEV_0066,-0.00177,56.54,-0.00855,36.93,-0.00114,27.25,-0.00737,25.8,-0.00113,40.3,-0.04303,46.72,-0.00063,0.00263,-0.00325,0.01168,0.01524,-0.00325,0.01729,0.02182,-0.00325,0.01744,0.0378,-0.00325,-0.00332,0.0378,-0.02259,0.06451,0.06845,-0.02259,EVENT_CONTINUATION
5m,1789349400000,1789349699999,2026-09-14 01:30:00+00:00,DOWNWARD_EXPANSION,0.9503,False,76652.65,-0.0026200324485345927,0.0029351888029962524,46.93136,0.0010497453661240243,HIGH_VOLATILITY,5m_385,GEV_0067,-0.00063,34.1,-0.00962,41.84,-0.00021,26.77,-0.00762,25.93,-0.00123,40.39,-0.04146,46.67,0.01238,0.01323,-0.00021,0.01141,0.01588,-0.00021,0.02006,0.02246,-0.00021,0.017,0.03845,-0.00021,-0.00026,0.03845,-0.02198,0.06131,0.07107,-0.02198,FAILED_EXPANSION
5m,1789350900000,1789351199999,2026-09-14 01:55:00+00:00,UPWARD_EXPANSION,0.9715,False,77118.97,0.002417167871112902,0.0030831583979919535,67.10169,0.0014001229387304414,HIGH_VOLATILITY,5m_386,GEV_0067,0.00405,45.05,-0.00255,47.23,0.00346,27.92,-0.0026,26.88,0.00192,40.56,-0.03512,46.78,0.00624,0.00786,-0.00241,0.00639,0.00974,-0.00241,0.0136,0.01778,-0.00241,0.01036,0.03217,-0.00241,-0.00966,0.03217,-0.02789,0.05029,0.06459,-0.02789,EVENT_CONTINUATION
5m,1789351500000,1789351799999,2026-09-14 02:05:00+00:00,BREAKOUT_CANDIDATE,0.979,False,77236.02,0.0025963182672623653,0.0030296744964331407,85.52362,0.0016048079487091186,HIGH_VOLATILITY,5m_387,GEV_0067,0.00526,48.79,0.00356,47.5,0.0034,28.2,-0.00057,27.17,0.00397,40.61,-0.03221,46.81,0.00758,0.00774,-0.00285,0.00684,0.00821,-0.00285,0.01388,0.01624,-0.00285,0.00952,0.03061,-0.00285,-0.01401,0.03061,-0.02937,0.05244,0.06298,-0.02937,EVENT_CONTINUATION
5m,1789351800000,1789352099999,2026-09-14 02:10:00+00:00,BREAKOUT_CANDIDATE,0.967,False,77381.48,0.0018833181720134817,0.002482635379938463,116.27232,0.0015891462146418547,HIGH_VOLATILITY,5m_388,GEV_0067,0.00812,55.3,0.00582,47.01,0.00483,28.78,0.00131,27.51,0.00508,40.71,-0.03076,46.85,0.00529,0.00593,-0.00224,0.00513,0.00664,-0.00224,0.01461,0.01487,-0.00224,0.00782,0.02867,-0.00224,-0.01501,0.02867,-0.03119,0.05152,0.06098,-0.03119,EVENT_CONTINUATION
5m,1789352700000,1789352999999,2026-09-14 02:25:00+00:00,UPWARD_EXPANSION,0.9642,False,77533.99,0.0013081036822946146,0.003017515285876638,144.01449,0.0016162889673697557,TRENDING_UP,5m_389,GEV_0067,0.00885,65.47,0.00908,48.33,0.0055,29.25,0.00355,28.21,0.00943,40.82,-0.03121,46.92,0.00366,0.00433,-0.00131,0.00046,0.00466,-0.00131,0.01114,0.01438,-0.00199,0.00545,0.02665,-0.00199,-0.01747,0.02665,-0.0331,0.05025,0.05889,-0.0331,FAILED_EXPANSION
5m,1789355100000,1789355399999,2026-09-14 03:05:00+00:00,BREAKOUT_CANDIDATE,0.9536,False,77821.43,0.0023931019310201584,0.0028033409306408726,86.49479,0.0012230468922515498,TRENDING_UP,5m_390,GEV_0068,0.00758,117.66,0.01473,64.06,0.00896,34.58,0.00693,31.26,0.01431,41.94,-0.02524,47.31,-0.0028,0.00062,-0.00408,-0.00233,0.00095,-0.00568,0.00869,0.01145,-0.00568,-0.00054,0.02285,-0.00568,-0.01778,0.02285,-0.03667,0.04519,0.05498,-0.03667,FALSE_BREAKOUT_CANDIDATE
5m,1789368000000,1789368299999,2026-09-14 06:40:00+00:00,UPWARD_EXPANSION,0.9545,False,77742.99,0.0028991882556688164,0.0032459518215081674,65.29009,0.0012677489968283572,HIGH_VOLATILITY,5m_391,GEV_0069,0.00238,32.93,0.00318,53.98,0.00483,41.0,0.00565,34.34,0.00653,41.56,-0.02431,47.13,0.00148,0.00184,-0.00289,0.00272,0.00812,-0.00289,0.01851,0.01943,-0.00336,-0.00386,0.02389,-0.0057,-0.0152,0.02389,-0.03569,0.04704,0.05604,-0.03569,FAILED_EXPANSION
5m,1789379400000,1789379699999,2026-09-14 09:50:00+00:00,UPWARD_EXPANSION,0.9818,False,78301.82,0.003829462697064301,0.004736799221269622,240.89825,0.0013409814630341648,HIGH_VOLATILITY,5m_392,GEV_0070,0.00817,52.48,0.01007,42.24,0.01257,49.58,0.01961,34.99,0.01659,42.06,-0.01292,47.06,-0.00511,0.00092,-0.00513,-0.00097,0.0024,-0.01047,0.00599,0.01658,-0.01047,-0.01589,0.01658,-0.02041,-0.0226,0.01658,-0.04258,0.08177,0.08937,-0.04258,FAILED_EXPANSION
5m,1789392600000,1789392899999,2026-09-14 13:30:00+00:00,UPWARD_EXPANSION,0.9958,True,78190.52,0.0042411858161348626,0.0052109897721616,149.22738,0.0017131050397650011,HIGH_VOLATILITY,5m_393,GEV_0071,0.00209,56.34,0.00439,43.54,0.02006,47.92,0.01985,37.31,0.00847,38.01,-0.01528,47.31,0.00521,0.00667,-0.00448,0.00691,0.01017,-0.00448,-0.003,0.01803,-0.00563,-0.01807,0.01803,-0.01902,-0.02333,0.01803,-0.04121,0.08919,0.09315,-0.04121,EVENT_CONTINUATION
5m,1789392900000,1789393199999,2026-09-14 13:35:00+00:00,DOWNWARD_EXPANSION,0.9543,False,78078.0,-0.001439049132810566,0.004905351059197213,183.7233,0.0017054317378871016,HIGH_VOLATILITY,5m_394,GEV_0071,0.00218,67.49,0.00337,46.12,0.01617,48.87,0.01778,37.81,0.00554,38.04,-0.01683,47.36,0.00474,0.00812,-0.00261,0.0095,0.01163,-0.00261,-0.00113,0.01949,-0.0042,-0.02263,0.01949,-0.02503,-0.02636,0.01949,-0.03983,0.08959,0.09472,-0.03983,FAILED_EXPANSION
5m,1789393500000,1789393799999,2026-09-14 13:45:00+00:00,BREAKOUT_CANDIDATE,0.9884,False,78437.11,0.0036737039445038366,0.004419591695818516,153.99115,0.0018788070871011968,HIGH_VOLATILITY,5m_395,GEV_0071,0.00819,77.79,0.00556,49.77,0.02043,48.92,0.02075,38.45,-0.00123,37.81,-0.01119,47.4,0.00206,0.00351,-0.00488,0.00672,0.00728,-0.00488,-0.00482,0.01483,-0.00876,-0.02679,0.01483,-0.0295,-0.02661,0.01483,-0.04423,0.08934,0.09075,-0.04423,EVENT_CONTINUATION
5m,1789393800000,1789394099999,2026-09-14 13:50:00+00:00,DOWNWARD_EXPANSION,0.9793,False,78226.01,-0.0026913281226196295,0.0037381428504406435,142.94407,0.0019879968751768387,HIGH_VOLATILITY,5m_396,GEV_0071,0.0074,87.1,-0.00097,51.07,0.01681,49.77,0.01773,38.79,-0.00565,37.49,-0.01491,47.45,0.00435,0.00622,-0.0022,0.00982,0.01,-0.0022,-0.00311,0.01756,-0.00609,-0.02564,0.01756,-0.02688,-0.02195,0.01756,-0.04165,0.0918,0.0974,-0.04165,FAILED_EXPANSION
5m,1789394400000,1789394699999,2026-09-14 14:00:00+00:00,UPWARD_EXPANSION,0.9724,False,78418.69,0.0032069384905668574,0.0037341863272646065,90.5368,0.0021196558536535934,HIGH_VOLATILITY,5m_397,GEV_0071,0.01008,94.75,0.0039,47.9,0.01795,50.32,0.02018,39.16,-0.01401,36.9,-0.01153,47.5,-0.00123,0.00374,-0.00325,0.00691,0.00803,-0.00325,-0.00613,0.01506,-0.00853,-0.02528,0.01506,-0.02927,-0.02546,0.01506,-0.044,0.08774,0.0947,-0.044,EVENT_CONTINUATION
5m,1789395000000,1789395299999,2026-09-14 14:10:00+00:00,BREAKOUT_CANDIDATE,0.9613,False,78512.0,0.002604969785338751,0.0028531944161401413,135.49743,0.002220666069928265,TRENDING_UP,5m_398,GEV_0071,0.01027,97.37,0.00605,50.13,0.01461,50.9,0.01951,39.58,-0.007,36.09,-0.00839,47.54,-0.00013,0.00255,-0.00382,0.00428,0.00683,-0.00382,-0.0067,0.01386,-0.00971,-0.02682,0.01386,-0.03042,-0.01969,0.01386,-0.04514,0.08674,0.0934,-0.04514,EVENT_CONTINUATION
5m,1789395600000,1789395899999,2026-09-14 14:20:00+00:00,DOWNWARD_EXPANSION,0.9859,False,78290.01,-0.004566608903819325,0.004587686219480599,134.36132,0.0027404595074527463,TRENDING_UP,5m_399,GEV_0071,0.00656,111.62,0.00409,55.33,0.01107,52.12,0.01573,40.32,-0.00961,36.12,-0.00998,47.65,0.00281,0.00539,-0.001,0.01162,0.01231,-0.001,-0.00394,0.01673,-0.0069,-0.02409,0.01673,-0.02767,-0.01705,0.01673,-0.04243,0.09486,0.0965,-0.04243,FAILED_EXPANSION
5m,1789396200000,1789396499999,2026-09-14 14:30:00+00:00,UPWARD_EXPANSION,0.974,False,78598.0,0.00255095760721491,0.004272246113132568,204.08138,0.0025820064189739805,TRENDING_UP,5m_400,GEV_0071,0.00521,129.2,0.00832,59.89,0.01284,52.75,0.01932,41.05,-0.00198,36.22,-0.00567,47.73,-0.00087,0.00145,-0.00377,0.00774,0.00834,-0.00377,-0.00841,0.01275,-0.01079,-0.03084,0.01275,-0.03148,-0.02248,0.01275,-0.04618,0.09412,0.09416,-0.04618,EVENT_CONTINUATION
5m,1789398300000,1789398599999,2026-09-14 15:05:00+00:00,UPWARD_EXPANSION,0.9514,False,78498.0,0.0022472615928170736,0.003650921042574289,126.77378,0.0023219929495110468,TRENDING_UP,5m_401,GEV_0072,0.00243,109.63,0.00918,68.13,0.00869,50.06,0.01773,42.16,-0.00201,36.15,-0.00753,47.83,-0.00028,0.00237,-0.0025,0.00658,0.01054,-0.0025,-0.00915,0.01404,-0.00953,-0.03139,0.01404,-0.03685,-0.0269,0.01404,-0.04497,0.09946,0.09996,-0.04497,EVENT_CONTINUATION
5m,1789402500000,1789402799999,2026-09-14 16:15:00+00:00,UPWARD_EXPANSION,0.9642,False,78758.01,0.004134061659163191,0.0056660903443345005,172.09075,0.001583524136216285,TRENDING_UP,5m_402,GEV_0073,0.00234,72.12,0.01065,81.37,0.01558,52.33,0.01984,44.57,0.01597,35.5,-0.00172,47.88,0.00094,0.00186,-0.00412,0.008,0.00875,-0.00412,-0.01402,0.01069,-0.01431,-0.03003,0.01069,-0.04003,-0.02599,0.01069,-0.04812,0.08968,0.09633,-0.04812,EVENT_CONTINUATION
5m,1789428900000,1789429199999,2026-09-14 23:35:00+00:00,COMPRESSION,0.0894,False,78288.66,-0.00014469989076626444,0.0006262720552376147,14.90528,0.0006453472238956176,LOW_VOLATILITY_COMPRESSION,5m_403,GEV_0074,-0.00393,33.12,-0.00858,42.72,0.00642,58.48,0.01954,53.25,0.0141,35.14,-0.00953,48.97,-0.00371,0.00076,-0.00408,-0.00604,0.00076,-0.00749,-0.01749,0.00076,-0.02025,-0.03452,0.00076,-0.04242,-0.0238,0.00076,-0.04242,0.10404,0.11633,-0.04242,COMPRESSION_REGIME
5m,1789429500000,1789429799999,2026-09-14 23:45:00+00:00,COMPRESSION,0.0981,False,78287.95,-0.00029663708298099944,0.0005329044891327614,11.55231,0.0005709122939181741,LOW_VOLATILITY_COMPRESSION,5m_404,GEV_0074,-0.00383,28.59,-0.00999,41.22,0.00619,58.41,0.01914,53.12,0.01443,35.12,-0.01139,48.97,-0.00379,0.0003,-0.00443,-0.00692,0.0003,-0.00748,-0.01843,0.0003,-0.02024,-0.03353,0.0003,-0.04241,-0.0234,0.0003,-0.04241,0.10484,0.11634,-0.04241,COMPRESSION_REGIME
5m,1789430100000,1789430399999,2026-09-14 23:55:00+00:00,COMPRESSION,0.2181,False,78189.21,0.00011192054894526571,0.0006078843871168264,66.43735,0.0006595889668308698,LOW_VOLATILITY_COMPRESSION,5m_405,GEV_0074,-0.00469,34.25,-0.01004,42.53,0.00531,59.0,0.01753,53.44,0.01248,35.21,-0.01166,49.01,-0.00302,0.00078,-0.00317,-0.00655,0.00078,-0.00679,-0.01598,0.00078,-0.019,-0.03255,0.00078,-0.0412,-0.02267,0.00078,-0.0412,0.10783,0.11775,-0.0412,COMPRESSION_REGIME
5m,1789433700000,1789433999999,2026-09-15 00:55:00+00:00,COMPRESSION,0.1017,False,77952.93,-5.669766866134296e-05,0.0006704045633691353,22.20336,0.0006623460080858337,LOW_VOLATILITY_COMPRESSION,5m_406,GEV_0075,-0.00302,39.45,-0.0145,38.95,0.00328,59.3,0.01491,52.64,0.00861,35.35,-0.01715,49.01,-0.00045,0.00163,-0.0026,-0.00495,0.00163,-0.00527,-0.01277,0.00163,-0.01603,-0.02798,0.00163,-0.03829,-0.01748,0.00163,-0.03829,0.10183,0.12113,-0.03829,COMPRESSION_REGIME
5m,1789439400000,1789439699999,2026-09-15 02:30:00+00:00,COMPRESSION,0.1095,False,77937.27,-0.0002478302347498351,0.0004075072170222194,21.00578,0.0005674497049556719,LOW_VOLATILITY_COMPRESSION,5m_407,GEV_0076,-0.00024,20.39,-0.00772,34.63,-0.00841,50.74,0.00432,51.22,0.00871,35.78,-0.01614,48.93,-0.00119,0.00029,-0.00302,-0.00639,0.00029,-0.00818,-0.02262,0.00029,-0.02327,-0.0246,0.00029,-0.0381,-0.01157,0.00029,-0.0381,0.09994,0.12136,-0.0381,COMPRESSION_REGIME
5m,1789440300000,1789440599999,2026-09-15 02:45:00+00:00,COMPRESSION,0.226,False,77826.97,-0.0006616717065685007,0.000662366786218047,14.37053,0.0005294757991055008,LOW_VOLATILITY_COMPRESSION,5m_408,GEV_0076,-0.00298,19.57,-0.0097,33.17,-0.00982,48.76,0.00331,50.45,0.00734,35.72,-0.01631,48.9,-0.00104,0.00119,-0.00161,-0.00641,0.00119,-0.00677,-0.02689,0.00119,-0.02732,-0.02358,0.00119,-0.03674,-0.01127,0.00119,-0.03674,0.10262,0.12295,-0.03674,COMPRESSION_REGIME
5m,1789447500000,1789447799999,2026-09-15 04:45:00+00:00,COMPRESSION,0.1649,False,77615.01,-0.00040748699396564447,0.00042092373627212386,17.281,0.0006124767839274219,LOW_VOLATILITY_COMPRESSION,5m_409,GEV_0077,-0.00168,66.07,-0.00483,40.68,-0.01566,45.34,-0.00086,49.09,0.00465,36.25,-0.01504,48.79,-0.0014,0.00041,-0.00406,-0.00951,0.00145,-0.01174,-0.01576,0.00145,-0.0259,-0.02204,0.00145,-0.0341,-0.00339,0.00145,-0.0341,0.10146,0.12602,-0.0341,COMPRESSION_REGIME
5m,1789447800000,1789448099999,2026-09-15 04:50:00+00:00,COMPRESSION,0.1675,False,77594.0,-0.0002706950627203719,0.0004877954481015448,26.94946,0.0006098556049573863,LOW_VOLATILITY_COMPRESSION,5m_410,GEV_0077,-0.00159,66.77,-0.00466,40.42,-0.01573,45.12,-0.00062,49.06,0.00456,36.26,-0.01445,48.79,0.00013,0.00067,-0.00379,-0.00853,0.00172,-0.01148,-0.01419,0.00172,-0.02563,-0.02272,0.00172,-0.03384,-0.00186,0.00172,-0.03384,0.10204,0.12632,-0.03384,COMPRESSION_REGIME
5m,1789448100000,1789448399999,2026-09-15 04:55:00+00:00,COMPRESSION,0.1174,False,77567.12,-0.00034641853751582463,0.00034679642611449516,10.20575,0.0006017837516420545,LOW_VOLATILITY_COMPRESSION,5m_411,GEV_0077,-0.00141,65.89,-0.00495,39.65,-0.01526,44.82,-0.00148,49.02,0.00446,36.26,-0.01413,48.78,0.00081,0.00128,-0.00344,-0.00731,0.00207,-0.01113,-0.0152,0.00207,-0.0253,-0.02196,0.00207,-0.03351,0.00011,0.00207,-0.03351,0.10165,0.12671,-0.03351,COMPRESSION_REGIME
5m,1789461300000,1789461599999,2026-09-15 08:35:00+00:00,COMPRESSION,0.222,False,76866.88,-0.00019679506298009297,0.0006506053062124384,39.33151,0.0006483575264931197,LOW_VOLATILITY_COMPRESSION,5m_412,GEV_0078,-0.00268,84.29,-0.00913,48.54,-0.03163,42.96,-0.01161,50.86,-0.00626,36.91,-0.02143,46.49,0.00131,0.00183,-0.00045,0.00122,0.00464,-0.00045,-0.01451,0.0062,-0.0247,-0.01717,0.0062,-0.0247,0.01382,0.01561,-0.0247,0.11752,0.13697,-0.0247,COMPRESSION_REGIME
5m,1789463100000,1789463399999,2026-09-15 09:05:00+00:00,COMPRESSION,0.1373,False,76952.31,0.0001909339020365053,0.0006480637163458166,22.40206,0.0004937953031939988,LOW_VOLATILITY_COMPRESSION,5m_413,GEV_0078,0.00232,54.18,-0.00814,51.09,-0.0258,42.46,-0.01096,51.24,-0.00514,37.11,-0.01841,46.49,0.00105,0.0014,-0.00107,0.00104,0.00352,-0.00141,-0.01547,0.00508,-0.02579,-0.01419,0.00508,-0.02579,0.01923,0.01999,-0.02579,0.11565,0.13571,-0.02579,COMPRESSION_REGIME
5m,1789464300000,1789464599999,2026-09-15 09:25:00+00:00,COMPRESSION,0.1502,False,76912.0,6.4233374673206e-05,0.0005983461618471698,40.84238,0.0004822378405838881,LOW_VOLATILITY_COMPRESSION,5m_414,GEV_0078,0.00073,42.82,-0.00715,49.76,-0.02529,42.15,-0.01113,51.34,-0.0061,37.21,-0.01994,46.4,-0.00026,0.00192,-0.00055,0.00052,0.00405,-0.00089,-0.01601,0.00561,-0.02528,-0.01401,0.00561,-0.02528,0.01626,0.02053,-0.02528,0.11687,0.13631,-0.02528,COMPRESSION_REGIME
5m,1789464900000,1789465199999,2026-09-15 09:35:00+00:00,COMPRESSION,0.1514,False,76967.87,-9.82131571073408e-05,0.0006542989951521406,32.93942,0.0005217727022201796,LOW_VOLATILITY_COMPRESSION,5m_415,GEV_0078,0.00131,38.64,-0.00575,50.02,-0.02342,42.02,-0.0109,51.2,-0.00519,37.17,-0.02193,46.39,-0.00033,0.0012,-0.00123,-0.00854,0.00332,-0.01097,-0.0168,0.00488,-0.02598,-0.01376,0.00488,-0.02598,0.0137,0.01979,-0.02598,0.1171,0.13548,-0.02598,COMPRESSION_REGIME
5m,1789465200000,1789465499999,2026-09-15 09:40:00+00:00,COMPRESSION,0.192,False,76991.62,0.0003085703164189546,0.0005405783122889912,32.21427,0.0005079360811713205,LOW_VOLATILITY_COMPRESSION,5m_416,GEV_0078,0.00192,38.1,-0.00607,50.34,-0.02317,41.87,-0.01156,51.24,-0.0045,37.18,-0.02248,46.38,0.00078,0.00089,-0.00154,-0.00739,0.00301,-0.01128,-0.01614,0.00457,-0.02628,-0.01393,0.00457,-0.02628,0.0138,0.01947,-0.02628,0.11757,0.13513,-0.02628,COMPRESSION_REGIME
5m,1789467300000,1789467599999,2026-09-15 10:15:00+00:00,COMPRESSION,0.1653,False,76986.59,-0.00012546065555141261,0.0004730694007878288,35.71325,0.0006240773925359236,LOW_VOLATILITY_COMPRESSION,5m_417,GEV_0079,0.00105,43.62,-0.00736,52.91,-0.02121,43.16,-0.01304,50.55,-0.00521,37.44,-0.02319,46.45,0.00114,0.00307,-0.00148,-0.00772,0.00307,-0.01121,-0.02332,0.00464,-0.02622,-0.01276,0.00464,-0.02622,0.01589,0.01954,-0.02622,0.1175,0.13521,-0.02622,COMPRESSION_REGIME
5m,1789476000000,1789476299999,2026-09-15 12:40:00+00:00,COMPRESSION,0.1151,False,76947.51,-0.00017372462477049933,0.0005312712523121887,17.0557,0.0006188842365442312,LOW_VOLATILITY_COMPRESSION,5m_418,GEV_0080,0.00028,38.73,0.00135,42.65,-0.01306,44.33,-0.01246,51.84,-0.00482,38.44,-0.0177,46.31,-0.00682,0.00254,-0.01071,-0.00753,0.00254,-0.01745,-0.01488,0.00515,-0.02573,-0.01281,0.00515,-0.02573,0.01524,0.02006,-0.02573,0.11741,0.13578,-0.02573,COMPRESSION_REGIME
5m,1789479300000,1789479599999,2026-09-15 13:35:00+00:00,DOWNWARD_EXPANSION,0.9889,False,76310.85,-0.006078858708344126,0.008572175516325773,663.23538,0.0020465987266243876,HIGH_VOLATILITY,5m_419,GEV_0081,-0.00845,102.32,-0.00854,59.95,-0.02152,49.46,-0.02263,54.07,-0.01272,38.79,-0.02013,46.42,-0.0059,0.00612,-0.00593,0.00858,0.01353,-0.00925,-0.00984,0.01353,-0.0176,-0.00945,0.01353,-0.0176,0.03469,0.03488,-0.0176,0.12477,0.14526,-0.0176,FAILED_EXPANSION
5m,1789480500000,1789480799999,2026-09-15 13:55:00+00:00,UPWARD_EXPANSION,0.9929,True,76618.77,0.005232356458859222,0.005325196423800522,217.80825,0.002628436000183505,TRENDING_DOWN,5m_420,GEV_0081,-0.0044,172.45,-0.00474,78.39,-0.01667,56.16,-0.01982,55.81,-0.00967,39.7,-0.01723,46.28,-0.00883,0.00101,-0.01323,0.00448,0.00946,-0.01323,-0.01474,0.00946,-0.02155,-0.0127,0.00946,-0.02155,0.04508,0.05066,-0.02155,0.12696,0.14066,-0.02155,EVENT_CONTINUATION
5m,1789480800000,1789481099999,2026-09-15 14:00:00+00:00,DOWNWARD_EXPANSION,0.9738,False,76436.01,-0.002385316287379813,0.0034015380970304444,182.32538,0.002636314510623647,TRENDING_DOWN,5m_421,GEV_0081,-0.00799,181.98,-0.00651,80.53,-0.01927,57.29,-0.02528,56.17,-0.01202,39.88,-0.02035,46.25,-0.00502,0.0034,-0.01087,0.00583,0.01187,-0.01087,-0.01065,0.01187,-0.01921,-0.01127,0.01187,-0.01921,0.05136,0.05317,-0.01921,0.12706,0.14338,-0.01921,FAILED_EXPANSION
5m,1789482900000,1789483199999,2026-09-15 14:35:00+00:00,BREAKDOWN_CANDIDATE,0.9852,False,75860.92,-0.004113855212828255,0.004166835835895363,606.29213,0.0023342671922493316,TRENDING_DOWN,5m_422,GEV_0081,-0.0059,249.56,-0.01406,100.65,-0.026,65.68,-0.03298,57.71,-0.0208,41.26,-0.03172,46.63,0.0074,0.00861,-0.00337,0.00649,0.01954,-0.00337,0.0026,0.01954,-0.01177,-0.00296,0.01954,-0.01177,0.063,0.06761,-0.01177,0.13211,0.15205,-0.01177,FALSE_BREAKDOWN_CANDIDATE
5m,1789483500000,1789483799999,2026-09-15 14:45:00+00:00,BREAKDOWN_CANDIDATE,0.9651,False,75734.33,-0.0023406046026180904,0.0030708662768917667,248.00996,0.002338462371292358,TRENDING_DOWN,5m_423,GEV_0081,-0.00788,223.02,-0.01808,110.83,-0.02689,69.76,-0.03644,59.41,-0.02262,41.93,-0.03592,46.89,0.00981,0.01029,-0.00171,-0.00884,0.02125,-0.00968,0.0034,0.02125,-0.01012,-0.00189,0.02125,-0.01012,0.06775,0.0694,-0.01012,0.13594,0.15398,-0.01012,EVENT_CONTINUATION
5m,1789483800000,1789484099999,2026-09-15 14:50:00+00:00,UPWARD_EXPANSION,0.9792,False,75916.01,0.0023989120917817797,0.004362979561228273,352.72716,0.002476583182619896,TRENDING_DOWN,5m_424,GEV_0081,-0.00399,228.43,-0.01419,117.41,-0.02485,72.09,-0.03373,60.31,-0.02022,42.32,-0.03318,47.02,0.00709,0.00896,-0.0041,-0.0003,0.0188,-0.01249,0.00011,0.0188,-0.01249,-0.00406,0.0188,-0.01249,0.06585,0.06684,-0.01249,0.13388,0.15122,-0.01249,FAILED_EXPANSION
5m,1789485600000,1789485899999,2026-09-15 15:20:00+00:00,UPWARD_EXPANSION,0.9658,False,76375.86,0.00460171459741221,0.004614547057146097,109.89247,0.0022909163758289258,TRENDING_DOWN,5m_425,GEV_0081,-0.00037,207.19,-0.00777,127.46,-0.01868,75.57,-0.02718,61.22,-0.01384,43.07,-0.02757,47.24,0.00149,0.00298,-0.00458,-0.00327,0.01267,-0.01843,-0.00452,0.01267,-0.01843,-0.00833,0.01267,-0.01843,0.06193,0.06193,-0.01843,0.12922,0.14428,-0.01843,FAILED_EXPANSION
5m,1789493400000,1789493699999,2026-09-15 17:30:00+00:00,BREAKOUT_CANDIDATE,0.9785,False,76926.0,0.005279396084865162,0.005563788576034111,219.97083,0.001796154019443668,TRENDING_UP,5m_426,GEV_0082,0.00725,57.6,0.00193,143.02,-0.00703,79.71,-0.02293,62.1,-0.00445,44.66,-0.02167,47.68,-0.00178,0.00543,-0.00601,-0.01645,0.00543,-0.02545,-0.0137,0.00543,-0.02545,-0.01682,0.00543,-0.02545,0.04773,0.05631,-0.02545,0.12549,0.1361,-0.02545,FALSE_BREAKOUT_CANDIDATE
5m,1789496100000,1789496399999,2026-09-15 18:15:00+00:00,DOWNWARD_EXPANSION,0.9641,False,76647.09,-0.0030037197893129086,0.005273520495037863,137.50839,0.0023133273503681308,TRENDING_UP,5m_427,GEV_0082,0.00489,91.14,0.00334,114.14,-0.01173,83.9,-0.03062,63.39,-0.00627,45.47,-0.02686,47.97,-0.00625,0.00728,-0.02191,-0.019,0.00728,-0.02191,-0.00845,0.00728,-0.02191,-0.00907,0.00728,-0.02191,0.05559,0.06016,-0.02191,0.12953,0.14023,-0.02191,EVENT_CONTINUATION
5m,1789496700000,1789496999999,2026-09-15 18:25:00+00:00,UPWARD_EXPANSION,0.9792,False,76919.08,0.0034843187392370467,0.00811177148764646,198.87214,0.002431314777900275,TRENDING_UP,5m_428,GEV_0082,0.00519,107.01,0.00749,113.4,-0.00634,85.42,-0.02801,63.4,-0.00359,45.7,-0.02303,48.08,-0.01299,0.00372,-0.02537,-0.01854,0.00372,-0.02537,-0.01303,0.00372,-0.02537,-0.01175,0.00372,-0.02537,0.05293,0.05641,-0.02537,0.12183,0.1362,-0.02537,FAILED_EXPANSION
5m,1789497300000,1789497599999,2026-09-15 18:35:00+00:00,DOWNWARD_EXPANSION,0.9918,True,76353.42,-0.0056756642368560595,0.01252412793035328,489.52584,0.002508065580266811,HIGH_VOLATILITY,5m_429,GEV_0082,-0.00796,137.14,0.00649,122.28,-0.0137,89.5,-0.03466,65.25,-0.01053,46.41,-0.02858,48.38,-0.00416,0.0059,-0.01815,-0.0094,0.0059,-0.01815,-0.00657,0.0059,-0.01815,-0.00724,0.0059,-0.01815,0.06253,0.06424,-0.01815,0.13181,0.14462,-0.01815,EVENT_CONTINUATION
5m,1789497600000,1789497899999,2026-09-15 18:40:00+00:00,DOWNWARD_EXPANSION,0.997,True,75773.02,-0.00760149316166836,0.008613092100591998,486.35566,0.0031920655226331256,HIGH_VOLATILITY,5m_430,GEV_0082,-0.01301,152.57,-0.00183,119.84,-0.02156,92.7,-0.04305,66.77,-0.01823,46.95,-0.03607,48.62,0.00164,0.00766,-0.01062,-0.0021,0.00766,-0.01062,0.0021,0.00766,-0.01062,0.00271,0.0104,-0.01062,0.06823,0.07239,-0.01062,0.14028,0.15339,-0.01062,FAILED_EXPANSION
5m,1789497900000,1789498199999,2026-09-15 18:45:00+00:00,DOWNWARD_EXPANSION,0.9991,True,75064.9,-0.009345278834075876,0.011025925565743824,978.63999,0.0037167532510270205,HIGH_VOLATILITY,5m_431,GEV_0082,-0.02511,219.06,-0.00884,131.88,-0.02926,99.3,-0.05281,69.85,-0.02732,48.07,-0.04181,49.09,0.01157,0.01653,-0.00129,0.00849,0.01653,-0.00129,0.01214,0.01653,-0.00129,0.0115,0.01993,-0.00129,0.07957,0.0825,-0.00129,0.15231,0.16427,-0.00129,FAILED_EXPANSION
5m,1789498200000,1789498499999,2026-09-15 18:50:00+00:00,UPWARD_EXPANSION,0.9993,True,75892.93,0.011030854633790277,0.012692486638742293,760.27359,0.0052793069978303445,HIGH_VOLATILITY,5m_432,GEV_0082,-0.01504,271.3,-0.0003,142.34,-0.01736,104.27,-0.04156,72.1,-0.01622,48.93,-0.03171,49.44,0.00209,0.00544,-0.01219,-0.00201,0.00544,-0.01219,0.00057,0.00544,-0.01219,-0.00452,0.0088,-0.01219,0.06733,0.07069,-0.01219,0.14011,0.15157,-0.01219,FAILED_EXPANSION
5m,1789538700000,1789538999999,2026-09-16 06:05:00+00:00,COMPRESSION,0.1583,False,76012.0,0.00040839173282458674,0.0004992632742198218,26.96652,0.0005050492497976752,LOW_VOLATILITY_COMPRESSION,5m_433,GEV_0083,0.00304,31.7,0.00523,31.27,-0.01155,63.45,-0.02107,73.38,-0.01679,52.16,-0.03722,49.97,-0.00084,0.00113,-0.00239,0.0,0.00113,-0.00871,0.00279,0.00722,-0.00939,0.00596,0.01003,-0.01246,0.06615,0.07537,-0.01246,0.13865,0.14976,-0.01246,COMPRESSION_REGIME
5m,1789539900000,1789540199999,2026-09-16 06:25:00+00:00,COMPRESSION,0.1158,False,75916.81,0.00014004129835010204,0.0004539179135687057,30.98072,0.0006024142003263831,LOW_VOLATILITY_COMPRESSION,5m_434,GEV_0083,0.00043,34.65,-0.00031,31.66,-0.01303,62.71,-0.01929,73.63,-0.01785,52.23,-0.04092,49.97,-0.0013,0.00238,-0.00144,0.00073,0.00238,-0.00747,0.00129,0.00848,-0.00815,0.007,0.01129,-0.01122,0.06652,0.07672,-0.01122,0.1384,0.1512,-0.01122,COMPRESSION_REGIME
5m,1789540200000,1789540499999,2026-09-16 06:30:00+00:00,COMPRESSION,0.1005,False,75931.75,0.000196794359510033,0.000526920556947453,22.49065,0.0006007975239817517,LOW_VOLATILITY_COMPRESSION,5m_435,GEV_0083,0.00078,34.61,-0.00116,31.58,-0.01117,61.5,-0.01947,73.63,-0.01766,52.24,-0.04112,49.97,-0.00145,0.00218,-0.00229,0.00056,0.00218,-0.00766,-0.00424,0.00828,-0.00834,0.00737,0.01109,-0.01142,0.06762,0.07651,-0.01142,0.13844,0.15098,-0.01142,COMPRESSION_REGIME
5m,1789541400000,1789541699999,2026-09-16 06:50:00+00:00,COMPRESSION,0.1917,False,75936.45,-0.0005206906759119834,0.0006648980825412656,17.96903,0.0007081983370458746,LOW_VOLATILITY_COMPRESSION,5m_436,GEV_0083,0.0006,33.72,0.00016,30.4,0.00057,47.59,-0.0168,73.56,-0.01547,52.1,-0.04038,49.99,-0.0018,0.00212,-0.00235,-4e-05,0.00212,-0.00772,-0.00509,0.00822,-0.01148,0.00742,0.01103,-0.01148,0.06728,0.07644,-0.01148,0.13837,0.15091,-0.01148,COMPRESSION_REGIME
5m,1789551000000,1789551299999,2026-09-16 09:30:00+00:00,COMPRESSION,0.1622,False,75858.46,0.00031489592215061535,0.0007115883976552637,20.85223,0.0007834220955931385,LOW_VOLATILITY_COMPRESSION,5m_437,GEV_0084,0.00491,39.27,-0.00018,48.29,0.00262,40.22,-0.01451,73.06,-0.00971,52.94,-0.0447,50.13,0.00152,0.00247,-0.00037,-0.00258,0.00587,-0.00279,0.00271,0.00926,-0.01046,0.01101,0.01207,-0.01046,0.07184,0.07755,-0.01046,0.1313,0.15209,-0.01046,COMPRESSION_REGIME
5m,1789551600000,1789551899999,2026-09-16 09:40:00+00:00,COMPRESSION,0.0733,False,75919.01,0.0001342400000419186,0.0002573795416983651,14.03087,0.0007793882457714535,LOW_VOLATILITY_COMPRESSION,5m_438,GEV_0084,0.00477,36.99,-0.00062,48.26,0.00225,39.95,-0.01393,72.98,-0.01044,52.79,-0.04001,50.11,0.00091,0.00167,-0.00035,-0.00188,0.00507,-0.0044,0.00054,0.00845,-0.01125,0.00893,0.01126,-0.01125,0.07039,0.07669,-0.01125,0.13015,0.15117,-0.01125,COMPRESSION_REGIME
5m,1789551900000,1789552199999,2026-09-16 09:45:00+00:00,COMPRESSION,0.141,False,75936.01,0.00022392283566396998,0.0007581383325250693,21.2927,0.0007719574694285399,LOW_VOLATILITY_COMPRESSION,5m_439,GEV_0084,0.00499,36.33,0.00024,47.95,0.00387,39.98,-0.01435,72.94,-0.01089,52.8,-0.03898,50.09,0.00029,0.00145,-0.00057,-0.00082,0.00485,-0.00462,0.00032,0.00823,-0.01147,0.00824,0.01104,-0.01147,0.07115,0.07645,-0.01147,0.1304,0.15091,-0.01147,COMPRESSION_REGIME
5m,1789552200000,1789552499999,2026-09-16 09:50:00+00:00,COMPRESSION,0.1611,False,75972.69,0.0004830382844713821,0.0006545773224562133,17.41214,0.0007596723098305489,LOW_VOLATILITY_COMPRESSION,5m_440,GEV_0084,0.00461,36.6,0.00108,47.6,0.00525,39.9,-0.01408,72.82,-0.01072,52.79,-0.0379,50.06,-0.00052,0.00097,-0.00067,-0.00304,0.00436,-0.0051,0.0006,0.00774,-0.01195,0.00736,0.01055,-0.01195,0.07046,0.07593,-0.01195,0.12945,0.15036,-0.01195,COMPRESSION_REGIME
5m,1789552500000,1789552799999,2026-09-16 09:55:00+00:00,COMPRESSION,0.125,False,75993.0,0.0002673329060745022,0.0005234692669061471,21.77932,0.0006766420461526854,LOW_VOLATILITY_COMPRESSION,5m_441,GEV_0084,0.00339,36.53,0.00041,47.4,0.00715,39.54,-0.01287,72.74,-0.01061,52.79,-0.03748,50.05,-4e-05,0.0007,-0.00122,-0.00457,0.00409,-0.00537,-0.00022,0.00747,-0.01221,0.00625,0.01028,-0.01221,0.07017,0.07564,-0.01221,0.12977,0.15005,-0.01221,COMPRESSION_REGIME
5m,1789552800000,1789553099999,2026-09-16 10:00:00+00:00,COMPRESSION,0.2184,False,76006.0,0.00017106838787772638,0.0007423098176459524,64.77587,0.00047251593379968706,LOW_VOLATILITY_COMPRESSION,5m_442,GEV_0084,0.00174,40.01,0.00033,47.61,0.0067,39.69,-0.0121,72.7,-0.01024,52.84,-0.03833,50.06,-0.0004,0.00058,-0.00139,-0.00568,0.00392,-0.00639,-0.00347,0.0073,-0.01238,0.00479,0.01011,-0.01238,0.06935,0.07545,-0.01238,0.12984,0.14985,-0.01238,COMPRESSION_REGIME
5m,1789553100000,1789553399999,2026-09-16 10:05:00+00:00,COMPRESSION,0.1396,False,76012.25,8.223035023546821e-05,0.0005868790885679687,41.32801,0.0004617550483914528,LOW_VOLATILITY_COMPRESSION,5m_443,GEV_0084,0.00201,37.65,0.0,47.41,0.00812,39.66,-0.01325,72.53,-0.01015,52.86,-0.0374,50.06,-0.00095,0.0005,-0.00148,-0.00582,0.00384,-0.00666,-0.0034,0.00722,-0.01246,0.005,0.01002,-0.01246,0.06915,0.07537,-0.01246,0.12946,0.14976,-0.01246,COMPRESSION_REGIME
5m,1789554300000,1789554599999,2026-09-16 10:25:00+00:00,COMPRESSION,0.1738,False,75972.01,0.0005120294659259894,0.0007898961736038676,16.78878,0.0005411101321076136,LOW_VOLATILITY_COMPRESSION,5m_444,GEV_0084,0.00181,27.45,0.00073,46.38,0.00635,38.1,-0.01196,72.44,-0.0102,52.94,-0.03933,50.05,8e-05,0.00103,-0.00129,-0.0019,0.00437,-0.00723,-0.00281,0.00775,-0.01194,0.00498,0.01056,-0.01194,0.07022,0.07594,-0.01194,0.12936,0.15037,-0.01194,COMPRESSION_REGIME
5m,1789554600000,1789554899999,2026-09-16 10:30:00+00:00,COMPRESSION,0.0429,False,75974.01,2.6325484872691263e-05,0.0006317950046338215,17.89251,0.0005395701538571356,LOW_VOLATILITY_COMPRESSION,5m_445,GEV_0084,0.00152,26.3,0.00056,46.11,0.00482,37.56,-0.01289,72.31,-0.01081,52.95,-0.04005,50.04,0.00072,0.00109,-0.00132,-0.00321,0.00434,-0.00725,-0.00379,0.00772,-0.01197,0.00487,0.01053,-0.01197,0.06968,0.07591,-0.01197,0.12947,0.15034,-0.01197,COMPRESSION_REGIME
5m,1789554900000,1789555199999,2026-09-16 10:35:00+00:00,COMPRESSION,0.0342,False,75972.14,-2.4613680388752002e-05,0.0003948815973855679,19.16391,0.0005132600873942996,LOW_VOLATILITY_COMPRESSION,5m_446,GEV_0084,0.00083,26.17,0.00158,46.05,0.00445,37.25,-0.01261,72.13,-0.01052,52.94,-0.04019,50.02,0.00068,0.00168,-0.00129,-0.00442,0.00437,-0.00723,-0.00266,0.00775,-0.01194,0.00555,0.01056,-0.01194,0.06934,0.07593,-0.01194,0.13026,0.15036,-0.01194,COMPRESSION_REGIME
5m,1789555200000,1789555499999,2026-09-16 10:40:00+00:00,COMPRESSION,0.079,False,75987.79,0.000205996566636113,0.0004848147314193045,14.34761,0.0005144992122823198,LOW_VOLATILITY_COMPRESSION,5m_447,GEV_0084,0.00091,25.85,0.00073,45.57,0.00495,37.1,-0.01381,71.87,-0.00916,52.95,-0.039,50.01,0.00327,0.00383,-0.0015,-0.00297,0.00416,-0.00743,-0.00226,0.00754,-0.01215,0.00444,0.01035,-0.01215,0.06936,0.07571,-0.01215,0.13013,0.15013,-0.01215,COMPRESSION_REGIME
5m,1789555500000,1789555799999,2026-09-16 10:45:00+00:00,COMPRESSION,0.142,False,75958.01,-0.0003919050679063174,0.0003921903693895298,21.09327,0.0005288638441501273,LOW_VOLATILITY_COMPRESSION,5m_448,GEV_0084,0.00029,26.39,-0.00024,45.82,0.00338,37.11,-0.01518,71.78,-0.01029,52.95,-0.03892,50.0,0.00355,0.00422,-0.00111,-0.00483,0.00456,-0.00704,-0.00305,0.00794,-0.01176,0.00466,0.01074,-0.01176,0.07041,0.07613,-0.01176,0.13042,0.15058,-0.01176,COMPRESSION_REGIME
5m,1789555800000,1789556099999,2026-09-16 10:50:00+00:00,COMPRESSION,0.0986,False,75933.3,-0.0003253113134479291,0.0003255488698634349,7.57393,0.000516447198608215,LOW_VOLATILITY_COMPRESSION,5m_449,GEV_0084,-0.00052,25.34,-4e-05,45.39,0.00254,36.99,-0.01396,71.7,-0.0097,52.95,-0.03736,49.99,0.00396,0.00488,-0.00078,-0.00429,0.00488,-0.00672,-0.00368,0.00826,-0.01144,0.00576,0.01107,-0.01144,0.07091,0.07648,-0.01144,0.13041,0.15095,-0.01144,COMPRESSION_REGIME
5m,1789557000000,1789557299999,2026-09-16 11:10:00+00:00,COMPRESSION,0.1361,False,75916.0,-0.000316038978140587,0.0004884345855946275,20.61143,0.0005185119217713317,LOW_VOLATILITY_COMPRESSION,5m_450,GEV_0084,-0.00037,22.06,0.00047,44.17,0.00025,36.7,-0.01457,71.47,-0.00807,52.89,-0.03745,49.94,0.00263,0.00511,-0.00055,-0.00203,0.00511,-0.00649,-0.00093,0.00849,-0.01121,0.00683,0.0113,-0.01121,0.0711,0.07673,-0.01121,0.12944,0.15122,-0.01121,COMPRESSION_REGIME
5m,1789577700000,1789577999999,2026-09-16 16:55:00+00:00,COMPRESSION,0.1549,False,75768.0,-0.0003431669600275633,0.0007115140956604832,17.19001,0.000734183636799865,LOW_VOLATILITY_COMPRESSION,5m_451,GEV_0085,-0.00027,31.95,-0.00263,49.15,-0.00127,44.55,-0.00812,56.72,-0.01952,54.58,-0.03854,48.8,0.0,0.00224,-0.00548,0.00542,0.01046,-0.00928,0.01019,0.01328,-0.00928,0.01301,0.01863,-0.00928,0.08013,0.0816,-0.00928,0.10915,0.15346,-0.00928,COMPRESSION_REGIME
5m,1789581300000,1789581599999,2026-09-16 17:55:00+00:00,UPWARD_EXPANSION,0.9592,False,75768.01,0.0035010218708573237,0.005725239451319807,130.96976,0.001552856638818446,HIGH_VOLATILITY,5m_452,GEV_0086,0.0,50.44,0.00161,47.52,-0.00255,46.48,-0.01551,55.22,-0.02019,55.15,-0.03818,48.9,-0.0018,0.01046,-0.00928,0.00275,0.01046,-0.00928,0.00747,0.01328,-0.00928,0.01188,0.01863,-0.00928,0.07518,0.0816,-0.00928,0.11296,0.15346,-0.00928,FAILED_EXPANSION
5m,1789581900000,1789582199999,2026-09-16 18:05:00+00:00,UPWARD_EXPANSION,0.978,False,76224.0,0.005029896158513569,0.00942275398824505,628.66914,0.0020552701944737193,HIGH_VOLATILITY,5m_453,GEV_0086,0.00719,138.68,0.00865,68.89,0.00279,53.87,-0.0088,58.77,-0.01414,56.48,-0.03122,49.45,-0.0038,0.00442,-0.01521,-0.00617,0.00442,-0.01521,0.00316,0.00722,-0.01521,0.00575,0.01254,-0.01521,0.06883,0.07513,-0.01521,0.10551,0.14656,-0.01521,FAILED_EXPANSION
5m,1789582200000,1789582499999,2026-09-16 18:10:00+00:00,DOWNWARD_EXPANSION,0.976,False,75798.01,-0.005588659739714563,0.008126994363044555,271.57571,0.0027251288864670203,HIGH_VOLATILITY,5m_454,GEV_0086,0.00094,157.65,0.00301,73.51,-0.00261,55.56,-0.01405,59.6,-0.02026,56.79,-0.03565,49.58,0.002,0.00705,-0.00967,0.00124,0.00823,-0.00967,0.0088,0.01288,-0.00967,0.01216,0.01823,-0.00967,0.07368,0.08118,-0.00967,0.11089,0.15301,-0.00967,FAILED_EXPANSION
5m,1789583400000,1789583699999,2026-09-16 18:30:00+00:00,DOWNWARD_EXPANSION,0.9705,False,75610.0,-0.005329073477384538,0.006311863510117586,145.52948,0.0032357239959317934,HIGH_VOLATILITY,5m_455,GEV_0086,-0.00029,192.64,-0.00158,81.01,-0.00424,58.61,-0.01536,60.18,-0.0225,57.44,-0.03784,49.84,0.00259,0.00955,-0.00721,0.00101,0.01074,-0.00721,0.01166,0.0154,-0.00721,0.01314,0.02076,-0.00721,0.07732,0.08386,-0.00721,0.11286,0.15587,-0.00721,FAILED_EXPANSION
5m,1789583700000,1789583999999,2026-09-16 18:35:00+00:00,UPWARD_EXPANSION,0.9693,False,75800.61,0.0025209628356037683,0.01099186404964271,412.68032,0.0032266726245482116,HIGH_VOLATILITY,5m_456,GEV_0086,0.00454,222.11,0.00217,88.01,-0.00068,61.31,-0.00724,61.07,-0.02027,57.89,-0.03493,50.03,0.00038,0.00701,-0.00971,-0.0004,0.0082,-0.00971,0.00988,0.01284,-0.00971,0.0089,0.01819,-0.00971,0.07522,0.08114,-0.00971,0.11018,0.15297,-0.00971,FAILED_EXPANSION
5m,1789584000000,1789584299999,2026-09-16 18:40:00+00:00,UPWARD_EXPANSION,0.9616,False,75978.36,0.002344967936273923,0.007528459419234634,299.17021,0.003272775885220641,HIGH_VOLATILITY,5m_457,GEV_0086,0.00686,237.24,0.00286,93.14,0.00061,63.11,0.00271,60.42,-0.01797,58.23,-0.03254,50.17,-3e-05,0.00465,-0.00959,-0.00214,0.00584,-0.00959,0.00767,0.01047,-0.00959,0.00853,0.01581,-0.00959,0.07254,0.07861,-0.00959,0.10861,0.15027,-0.00959,FAILED_EXPANSION
5m,1789584600000,1789584899999,2026-09-16 18:50:00+00:00,DOWNWARD_EXPANSION,0.9733,False,75550.01,-0.00497839993435889,0.005056385829730463,139.95988,0.003590534990612919,HIGH_VOLATILITY,5m_458,GEV_0086,0.00061,244.94,-0.00076,94.7,-0.00509,64.49,-0.00452,56.17,-0.02356,58.48,-0.03678,50.26,0.00705,0.00834,-0.00397,0.00138,0.01154,-0.00397,0.01257,0.0162,-0.00397,0.01414,0.02157,-0.00397,0.07791,0.08473,-0.00397,0.11675,0.15679,-0.00397,FAILED_EXPANSION
5m,1789585200000,1789585499999,2026-09-16 19:00:00+00:00,UPWARD_EXPANSION,0.9812,False,76054.01,0.005579781045060184,0.007205405737317467,135.9287,0.0038156808955154917,HIGH_VOLATILITY,5m_459,GEV_0086,0.00279,248.69,0.0045,97.96,-0.00036,65.64,-0.00076,53.6,-0.01705,58.73,-0.02983,50.34,0.00303,0.00303,-0.01057,-0.00431,0.00484,-0.01057,0.00681,0.00947,-0.01057,0.00698,0.0148,-0.01057,0.07095,0.07754,-0.01057,0.10792,0.14913,-0.01057,FAILED_EXPANSION
5m,1789586400000,1789586699999,2026-09-16 19:20:00+00:00,DOWNWARD_EXPANSION,0.9668,False,75431.36,-0.0035488766778233316,0.004324461338095947,110.83311,0.0033367133219924234,HIGH_VOLATILITY,5m_460,GEV_0086,-0.0063,150.57,-0.00407,100.8,-0.00535,66.34,-0.00913,52.89,-0.02375,59.03,-0.03997,50.45,0.01109,0.01313,-0.0024,0.00886,0.01313,-0.0024,0.015,0.0178,-0.0024,0.01524,0.02317,-0.0024,0.07939,0.08643,-0.0024,0.11953,0.15861,-0.0024,FAILED_EXPANSION
5m,1789593300000,1789593599999,2026-09-16 21:15:00+00:00,COMPRESSION,0.0627,False,76112.37,-4.7821739473707936e-05,0.0005230424436921051,16.70701,0.0006123725367258526,LOW_VOLATILITY_COMPRESSION,5m_461,GEV_0087,-0.00318,34.77,0.00489,106.59,0.00405,64.06,0.00278,52.29,-0.01655,60.06,-0.0265,50.49,-0.00423,0.00044,-0.0058,0.00328,0.00524,-0.0063,0.00712,0.00869,-0.0063,0.0053,0.01402,-0.0063,0.06414,0.07671,-0.0063,0.10836,0.14825,-0.0063,COMPRESSION_REGIME
5m,1789594200000,1789594499999,2026-09-16 21:30:00+00:00,COMPRESSION,0.0741,False,76064.0,-0.0001388111873403819,0.00047302271771134736,11.74576,0.0005346716130154969,LOW_VOLATILITY_COMPRESSION,5m_462,GEV_0087,-0.00202,28.78,0.00571,106.65,0.00271,64.16,0.00533,52.3,-0.01722,60.13,-0.02707,50.52,-0.00497,0.00047,-0.00522,0.00748,0.00934,-0.00567,0.00828,0.00934,-0.00567,0.00652,0.01466,-0.00567,0.06492,0.0774,-0.00567,0.10907,0.14898,-0.00567,COMPRESSION_REGIME
5m,1789595100000,1789595399999,2026-09-16 21:45:00+00:00,COMPRESSION,0.0118,False,75960.09,-5.265920425268078e-07,0.00041745606146604625,8.86337,0.0003801107627085717,LOW_VOLATILITY_COMPRESSION,5m_463,GEV_0087,-0.00265,27.12,0.00793,103.64,0.00032,64.21,0.00419,52.2,-0.01803,60.15,-0.02741,50.51,-0.00308,0.00084,-0.00402,0.00779,0.01072,-0.00431,0.00792,0.01072,-0.00431,0.0069,0.01605,-0.00431,0.06788,0.07887,-0.00431,0.11058,0.15055,-0.00431,COMPRESSION_REGIME
5m,1789616100000,1789616399999,2026-09-17 03:35:00+00:00,COMPRESSION,0.0618,False,76499.45,1.8693294283833595e-05,0.0005286312515972642,13.45322,0.0005763819070585288,LOW_VOLATILITY_COMPRESSION,5m_464,GEV_0088,0.00135,27.66,0.00488,40.33,0.00996,61.43,0.00923,52.33,-0.01415,58.55,-0.02365,50.6,-0.00208,0.00042,-0.00408,-0.0001,0.00239,-0.00408,0.00262,0.00889,-0.00653,0.01091,0.01436,-0.00653,0.04963,0.07126,-0.00653,0.10275,0.14244,-0.00653,COMPRESSION_REGIME
5m,1789616700000,1789616999999,2026-09-17 03:45:00+00:00,COMPRESSION,0.2071,False,76482.03,2.614994036864715e-07,0.0004708295530335003,79.0175,0.0005725156783369304,LOW_VOLATILITY_COMPRESSION,5m_465,GEV_0088,0.00045,26.24,0.00336,40.16,0.00873,61.65,0.00905,52.5,-0.01348,58.56,-0.02509,50.62,-1e-05,0.00029,-0.00386,0.00023,0.00261,-0.00386,0.00198,0.00912,-0.0063,0.01225,0.01459,-0.0063,0.05228,0.07151,-0.0063,0.103,0.1427,-0.0063,COMPRESSION_REGIME
5m,1789617300000,1789617599999,2026-09-17 03:55:00+00:00,COMPRESSION,0.1273,False,76441.99,0.00010440378569720465,0.0005575469712393659,23.56982,0.0004748122656492676,LOW_VOLATILITY_COMPRESSION,5m_466,GEV_0088,0.00094,24.02,0.0031,39.6,0.00862,61.07,0.00815,52.57,-0.01488,58.55,-0.02408,50.62,0.00128,0.00204,-0.00334,0.00027,0.00314,-0.00334,0.00442,0.00965,-0.00578,0.01232,0.01512,-0.00578,0.05291,0.07207,-0.00578,0.10358,0.14329,-0.00578,COMPRESSION_REGIME
5m,1789617900000,1789618199999,2026-09-17 04:05:00+00:00,COMPRESSION,0.2368,False,76342.76,-0.0007327345974554866,0.0007332718911395198,6.93433,0.0004221359970695957,LOW_VOLATILITY_COMPRESSION,5m_467,GEV_0088,-0.00125,23.21,0.0001,37.91,0.00806,60.69,0.00644,52.55,-0.01625,58.53,-0.02591,50.61,0.00217,0.00379,-0.00204,0.0015,0.00444,-0.00204,0.00535,0.01096,-0.00449,0.01174,0.01644,-0.00449,0.05384,0.07346,-0.00449,0.10502,0.14478,-0.00449,COMPRESSION_REGIME
5m,1789618200000,1789618499999,2026-09-17 04:10:00+00:00,COMPRESSION,0.1526,False,76320.14,-0.0002962952872019864,0.0005604025359492798,17.59106,0.00042337452840913076,LOW_VOLATILITY_COMPRESSION,5m_468,GEV_0088,-0.00157,22.94,-0.0001,37.46,0.0063,60.47,0.00567,52.53,-0.01635,58.52,-0.02584,50.61,0.00206,0.00409,-0.00174,0.00128,0.00474,-0.00174,0.00539,0.01126,-0.00419,0.01272,0.01674,-0.00419,0.05385,0.07378,-0.00419,0.10534,0.14512,-0.00419,COMPRESSION_REGIME
5m,1789618500000,1789618799999,2026-09-17 04:15:00+00:00,COMPRESSION,0.1003,False,76300.0,-0.0002638884048168366,0.00031467889908250017,8.37805,0.00042458898689713725,LOW_VOLATILITY_COMPRESSION,5m_469,GEV_0088,-0.00162,22.44,-0.00204,36.73,0.00555,60.23,0.00609,52.5,-0.01612,58.5,-0.02698,50.61,0.00191,0.00435,-0.00148,0.00242,0.00501,-0.00148,0.00539,0.01153,-0.00393,0.01359,0.01701,-0.00393,0.05337,0.07406,-0.00393,0.10564,0.14542,-0.00393,COMPRESSION_REGIME
5m,1789619400000,1789619699999,2026-09-17 04:30:00+00:00,COMPRESSION,0.1311,False,76196.02,-0.00023932529161851956,0.0005375608857261364,16.00871,0.0003417850398956899,LOW_VOLATILITY_COMPRESSION,5m_470,GEV_0088,-0.00395,24.77,-0.00327,36.08,0.00583,60.07,0.00377,52.47,-0.01805,58.46,-0.02818,50.63,0.00362,0.00572,-0.00012,0.00364,0.00638,-0.00012,0.00531,0.01291,-0.00257,0.01379,0.0184,-0.00257,0.05552,0.07553,-0.00257,0.10714,0.14698,-0.00257,COMPRESSION_REGIME
5m,1789640400000,1789640699999,2026-09-17 10:20:00+00:00,COMPRESSION,0.1648,False,76330.32,-0.00014042250406842705,0.0004070466362515837,28.69341,0.0005544793496340365,LOW_VOLATILITY_COMPRESSION,5m_471,GEV_0091,-0.00479,31.98,-0.00028,31.91,0.0084,34.25,0.00523,49.35,-0.02105,57.54,-0.02066,50.23,0.00051,0.00167,-0.00079,0.00818,0.01112,-0.00433,-0.00084,0.01112,-0.00433,0.02433,0.0283,-0.00433,0.05253,0.07364,-0.00433,0.1052,0.14497,-0.00433,COMPRESSION_REGIME
5m,1789641000000,1789641299999,2026-09-17 10:30:00+00:00,COMPRESSION,0.1503,False,76344.0,-7.858546168959535e-05,0.0005769936078799691,23.69589,0.0005734930478818769,LOW_VOLATILITY_COMPRESSION,5m_472,GEV_0091,-0.00456,29.84,-0.00193,32.18,0.00869,33.55,0.00487,49.36,-0.0206,57.52,-0.01985,50.22,-0.00045,0.00149,-0.00097,0.00638,0.01094,-0.00451,-0.00045,0.01094,-0.00451,0.02538,0.02812,-0.00451,0.05294,0.07344,-0.00451,0.105,0.14476,-0.00451,COMPRESSION_REGIME
5m,1789652100000,1789652399999,2026-09-17 13:35:00+00:00,DOWNWARD_EXPANSION,0.9604,False,76020.01,-0.004530811548226765,0.005182977481849776,194.21998,0.0015164224830078552,HIGH_VOLATILITY,5m_473,GEV_0092,-0.01193,64.6,-0.0089,50.63,-0.00769,37.61,0.0057,51.09,-0.02636,58.34,-0.01355,48.95,0.00969,0.01405,-0.00026,0.01018,0.01405,-0.00026,0.00803,0.01405,-0.00026,0.03865,0.03884,-0.00026,0.05883,0.07802,-0.00026,0.10971,0.14964,-0.00026,FAILED_EXPANSION
5m,1789653600000,1789653899999,2026-09-17 14:00:00+00:00,DOWNWARD_EXPANSION,0.9516,False,76421.91,-0.0035486446344548117,0.004867844836644292,114.42409,0.0023802079486832414,HIGH_VOLATILITY,5m_474,GEV_0092,-0.00569,86.75,0.00068,58.0,0.00056,39.2,0.01121,51.79,-0.02546,58.2,-0.01054,48.9,-0.00083,0.00872,-0.00131,0.00349,0.00872,-0.00192,0.00385,0.00872,-0.00212,0.05155,0.05336,-0.00212,0.05604,0.07235,-0.00212,0.10387,0.14359,-0.00212,FAILED_EXPANSION
5m,1789654200000,1789654499999,2026-09-17 14:10:00+00:00,BREAKOUT_CANDIDATE,0.9589,False,76965.72,0.003909294353521275,0.004328420496813379,142.63832,0.0027548957834896805,HIGH_VOLATILITY,5m_475,GEV_0092,0.004,93.52,0.00743,60.66,0.00978,40.07,0.01846,52.12,-0.01969,58.28,-0.00156,48.86,-0.008,0.00159,-0.00897,-0.00319,0.00159,-0.00897,-0.00254,0.00159,-0.00917,0.04336,0.04756,-0.00917,0.04712,0.06477,-0.00917,0.09607,0.13551,-0.00917,FALSE_BREAKOUT_CANDIDATE
5m,1789675800000,1789676099999,2026-09-17 20:10:00+00:00,COMPRESSION,0.0795,False,76636.0,0.00018271514708567693,0.00032178088626759607,6.4176,0.00045741202714571426,LOW_VOLATILITY_COMPRESSION,5m_476,GEV_0093,0.00093,21.59,-0.00124,38.04,0.00285,47.05,0.00546,40.65,-0.03218,56.21,-0.0089,48.68,-0.00168,0.00127,-0.00177,-0.00214,0.00127,-0.00491,0.01476,0.01745,-0.00491,0.05796,0.06216,-0.00491,0.05895,0.06935,-0.00491,0.10079,0.1404,-0.00491,COMPRESSION_REGIME
5m,1789676100000,1789676399999,2026-09-17 20:15:00+00:00,COMPRESSION,0.1198,False,76616.72,-0.0002515788924265516,0.00047000184816048976,13.15205,0.0004669652855838042,LOW_VOLATILITY_COMPRESSION,5m_477,GEV_0093,0.00068,21.68,-0.00123,37.83,0.00173,46.91,0.00342,40.6,-0.03491,56.15,-0.0093,48.68,-0.00131,0.00152,-0.00152,-0.00334,0.00152,-0.00466,0.01633,0.01771,-0.00466,0.05996,0.06243,-0.00466,0.05899,0.06962,-0.00466,0.10107,0.14069,-0.00466,COMPRESSION_REGIME
5m,1789680000000,1789680299999,2026-09-17 21:20:00+00:00,COMPRESSION,0.0854,False,76532.01,0.00020923728370525474,0.00020919351262295034,3.90689,0.0004365033532398693,LOW_VOLATILITY_COMPRESSION,5m_478,GEV_0093,-0.00238,17.87,-0.00474,26.7,-0.00216,45.36,0.00603,39.84,-0.03095,55.42,-0.00888,48.72,-0.00347,0.00064,-0.00355,0.00089,0.00191,-0.00355,0.02329,0.02559,-0.00355,0.06084,0.06361,-0.00355,0.05577,0.07081,-0.00355,0.10228,0.14195,-0.00355,COMPRESSION_REGIME
5m,1789680300000,1789680599999,2026-09-17 21:25:00+00:00,COMPRESSION,0.2073,False,76560.04,0.00036625197744055704,0.00048288898490650174,18.70247,0.00046462075941398597,LOW_VOLATILITY_COMPRESSION,5m_479,GEV_0093,-0.00197,17.96,-0.00474,24.99,-0.00168,45.29,0.00638,39.68,-0.02975,55.41,-0.00868,48.72,-0.00374,0.00027,-0.00392,0.00037,0.00154,-0.00392,0.02094,0.02522,-0.00392,0.06048,0.06322,-0.00392,0.05645,0.07041,-0.00392,0.10188,0.14153,-0.00392,COMPRESSION_REGIME
5m,1789680600000,1789680899999,2026-09-17 21:30:00+00:00,COMPRESSION,0.0212,False,76560.01,-3.918493249877031e-07,0.00026985367426158246,8.5718,0.0004121457958089979,LOW_VOLATILITY_COMPRESSION,5m_480,GEV_0093,-0.00112,17.16,-0.00507,24.33,-0.00175,45.07,0.00652,39.6,-0.02981,55.36,-0.0087,48.72,-0.00327,0.00027,-0.00392,0.00047,0.00154,-0.00392,0.02019,0.02522,-0.00392,0.05997,0.06322,-0.00392,0.0569,0.07042,-0.00392,0.10188,0.14153,-0.00392,COMPRESSION_REGIME
5m,1789680900000,1789681199999,2026-09-17 21:35:00+00:00,COMPRESSION,0.0818,False,76568.0,0.00010436257780011005,0.00031331626789266064,15.77323,0.0004058460888076137,LOW_VOLATILITY_COMPRESSION,5m_481,GEV_0093,-0.00065,17.7,-0.00294,23.85,-0.00176,44.99,0.00754,39.62,-0.0285,55.36,-0.00806,48.71,-0.00175,0.00017,-0.00402,0.00081,0.00144,-0.00402,0.01899,0.02511,-0.00402,0.0612,0.06311,-0.00402,0.05686,0.0703,-0.00402,0.10177,0.14141,-0.00402,COMPRESSION_REGIME
5m,1789681500000,1789681799999,2026-09-17 21:45:00+00:00,COMPRESSION,0.2347,False,76484.0,-0.0005359032295454424,0.0005361905758066362,16.24123,0.0003051971321251232,LOW_VOLATILITY_COMPRESSION,5m_482,GEV_0093,-0.00063,15.93,-0.00196,22.45,-0.00101,44.77,0.0069,39.54,-0.02951,55.3,-0.00872,48.7,-0.00081,0.00054,-0.00293,0.00339,0.00339,-0.00293,0.02118,0.02624,-0.00293,0.062,0.06427,-0.00293,0.05797,0.07148,-0.00293,0.10298,0.14267,-0.00293,COMPRESSION_REGIME
5m,1789683600000,1789683899999,2026-09-17 22:20:00+00:00,COMPRESSION,0.087,False,76266.3,-5.362500440864171e-05,0.0005510953068393095,11.1469,0.0004238122574676967,LOW_VOLATILITY_COMPRESSION,5m_483,GEV_0094,-0.00347,19.79,-0.0062,22.1,-0.00084,44.44,0.00755,39.38,-0.02941,55.29,-0.01157,48.7,0.00301,0.0032,-8e-05,0.00753,0.00771,-8e-05,0.02519,0.02917,-8e-05,0.0655,0.06731,-8e-05,0.06372,0.07454,-8e-05,0.10612,0.14593,-8e-05,COMPRESSION_REGIME
5m,1789683900000,1789684199999,2026-09-17 22:25:00+00:00,COMPRESSION,0.0941,False,76273.69,9.689731899942267e-05,0.0003410088065753048,17.34907,0.0003918420906818186,LOW_VOLATILITY_COMPRESSION,5m_484,GEV_0094,-0.00374,20.83,-0.00613,22.16,-0.001,44.36,0.0068,38.99,-0.02947,55.26,-0.01033,48.7,0.00284,0.0031,-0.00018,0.00863,0.00863,-0.00018,0.02632,0.02907,-0.00018,0.06544,0.06721,-0.00018,0.06409,0.07443,-0.00018,0.10602,0.14582,-0.00018,COMPRESSION_REGIME
5m,1789688400000,1789688699999,2026-09-17 23:40:00+00:00,COMPRESSION,0.1872,False,76436.09,0.00014497871835406073,0.00036854318424710443,26.80558,0.0005315641983156265,LOW_VOLATILITY_COMPRESSION,5m_485,GEV_0095,0.00024,19.31,-0.00219,19.78,0.0032,43.44,0.003,38.1,-0.02394,54.99,-0.00444,48.45,-6e-05,0.00084,-0.00183,0.01187,0.0152,-0.00183,0.0208,0.02688,-0.00183,0.0584,0.06494,-0.00183,0.06314,0.07215,-0.00183,0.10367,0.14338,-0.00183,COMPRESSION_REGIME
5m,1789701000000,1789701299999,2026-09-18 03:10:00+00:00,BREAKOUT_CANDIDATE,0.9594,False,77322.99,0.003607890555418214,0.003595049803428397,147.55282,0.0012079493174999092,TRENDING_UP,5m_486,GEV_0097,0.0072,66.68,0.01083,42.2,0.01274,34.96,0.01155,38.55,-0.00511,55.57,0.00572,48.68,-0.00041,0.00355,-0.00359,0.00394,0.00601,-0.00359,0.04456,0.0482,-0.00359,0.05128,0.05714,-0.00359,0.05174,0.06178,-0.00359,0.09101,0.13027,-0.00359,EVENT_CONTINUATION
5m,1789721700000,1789721999999,2026-09-18 08:55:00+00:00,BREAKOUT_CANDIDATE,0.951,False,78272.15,0.002563659186392009,0.0026548395565983932,146.71331,0.001576102441353054,TRENDING_UP,5m_487,GEV_0098,0.00609,87.3,0.00897,73.51,0.02242,52.46,0.02217,49.34,0.01652,57.31,0.01173,49.84,-0.00077,0.00279,-0.00397,-0.00293,0.00279,-0.00397,0.03626,0.03996,-0.00397,0.03884,0.04432,-0.00397,0.07011,0.0754,-0.00397,0.07778,0.11656,-0.00397,FALSE_BREAKOUT_CANDIDATE
5m,1789727700000,1789727999999,2026-09-18 10:35:00+00:00,COMPRESSION,0.1809,False,78257.31,-0.00030850216641342687,0.00038539530684102857,20.84304,0.000547253291471989,LOW_VOLATILITY_COMPRESSION,5m_488,GEV_0099,0.00302,51.89,0.0088,81.83,0.02385,59.89,0.02439,52.24,0.01708,58.0,0.01567,50.18,-0.00167,0.00246,-0.00277,0.03045,0.03492,-0.00364,0.0374,0.04016,-0.00364,0.03811,0.04452,-0.00364,0.07561,0.08999,-0.00364,0.07798,0.11677,-0.00364,COMPRESSION_REGIME
5m,1789737000000,1789737299999,2026-09-18 13:10:00+00:00,COMPRESSION,0.1358,False,78029.0,-0.00014095335725272662,0.0005168591164823558,17.89685,0.0005694504163774727,LOW_VOLATILITY_COMPRESSION,5m_489,GEV_0100,-0.0007,44.32,-0.00444,49.5,0.01932,63.85,0.01787,51.23,0.01353,57.99,0.0039,48.63,0.02915,0.03329,-0.00022,0.03678,0.04138,-0.00022,0.04168,0.04757,-0.00022,0.04113,0.04757,-0.00022,0.09151,0.09541,-0.00022,0.08114,0.12004,-0.00022,COMPRESSION_REGIME
5m,1789738500000,1789738799999,2026-09-18 13:35:00+00:00,BREAKOUT_CANDIDATE,0.9889,False,78958.4,0.0071883530134051465,0.007886178038055395,295.39646,0.002213432603251317,HIGH_VOLATILITY,5m_490,GEV_0100,0.01009,71.14,0.012,52.36,0.03038,64.9,0.03865,52.12,0.03469,58.24,0.01687,48.61,0.0213,0.02573,-0.00771,0.02182,0.02912,-0.00771,0.02771,0.03524,-0.00771,0.0292,0.03524,-0.00771,0.07744,0.08252,-0.00771,0.06841,0.10686,-0.00771,EVENT_CONTINUATION
5m,1789738800000,1789739099999,2026-09-18 13:40:00+00:00,BREAKOUT_CANDIDATE,0.9896,False,79297.04,0.004288840705992003,0.005936539371456993,448.68079,0.00236553097226642,HIGH_VOLATILITY,5m_491,GEV_0100,0.01507,99.45,0.01593,57.81,0.03391,67.87,0.0413,53.01,0.03761,57.99,0.01823,48.75,0.01876,0.02135,-0.00565,0.01863,0.02473,-0.00565,0.02364,0.03082,-0.00565,0.02479,0.03082,-0.00565,0.07294,0.07789,-0.00565,0.06385,0.10213,-0.00565,EVENT_CONTINUATION
5m,1789739100000,1789739399999,2026-09-18 13:45:00+00:00,BREAKOUT_CANDIDATE,1.0,True,79994.99,0.008801715675641919,0.009605601550797045,744.39206,0.003144826218083424,TRENDING_UP,5m_492,GEV_0100,0.02432,153.98,0.02421,72.09,0.04237,72.76,0.04774,55.18,0.04793,58.48,0.0186,48.99,0.01088,0.01244,-0.00961,0.01069,0.01579,-0.00961,0.01658,0.02183,-0.00961,0.0159,0.02183,-0.00961,0.06813,0.0695,-0.00961,0.05457,0.09251,-0.00961,EVENT_CONTINUATION
5m,1789740000000,1789740299999,2026-09-18 14:00:00+00:00,UPWARD_EXPANSION,0.984,False,80361.44,0.0036010849587546634,0.0035928923125321107,1073.07032,0.0029878584670586022,TRENDING_UP,5m_493,GEV_0100,0.02978,323.09,0.02801,115.7,0.04752,88.07,0.05155,62.17,0.05136,60.28,0.01042,49.59,0.00445,0.00857,-0.00359,0.0068,0.01116,-0.00359,0.01136,0.01717,-0.00359,0.01264,0.01717,-0.00359,0.06145,0.06824,-0.00359,0.04976,0.08753,-0.00359,EVENT_CONTINUATION
5m,1789740300000,1789740599999,2026-09-18 14:05:00+00:00,DOWNWARD_EXPANSION,0.9667,False,80220.33,-0.0017559416556000018,0.006438268204581007,406.71946,0.0031593031477918066,TRENDING_UP,5m_494,GEV_0100,0.02794,346.07,0.02649,123.08,0.04622,90.62,0.04636,63.18,0.04885,60.54,0.01504,49.5,0.00461,0.01034,-0.00137,0.00875,0.01294,-0.00137,0.01421,0.01896,-0.00137,0.01483,0.01896,-0.00137,0.0627,0.07012,-0.00137,0.0516,0.08945,-0.00137,FAILED_EXPANSION
5m,1789740900000,1789741199999,2026-09-18 14:15:00+00:00,BREAKOUT_CANDIDATE,0.9821,False,80643.93,0.004242293525817065,0.004486388498179627,284.76176,0.00309411285061496,TRENDING_UP,5m_495,GEV_0100,0.03265,374.7,0.03112,129.79,0.05071,92.58,0.0507,63.88,0.05566,60.77,0.01839,49.47,0.0032,0.00551,-0.00422,0.00327,0.00761,-0.00422,0.00882,0.0136,-0.00422,0.01029,0.0136,-0.00422,0.05914,0.0645,-0.00642,0.04608,0.08372,-0.00642,EVENT_CONTINUATION
5m,1789741200000,1789741499999,2026-09-18 14:20:00+00:00,BREAKOUT_CANDIDATE,0.983,False,80952.63,0.0038279384449644294,0.004705714934771141,496.74951,0.002966724571141855,TRENDING_UP,5m_496,GEV_0100,0.03684,410.89,0.03537,139.45,0.05352,95.53,0.05195,65.34,0.05953,61.15,0.02407,49.65,0.00189,0.00189,-0.00559,-0.00142,0.00377,-0.00559,0.006,0.00974,-0.00559,0.00649,0.00974,-0.00559,0.05885,0.06044,-0.01021,0.04209,0.07959,-0.01021,FALSE_BREAKOUT_CANDIDATE
5m,1789741500000,1789741799999,2026-09-18 14:25:00+00:00,DOWNWARD_EXPANSION,0.9821,False,80705.08,-0.003057961180507718,0.004772685932533528,361.57142,0.003427612654490085,TRENDING_UP,5m_497,GEV_0100,0.03232,436.16,0.03097,146.19,0.04905,97.73,0.04889,66.31,0.05708,61.42,0.02096,49.79,0.00323,0.00557,-0.00254,0.00353,0.00685,-0.00254,0.00805,0.01284,-0.00254,0.01077,0.01284,-0.00254,0.06217,0.06369,-0.00717,0.04529,0.0829,-0.00717,FAILED_EXPANSION
5m,1789743600000,1789743899999,2026-09-18 15:00:00+00:00,DOWNWARD_EXPANSION,0.9641,False,80718.84,-0.002705656922109334,0.004283262742626198,309.97889,0.0022727926815704906,TRENDING_UP,5m_498,GEV_0100,0.00445,306.52,0.02981,167.04,0.04803,103.24,0.0571,68.99,0.06136,60.58,0.02605,50.05,0.00135,0.0054,-0.0027,0.00319,0.00668,-0.0027,0.00846,0.01266,-0.0027,0.01194,0.01266,-0.0027,0.06533,0.06698,-0.00734,0.04511,0.08272,-0.00734,FAILED_EXPANSION
5m,1789774800000,1789775099999,2026-09-18 23:40:00+00:00,COMPRESSION,0.1696,False,80899.99,-4.9688513585333105e-05,0.0007095180110651951,52.80922,0.0006056480812532976,LOW_VOLATILITY_COMPRESSION,5m_499,GEV_0101,-0.00276,39.5,-0.00424,45.68,0.03683,101.7,0.0584,82.29,0.06906,57.33,0.04814,50.43,0.00522,0.00536,-0.00068,0.00331,0.0104,-0.00068,0.00477,0.0104,-0.00068,0.00469,0.01299,-0.00068,0.06875,0.08029,-0.00957,0.04277,0.08029,-0.00957,COMPRESSION_REGIME
5m,1789775100000,1789775399999,2026-09-18 23:45:00+00:00,COMPRESSION,0.0689,False,80909.99,0.00012360940959332822,0.0003213447437084098,19.94548,0.0006104530039419184,LOW_VOLATILITY_COMPRESSION,5m_500,GEV_0101,-0.00265,39.87,-0.00478,44.92,0.03674,101.72,0.05826,82.27,0.06935,57.32,0.04841,50.42,0.00471,0.00544,-0.00081,0.00334,0.01027,-0.00081,0.00482,0.01027,-0.00081,0.00483,0.01287,-0.00081,0.06904,0.08016,-0.00969,0.04264,0.08016,-0.00969,COMPRESSION_REGIME
5m,1789785900000,1789786199999,2026-09-19 02:45:00+00:00,COMPRESSION,0.0797,False,81317.02,-6.136100177545067e-05,0.0003813469800048595,33.12755,0.0005900481415566292,LOW_VOLATILITY_COMPRESSION,5m_501,GEV_0102,-6e-05,35.19,0.00236,48.69,0.00558,66.14,0.05675,82.98,0.07007,58.06,0.05251,50.98,-0.00169,0.00105,-0.0025,-0.00301,0.00105,-0.00499,0.00242,0.00397,-0.00499,-0.00915,0.0078,-0.01098,0.05529,0.07475,-0.01465,0.03742,0.07475,-0.01465,COMPRESSION_REGIME
5m,1789786200000,1789786499999,2026-09-19 02:50:00+00:00,COMPRESSION,0.1219,False,81294.01,-0.00028296659174187333,0.00031625946364321805,29.90656,0.0005941171746901916,LOW_VOLATILITY_COMPRESSION,5m_502,GEV_0102,-0.00044,36.06,0.00205,48.43,0.00468,65.35,0.05525,82.99,0.07073,58.07,0.05223,50.99,-0.00139,0.00133,-0.00221,-0.00306,0.00133,-0.00471,0.00268,0.00425,-0.00471,-0.01013,0.00808,-0.01158,0.05427,0.07506,-0.01437,0.03771,0.07506,-0.01437,COMPRESSION_REGIME
5m,1789786500000,1789786799999,2026-09-19 02:55:00+00:00,COMPRESSION,0.0976,False,81304.72,0.0001317440239447798,0.00036898226818811994,34.24455,0.0005677112427457108,LOW_VOLATILITY_COMPRESSION,5m_503,GEV_0102,0.00029,33.76,0.00204,48.81,0.00453,64.82,0.05607,82.98,0.0714,58.08,0.05197,50.99,-0.00208,0.0012,-0.00234,-0.00311,0.0012,-0.00484,0.00346,0.00412,-0.00484,-0.01197,0.00795,-0.0128,0.05424,0.07492,-0.0145,0.03758,0.07492,-0.0145,COMPRESSION_REGIME
5m,1789787400000,1789787699999,2026-09-19 03:10:00+00:00,COMPRESSION,0.1717,False,81288.0,-0.00047966843979629914,0.0004798986320243426,20.294,0.0006610151252232761,LOW_VOLATILITY_COMPRESSION,5m_504,GEV_0102,-0.00108,33.12,0.00138,48.51,0.00643,61.02,0.05128,82.99,0.07018,58.02,0.05185,50.96,-0.00098,0.00048,-0.00214,-0.00153,0.00048,-0.00464,0.00507,0.0057,-0.00464,-0.0128,0.00816,-0.01326,0.05236,0.07514,-0.01429,0.03779,0.07514,-0.01429,COMPRESSION_REGIME
5m,1789788000000,1789788299999,2026-09-19 03:20:00+00:00,COMPRESSION,0.1168,False,81188.01,-4.7049068853444176e-05,0.000707739972934506,37.4867,0.0006329871214951076,LOW_VOLATILITY_COMPRESSION,5m_505,GEV_0102,-0.00307,33.42,0.00155,47.48,0.00101,58.62,0.04987,81.88,0.06784,57.98,0.05106,50.96,-0.00046,0.00064,-0.00091,-0.00095,0.00076,-0.00341,0.00588,0.0071,-0.00341,-0.00862,0.0094,-0.01308,0.05176,0.07646,-0.01308,0.03907,0.07646,-0.01308,COMPRESSION_REGIME
5m,1789788300000,1789788599999,2026-09-19 03:25:00+00:00,COMPRESSION,0.178,False,81142.2,-0.0005642458781782711,0.0005915540865295741,15.08925,0.0005950440131790209,LOW_VOLATILITY_COMPRESSION,5m_506,GEV_0102,-0.00262,32.47,0.00177,47.18,0.00218,57.44,0.04798,81.62,0.06968,57.97,0.04987,50.95,-6e-05,0.00106,-0.00035,-0.00048,0.00133,-0.00285,0.00526,0.00767,-0.00285,-0.00936,0.00997,-0.01252,0.05509,0.07707,-0.01252,0.03966,0.07707,-0.01252,COMPRESSION_REGIME
5m,1789788600000,1789788899999,2026-09-19 03:30:00+00:00,COMPRESSION,0.0861,False,81124.01,-0.00022417435070776204,0.0004621319878047287,10.72951,0.0005870633971343371,LOW_VOLATILITY_COMPRESSION,5m_507,GEV_0102,-0.00293,30.3,0.00116,46.63,0.00373,56.12,0.04798,81.45,0.06939,57.95,0.04982,50.93,-0.00153,0.00128,-0.00153,-0.0001,0.00155,-0.00262,0.00638,0.0079,-0.00262,-0.00918,0.01019,-0.0123,0.05446,0.07731,-0.0123,0.03989,0.07731,-0.0123,COMPRESSION_REGIME
5m,1789788900000,1789789199999,2026-09-19 03:35:00+00:00,COMPRESSION,0.0182,False,81123.45,-6.9030118210466895e-06,0.00030928171817145976,14.0425,0.0005908303082257393,LOW_VOLATILITY_COMPRESSION,5m_508,GEV_0102,-0.00266,29.27,0.00271,45.86,0.00439,55.54,0.049,81.28,0.07023,57.92,0.04994,50.93,-0.00238,0.00129,-0.00245,-0.00096,0.00156,-0.00262,0.00668,0.0079,-0.00262,-0.0102,0.0102,-0.01229,0.05375,0.07732,-0.01229,0.0399,0.07732,-0.01229,COMPRESSION_REGIME
5m,1789789200000,1789789499999,2026-09-19 03:40:00+00:00,COMPRESSION,0.1799,False,81168.01,0.0005492863037752649,0.0005529271938538922,11.11024,0.0006313960515425351,LOW_VOLATILITY_COMPRESSION,5m_509,GEV_0102,-0.00189,26.76,0.00331,44.99,0.00649,55.07,0.04945,81.19,0.07093,57.9,0.05077,50.94,-0.00242,0.00074,-0.00316,-0.0014,0.00101,-0.00316,0.00925,0.00965,-0.00316,-0.00961,0.00965,-0.01284,0.05321,0.07673,-0.01284,0.03933,0.07673,-0.01284,COMPRESSION_REGIME
5m,1789789500000,1789789799999,2026-09-19 03:45:00+00:00,COMPRESSION,0.0648,False,81180.0,0.0001477182944364941,0.00017245627001724563,9.6837,0.0006371619665497866,LOW_VOLATILITY_COMPRESSION,5m_510,GEV_0102,-0.00169,23.62,0.00334,44.11,0.00624,54.65,0.04858,81.03,0.07103,57.89,0.05092,50.93,-0.00243,0.00059,-0.00331,-0.00173,0.00086,-0.00331,0.00618,0.0095,-0.00331,-0.00862,0.0095,-0.01298,0.05381,0.07657,-0.01298,0.03917,0.07657,-0.01298,COMPRESSION_REGIME
5m,1789789800000,1789790099999,2026-09-19 03:50:00+00:00,COMPRESSION,0.0323,False,81181.26,1.55210643015824e-05,0.000200292530566719,10.11059,0.0006369214581782314,LOW_VOLATILITY_COMPRESSION,5m_511,GEV_0102,-0.00139,21.85,0.00332,43.91,0.00592,53.73,0.04874,80.88,0.07144,57.88,0.05064,50.93,-0.00208,0.00058,-0.00333,-0.00052,0.00085,-0.00333,0.00629,0.00948,-0.00333,-0.00839,0.00948,-0.013,0.05328,0.07655,-0.013,0.03916,0.07655,-0.013,COMPRESSION_REGIME
5m,1789790100000,1789790399999,2026-09-19 03:55:00+00:00,COMPRESSION,0.197,False,81136.01,-0.0005573946499475291,0.0006653026196384378,9.81565,0.0006436281921551471,LOW_VOLATILITY_COMPRESSION,5m_512,GEV_0102,-0.00208,20.31,0.00312,43.71,0.00508,53.17,0.04849,80.66,0.07006,57.88,0.05006,50.93,-0.00138,0.00113,-0.00277,-0.00044,0.0014,-0.00277,0.00616,0.01004,-0.00277,-0.00801,0.01004,-0.01245,0.05616,0.07715,-0.01245,0.03974,0.07715,-0.01245,COMPRESSION_REGIME
5m,1789790400000,1789790699999,2026-09-19 04:00:00+00:00,COMPRESSION,0.0556,False,81143.02,8.639813567379306e-05,0.0003851224664795567,17.03548,0.0004906211978388777,LOW_VOLATILITY_COMPRESSION,5m_513,GEV_0102,-0.00318,18.98,0.0035,40.02,0.0039,52.71,0.04913,80.56,0.06897,57.88,0.04967,50.94,-0.00092,0.00105,-0.00286,-0.00052,0.00132,-0.00286,0.00428,0.00996,-0.00286,-0.00778,0.00996,-0.01253,0.05623,0.07706,-0.01253,0.03965,0.07706,-0.01253,COMPRESSION_REGIME
5m,1789791000000,1789791299999,2026-09-19 04:10:00+00:00,COMPRESSION,0.0668,False,81208.3,0.0002086428900809345,0.00025428435270771803,9.11081,0.0004983948598114988,LOW_VOLATILITY_COMPRESSION,5m_514,GEV_0102,-0.00098,18.95,0.00287,37.82,0.00298,51.29,0.05068,80.43,0.07008,57.91,0.05064,50.97,-0.00202,0.00024,-0.00366,0.00041,0.00051,-0.00366,0.0068,0.00915,-0.00366,-0.00959,0.00915,-0.01333,0.05437,0.07619,-0.01333,0.03881,0.07619,-0.01333,COMPRESSION_REGIME
5m,1789791600000,1789791899999,2026-09-19 04:20:00+00:00,COMPRESSION,0.0727,False,81150.37,4.362462464646555e-05,0.0007145993296147718,18.25546,0.00042280392613050906,LOW_VOLATILITY_COMPRESSION,5m_515,GEV_0102,-0.00046,17.74,0.00102,37.15,0.00181,50.16,0.05013,80.07,0.06809,57.91,0.0507,50.97,-0.00084,0.00044,-0.00295,0.00167,0.00324,-0.00295,0.00869,0.00987,-0.00295,-0.00886,0.00987,-0.01262,0.05444,0.07696,-0.01262,0.03955,0.07696,-0.01262,COMPRESSION_REGIME
5m,1789791900000,1789792199999,2026-09-19 04:25:00+00:00,COMPRESSION,0.0967,False,81137.69,-0.00015625313846368005,0.0006732999177078452,20.64731,0.0003919558088955588,LOW_VOLATILITY_COMPRESSION,5m_516,GEV_0102,-6e-05,16.45,0.00046,36.92,0.00106,49.8,0.04996,79.98,0.06943,57.89,0.0503,50.97,-0.00079,0.00058,-0.00279,0.00198,0.0034,-0.00279,0.00848,0.01002,-0.00279,-0.00877,0.01002,-0.01247,0.05458,0.07713,-0.01247,0.03971,0.07713,-0.01247,COMPRESSION_REGIME
5m,1789793100000,1789793399999,2026-09-19 04:45:00+00:00,COMPRESSION,0.1153,False,80983.07,0.00013733150800998573,0.0005927164776539096,20.6478,0.0006567324096482163,LOW_VOLATILITY_COMPRESSION,5m_517,GEV_0102,-0.00243,24.19,-0.00379,37.36,0.0016,47.96,0.04695,79.57,0.06691,57.92,0.04824,50.9,0.00051,0.00201,-0.00051,0.0044,0.00531,-0.00071,0.01071,0.01195,-0.00071,-0.00742,0.01195,-0.01058,0.05565,0.07918,-0.01058,0.0417,0.07918,-0.01058,COMPRESSION_REGIME
5m,1789795800000,1789796099999,2026-09-19 05:30:00+00:00,COMPRESSION,0.0901,False,81089.41,0.0001984623301476418,0.0004454342435098479,10.05915,0.0005306954680719215,LOW_VOLATILITY_COMPRESSION,5m_518,GEV_0103,0.0011,24.07,-0.00023,26.68,0.0061,45.31,0.04392,77.99,0.06876,57.8,0.04979,50.66,-0.00029,0.00033,-0.00202,0.0027,0.00541,-0.00202,0.00563,0.01063,-0.00202,-0.00604,0.01063,-0.01188,0.05069,0.07777,-0.01188,0.04033,0.07777,-0.01188,COMPRESSION_REGIME
5m,1789796100000,1789796399999,2026-09-19 05:35:00+00:00,COMPRESSION,0.1375,False,81114.85,0.00031372777283733555,0.0006752154506849179,8.0767,0.0004386296225548934,LOW_VOLATILITY_COMPRESSION,5m_519,GEV_0103,0.00228,20.92,-0.00038,25.55,0.00538,44.72,0.04463,77.79,0.06843,57.78,0.05016,50.65,-0.00043,1e-05,-0.00233,0.00243,0.00509,-0.00233,0.00445,0.01031,-0.00233,-0.00743,0.01031,-0.01219,0.05221,0.07743,-0.01219,0.04001,0.07743,-0.01219,COMPRESSION_REGIME
5m,1789796700000,1789796999999,2026-09-19 05:45:00+00:00,COMPRESSION,0.0696,False,81024.17,-3.023697644055634e-05,0.00034557589420539575,25.14846,0.0005581289278548063,LOW_VOLATILITY_COMPRESSION,5m_520,GEV_0103,0.00051,19.08,-0.00366,25.79,0.00216,44.6,0.04522,77.68,0.06726,57.79,0.04899,50.66,0.00059,0.00096,-0.00121,0.00388,0.00622,-0.00121,0.00591,0.01144,-0.00121,-0.00617,0.01144,-0.01108,0.05571,0.07864,-0.01108,0.04117,0.07864,-0.01108,COMPRESSION_REGIME
5m,1789797900000,1789798199999,2026-09-19 06:05:00+00:00,COMPRESSION,0.1226,False,81040.0,0.00027438424928249994,0.0005705824284302899,9.15257,0.0005331683883856718,LOW_VOLATILITY_COMPRESSION,5m_521,GEV_0103,-0.00104,19.52,-0.00393,24.51,0.00146,43.39,0.04551,77.43,0.06615,57.69,0.04965,50.55,0.00088,0.00088,-0.00141,0.00282,0.00602,-0.00141,0.00531,0.01124,-0.00141,-0.00669,0.01124,-0.01128,0.05293,0.07843,-0.01128,0.04097,0.07843,-0.01128,COMPRESSION_REGIME
5m,1789798200000,1789798499999,2026-09-19 06:10:00+00:00,COMPRESSION,0.1726,False,81001.51,-0.0004749506416584781,0.00047529978144851873,13.53028,0.00047074520928296526,LOW_VOLATILITY_COMPRESSION,5m_522,GEV_0103,-0.00053,19.43,-0.0046,24.06,0.0016,43.17,0.04523,77.34,0.06587,57.67,0.04911,50.54,0.00201,0.00201,-0.00094,0.00378,0.0065,-0.00094,0.00471,0.01172,-0.00094,-0.00594,0.01172,-0.01081,0.05367,0.07894,-0.01081,0.04146,0.07894,-0.01081,COMPRESSION_REGIME
5m,1789798800000,1789799099999,2026-09-19 06:20:00+00:00,COMPRESSION,0.163,False,80950.35,-0.0004235370530092375,0.00042396357767454965,14.95726,0.00045398185379222236,LOW_VOLATILITY_COMPRESSION,5m_523,GEV_0103,-0.00163,18.38,-0.00599,23.62,0.00139,42.26,0.04264,77.22,0.06645,57.62,0.04817,50.55,0.00198,0.0037,-0.0003,0.00425,0.00714,-0.0003,0.00627,0.01236,-0.0003,-0.00546,0.01236,-0.01018,0.05329,0.07962,-0.01018,0.04212,0.07962,-0.01018,COMPRESSION_REGIME
5m,1789799700000,1789799999999,2026-09-19 06:35:00+00:00,COMPRESSION,0.0922,False,81079.76,0.00016998499247145027,0.0002652943225287638,13.46838,0.0005952887088562011,LOW_VOLATILITY_COMPRESSION,5m_524,GEV_0103,-0.00043,20.24,-0.00319,23.07,-0.00059,41.58,0.04518,76.94,0.06892,57.58,0.04911,50.57,-0.00042,0.0021,-0.00061,0.00198,0.00553,-0.00061,0.00521,0.01075,-0.00061,-0.00843,0.01075,-0.01176,0.05528,0.0779,-0.01176,0.04046,0.0779,-0.01176,COMPRESSION_REGIME
5m,1789800000000,1789800299999,2026-09-19 06:40:00+00:00,COMPRESSION,0.0734,False,81069.85,-0.00012222532479111425,0.0002015545853359357,17.88345,0.0004973084715648928,LOW_VOLATILITY_COMPRESSION,5m_525,GEV_0103,0.00053,21.0,-0.0031,22.55,0.00156,40.49,0.04571,76.83,0.06766,57.56,0.04855,50.57,-0.0002,0.00222,-0.00049,0.00232,0.00565,-0.00049,0.00518,0.01087,-0.00049,-0.00852,0.01087,-0.01164,0.05458,0.07803,-0.01164,0.04058,0.07803,-0.01164,COMPRESSION_REGIME
5m,1789800300000,1789800599999,2026-09-19 06:45:00+00:00,COMPRESSION,0.0441,False,81072.0,2.6520340175695267e-05,0.0003926139727647917,10.00294,0.0004968032195542262,LOW_VOLATILITY_COMPRESSION,5m_526,GEV_0103,0.00059,19.24,-0.00301,21.72,0.00042,40.35,0.04601,76.75,0.06707,57.56,0.04842,50.57,-0.0004,0.0022,-0.00052,0.00289,0.00562,-0.00052,0.00487,0.01084,-0.00052,-0.00824,0.01084,-0.01167,0.05408,0.078,-0.01167,0.04056,0.078,-0.01167,COMPRESSION_REGIME
5m,1789800600000,1789800899999,2026-09-19 06:50:00+00:00,COMPRESSION,0.1788,False,81045.37,-0.0003284734556937563,0.00032870477363481,28.2012,0.00047323935046568954,LOW_VOLATILITY_COMPRESSION,5m_527,GEV_0103,-0.00035,19.47,-0.00306,21.62,0.00052,40.23,0.04638,76.7,0.06728,57.56,0.04832,50.57,0.00116,0.00252,-0.00019,0.00336,0.00596,-0.00019,0.00482,0.01117,-0.00019,-0.00925,0.01117,-0.01134,0.05442,0.07835,-0.01134,0.0409,0.07835,-0.01134,COMPRESSION_REGIME
5m,1789800900000,1789801199999,2026-09-19 06:55:00+00:00,COMPRESSION,0.0677,False,81052.01,8.192941805318377e-05,0.00029610616689209804,18.25701,0.0004575576948339361,LOW_VOLATILITY_COMPRESSION,5m_528,GEV_0103,0.00015,18.7,-0.00311,21.38,0.0014,40.01,0.04443,76.58,0.06605,57.56,0.04868,50.58,0.00059,0.00244,-0.00027,0.00203,0.00587,-0.00027,0.00464,0.01109,-0.00027,-0.00916,0.01109,-0.01142,0.05345,0.07827,-0.01142,0.04081,0.07827,-0.01142,COMPRESSION_REGIME
5m,1789801200000,1789801499999,2026-09-19 07:00:00+00:00,COMPRESSION,0.1443,False,81081.57,0.00036470409555566796,0.0003646944675591134,7.21037,0.00045833360176623575,LOW_VOLATILITY_COMPRESSION,5m_529,GEV_0103,0.00079,17.78,-0.00394,20.83,0.0013,39.68,0.04391,76.37,0.06573,57.51,0.0486,50.58,0.00023,0.00208,-0.00061,0.00269,0.00551,-0.00061,0.00454,0.01072,-0.00061,-0.00959,0.01072,-0.01178,0.05282,0.07787,-0.01178,0.04043,0.07787,-0.01178,COMPRESSION_REGIME
5m,1789801500000,1789801799999,2026-09-19 07:05:00+00:00,COMPRESSION,0.1528,False,81111.0,0.0003629678113039603,0.00036295940131409767,13.21364,0.0004626923986606708,LOW_VOLATILITY_COMPRESSION,5m_530,GEV_0103,0.00088,17.04,-0.00266,20.25,0.00028,39.49,0.04487,76.26,0.06798,57.47,0.04865,50.57,0.00106,0.00171,-0.00097,0.00316,0.00514,-0.00097,0.00362,0.01036,-0.00097,-0.00959,0.01036,-0.01214,0.0533,0.07748,-0.01214,0.04006,0.07748,-0.01214,COMPRESSION_REGIME
5m,1789803000000,1789803299999,2026-09-19 07:30:00+00:00,COMPRESSION,0.1245,False,81116.19,0.0001601663066315151,0.0005465000266901311,15.80041,0.0005465387375286082,LOW_VOLATILITY_COMPRESSION,5m_531,GEV_0103,0.00062,18.76,-0.0001,19.92,-0.00017,37.62,0.04232,75.41,0.06982,57.31,0.04937,50.58,0.00256,0.00366,-0.00104,0.00155,0.00508,-0.00104,0.00317,0.01029,-0.00104,-0.00922,0.01029,-0.01221,0.05027,0.07741,-0.01221,0.03999,0.07741,-0.01221,COMPRESSION_REGIME
5m,1789807200000,1789807499999,2026-09-19 08:40:00+00:00,COMPRESSION,0.142,False,81322.01,-0.00030339279938751407,0.000333857955552183,6.9959,0.0005353239182521023,LOW_VOLATILITY_COMPRESSION,5m_532,GEV_0104,0.00331,31.78,0.00432,22.92,0.0019,34.9,0.04301,71.2,0.07628,56.61,0.05134,50.54,-0.00073,0.00253,-0.00093,-0.00052,0.00253,-0.0015,-0.00043,0.00773,-0.00171,-0.01311,0.00773,-0.01471,0.05936,0.07469,-0.01471,0.03736,0.07469,-0.01471,COMPRESSION_REGIME
5m,1789807500000,1789807799999,2026-09-19 08:45:00+00:00,COMPRESSION,0.1023,False,81339.06,0.00020966033672809026,0.0002098622728121887,7.18633,0.0005171029465940432,LOW_VOLATILITY_COMPRESSION,5m_533,GEV_0104,0.00369,30.97,0.0044,22.07,0.00312,34.64,0.04298,71.12,0.0765,56.59,0.05142,50.55,-0.0,0.00232,-0.00114,-0.00078,0.00232,-0.00171,-0.00153,0.00752,-0.00192,-0.01346,0.00752,-0.01491,0.05975,0.07446,-0.01491,0.03714,0.07446,-0.01491,COMPRESSION_REGIME
5m,1789808100000,1789808399999,2026-09-19 08:55:00+00:00,COMPRESSION,0.0717,False,81312.01,7.391828401348555e-05,0.0004172815307356566,11.54126,0.0004201337847127613,LOW_VOLATILITY_COMPRESSION,5m_534,GEV_0104,0.00261,29.77,0.00355,21.76,0.00249,33.88,0.03884,71.0,0.07362,56.58,0.05109,50.55,0.00017,0.00266,-0.00081,0.00022,0.00266,-0.00138,-0.00193,0.00786,-0.00285,-0.01288,0.00786,-0.01459,0.06041,0.07482,-0.01459,0.03749,0.07482,-0.01459,COMPRESSION_REGIME
5m,1789808400000,1789808699999,2026-09-19 09:00:00+00:00,COMPRESSION,0.158,False,81331.06,0.0002342827338790432,0.00048025932528111245,18.43501,0.00041469051003585464,LOW_VOLATILITY_COMPRESSION,5m_535,GEV_0104,0.00284,27.75,0.00324,21.86,0.00172,33.78,0.03856,70.56,0.07192,56.58,0.05122,50.56,-0.00066,0.00242,-0.00104,1e-05,0.00242,-0.00161,-0.00169,0.00762,-0.00308,-0.01256,0.00762,-0.01482,0.05379,0.07457,-0.01482,0.03724,0.07457,-0.01482,COMPRESSION_REGIME
5m,1789809300000,1789809599999,2026-09-19 09:15:00+00:00,COMPRESSION,0.15,False,81433.97,-1.3998875914800202e-05,0.0005525949428721208,34.46651,0.000523223837555111,LOW_VOLATILITY_COMPRESSION,5m_536,GEV_0104,0.00234,30.81,0.00437,24.15,0.00392,33.87,0.03952,69.51,0.07425,56.48,0.05262,50.61,-0.00167,0.00081,-0.00253,-0.00169,0.00081,-0.00308,-0.0054,0.00635,-0.00575,-0.01393,0.00635,-0.01606,0.05527,0.07321,-0.01606,0.03593,0.07321,-0.01606,COMPRESSION_REGIME
5m,1789813800000,1789814099999,2026-09-19 10:30:00+00:00,COMPRESSION,0.2408,False,81268.0,-0.0004779424515963804,0.00047817098981149507,18.98278,0.00043873223623875707,LOW_VOLATILITY_COMPRESSION,5m_537,GEV_0105,-0.00049,34.53,0.00249,28.57,0.00122,33.46,0.03815,67.99,0.06968,56.59,0.0505,50.71,-0.00032,0.00131,-0.00084,0.00335,0.00457,-0.00104,-0.00197,0.0084,-0.00447,-0.01085,0.0084,-0.01405,0.05566,0.0754,-0.01405,0.03805,0.0754,-0.01405,COMPRESSION_REGIME
5m,1789814100000,1789814399999,2026-09-19 10:35:00+00:00,COMPRESSION,0.1986,False,81240.01,-0.00034441600630019664,0.0005052928969357384,16.76748,0.00044618372239847194,LOW_VOLATILITY_COMPRESSION,5m_538,GEV_0105,-0.00088,30.61,0.00198,28.31,0.00069,33.25,0.03811,67.89,0.06934,56.58,0.05013,50.71,0.00037,0.00165,-0.00049,0.00327,0.00492,-0.0007,-0.00027,0.00875,-0.00413,-0.011,0.00875,-0.01371,0.0576,0.07577,-0.01371,0.0384,0.07577,-0.01371,COMPRESSION_REGIME
5m,1789815000000,1789815299999,2026-09-19 10:50:00+00:00,COMPRESSION,0.1207,False,81317.47,0.00014107199960644579,0.00046078659358193467,15.31889,0.0003577207455663774,LOW_VOLATILITY_COMPRESSION,5m_539,GEV_0105,-0.0001,28.6,0.00336,28.56,0.00234,32.92,0.03835,67.76,0.07091,56.58,0.05177,50.71,-0.00021,0.0007,-0.00144,0.00239,0.00396,-0.00165,-0.00073,0.00779,-0.00508,-0.01153,0.00779,-0.01465,0.0572,0.07475,-0.01465,0.03742,0.07475,-0.01465,COMPRESSION_REGIME
5m,1789819800000,1789820099999,2026-09-19 12:10:00+00:00,COMPRESSION,0.1319,False,81347.99,-1.2292865214647009e-07,0.0004654079344800109,32.43869,0.0004302974884925618,LOW_VOLATILITY_COMPRESSION,5m_540,GEV_0105,0.00042,24.43,0.0013,33.19,0.00459,31.28,0.04181,67.53,0.06874,56.51,0.05196,50.91,-0.00135,0.00027,-0.00202,0.00507,0.00741,-0.00202,-0.00076,0.00741,-0.00545,-0.01057,0.00741,-0.01502,0.05618,0.07434,-0.01502,0.03703,0.07434,-0.01502,COMPRESSION_REGIME
5m,1789821300000,1789821599999,2026-09-19 12:35:00+00:00,COMPRESSION,0.101,False,81280.01,0.0001058182699178456,0.0002715304784043086,16.52356,0.0004224448228016888,LOW_VOLATILITY_COMPRESSION,5m_541,GEV_0105,0.00012,25.55,-0.00082,32.55,7e-05,31.01,0.03979,67.3,0.06984,56.37,0.05095,50.95,-0.0002,0.00077,-0.00119,0.00689,0.00826,-0.00119,0.00041,0.00826,-0.00462,-0.01111,0.00826,-0.0142,0.05832,0.07524,-0.0142,0.03789,0.07524,-0.0142,COMPRESSION_REGIME
5m,1789821600000,1789821899999,2026-09-19 12:40:00+00:00,COMPRESSION,0.0667,False,81280.04,3.69094442786988e-07,0.00014394677955371443,22.19336,0.00041833763531558325,LOW_VOLATILITY_COMPRESSION,5m_542,GEV_0105,-7e-05,26.19,-0.00052,32.43,-0.00052,31.02,0.04045,67.1,0.07002,56.34,0.05122,50.96,-0.00021,0.00077,-0.00119,0.00715,0.00825,-0.00119,0.00061,0.00825,-0.00462,-0.01137,0.00825,-0.0142,0.05785,0.07524,-0.0142,0.03789,0.07524,-0.0142,COMPRESSION_REGIME
5m,1789821900000,1789822199999,2026-09-19 12:45:00+00:00,COMPRESSION,0.1384,False,81275.85,-5.155017148106289e-05,0.0004435511901752231,24.22031,0.0004146417679377623,LOW_VOLATILITY_COMPRESSION,5m_543,GEV_0105,-0.0003,26.3,-0.00078,32.78,-0.00019,30.97,0.04072,67.06,0.06911,56.33,0.05105,50.94,-0.00011,0.00082,-0.00114,0.00706,0.00831,-0.00114,0.00025,0.00831,-0.00457,-0.01083,0.00831,-0.01415,0.05827,0.0753,-0.01415,0.03795,0.0753,-0.01415,COMPRESSION_REGIME
5m,1789822500000,1789822799999,2026-09-19 12:55:00+00:00,COMPRESSION,0.0392,False,81330.0,0.0,0.00015357186769956029,12.75304,0.00046040166794941544,LOW_VOLATILITY_COMPRESSION,5m_544,GEV_0105,0.00034,28.14,0.00022,33.12,-0.00415,29.76,0.04212,66.93,0.07058,56.31,0.05159,50.94,0.00042,0.00045,-0.0018,0.00626,0.00764,-0.0018,-0.00045,0.00764,-0.00523,-0.01028,0.00764,-0.0148,0.05772,0.07458,-0.0148,0.03726,0.07458,-0.0148,COMPRESSION_REGIME
5m,1789822800000,1789823099999,2026-09-19 13:00:00+00:00,COMPRESSION,0.1663,False,81332.01,2.471412762816705e-05,0.0004564008684894834,32.93824,0.0004579003013598255,LOW_VOLATILITY_COMPRESSION,5m_545,GEV_0105,0.00018,26.92,1e-05,33.56,-0.00202,29.04,0.04222,66.95,0.07377,56.31,0.05167,50.88,0.00055,0.00055,-0.00183,0.00573,0.00761,-0.00183,-0.00075,0.00761,-0.00526,-0.00942,0.00761,-0.01483,0.05806,0.07455,-0.01483,0.03723,0.07455,-0.01483,COMPRESSION_REGIME
5m,1789824900000,1789825199999,2026-09-19 13:35:00+00:00,COMPRESSION,0.1052,False,81264.0,-2.4733587880021446e-05,0.0004261419570782223,17.34173,0.0004529003269639143,LOW_VOLATILITY_COMPRESSION,5m_546,GEV_0105,-0.0002,26.28,-0.00059,31.39,0.00145,27.73,0.0292,66.25,0.07507,56.05,0.05136,50.63,0.00297,0.00462,-0.00044,0.00261,0.00845,-0.00044,-0.00204,0.00845,-0.00442,-0.0095,0.00845,-0.014,0.05621,0.07545,-0.014,0.0381,0.07545,-0.014,COMPRESSION_REGIME
5m,1789825200000,1789825499999,2026-09-19 13:40:00+00:00,COMPRESSION,0.1469,False,81263.09,-1.1198070486329037e-05,0.00035132801373911464,33.26252,0.0004528736631912352,LOW_VOLATILITY_COMPRESSION,5m_547,GEV_0105,-0.00021,27.57,0.0,31.59,0.00112,27.7,0.02479,65.34,0.07241,56.03,0.05132,50.63,0.00337,0.00463,-0.00043,0.00289,0.00847,-0.00043,-0.00228,0.00847,-0.00441,-0.00862,0.00847,-0.01399,0.05753,0.07547,-0.01399,0.03811,0.07547,-0.01399,COMPRESSION_REGIME
5m,1789825500000,1789825799999,2026-09-19 13:45:00+00:00,COMPRESSION,0.0809,False,81266.64,4.36852696592549e-05,0.00020475806554816857,13.79387,0.0004530548271955509,LOW_VOLATILITY_COMPRESSION,5m_548,GEV_0105,-0.00011,26.92,-0.00089,31.16,-0.00067,27.74,0.0159,63.83,0.07108,55.98,0.0513,50.55,0.00304,0.00459,-0.00047,0.0029,0.00842,-0.00047,-0.00237,0.00842,-0.00446,-0.00889,0.00842,-0.01404,0.05975,0.07542,-0.01404,0.03806,0.07542,-0.01404,COMPRESSION_REGIME
5m,1789832400000,1789832699999,2026-09-19 15:40:00+00:00,BREAKOUT_CANDIDATE,0.95,False,81919.05,0.0031107569814785574,0.0034911293526964145,196.35163,0.0011195623813841475,TRENDING_UP,5m_549,GEV_0106,0.00469,72.53,0.00779,45.07,0.00925,33.3,0.0158,44.3,0.08173,56.27,0.05834,51.05,-0.00071,0.00039,-0.00546,-0.00722,0.00039,-0.00744,-0.01869,0.00039,-0.02189,-0.01318,0.00039,-0.02189,0.05665,0.06685,-0.02189,0.0298,0.06685,-0.02189,FALSE_BREAKOUT_CANDIDATE
5m,1789832700000,1789832999999,2026-09-19 15:45:00+00:00,DOWNWARD_EXPANSION,0.9694,False,81681.76,-0.0028966400367193,0.002905054935153309,105.50965,0.0014645956815074173,HIGH_VOLATILITY,5m_550,GEV_0106,0.00206,77.22,0.0047,46.76,0.00618,33.96,0.01245,44.42,0.07731,56.36,0.05559,51.09,0.00206,0.00291,-0.00257,-0.00405,0.00291,-0.00456,-0.01471,0.00291,-0.01905,-0.00957,0.00291,-0.01905,0.05882,0.06995,-0.01905,0.03279,0.06995,-0.01905,EVENT_CONTINUATION
5m,1789844400000,1789844699999,2026-09-19 19:00:00+00:00,COMPRESSION,0.1719,False,81450.0,0.00026931744790203993,0.0003184775936155651,6.55187,0.0004598630497598099,LOW_VOLATILITY_COMPRESSION,5m_551,GEV_0107,-0.00049,21.11,-0.00285,51.14,0.00454,39.6,0.00585,39.75,0.07095,53.3,0.05549,51.52,-0.00072,5e-05,-0.00172,-0.00236,5e-05,-0.0067,-0.01407,5e-05,-0.01625,-0.00413,0.00058,-0.01625,0.06164,0.073,-0.01625,0.03573,0.073,-0.01625,COMPRESSION_REGIME
5m,1789845000000,1789845299999,2026-09-19 19:10:00+00:00,COMPRESSION,0.1958,False,81380.86,-0.0002950683054874226,0.0003590524848226126,13.14599,0.00037253217686326445,LOW_VOLATILITY_COMPRESSION,5m_552,GEV_0107,-2e-05,19.84,-0.00391,47.68,0.00267,39.65,0.00228,39.57,0.07151,53.08,0.05445,51.5,0.00039,0.00083,-0.00087,-0.00123,0.00083,-0.00585,-0.01274,0.00083,-0.01542,-0.00357,0.00143,-0.01542,0.06262,0.07391,-0.01542,0.03661,0.07391,-0.01542,COMPRESSION_REGIME
5m,1789845900000,1789846199999,2026-09-19 19:25:00+00:00,COMPRESSION,0.2337,False,81397.69,-0.00027413408571175246,0.0003673322916165579,20.92693,0.00033405964439526994,LOW_VOLATILITY_COMPRESSION,5m_553,GEV_0107,-0.00057,19.26,-0.00211,43.56,0.00363,39.57,0.00173,38.91,0.07739,52.86,0.05544,51.42,-0.00183,0.00041,-0.00183,-0.00113,0.00041,-0.00606,-0.01229,0.00041,-0.01562,-0.00345,0.00122,-0.01562,0.06308,0.07369,-0.01562,0.03639,0.07369,-0.01562,COMPRESSION_REGIME
5m,1789846200000,1789846499999,2026-09-19 19:30:00+00:00,COMPRESSION,0.1727,False,81373.33,-0.0002992713920997314,0.00031558251333707946,7.77671,0.00033521790202094406,LOW_VOLATILITY_COMPRESSION,5m_554,GEV_0107,-0.00102,18.08,-0.00328,43.11,0.00317,39.55,0.003,38.66,0.07345,52.76,0.05484,51.35,-0.00156,0.00071,-0.00158,-0.00013,0.00071,-0.00576,-0.01235,0.00071,-0.01533,-0.00132,0.00152,-0.01533,0.06259,0.07401,-0.01533,0.0367,0.07401,-0.01533,COMPRESSION_REGIME
5m,1789848600000,1789848899999,2026-09-19 20:10:00+00:00,COMPRESSION,0.1615,False,81412.93,-5.170901360584956e-05,0.0002682620561622891,28.50616,0.0002741104887091466,LOW_VOLATILITY_COMPRESSION,5m_555,GEV_0107,0.00039,24.15,-0.00425,35.12,0.0021,39.41,0.00413,37.56,0.06813,52.42,0.05482,51.27,-0.00507,5e-05,-0.00513,-0.00156,5e-05,-0.00625,-0.0122,5e-05,-0.01581,-0.00318,0.00104,-0.01581,0.0589,0.07349,-0.01581,0.0362,0.07349,-0.01581,COMPRESSION_REGIME
5m,1789850100000,1789850399999,2026-09-19 20:35:00+00:00,COMPRESSION,0.2182,False,81266.0,0.00023668633226892055,0.0002367533777962578,18.70007,0.00044042859872581456,LOW_VOLATILITY_COMPRESSION,5m_556,GEV_0107,-0.00101,34.48,-0.00701,32.39,-0.00099,39.82,0.00322,37.49,0.06777,52.41,0.05316,51.35,-0.00263,0.00026,-0.00445,0.00058,0.00132,-0.00445,-0.01138,0.00132,-0.01403,-0.00162,0.00285,-0.01403,0.06247,0.07543,-0.01403,0.03807,0.07543,-0.01403,COMPRESSION_REGIME
5m,1789850400000,1789850699999,2026-09-19 20:40:00+00:00,COMPRESSION,0.222,False,81287.1,0.0002596411783526431,0.0002857772020407971,16.9268,0.0004474969800298703,LOW_VOLATILITY_COMPRESSION,5m_557,GEV_0107,-0.0005,33.96,-0.00701,31.32,-0.00043,39.75,0.00147,37.43,0.06774,52.39,0.05321,51.36,-0.00329,0.0,-0.00471,0.00053,0.00106,-0.00471,-0.01268,0.00106,-0.01428,-0.00181,0.00259,-0.01428,0.06194,0.07515,-0.01428,0.0378,0.07515,-0.01428,COMPRESSION_REGIME
5m,1789865700000,1789865999999,2026-09-20 00:55:00+00:00,COMPRESSION,0.1648,False,81293.37,-2.4602246262439564e-07,0.0002793585749980823,31.10741,0.0004210320579262712,LOW_VOLATILITY_COMPRESSION,5m_558,GEV_0108,0.00053,58.68,0.0017,40.62,-0.00045,42.73,-0.0046,36.33,0.06485,52.59,0.05199,51.95,-0.0024,8e-05,-0.00328,-0.01059,8e-05,-0.01436,-0.00984,8e-05,-0.01436,0.00387,0.00684,-0.01436,0.06352,0.07507,-0.01436,0.03772,0.07507,-0.01436,COMPRESSION_REGIME
5m,1789872000000,1789872299999,2026-09-20 02:40:00+00:00,BREAKDOWN_CANDIDATE,0.991,True,80562.86,-0.004345206573115101,0.004364293919059053,282.875,0.0012968303669832458,HIGH_VOLATILITY,5m_559,GEV_0109,-0.00635,50.09,-0.00841,40.99,-0.01194,42.38,-0.00934,35.88,0.05413,52.36,0.0421,52.15,-0.00217,0.00436,-0.00542,-0.00228,0.00436,-0.00542,0.00087,0.00436,-0.00542,0.00862,0.01908,-0.00542,0.07355,0.08481,-0.00542,0.04713,0.08481,-0.00542,FALSE_BREAKDOWN_CANDIDATE
5m,1789872600000,1789872899999,2026-09-20 02:50:00+00:00,DOWNWARD_EXPANSION,0.9714,False,80470.2,-0.001279208352844674,0.0038408006939213827,161.77979,0.001306751661249498,TRENDING_DOWN,5m_560,GEV_0109,-0.00752,69.52,-0.0097,47.01,-0.01278,43.98,-0.01013,36.72,0.05388,52.64,0.04098,52.26,0.00037,0.00238,-0.00428,-0.00217,0.00246,-0.00428,0.00286,0.00397,-0.00428,0.01068,0.02025,-0.00428,0.07458,0.08606,-0.00428,0.04834,0.08606,-0.00428,FAILED_EXPANSION
5m,1789872900000,1789873199999,2026-09-20 02:55:00+00:00,DOWNWARD_EXPANSION,0.9795,False,80331.52,-0.001723370887607989,0.003107248561959248,280.21319,0.0013123292762936267,TRENDING_DOWN,5m_561,GEV_0109,-0.00945,90.53,-0.01144,52.53,-0.01538,45.74,-0.01197,37.58,0.05187,52.93,0.03935,52.38,0.00193,0.00242,-0.00256,-0.00027,0.00419,-0.00256,0.00436,0.0057,-0.00256,0.01219,0.02201,-0.00256,0.07744,0.08794,-0.00256,0.05015,0.08794,-0.00256,FAILED_EXPANSION
5m,1789873800000,1789874099999,2026-09-20 03:10:00+00:00,BREAKDOWN_CANDIDATE,0.9599,False,80247.39,-0.0023510470992645915,0.002754232879100361,68.93144,0.0014181582747262254,TRENDING_DOWN,5m_562,GEV_0109,-0.01115,128.55,-0.01272,62.51,-0.01778,47.75,-0.0128,39.11,0.04981,53.48,0.03843,52.63,0.00227,0.00347,-0.00151,0.0012,0.00524,-0.00151,0.00646,0.00849,-0.00151,0.01342,0.02309,-0.00151,0.0785,0.08908,-0.00151,0.05125,0.08908,-0.00151,FALSE_BREAKDOWN_CANDIDATE
5m,1789874100000,1789874399999,2026-09-20 03:15:00+00:00,UPWARD_EXPANSION,0.9865,False,80439.75,0.0023970873071386123,0.00390018616417891,111.09718,0.0017106751166179725,TRENDING_DOWN,5m_563,GEV_0109,-0.00773,136.24,-0.0102,64.48,-0.01482,47.57,-0.00926,39.43,0.05255,53.59,0.04089,52.65,-0.00084,0.00126,-0.0039,-0.00151,0.00284,-0.0039,0.00488,0.00608,-0.0039,0.01199,0.02064,-0.0039,0.07644,0.08647,-0.0039,0.04874,0.08647,-0.0039,FAILED_EXPANSION
5m,1789874700000,1789874999999,2026-09-20 03:25:00+00:00,DOWNWARD_EXPANSION,0.9512,False,80382.66,-0.001313729680301634,0.001718156627312415,103.3937,0.0017617807427528895,TRENDING_DOWN,5m_564,GEV_0109,-0.00743,142.65,-0.01136,67.8,-0.01455,48.05,-0.00936,39.92,0.05075,53.8,0.04046,52.74,0.00054,0.00197,-0.00108,0.00019,0.00355,-0.00193,0.00354,0.0068,-0.0027,0.01322,0.02136,-0.0027,0.07849,0.08725,-0.0027,0.04948,0.08725,-0.0027,FAILED_EXPANSION
5m,1789895400000,1789895699999,2026-09-20 09:10:00+00:00,COMPRESSION,0.0957,False,80267.89,-1.370409129397565e-06,0.0004001600141724835,14.87483,0.00040145059451217975,LOW_VOLATILITY_COMPRESSION,5m_565,GEV_0112,-0.00189,21.08,-0.00412,35.94,-0.00904,45.68,-0.01433,43.04,0.04666,54.4,0.04482,53.11,0.00178,0.00391,-0.00012,0.00382,0.00477,-0.00012,0.00625,0.01532,-0.00012,0.04557,0.04866,-0.00012,0.07073,0.0888,-0.00012,0.05098,0.0888,-0.00012,COMPRESSION_REGIME
5m,1789903500000,1789903799999,2026-09-20 11:25:00+00:00,COMPRESSION,0.1573,False,80372.45,2.4884210656495043e-06,0.00019919761062397328,37.33973,0.00033684202327324657,LOW_VOLATILITY_COMPRESSION,5m_566,GEV_0113,-9e-05,28.11,-0.00031,22.21,-0.01148,44.31,-0.01107,41.69,0.05207,54.17,0.04835,53.01,-5e-05,0.00202,-0.00015,0.00367,0.00692,-0.00056,0.00984,0.014,-0.00056,0.05352,0.06131,-0.00056,0.06387,0.08738,-0.00056,0.04961,0.08738,-0.00056,COMPRESSION_REGIME
5m,1789907700000,1789907999999,2026-09-20 12:35:00+00:00,COMPRESSION,0.2188,False,80377.36,0.00016624359165806624,0.0003405187729479463,22.81828,0.0004017683402814715,LOW_VOLATILITY_COMPRESSION,5m_567,GEV_0114,-0.0008,35.06,0.00045,27.59,-0.01151,41.97,-0.01111,42.24,0.0447,53.67,0.04674,53.18,0.00143,0.0034,-0.00043,0.01215,0.01393,-0.00043,0.01608,0.01823,-0.00043,0.06102,0.0634,-0.00043,0.06383,0.08732,-0.00043,0.04955,0.08732,-0.00043,COMPRESSION_REGIME
5m,1789920300000,1789920599999,2026-09-20 16:05:00+00:00,UPWARD_EXPANSION,0.9649,False,81045.8,0.002223431355576011,0.0028871329544529786,103.41652,0.0010717764275293734,TRENDING_UP,5m_568,GEV_0116,0.00264,39.86,0.00681,31.94,0.00737,32.5,-0.00694,39.49,0.05596,52.2,0.05036,53.19,0.00247,0.00557,-0.00237,0.00185,0.00557,-0.00237,0.00345,0.01301,-0.00575,0.0579,0.06538,-0.00575,0.04033,0.07835,-0.00575,0.04089,0.07835,-0.00575,FAILED_EXPANSION
5m,1789920600000,1789920899999,2026-09-20 16:10:00+00:00,UPWARD_EXPANSION,0.9516,False,81160.08,0.0014100669004439847,0.002587232540924189,156.63048,0.0010678410686177317,TRENDING_UP,5m_569,GEV_0116,0.00488,48.74,0.00835,34.41,0.00908,33.49,-0.00734,39.89,0.05772,52.33,0.05121,53.24,0.00098,0.00416,-0.00197,-7e-05,0.00416,-0.00197,0.00151,0.01158,-0.00715,0.05627,0.06388,-0.00715,0.03925,0.07683,-0.00715,0.03943,0.07683,-0.00715,FAILED_EXPANSION
5m,1789953900000,1789954199999,2026-09-21 01:25:00+00:00,DOWNWARD_EXPANSION,0.9635,False,81584.0,-0.003078476654447382,0.005613968425181344,139.74064,0.0011831996793718587,TRENDING_UP,5m_570,GEV_0117,-0.00189,85.88,0.00868,47.16,0.01344,40.9,0.0057,41.67,0.06523,53.6,0.06155,54.15,-0.00189,0.00461,-0.00899,-2e-05,0.00461,-0.00899,0.04122,0.04768,-0.00899,0.05134,0.07124,-0.00899,0.03403,0.07124,-0.00899,0.03403,0.07124,-0.00899,FAILED_EXPANSION
5m,1789954200000,1789954499999,2026-09-21 01:30:00+00:00,DOWNWARD_EXPANSION,0.974,False,81352.01,-0.002843572269072392,0.0048492962865945176,104.26742,0.0013977878751265697,HIGH_VOLATILITY,5m_571,GEV_0117,-0.00364,90.44,0.00539,49.04,0.01149,41.48,0.00348,41.97,0.06209,53.71,0.06131,54.19,-0.00224,0.00388,-0.00617,0.00511,0.00541,-0.00617,0.04686,0.05066,-0.00617,0.05485,0.07429,-0.00617,0.03697,0.07429,-0.00617,0.03697,0.07429,-0.00617,FAILED_EXPANSION
5m,1789955400000,1789955699999,2026-09-21 01:50:00+00:00,DOWNWARD_EXPANSION,0.9896,False,80934.94,-0.004228908301391776,0.005029471820205187,139.03329,0.001903548101955885,HIGH_VOLATILITY,5m_572,GEV_0117,-0.00907,91.57,-0.00012,52.79,0.00463,42.82,-0.00179,42.35,0.05475,53.89,0.05202,54.17,0.00488,0.00715,-0.00105,0.00785,0.01059,-0.00105,0.05526,0.06067,-0.00105,0.05816,0.07983,-0.00105,0.04232,0.07983,-0.00105,0.04232,0.07983,-0.00105,FAILED_EXPANSION
5m,1789956000000,1789956299999,2026-09-21 02:00:00+00:00,UPWARD_EXPANSION,0.9703,False,81237.19,0.002965789954858744,0.003869656249803822,96.04763,0.002209296603953887,HIGH_VOLATILITY,5m_573,GEV_0117,-0.00457,98.4,0.00397,56.14,0.0066,44.01,0.00183,42.93,0.05894,54.04,0.05454,54.23,0.0025,0.00341,-0.00351,0.00513,0.00683,-0.00351,0.05001,0.05672,-0.00351,0.05292,0.07581,-0.00351,0.03844,0.07581,-0.00351,0.03844,0.07581,-0.00351,EVENT_CONTINUATION
5m,1789973100000,1789973399999,2026-09-21 06:45:00+00:00,UPWARD_EXPANSION,0.9696,False,81726.01,0.00400491351290988,0.004303036450696642,76.45187,0.0017771597820655403,HIGH_VOLATILITY,5m_574,GEV_0117,0.00171,44.37,0.00597,37.69,0.00657,39.57,0.01644,37.25,0.05445,52.53,0.05218,53.71,-0.00203,0.00031,-0.00399,0.03046,0.04373,-0.00399,0.05216,0.05651,-0.00399,0.04565,0.06937,-0.00399,0.03223,0.06937,-0.00399,0.03223,0.06937,-0.00399,EVENT_CONTINUATION
5m,1789979400000,1789979699999,2026-09-21 08:30:00+00:00,UPWARD_EXPANSION,0.9559,False,82545.92,0.003719844357976676,0.006347981826357984,646.16751,0.001173665842027447,HIGH_VOLATILITY,5m_575,GEV_0117,0.01278,137.3,0.0149,63.54,0.01755,50.63,0.02702,42.47,0.05799,52.44,0.06198,54.26,0.02661,0.02722,-0.00434,0.03278,0.03547,-0.00434,0.05434,0.05875,-0.00434,0.03605,0.05875,-0.00434,0.02198,0.05875,-0.00434,0.02198,0.05875,-0.00434,EVENT_CONTINUATION
5m,1789979700000,1789979999999,2026-09-21 08:35:00+00:00,UPWARD_EXPANSION,1.0,True,83522.0,0.011824691032579215,0.01953557146620063,1918.3026,0.0032930868211765744,TRENDING_UP,5m_576,GEV_0117,0.02403,279.15,0.02637,101.96,0.02943,63.81,0.03959,49.05,0.07177,54.55,0.07396,55.19,0.01651,0.02129,-0.01173,0.02107,0.02337,-0.01173,0.04095,0.04638,-0.01173,0.02847,0.04638,-0.01173,0.01003,0.04638,-0.01173,0.01003,0.04638,-0.01173,EVENT_CONTINUATION
5m,1789980300000,1789980599999,2026-09-21 08:45:00+00:00,UPWARD_EXPANSION,0.9859,False,83769.1,0.0028476774495000967,0.00701690718892752,387.08854,0.003217464551809935,TRENDING_UP,5m_577,GEV_0117,0.02709,338.29,0.02786,119.43,0.03233,69.9,0.04392,52.07,0.07413,55.53,0.07853,55.62,0.01219,0.01827,-0.00562,0.01801,0.02035,-0.00562,0.03694,0.04329,-0.00562,0.02901,0.04329,-0.00562,0.00705,0.04329,-0.00562,0.00705,0.04329,-0.00562,EVENT_CONTINUATION
5m,1789982700000,1789982999999,2026-09-21 09:25:00+00:00,UPWARD_EXPANSION,0.9957,True,84457.18,0.0052884748148138705,0.006951688417728314,577.01276,0.003474868280336164,TRENDING_UP,5m_578,GEV_0117,0.02696,439.33,0.03524,157.79,0.0442,82.34,0.0507,58.69,0.08053,56.96,0.08587,56.55,-0.00105,0.00998,-0.00526,0.0058,0.01204,-0.00526,0.02568,0.03479,-0.00526,0.01709,0.03479,-0.00526,-0.00115,0.03479,-0.01133,-0.00115,0.03479,-0.01133,EVENT_CONTINUATION
5m,1789983000000,1789983299999,2026-09-21 09:30:00+00:00,UPWARD_EXPANSION,0.9826,False,84742.06,0.003373070235118014,0.005484289619582059,331.05817,0.0034627544339610418,TRENDING_UP,5m_579,GEV_0117,0.02661,454.18,0.03637,163.2,0.04728,84.54,0.05259,59.79,0.08496,57.25,0.08855,56.69,-0.00564,0.00658,-0.00611,0.00498,0.00863,-0.00722,0.0246,0.03131,-0.00722,0.01386,0.03131,-0.00722,-0.00451,0.03131,-0.01466,-0.00451,0.03131,-0.01466,EVENT_CONTINUATION
5m,1789998300000,1789998599999,2026-09-21 13:45:00+00:00,UPWARD_EXPANSION,0.9627,False,85444.71,0.004279825078766564,0.006043206185614072,311.65048,0.0018131258283493432,TRENDING_UP,5m_580,GEV_0117,0.00195,168.67,0.00772,150.12,0.05126,125.88,0.06084,84.06,0.06813,63.47,0.08934,59.7,0.00638,0.0065,-0.00475,0.00448,0.01053,-0.00475,0.00176,0.02283,-0.00475,0.00793,0.02283,-0.00475,-0.01269,0.02283,-0.02276,-0.01269,0.02283,-0.02276,EVENT_CONTINUATION
5m,1790003100000,1790003399999,2026-09-21 15:05:00+00:00,BREAKOUT_CANDIDATE,0.9521,False,86305.78,0.0036429916977653853,0.004292644131134623,343.65882,0.0020250578585454355,TRENDING_UP,5m_581,GEV_0117,0.01238,223.62,0.02073,172.03,0.06108,144.89,0.06771,94.42,0.07092,60.68,0.09946,60.59,-0.00658,0.00045,-0.00733,-0.00341,0.00045,-0.00809,-0.0082,0.01263,-0.01165,-0.00065,0.01263,-0.01381,-0.02255,0.01263,-0.03251,-0.02255,0.01263,-0.03251,FALSE_BREAKOUT_CANDIDATE
5m,1790016900000,1790017199999,2026-09-21 18:55:00+00:00,COMPRESSION,0.1095,False,86051.75,0.00016155680319762666,0.00019592861272432673,27.76166,0.0006630718623003158,LOW_VOLATILITY_COMPRESSION,5m_582,GEV_0117,0.0018,61.9,0.00242,97.7,0.05404,159.82,0.0619,99.94,0.06318,60.36,0.08616,61.05,0.00509,0.00981,-0.00082,0.00467,0.01562,-0.00082,-0.00776,0.01562,-0.0109,0.00476,0.01562,-0.0109,-0.01966,0.01562,-0.02965,-0.01966,0.01562,-0.02965,COMPRESSION_REGIME
5m,1790022300000,1790022599999,2026-09-21 20:25:00+00:00,UPWARD_EXPANSION,0.9649,False,87278.42,0.0034912423453374863,0.005932394284864507,350.66462,0.0022050997092021496,TRENDING_UP,5m_583,GEV_0117,0.01049,132.84,0.01668,82.4,0.06126,166.28,0.07502,106.26,0.07722,61.44,0.0987,61.68,-0.00748,0.00134,-0.00849,-0.00998,0.00134,-0.0113,-0.0213,0.00134,-0.0248,-0.01087,0.00134,-0.0248,-0.03344,0.00134,-0.04329,-0.03344,0.00134,-0.04329,FAILED_EXPANSION
5m,1790034300000,1790034599999,2026-09-21 23:45:00+00:00,COMPRESSION,0.2427,False,86495.99,0.0003930049740921149,0.0006691639693353426,76.94512,0.0007189727066228693,LOW_VOLATILITY_COMPRESSION,5m_584,GEV_0117,0.00187,56.65,-0.00048,67.57,0.01909,110.4,0.06433,110.58,0.06904,62.17,0.10484,62.01,-0.003,0.00183,-0.00393,-0.01096,0.00183,-0.01383,-0.00483,0.00183,-0.01598,-0.00412,0.00256,-0.01598,-0.02469,0.00905,-0.03464,-0.02469,0.00905,-0.03464,COMPRESSION_REGIME
5m,1790034900000,1790035199999,2026-09-21 23:55:00+00:00,COMPRESSION,0.2104,False,86620.0,0.0005166602425843436,0.0009163010851996692,35.26069,0.0007269881546540895,LOW_VOLATILITY_COMPRESSION,5m_585,GEV_0117,0.00192,51.47,0.0015,65.85,0.02041,109.39,0.06704,110.65,0.07092,62.22,0.10783,62.02,-0.00842,0.0004,-0.00869,-0.0107,0.0004,-0.01524,-0.00731,0.0004,-0.01739,-0.00475,0.00113,-0.01739,-0.02609,0.0076,-0.03602,-0.02609,0.0076,-0.03602,COMPRESSION_REGIME
5m,1790061000000,1790061299999,2026-09-22 07:10:00+00:00,COMPRESSION,0.1887,False,85443.16,0.0001074513911210051,0.0009128875851501747,81.11311,0.0008201138958196075,LOW_VOLATILITY_COMPRESSION,5m_586,GEV_0118,0.0011,49.05,-0.00118,57.33,-0.00712,70.35,0.04759,115.54,0.05272,65.54,0.10652,63.24,0.00052,0.00101,-0.00335,0.00629,0.01094,-0.00335,0.0121,0.01492,-0.00335,0.01072,0.02148,-0.00335,-0.01268,0.02148,-0.02274,-0.01268,0.02148,-0.02274,COMPRESSION_REGIME
5m,1790065200000,1790065499999,2026-09-22 08:20:00+00:00,COMPRESSION,0.0714,False,85529.9,0.00015657795202361768,0.00048252131710669694,29.10234,0.0007541331841008479,LOW_VOLATILITY_COMPRESSION,5m_587,GEV_0119,0.00354,75.3,-0.00045,63.69,-0.01661,67.12,0.04117,116.27,0.05221,66.35,0.11283,63.21,0.00415,0.00991,-0.00237,0.00507,0.00991,-0.00237,0.00921,0.01389,-0.00237,0.00793,0.02044,-0.00237,-0.01368,0.02044,-0.02373,-0.01368,0.02044,-0.02373,COMPRESSION_REGIME
5m,1790067600000,1790067899999,2026-09-22 09:00:00+00:00,DOWNWARD_EXPANSION,0.9682,False,85705.68,-0.006008667911412524,0.006045106928735713,193.27985,0.002489184681920452,HIGH_VOLATILITY,5m_588,GEV_0119,0.00259,107.84,0.00353,79.09,-0.01204,68.59,0.02195,105.68,0.05379,67.5,0.11396,63.6,0.00532,0.0066,-0.00028,0.00406,0.0066,-0.00028,0.00684,0.01181,-0.00285,0.0026,0.01835,-0.00285,-0.0157,0.01835,-0.02574,-0.0157,0.01835,-0.02574,FAILED_EXPANSION
5m,1790071500000,1790071799999,2026-09-22 10:05:00+00:00,COMPRESSION,0.2215,False,86102.0,-0.0006964786452868799,0.0008489930547489172,29.63273,0.0007841403725633936,LOW_VOLATILITY_COMPRESSION,5m_589,GEV_0120,0.00291,63.95,0.00906,76.97,-0.00541,69.95,0.01757,94.57,0.05947,67.95,0.11773,63.73,-0.00356,0.0007,-0.0044,0.00033,0.00311,-0.00618,-0.00013,0.00715,-0.00744,-0.0029,0.01366,-0.00744,-0.02023,0.01366,-0.03022,-0.02023,0.01366,-0.03022,COMPRESSION_REGIME
5m,1790072100000,1790072399999,2026-09-22 10:15:00+00:00,COMPRESSION,0.0866,False,86032.71,-0.00013121193807807963,0.0007472739147702495,32.23814,0.0007931699653096881,LOW_VOLATILITY_COMPRESSION,5m_590,GEV_0120,0.00114,55.62,0.00909,76.46,-0.00755,69.86,0.01602,94.02,0.05824,67.99,0.1175,63.74,8e-05,0.00071,-0.0036,0.00115,0.00509,-0.00538,0.00206,0.00796,-0.00664,-0.00232,0.01448,-0.00664,-0.01944,0.01448,-0.02944,-0.01944,0.01448,-0.02944,COMPRESSION_REGIME
5m,1790109300000,1790109599999,2026-09-22 20:35:00+00:00,COMPRESSION,0.0427,False,86342.78,6.05761919350023e-05,0.0003884517037787479,12.38673,0.000766029163412031,LOW_VOLATILITY_COMPRESSION,5m_591,GEV_0121,6e-05,81.87,0.00153,83.94,0.00515,87.83,-0.00689,76.2,0.06247,74.46,0.13981,61.92,-0.0011,0.00023,-0.00174,0.00148,0.00262,-0.00397,-0.0015,0.01084,-0.00397,-0.02296,0.01084,-0.03292,-0.02296,0.01084,-0.03292,-0.02296,0.01084,-0.03292,COMPRESSION_REGIME
5m,1790109600000,1790109899999,2026-09-22 20:40:00+00:00,COMPRESSION,0.0924,False,86322.01,-0.0002405528290843062,0.00035008452653038507,12.80081,0.0007555048076515022,LOW_VOLATILITY_COMPRESSION,5m_592,GEV_0121,-0.00063,71.85,0.00104,83.22,0.002,86.46,-0.00721,75.91,0.06194,74.46,0.13788,61.9,-0.00131,0.00035,-0.00167,0.00141,0.00308,-0.00373,-0.00271,0.01108,-0.00373,-0.02273,0.01108,-0.03269,-0.02273,0.01108,-0.03269,-0.02273,0.01108,-0.03269,COMPRESSION_REGIME
5m,1790110500000,1790110799999,2026-09-22 20:55:00+00:00,COMPRESSION,0.1974,False,86264.01,0.0005558127259075452,0.0008278075642436393,39.75393,0.0005189205174815314,LOW_VOLATILITY_COMPRESSION,5m_593,GEV_0121,0.00083,59.33,-0.00182,80.56,0.00047,83.3,-0.00848,75.52,0.06295,74.46,0.13602,61.9,-0.00093,0.00093,-0.001,0.00224,0.00376,-0.00306,-0.00422,0.01176,-0.00668,-0.02207,0.01176,-0.03204,-0.02207,0.01176,-0.03204,-0.02207,0.01176,-0.03204,COMPRESSION_REGIME
5m,1790111400000,1790111699999,2026-09-22 21:10:00+00:00,COMPRESSION,0.071,False,86253.78,0.00018217012509658126,0.0006411313220128197,25.41277,0.0005040720715729076,LOW_VOLATILITY_COMPRESSION,5m_594,GEV_0121,0.00053,42.85,-0.00204,77.96,0.00372,81.29,-0.00394,75.26,0.06486,74.42,0.13679,61.89,-0.0025,0.0006,-0.00294,0.00542,0.00686,-0.00294,-0.00358,0.01188,-0.00656,-0.02196,0.01188,-0.03193,-0.02196,0.01188,-0.03193,-0.02196,0.01188,-0.03193,COMPRESSION_REGIME
5m,1790111700000,1790111999999,2026-09-22 21:15:00+00:00,COMPRESSION,0.0701,False,86235.74,-0.00020915025405254806,0.00028839550747747215,13.22451,0.0005048388151454669,LOW_VOLATILITY_COMPRESSION,5m_595,GEV_0121,8e-05,39.92,-0.0016,75.89,0.0035,80.95,-0.00421,75.18,0.06472,74.35,0.13616,61.88,-0.0003,0.00081,-0.00273,0.00568,0.00707,-0.00273,-0.00372,0.01209,-0.00635,-0.02175,0.01209,-0.03172,-0.02175,0.01209,-0.03172,-0.02175,0.01209,-0.03172,COMPRESSION_REGIME
5m,1790112000000,1790112299999,2026-09-22 21:20:00+00:00,COMPRESSION,0.0295,False,86230.19,-6.435846668684242e-05,0.0003075488990571576,15.09991,0.0003876040303785654,LOW_VOLATILITY_COMPRESSION,5m_596,GEV_0121,-0.00102,36.73,-0.00311,72.82,0.00402,80.75,-0.00522,75.05,0.06414,74.32,0.1377,61.88,-0.0008,0.00087,-0.00267,0.005,0.00713,-0.00267,-0.00279,0.01216,-0.00629,-0.02169,0.01216,-0.03166,-0.02169,0.01216,-0.03166,-0.02169,0.01216,-0.03166,COMPRESSION_REGIME
5m,1790112300000,1790112599999,2026-09-22 21:25:00+00:00,COMPRESSION,0.0943,False,86248.8,0.00021581768519829403,0.0004962387882498412,31.32414,0.00039262429842595913,LOW_VOLATILITY_COMPRESSION,5m_597,GEV_0121,-0.00093,36.12,-0.00388,72.46,0.00406,80.35,-0.00435,74.99,0.06401,74.28,0.13964,61.88,-0.00098,0.00066,-0.00288,0.00445,0.00692,-0.00288,-0.00418,0.01194,-0.0065,-0.0219,0.01194,-0.03187,-0.0219,0.01194,-0.03187,-0.0219,0.01194,-0.03187,COMPRESSION_REGIME
5m,1790112600000,1790112899999,2026-09-22 21:30:00+00:00,COMPRESSION,0.079,False,86266.37,0.0002037129791949699,0.0004960217985292948,27.24033,0.0003981788139364727,LOW_VOLATILITY_COMPRESSION,5m_598,GEV_0121,-0.00082,31.04,-0.00362,72.17,0.00407,80.01,-0.00645,74.98,0.06499,74.28,0.14018,61.86,-0.00065,0.00045,-0.00309,0.00398,0.00671,-0.00309,-0.00519,0.01173,-0.0067,-0.0221,0.01173,-0.03207,-0.0221,0.01173,-0.03207,-0.0221,0.01173,-0.03207,COMPRESSION_REGIME
5m,1790112900000,1790113199999,2026-09-22 21:35:00+00:00,COMPRESSION,0.1295,False,86248.0,-0.0002129450908853192,0.0008279612280864889,35.31305,0.0003979331461707418,LOW_VOLATILITY_COMPRESSION,5m_599,GEV_0121,-0.0011,26.24,-0.00247,70.95,0.00311,79.77,-0.00648,74.95,0.0641,74.24,0.13972,61.87,-0.0003,0.00067,-0.00288,0.00197,0.00693,-0.00288,-0.00503,0.01195,-0.00649,-0.02189,0.01195,-0.03186,-0.02189,0.01195,-0.03186,-0.02189,0.01195,-0.03186,COMPRESSION_REGIME
5m,1790113200000,1790113499999,2026-09-22 21:40:00+00:00,COMPRESSION,0.1708,False,86208.95,-0.00045276412206662897,0.0008119806586207117,31.51194,0.0004097063703547985,LOW_VOLATILITY_COMPRESSION,5m_600,GEV_0121,-0.00131,27.71,-0.00311,69.78,0.00192,79.67,-0.0067,74.9,0.06405,74.23,0.13809,61.86,8e-05,0.00106,-0.00242,0.0008,0.00738,-0.00242,-0.00474,0.01241,-0.00604,-0.02145,0.01241,-0.03142,-0.02145,0.01241,-0.03142,-0.02145,0.01241,-0.03142,COMPRESSION_REGIME
5m,1790113800000,1790114099999,2026-09-22 21:50:00+00:00,COMPRESSION,0.2101,False,86239.0,-0.0007067208234903255,0.0007958116397454128,20.14225,0.0005077891591244529,LOW_VOLATILITY_COMPRESSION,5m_601,GEV_0121,0.00027,27.1,-0.0034,66.68,0.00078,79.55,-0.00412,74.53,0.06291,74.21,0.14109,61.86,-0.00078,0.00071,-0.00277,-0.00051,0.00703,-0.00277,-0.00501,0.01205,-0.00639,-0.02179,0.01205,-0.03176,-0.02179,0.01205,-0.03176,-0.02179,0.01205,-0.03176,COMPRESSION_REGIME
5m,1790127000000,1790127299999,2026-09-23 01:30:00+00:00,COMPRESSION,0.146,False,86610.11,-0.00026052524289899015,0.0007621512084443117,14.37615,0.0006614384117555087,LOW_VOLATILITY_COMPRESSION,5m_602,GEV_0122,0.00095,69.62,0.00398,49.9,0.00595,74.93,0.00927,71.68,0.06834,75.05,0.14431,62.14,-0.00049,0.00035,-0.00508,0.00136,0.00772,-0.00508,-0.01175,0.00772,-0.0155,-0.02598,0.00772,-0.03591,-0.02598,0.00772,-0.03591,-0.02598,0.00772,-0.03591,COMPRESSION_REGIME
5m,1790132700000,1790132999999,2026-09-23 03:05:00+00:00,COMPRESSION,0.0939,False,86472.0,0.00012780336093931588,0.0006344250161902186,17.37005,0.000706474045517468,LOW_VOLATILITY_COMPRESSION,5m_603,GEV_0123,0.00122,40.82,-0.0003,52.47,0.00257,64.07,0.0102,70.43,0.07503,74.02,0.14006,62.15,0.00403,0.00582,-0.00041,-0.00095,0.00933,-0.00187,-0.02155,0.00933,-0.03016,-0.02442,0.00933,-0.03437,-0.02442,0.00933,-0.03437,-0.02442,0.00933,-0.03437,COMPRESSION_REGIME
5m,1790143500000,1790143799999,2026-09-23 06:05:00+00:00,COMPRESSION,0.2101,False,86550.95,0.00042698286670561636,0.0006823726371576242,32.18669,0.000610180202370657,LOW_VOLATILITY_COMPRESSION,5m_604,GEV_0124,-0.00413,56.75,0.00214,55.06,0.0005,57.32,0.01432,70.36,0.07519,74.26,0.13865,62.7,-0.00186,0.00068,-0.00278,-0.00807,0.00068,-0.00997,-0.02639,0.00068,-0.03525,-0.02531,0.00068,-0.03525,-0.02531,0.00068,-0.03525,-0.02531,0.00068,-0.03525,COMPRESSION_REGIME
5m,1790146200000,1790146499999,2026-09-23 06:50:00+00:00,COMPRESSION,0.2071,False,86443.5,-0.000198934313508925,0.0006536061126631846,59.70326,0.0006793442241840705,LOW_VOLATILITY_COMPRESSION,5m_605,GEV_0125,-0.00118,64.49,-0.00033,58.16,-0.00096,55.89,0.01156,71.06,0.07656,74.55,0.13837,62.86,-0.00284,0.00065,-0.00513,-0.00703,0.00065,-0.00908,-0.02398,0.00065,-0.03405,-0.0241,0.00065,-0.03405,-0.0241,0.00065,-0.03405,-0.0241,0.00065,-0.03405,COMPRESSION_REGIME
5m,1790146500000,1790146799999,2026-09-23 06:55:00+00:00,COMPRESSION,0.1905,False,86469.66,0.0003026254142879381,0.0006545648496826033,36.45148,0.0006703798738928427,LOW_VOLATILITY_COMPRESSION,5m_606,GEV_0125,-0.0003,61.55,-0.00095,58.47,0.0001,55.66,0.01271,71.02,0.07671,74.55,0.13731,62.87,-0.00399,0.00035,-0.00543,-0.00632,0.00035,-0.00938,-0.02474,0.00035,-0.03434,-0.0244,0.00035,-0.03434,-0.0244,0.00035,-0.03434,-0.0244,0.00035,-0.03434,COMPRESSION_REGIME
5m,1790157900000,1790158199999,2026-09-23 10:05:00+00:00,COMPRESSION,0.1403,False,85852.58,-0.0002536263443476683,0.0006397012180647134,19.4689,0.0006046455425430692,LOW_VOLATILITY_COMPRESSION,5m_607,GEV_0126,-0.00183,45.29,-0.00807,63.83,-0.00277,56.78,-0.0029,68.12,0.06815,76.47,0.12946,63.1,-4e-05,0.00132,-0.00226,-0.00617,0.00132,-0.00682,-0.01739,0.00132,-0.0274,-0.01739,0.00132,-0.0274,-0.01739,0.00132,-0.0274,-0.01739,0.00132,-0.0274,COMPRESSION_REGIME
5m,1790158500000,1790158799999,2026-09-23 10:15:00+00:00,COMPRESSION,0.171,False,85833.22,-0.00030317059606277397,0.0006902921735896661,27.51197,0.000574281576921586,LOW_VOLATILITY_COMPRESSION,5m_608,GEV_0126,-0.00095,45.38,-0.00788,63.67,-0.00437,56.79,-0.00232,68.13,0.06824,76.5,0.12933,63.1,-0.00163,0.00155,-0.00203,-0.01728,0.00155,-0.01728,-0.01716,0.00155,-0.02718,-0.01716,0.00155,-0.02718,-0.01716,0.00155,-0.02718,-0.01716,0.00155,-0.02718,COMPRESSION_REGIME
5m,1790172300000,1790172599999,2026-09-23 14:05:00+00:00,BREAKDOWN_CANDIDATE,0.9903,True,85322.74,-0.0050228871204861525,0.005640583038003579,196.07542,0.001822912454607607,HIGH_VOLATILITY,5m_609,GEV_0127,-0.00015,101.67,-0.00617,68.14,-0.01208,62.85,-0.00937,67.19,0.05783,78.66,0.12905,63.68,-0.00837,0.00564,-0.0171,-0.01238,0.00564,-0.02136,-0.01128,0.00564,-0.02136,-0.01128,0.00564,-0.02136,-0.01128,0.00564,-0.02136,-0.01128,0.00564,-0.02136,EVENT_CONTINUATION
5m,1790172600000,1790172899999,2026-09-23 14:10:00+00:00,DOWNWARD_EXPANSION,0.9979,True,84875.88,-0.005237290785551463,0.009462759031187528,1006.16856,0.002357073342739841,HIGH_VOLATILITY,5m_610,GEV_0127,-0.00581,173.04,-0.01145,88.27,-0.01739,69.56,-0.01707,70.25,0.05316,79.79,0.12313,64.16,-0.00263,0.00545,-0.01192,-0.00792,0.00545,-0.01621,-0.00608,0.00545,-0.01621,-0.00608,0.00545,-0.01621,-0.00608,0.00545,-0.01621,-0.00608,0.00545,-0.01621,EVENT_CONTINUATION
5m,1790172900000,1790173199999,2026-09-23 14:15:00+00:00,BREAKDOWN_CANDIDATE,0.9984,True,84350.01,-0.006195753139761395,0.006365263027236197,501.55069,0.0028258624516461044,HIGH_VOLATILITY,5m_611,GEV_0127,-0.01285,204.9,-0.01728,97.52,-0.02449,72.54,-0.02068,71.46,0.04855,80.35,0.11629,64.37,0.00317,0.00637,-0.00576,-0.00095,0.00637,-0.01008,0.00012,0.00637,-0.01008,0.00012,0.00637,-0.01008,0.00012,0.00637,-0.01008,0.00012,0.00637,-0.01008,FALSE_BREAKDOWN_CANDIDATE
5m,1790173200000,1790173499999,2026-09-23 14:20:00+00:00,DOWNWARD_EXPANSION,0.9589,False,84213.04,-0.0016238290902396146,0.006499824730231748,871.20716,0.002800907439557033,HIGH_VOLATILITY,5m_612,GEV_0127,-0.01463,269.29,-0.0171,114.73,-0.02745,78.36,-0.02251,74.16,0.04602,81.32,0.11346,64.78,0.0042,0.0069,-0.00414,-0.00015,0.0069,-0.00847,0.00175,0.0069,-0.00847,0.00175,0.0069,-0.00847,0.00175,0.0069,-0.00847,0.00175,0.0069,-0.00847,FAILED_EXPANSION
5m,1790173500000,1790173799999,2026-09-23 14:25:00+00:00,DOWNWARD_EXPANSION,0.976,False,84041.66,-0.0020350767529587754,0.005479068357288357,412.98339,0.002717846535254662,TRENDING_DOWN,5m_613,GEV_0127,-0.01761,298.18,-0.02049,121.71,-0.02942,80.02,-0.02199,75.23,0.04361,81.77,0.10832,64.95,0.00552,0.00895,-0.00211,0.00138,0.00895,-0.00645,0.00379,0.00895,-0.00645,0.00379,0.00895,-0.00645,0.00379,0.00895,-0.00645,0.00379,0.00895,-0.00645,FAILED_EXPANSION
5m,1790173800000,1790174099999,2026-09-23 14:30:00+00:00,UPWARD_EXPANSION,0.9934,True,84431.52,0.0046388898077454055,0.006835954155509675,496.10893,0.0032075768691245286,TRENDING_DOWN,5m_614,GEV_0127,-0.01356,328.52,-0.01606,130.29,-0.02468,83.18,-0.01545,76.39,0.04796,82.32,0.1149,65.17,0.00076,0.00429,-0.00672,-0.00341,0.00429,-0.01103,-0.00085,0.00429,-0.01103,-0.00085,0.00429,-0.01103,-0.00085,0.00429,-0.01103,-0.00085,0.00429,-0.01103,FAILED_EXPANSION
5m,1790175000000,1790175299999,2026-09-23 14:50:00+00:00,UPWARD_EXPANSION,0.9807,False,84554.28,0.0027307762047843465,0.004068392516617727,239.6485,0.0032391423272092427,TRENDING_DOWN,5m_615,GEV_0127,-0.01335,354.86,-0.01493,143.84,-0.02218,88.35,-0.01772,76.97,0.04776,83.13,0.11833,65.46,-0.00603,0.00284,-0.00603,-0.00217,0.00284,-0.01247,-0.0023,0.00284,-0.01247,-0.0023,0.00284,-0.01247,-0.0023,0.00284,-0.01247,-0.0023,0.00284,-0.01247,FAILED_EXPANSION
5m,1790179500000,1790179799999,2026-09-23 16:05:00+00:00,UPWARD_EXPANSION,0.966,False,84314.5,0.004740056005518856,0.004979689140064883,173.59794,0.001759643591573575,TRENDING_DOWN,5m_616,GEV_0128,-0.00347,188.15,-0.01465,181.99,-0.02887,103.34,-0.02264,82.15,0.04033,85.64,0.11333,66.5,-0.00523,0.00058,-0.00677,0.00085,0.00303,-0.0073,0.00054,0.00303,-0.0073,0.00054,0.00303,-0.0073,0.00054,0.00303,-0.0073,0.00054,0.00303,-0.0073,FAILED_EXPANSION
