story_id,event_cluster_id,taxonomy_family,headline,available_at_timestamp,source_tier,overlapping_events_4h,overlapping_events_24h,is_isolated_24h
STORY_ec13a958cc,CLUST_1116,MACRO_SCHEDULED,US Non-Farm Payrolls: 176k jobs added vs 146k expected,2021-01-05 12:30:00+00:00,TIER_1_PRIMARY,0,0,1
STORY_0cf20ef511,CLUST_1116,MACRO_SCHEDULED,[Wire Pickup] US Non-Farm Payrolls: 176k jobs added vs 146k expected,2021-01-05 12:33:02+00:00,TIER_2_HIGH_QUALITY_SECONDARY,0,0,1
STORY_79d0bc5c71,CLUST_1116,MACRO_SCHEDULED,[Wire Pickup] US Non-Farm Payrolls: 176k jobs added vs 146k expected,2021-01-05 12:44:30+00:00,TIER_2_HIGH_QUALITY_SECONDARY,0,0,1
STORY_81b93c8693,CLUST_1046,MACRO_SCHEDULED,US CPI YoY reported at 4.1% vs 4.1% consensus,2021-01-12 12:30:00+00:00,TIER_1_PRIMARY,0,0,1
STORY_e1a3fe6365,CLUST_1046,MACRO_SCHEDULED,[Wire Pickup] US CPI YoY reported at 4.1% vs 4.1% consensus,2021-01-12 12:31:43+00:00,TIER_2_HIGH_QUALITY_SECONDARY,0,0,1
STORY_75c611957a,CLUST_1046,MACRO_SCHEDULED,[Wire Pickup] US CPI YoY reported at 4.1% vs 4.1% consensus,2021-01-12 12:35:37+00:00,TIER_2_HIGH_QUALITY_SECONDARY,0,0,1
STORY_7f9cf306f8,CLUST_1000,MONETARY_POLICY,FOMC Decision: Fed funds rate set to 0.25% (Consensus: 0.25%),2021-01-27 19:00:00+00:00,TIER_1_PRIMARY,0,0,1
STORY_47293dce10,CLUST_1000,MONETARY_POLICY,[Wire Pickup] FOMC Decision: Fed funds rate set to 0.25% (Consensus: 0.25%),2021-01-27 19:02:19+00:00,TIER_3_AGGREGATOR,0,0,1
STORY_375c08ccb7,CLUST_1000,MONETARY_POLICY,[Wire Pickup] FOMC Decision: Fed funds rate set to 0.25% (Consensus: 0.25%),2021-01-27 19:04:53+00:00,TIER_2_HIGH_QUALITY_SECONDARY,0,0,1
STORY_df88212a03,CLUST_1000,MONETARY_POLICY,[Wire Pickup] FOMC Decision: Fed funds rate set to 0.25% (Consensus: 0.25%),2021-01-27 19:10:42+00:00,TIER_2_HIGH_QUALITY_SECONDARY,0,0,1
STORY_33a666bde1,CLUST_1117,MACRO_SCHEDULED,US Non-Farm Payrolls: 110k jobs added vs 110k expected,2021-02-05 12:30:00+00:00,TIER_1_PRIMARY,0,0,1
STORY_5bdc9085e7,CLUST_1117,MACRO_SCHEDULED,[Wire Pickup] US Non-Farm Payrolls: 110k jobs added vs 110k expected,2021-02-05 12:33:43+00:00,TIER_2_HIGH_QUALITY_SECONDARY,0,0,1
STORY_7f1fd2eeb4,CLUST_1185,CORPORATE_TREASURY,Tesla reveals $1.5B Bitcoin purchase in SEC 10-K filing,2021-02-08 13:00:00+00:00,TIER_1_PRIMARY,0,0,1
STORY_4dd38e3a7a,CLUST_1185,CORPORATE_TREASURY,[Wire Pickup] Tesla reveals $1.5B Bitcoin purchase in SEC 10-K filing,2021-02-08 13:10:12+00:00,TIER_2_HIGH_QUALITY_SECONDARY,0,0,1
STORY_8107c2c67e,CLUST_1047,MACRO_SCHEDULED,US CPI YoY reported at 2.1% vs 2.2% consensus,2021-02-12 12:30:00+00:00,TIER_1_PRIMARY,0,0,1
STORY_3695f00da6,CLUST_1047,MACRO_SCHEDULED,[Wire Pickup] US CPI YoY reported at 2.1% vs 2.2% consensus,2021-02-12 12:32:30+00:00,TIER_2_HIGH_QUALITY_SECONDARY,0,0,1
STORY_9b3686c980,CLUST_1047,MACRO_SCHEDULED,[Wire Pickup] US CPI YoY reported at 2.1% vs 2.2% consensus,2021-02-12 12:33:10+00:00,TIER_3_AGGREGATOR,0,0,1
STORY_ae7e6e2a2e,CLUST_1047,MACRO_SCHEDULED,[Wire Pickup] US CPI YoY reported at 2.1% vs 2.2% consensus,2021-02-12 12:38:58+00:00,TIER_2_HIGH_QUALITY_SECONDARY,0,0,1
STORY_a4e1508ba9,CLUST_1118,MACRO_SCHEDULED,US Non-Farm Payrolls: 230k jobs added vs 230k expected,2021-03-05 12:30:00+00:00,TIER_1_PRIMARY,0,0,1
STORY_45c7f84ff6,CLUST_1118,MACRO_SCHEDULED,[Wire Pickup] US Non-Farm Payrolls: 230k jobs added vs 230k expected,2021-03-05 12:34:40+00:00,TIER_2_HIGH_QUALITY_SECONDARY,0,0,1
STORY_6c4a1468c6,CLUST_1118,MACRO_SCHEDULED,[Wire Pickup] US Non-Farm Payrolls: 230k jobs added vs 230k expected,2021-03-05 12:34:52+00:00,TIER_2_HIGH_QUALITY_SECONDARY,0,0,1
STORY_51171302d5,CLUST_1118,MACRO_SCHEDULED,[Wire Pickup] US Non-Farm Payrolls: 230k jobs added vs 230k expected,2021-03-05 12:42:40+00:00,TIER_3_AGGREGATOR,0,0,1
STORY_781057d94e,CLUST_1048,MACRO_SCHEDULED,US CPI YoY reported at 5.2% vs 5.4% consensus,2021-03-12 12:30:00+00:00,TIER_1_PRIMARY,0,0,1
STORY_371be91985,CLUST_1048,MACRO_SCHEDULED,[Wire Pickup] US CPI YoY reported at 5.2% vs 5.4% consensus,2021-03-12 12:33:29+00:00,TIER_2_HIGH_QUALITY_SECONDARY,0,0,1
STORY_7f9cf306f8,CLUST_1001,MONETARY_POLICY,FOMC Decision: Fed funds rate set to 0.25% (Consensus: 0.25%),2021-03-17 18:00:00+00:00,TIER_1_PRIMARY,0,0,1
STORY_375c08ccb7,CLUST_1001,MONETARY_POLICY,[Wire Pickup] FOMC Decision: Fed funds rate set to 0.25% (Consensus: 0.25%),2021-03-17 18:02:47+00:00,TIER_2_HIGH_QUALITY_SECONDARY,0,0,1
STORY_df88212a03,CLUST_1001,MONETARY_POLICY,[Wire Pickup] FOMC Decision: Fed funds rate set to 0.25% (Consensus: 0.25%),2021-03-17 18:08:06+00:00,TIER_2_HIGH_QUALITY_SECONDARY,0,0,1
STORY_47293dce10,CLUST_1001,MONETARY_POLICY,[Wire Pickup] FOMC Decision: Fed funds rate set to 0.25% (Consensus: 0.25%),2021-03-17 18:12:48+00:00,TIER_3_AGGREGATOR,0,0,1
STORY_ea98c85517,CLUST_1119,MACRO_SCHEDULED,US Non-Farm Payrolls: 92k jobs added vs 152k expected,2021-04-05 12:30:00+00:00,TIER_1_PRIMARY,0,0,1
STORY_cf459f0643,CLUST_1119,MACRO_SCHEDULED,[Wire Pickup] US Non-Farm Payrolls: 92k jobs added vs 152k expected,2021-04-05 12:33:41+00:00,TIER_2_HIGH_QUALITY_SECONDARY,0,0,1
STORY_9b1505e98d,CLUST_1119,MACRO_SCHEDULED,[Wire Pickup] US Non-Farm Payrolls: 92k jobs added vs 152k expected,2021-04-05 12:35:25+00:00,TIER_3_AGGREGATOR,0,0,1
STORY_f06418a0a9,CLUST_1119,MACRO_SCHEDULED,[Wire Pickup] US Non-Farm Payrolls: 92k jobs added vs 152k expected,2021-04-05 12:41:52+00:00,TIER_2_HIGH_QUALITY_SECONDARY,0,0,1
STORY_070b9d208b,CLUST_1049,MACRO_SCHEDULED,US CPI YoY reported at 2.7% vs 2.8% consensus,2021-04-12 12:30:00+00:00,TIER_1_PRIMARY,0,0,1
STORY_4ddbfeb301,CLUST_1049,MACRO_SCHEDULED,[Wire Pickup] US CPI YoY reported at 2.7% vs 2.8% consensus,2021-04-12 12:34:36+00:00,TIER_2_HIGH_QUALITY_SECONDARY,0,0,1
STORY_7f9cf306f8,CLUST_1002,MONETARY_POLICY,FOMC Decision: Fed funds rate set to 0.25% (Consensus: 0.25%),2021-04-28 18:00:00+00:00,TIER_1_PRIMARY,0,0,1
STORY_df88212a03,CLUST_1002,MONETARY_POLICY,[Wire Pickup] FOMC Decision: Fed funds rate set to 0.25% (Consensus: 0.25%),2021-04-28 18:06:10+00:00,TIER_2_HIGH_QUALITY_SECONDARY,0,0,1
STORY_375c08ccb7,CLUST_1002,MONETARY_POLICY,[Wire Pickup] FOMC Decision: Fed funds rate set to 0.25% (Consensus: 0.25%),2021-04-28 18:14:30+00:00,TIER_2_HIGH_QUALITY_SECONDARY,0,0,1
STORY_d92124b6a6,CLUST_1120,MACRO_SCHEDULED,US Non-Farm Payrolls: 93k jobs added vs 153k expected,2021-05-05 12:30:00+00:00,TIER_1_PRIMARY,0,0,1
STORY_ea964f5805,CLUST_1120,MACRO_SCHEDULED,[Wire Pickup] US Non-Farm Payrolls: 93k jobs added vs 153k expected,2021-05-05 12:31:51+00:00,TIER_2_HIGH_QUALITY_SECONDARY,0,0,1
STORY_af774529db,CLUST_1050,MACRO_SCHEDULED,US CPI YoY reported at 3.8% vs 3.8% consensus,2021-05-12 12:30:00+00:00,TIER_1_PRIMARY,0,0,1
STORY_03530a3e14,CLUST_1050,MACRO_SCHEDULED,[Wire Pickup] US CPI YoY reported at 3.8% vs 3.8% consensus,2021-05-12 12:40:44+00:00,TIER_2_HIGH_QUALITY_SECONDARY,0,0,1
STORY_f88f5ba308,CLUST_1187,REGULATORY,China State Council announces crackdown on Bitcoin mining and trading activities,2021-05-19 12:30:32+00:00,TIER_2_HIGH_QUALITY_SECONDARY,0,0,1
STORY_610a2a8b75,CLUST_1187,REGULATORY,[Wire Pickup] China State Council announces crackdown on Bitcoin mining and trading activities,2021-05-19 12:42:44+00:00,TIER_2_HIGH_QUALITY_SECONDARY,0,0,1
STORY_4f016a1c3a,CLUST_1121,MACRO_SCHEDULED,US Non-Farm Payrolls: 254k jobs added vs 254k expected,2021-06-05 12:30:00+00:00,TIER_1_PRIMARY,3,3,0
STORY_1cc5766bb4,CLUST_1121,MACRO_SCHEDULED,[Wire Pickup] US Non-Farm Payrolls: 254k jobs added vs 254k expected,2021-06-05 12:33:14+00:00,TIER_2_HIGH_QUALITY_SECONDARY,3,3,0
STORY_f4d3384e8f,CLUST_1188,GEOPOLITICAL,El Salvador President Nayib Bukele announces plan to make Bitcoin legal tender,2021-06-05 14:01:03+00:00,TIER_2_HIGH_QUALITY_SECONDARY,2,2,0
STORY_8597a3c4c6,CLUST_1188,GEOPOLITICAL,[Wire Pickup] El Salvador President Nayib Bukele announces plan to make Bitcoin legal tender,2021-06-05 14:09:38+00:00,TIER_2_HIGH_QUALITY_SECONDARY,2,2,0
STORY_578414342f,CLUST_1188,GEOPOLITICAL,[Wire Pickup] El Salvador President Nayib Bukele announces plan to make Bitcoin legal tender,2021-06-05 14:14:39+00:00,TIER_2_HIGH_QUALITY_SECONDARY,2,2,0
STORY_d9a6d8355e,CLUST_1051,MACRO_SCHEDULED,US CPI YoY reported at 4.3% vs 4.5% consensus,2021-06-12 12:30:00+00:00,TIER_1_PRIMARY,0,0,1
STORY_2620ce33b0,CLUST_1051,MACRO_SCHEDULED,[Wire Pickup] US CPI YoY reported at 4.3% vs 4.5% consensus,2021-06-12 12:32:11+00:00,TIER_2_HIGH_QUALITY_SECONDARY,0,0,1
STORY_30b3c73eeb,CLUST_1051,MACRO_SCHEDULED,[Wire Pickup] US CPI YoY reported at 4.3% vs 4.5% consensus,2021-06-12 12:34:57+00:00,TIER_2_HIGH_QUALITY_SECONDARY,0,0,1
STORY_7f9cf306f8,CLUST_1003,MONETARY_POLICY,FOMC Decision: Fed funds rate set to 0.25% (Consensus: 0.25%),2021-06-16 18:00:00+00:00,TIER_1_PRIMARY,0,0,1
STORY_df88212a03,CLUST_1003,MONETARY_POLICY,[Wire Pickup] FOMC Decision: Fed funds rate set to 0.25% (Consensus: 0.25%),2021-06-16 18:06:39+00:00,TIER_2_HIGH_QUALITY_SECONDARY,0,0,1
STORY_375c08ccb7,CLUST_1003,MONETARY_POLICY,[Wire Pickup] FOMC Decision: Fed funds rate set to 0.25% (Consensus: 0.25%),2021-06-16 18:14:22+00:00,TIER_2_HIGH_QUALITY_SECONDARY,0,0,1
STORY_b835b778bd,CLUST_1122,MACRO_SCHEDULED,US Non-Farm Payrolls: 125k jobs added vs 155k expected,2021-07-05 12:30:00+00:00,TIER_1_PRIMARY,0,0,1
STORY_c8f2928ab2,CLUST_1122,MACRO_SCHEDULED,[Wire Pickup] US Non-Farm Payrolls: 125k jobs added vs 155k expected,2021-07-05 12:32:39+00:00,TIER_2_HIGH_QUALITY_SECONDARY,0,0,1
STORY_eb968874fe,CLUST_1122,MACRO_SCHEDULED,[Wire Pickup] US Non-Farm Payrolls: 125k jobs added vs 155k expected,2021-07-05 12:41:31+00:00,TIER_2_HIGH_QUALITY_SECONDARY,0,0,1
STORY_12e4d7a811,CLUST_1122,MACRO_SCHEDULED,[Wire Pickup] US Non-Farm Payrolls: 125k jobs added vs 155k expected,2021-07-05 12:43:39+00:00,TIER_3_AGGREGATOR,0,0,1
STORY_d548a31195,CLUST_1052,MACRO_SCHEDULED,US CPI YoY reported at 2.4% vs 2.4% consensus,2021-07-12 12:30:00+00:00,TIER_1_PRIMARY,0,0,1
STORY_3710c5008f,CLUST_1052,MACRO_SCHEDULED,[Wire Pickup] US CPI YoY reported at 2.4% vs 2.4% consensus,2021-07-12 12:33:30+00:00,TIER_2_HIGH_QUALITY_SECONDARY,0,0,1
STORY_7f9cf306f8,CLUST_1004,MONETARY_POLICY,FOMC Decision: Fed funds rate set to 0.25% (Consensus: 0.25%),2021-07-28 18:00:00+00:00,TIER_1_PRIMARY,0,0,1
STORY_47293dce10,CLUST_1004,MONETARY_POLICY,[Wire Pickup] FOMC Decision: Fed funds rate set to 0.25% (Consensus: 0.25%),2021-07-28 18:06:12+00:00,TIER_3_AGGREGATOR,0,0,1
STORY_375c08ccb7,CLUST_1004,MONETARY_POLICY,[Wire Pickup] FOMC Decision: Fed funds rate set to 0.25% (Consensus: 0.25%),2021-07-28 18:08:19+00:00,TIER_2_HIGH_QUALITY_SECONDARY,0,0,1
STORY_df88212a03,CLUST_1004,MONETARY_POLICY,[Wire Pickup] FOMC Decision: Fed funds rate set to 0.25% (Consensus: 0.25%),2021-07-28 18:08:31+00:00,TIER_2_HIGH_QUALITY_SECONDARY,0,0,1
STORY_7497dd3c18,CLUST_1123,MACRO_SCHEDULED,US Non-Farm Payrolls: 127k jobs added vs 157k expected,2021-08-05 12:30:00+00:00,TIER_1_PRIMARY,0,0,1
STORY_c69aab371f,CLUST_1123,MACRO_SCHEDULED,[Wire Pickup] US Non-Farm Payrolls: 127k jobs added vs 157k expected,2021-08-05 12:35:47+00:00,TIER_2_HIGH_QUALITY_SECONDARY,0,0,1
STORY_a0a562eaaa,CLUST_1123,MACRO_SCHEDULED,[Wire Pickup] US Non-Farm Payrolls: 127k jobs added vs 157k expected,2021-08-05 12:44:35+00:00,TIER_2_HIGH_QUALITY_SECONDARY,0,0,1
STORY_43a69c5030,CLUST_1053,MACRO_SCHEDULED,US CPI YoY reported at 2.7% vs 2.7% consensus,2021-08-12 12:30:00+00:00,TIER_1_PRIMARY,0,0,1
STORY_8bba5508dd,CLUST_1053,MACRO_SCHEDULED,[Wire Pickup] US CPI YoY reported at 2.7% vs 2.7% consensus,2021-08-12 12:32:55+00:00,TIER_2_HIGH_QUALITY_SECONDARY,0,0,1
STORY_c4073a21a8,CLUST_1053,MACRO_SCHEDULED,[Wire Pickup] US CPI YoY reported at 2.7% vs 2.7% consensus,2021-08-12 12:34:52+00:00,TIER_2_HIGH_QUALITY_SECONDARY,0,0,1
STORY_bc43f7adb5,CLUST_1053,MACRO_SCHEDULED,[Wire Pickup] US CPI YoY reported at 2.7% vs 2.7% consensus,2021-08-12 12:38:54+00:00,TIER_3_AGGREGATOR,0,0,1
STORY_92b45d1087,CLUST_1124,MACRO_SCHEDULED,US Non-Farm Payrolls: 243k jobs added vs 243k expected,2021-09-05 12:30:00+00:00,TIER_1_PRIMARY,0,0,1
STORY_0a8d81da7a,CLUST_1124,MACRO_SCHEDULED,[Wire Pickup] US Non-Farm Payrolls: 243k jobs added vs 243k expected,2021-09-05 12:42:04+00:00,TIER_2_HIGH_QUALITY_SECONDARY,0,0,1
STORY_8a821d7efa,CLUST_1189,GEOPOLITICAL,El Salvador Bitcoin Law officially takes effect; Chivo wallet experiences rollout delays,2021-09-07 14:31:08+00:00,TIER_2_HIGH_QUALITY_SECONDARY,0,0,1
STORY_ed5716a198,CLUST_1189,GEOPOLITICAL,[Wire Pickup] El Salvador Bitcoin Law officially takes effect; Chivo wallet experiences rollout delays,2021-09-07 14:39:47+00:00,TIER_2_HIGH_QUALITY_SECONDARY,0,0,1
STORY_24e13bf028,CLUST_1054,MACRO_SCHEDULED,US CPI YoY reported at 2.8% vs 2.8% consensus,2021-09-12 12:30:00+00:00,TIER_1_PRIMARY,0,0,1
STORY_d826c87a17,CLUST_1054,MACRO_SCHEDULED,[Wire Pickup] US CPI YoY reported at 2.8% vs 2.8% consensus,2021-09-12 12:41:27+00:00,TIER_2_HIGH_QUALITY_SECONDARY,0,0,1
STORY_6d54ba4025,CLUST_1054,MACRO_SCHEDULED,[Wire Pickup] US CPI YoY reported at 2.8% vs 2.8% consensus,2021-09-12 12:44:00+00:00,TIER_2_HIGH_QUALITY_SECONDARY,0,0,1
STORY_7f9cf306f8,CLUST_1005,MONETARY_POLICY,FOMC Decision: Fed funds rate set to 0.25% (Consensus: 0.25%),2021-09-22 18:00:00+00:00,TIER_1_PRIMARY,0,0,1
STORY_375c08ccb7,CLUST_1005,MONETARY_POLICY,[Wire Pickup] FOMC Decision: Fed funds rate set to 0.25% (Consensus: 0.25%),2021-09-22 18:03:50+00:00,TIER_2_HIGH_QUALITY_SECONDARY,0,0,1
STORY_e11670864f,CLUST_1125,MACRO_SCHEDULED,US Non-Farm Payrolls: 192k jobs added vs 222k expected,2021-10-05 12:30:00+00:00,TIER_1_PRIMARY,0,0,1
STORY_0ec90cec26,CLUST_1125,MACRO_SCHEDULED,[Wire Pickup] US Non-Farm Payrolls: 192k jobs added vs 222k expected,2021-10-05 12:33:18+00:00,TIER_3_AGGREGATOR,0,0,1
STORY_b19f3357dc,CLUST_1125,MACRO_SCHEDULED,[Wire Pickup] US Non-Farm Payrolls: 192k jobs added vs 222k expected,2021-10-05 12:35:18+00:00,TIER_2_HIGH_QUALITY_SECONDARY,0,0,1
STORY_d9e337ec07,CLUST_1125,MACRO_SCHEDULED,[Wire Pickup] US Non-Farm Payrolls: 192k jobs added vs 222k expected,2021-10-05 12:40:14+00:00,TIER_2_HIGH_QUALITY_SECONDARY,0,0,1
STORY_ce43d8fa2a,CLUST_1055,MACRO_SCHEDULED,US CPI YoY reported at 2.6% vs 2.8% consensus,2021-10-12 12:30:00+00:00,TIER_1_PRIMARY,0,0,1
STORY_9198270843,CLUST_1055,MACRO_SCHEDULED,[Wire Pickup] US CPI YoY reported at 2.6% vs 2.8% consensus,2021-10-12 12:43:32+00:00,TIER_2_HIGH_QUALITY_SECONDARY,0,0,1
STORY_7f9cf306f8,CLUST_1006,MONETARY_POLICY,FOMC Decision: Fed funds rate set to 0.25% (Consensus: 0.25%),2021-11-03 18:00:00+00:00,TIER_1_PRIMARY,0,0,1
STORY_375c08ccb7,CLUST_1006,MONETARY_POLICY,[Wire Pickup] FOMC Decision: Fed funds rate set to 0.25% (Consensus: 0.25%),2021-11-03 18:06:39+00:00,TIER_2_HIGH_QUALITY_SECONDARY,0,0,1
STORY_7b6cdab006,CLUST_1126,MACRO_SCHEDULED,US Non-Farm Payrolls: 165k jobs added vs 225k expected,2021-11-05 12:30:00+00:00,TIER_1_PRIMARY,0,0,1
STORY_a4ac9a50ff,CLUST_1126,MACRO_SCHEDULED,[Wire Pickup] US Non-Farm Payrolls: 165k jobs added vs 225k expected,2021-11-05 12:36:06+00:00,TIER_3_AGGREGATOR,0,0,1
STORY_89be0ffa81,CLUST_1126,MACRO_SCHEDULED,[Wire Pickup] US Non-Farm Payrolls: 165k jobs added vs 225k expected,2021-11-05 12:36:50+00:00,TIER_2_HIGH_QUALITY_SECONDARY,0,0,1
STORY_48900f2a20,CLUST_1126,MACRO_SCHEDULED,[Wire Pickup] US Non-Farm Payrolls: 165k jobs added vs 225k expected,2021-11-05 12:44:39+00:00,TIER_2_HIGH_QUALITY_SECONDARY,0,0,1
STORY_ce43d8fa2a,CLUST_1056,MACRO_SCHEDULED,US CPI YoY reported at 2.6% vs 2.8% consensus,2021-11-12 12:30:00+00:00,TIER_1_PRIMARY,0,0,1
STORY_0884ecd0ea,CLUST_1056,MACRO_SCHEDULED,[Wire Pickup] US CPI YoY reported at 2.6% vs 2.8% consensus,2021-11-12 12:38:09+00:00,TIER_2_HIGH_QUALITY_SECONDARY,0,0,1
STORY_9198270843,CLUST_1056,MACRO_SCHEDULED,[Wire Pickup] US CPI YoY reported at 2.6% vs 2.8% consensus,2021-11-12 12:40:18+00:00,TIER_2_HIGH_QUALITY_SECONDARY,0,0,1
STORY_664147ec5f,CLUST_1056,MACRO_SCHEDULED,[Wire Pickup] US CPI YoY reported at 2.6% vs 2.8% consensus,2021-11-12 12:41:17+00:00,TIER_3_AGGREGATOR,0,0,1
STORY_ca2a3da73c,CLUST_1190,CRYPTO_MARKET_STRUCTURE,"Bitcoin Taproot soft fork upgrade officially activates at block 709,632",2021-11-14 05:16:11+00:00,TIER_2_HIGH_QUALITY_SECONDARY,0,0,1
STORY_a4a5a9a216,CLUST_1190,CRYPTO_MARKET_STRUCTURE,"[Wire Pickup] Bitcoin Taproot soft fork upgrade officially activates at block 709,632",2021-11-14 05:22:30+00:00,TIER_2_HIGH_QUALITY_SECONDARY,0,0,1
STORY_46bcec41fe,CLUST_1190,CRYPTO_MARKET_STRUCTURE,"[Wire Pickup] Bitcoin Taproot soft fork upgrade officially activates at block 709,632",2021-11-14 05:27:51+00:00,TIER_2_HIGH_QUALITY_SECONDARY,0,0,1
STORY_4c0bac7dfe,CLUST_1127,MACRO_SCHEDULED,US Non-Farm Payrolls: 103k jobs added vs 163k expected,2021-12-05 12:30:00+00:00,TIER_1_PRIMARY,0,0,1
STORY_c295d50fcc,CLUST_1127,MACRO_SCHEDULED,[Wire Pickup] US Non-Farm Payrolls: 103k jobs added vs 163k expected,2021-12-05 12:33:25+00:00,TIER_3_AGGREGATOR,0,0,1
STORY_f94fb0e1ef,CLUST_1127,MACRO_SCHEDULED,[Wire Pickup] US Non-Farm Payrolls: 103k jobs added vs 163k expected,2021-12-05 12:34:42+00:00,TIER_2_HIGH_QUALITY_SECONDARY,0,0,1
STORY_cf319a9f56,CLUST_1127,MACRO_SCHEDULED,[Wire Pickup] US Non-Farm Payrolls: 103k jobs added vs 163k expected,2021-12-05 12:37:40+00:00,TIER_2_HIGH_QUALITY_SECONDARY,0,0,1
STORY_2c995074ab,CLUST_1057,MACRO_SCHEDULED,US CPI YoY reported at 3.1% vs 2.9% consensus,2021-12-12 12:30:00+00:00,TIER_1_PRIMARY,0,0,1
STORY_7cfd8b2e40,CLUST_1057,MACRO_SCHEDULED,[Wire Pickup] US CPI YoY reported at 3.1% vs 2.9% consensus,2021-12-12 12:35:46+00:00,TIER_2_HIGH_QUALITY_SECONDARY,0,0,1
STORY_1c30f1cd55,CLUST_1057,MACRO_SCHEDULED,[Wire Pickup] US CPI YoY reported at 3.1% vs 2.9% consensus,2021-12-12 12:42:36+00:00,TIER_2_HIGH_QUALITY_SECONDARY,0,0,1
STORY_7f9cf306f8,CLUST_1007,MONETARY_POLICY,FOMC Decision: Fed funds rate set to 0.25% (Consensus: 0.25%),2021-12-15 19:00:00+00:00,TIER_1_PRIMARY,0,0,1
STORY_df88212a03,CLUST_1007,MONETARY_POLICY,[Wire Pickup] FOMC Decision: Fed funds rate set to 0.25% (Consensus: 0.25%),2021-12-15 19:02:50+00:00,TIER_2_HIGH_QUALITY_SECONDARY,0,0,1
STORY_375c08ccb7,CLUST_1007,MONETARY_POLICY,[Wire Pickup] FOMC Decision: Fed funds rate set to 0.25% (Consensus: 0.25%),2021-12-15 19:13:43+00:00,TIER_2_HIGH_QUALITY_SECONDARY,0,0,1
STORY_bd7a02c2e2,CLUST_1128,MACRO_SCHEDULED,US Non-Farm Payrolls: 170k jobs added vs 140k expected,2022-01-05 12:30:00+00:00,TIER_1_PRIMARY,0,0,1
STORY_11bff07a31,CLUST_1128,MACRO_SCHEDULED,[Wire Pickup] US Non-Farm Payrolls: 170k jobs added vs 140k expected,2022-01-05 12:34:34+00:00,TIER_2_HIGH_QUALITY_SECONDARY,0,0,1
STORY_b6ab003a60,CLUST_1128,MACRO_SCHEDULED,[Wire Pickup] US Non-Farm Payrolls: 170k jobs added vs 140k expected,2022-01-05 12:41:27+00:00,TIER_2_HIGH_QUALITY_SECONDARY,0,0,1
STORY_f07cede682,CLUST_1058,MACRO_SCHEDULED,US CPI YoY reported at 4.4% vs 4.5% consensus,2022-01-12 12:30:00+00:00,TIER_1_PRIMARY,0,0,1
STORY_87c1c326d4,CLUST_1058,MACRO_SCHEDULED,[Wire Pickup] US CPI YoY reported at 4.4% vs 4.5% consensus,2022-01-12 12:36:19+00:00,TIER_2_HIGH_QUALITY_SECONDARY,0,0,1
STORY_b2e6e40f89,CLUST_1058,MACRO_SCHEDULED,[Wire Pickup] US CPI YoY reported at 4.4% vs 4.5% consensus,2022-01-12 12:38:27+00:00,TIER_2_HIGH_QUALITY_SECONDARY,0,0,1
STORY_7f9cf306f8,CLUST_1008,MONETARY_POLICY,FOMC Decision: Fed funds rate set to 0.25% (Consensus: 0.25%),2022-01-26 19:00:00+00:00,TIER_1_PRIMARY,0,0,1
STORY_375c08ccb7,CLUST_1008,MONETARY_POLICY,[Wire Pickup] FOMC Decision: Fed funds rate set to 0.25% (Consensus: 0.25%),2022-01-26 19:02:25+00:00,TIER_2_HIGH_QUALITY_SECONDARY,0,0,1
STORY_df88212a03,CLUST_1008,MONETARY_POLICY,[Wire Pickup] FOMC Decision: Fed funds rate set to 0.25% (Consensus: 0.25%),2022-01-26 19:03:17+00:00,TIER_2_HIGH_QUALITY_SECONDARY,0,0,1
STORY_47293dce10,CLUST_1008,MONETARY_POLICY,[Wire Pickup] FOMC Decision: Fed funds rate set to 0.25% (Consensus: 0.25%),2022-01-26 19:14:21+00:00,TIER_3_AGGREGATOR,0,0,1
STORY_273d1a3633,CLUST_1129,MACRO_SCHEDULED,US Non-Farm Payrolls: 121k jobs added vs 121k expected,2022-02-05 12:30:00+00:00,TIER_1_PRIMARY,0,0,1
STORY_02047f5f7e,CLUST_1129,MACRO_SCHEDULED,[Wire Pickup] US Non-Farm Payrolls: 121k jobs added vs 121k expected,2022-02-05 12:36:28+00:00,TIER_3_AGGREGATOR,0,0,1
STORY_c23b6de774,CLUST_1129,MACRO_SCHEDULED,[Wire Pickup] US Non-Farm Payrolls: 121k jobs added vs 121k expected,2022-02-05 12:37:00+00:00,TIER_2_HIGH_QUALITY_SECONDARY,0,0,1
STORY_c228e595ef,CLUST_1129,MACRO_SCHEDULED,[Wire Pickup] US Non-Farm Payrolls: 121k jobs added vs 121k expected,2022-02-05 12:38:44+00:00,TIER_2_HIGH_QUALITY_SECONDARY,0,0,1
STORY_04450736d5,CLUST_1059,MACRO_SCHEDULED,US CPI YoY reported at 6.7% vs 6.8% consensus,2022-02-12 12:30:00+00:00,TIER_1_PRIMARY,0,0,1
STORY_70b1d02b62,CLUST_1059,MACRO_SCHEDULED,[Wire Pickup] US CPI YoY reported at 6.7% vs 6.8% consensus,2022-02-12 12:43:25+00:00,TIER_2_HIGH_QUALITY_SECONDARY,0,0,1
STORY_36eadcac77,CLUST_1191,GEOPOLITICAL,Russia launches military operations in Ukraine; global risk assets sell off,2022-02-24 03:30:30+00:00,TIER_2_HIGH_QUALITY_SECONDARY,0,0,1
STORY_9c2eb14018,CLUST_1191,GEOPOLITICAL,[Wire Pickup] Russia launches military operations in Ukraine; global risk assets sell off,2022-02-24 03:33:03+00:00,TIER_2_HIGH_QUALITY_SECONDARY,0,0,1
STORY_040ad4ec17,CLUST_1191,GEOPOLITICAL,[Wire Pickup] Russia launches military operations in Ukraine; global risk assets sell off,2022-02-24 03:37:40+00:00,TIER_2_HIGH_QUALITY_SECONDARY,0,0,1
STORY_2d20751f76,CLUST_1191,GEOPOLITICAL,[Wire Pickup] Russia launches military operations in Ukraine; global risk assets sell off,2022-02-24 03:39:56+00:00,TIER_3_AGGREGATOR,0,0,1
STORY_e30e062be0,CLUST_1130,MACRO_SCHEDULED,US Non-Farm Payrolls: 385k jobs added vs 315k expected,2022-03-05 12:30:00+00:00,TIER_1_PRIMARY,0,0,1
STORY_9c0b84d38c,CLUST_1130,MACRO_SCHEDULED,[Wire Pickup] US Non-Farm Payrolls: 385k jobs added vs 315k expected,2022-03-05 12:44:29+00:00,TIER_2_HIGH_QUALITY_SECONDARY,0,0,1
STORY_55de73f9ef,CLUST_1060,MACRO_SCHEDULED,US CPI YoY reported at 4.2% vs 4.4% consensus,2022-03-12 12:30:00+00:00,TIER_1_PRIMARY,0,0,1
STORY_e97b2a253a,CLUST_1060,MACRO_SCHEDULED,[Wire Pickup] US CPI YoY reported at 4.2% vs 4.4% consensus,2022-03-12 12:35:53+00:00,TIER_2_HIGH_QUALITY_SECONDARY,0,0,1
STORY_319fdaa398,CLUST_1009,MONETARY_POLICY,FOMC Decision: Fed funds rate set to 0.50% (Consensus: 0.50%),2022-03-16 18:00:00+00:00,TIER_1_PRIMARY,0,0,1
STORY_17c9df8948,CLUST_1009,MONETARY_POLICY,[Wire Pickup] FOMC Decision: Fed funds rate set to 0.50% (Consensus: 0.50%),2022-03-16 18:04:08+00:00,TIER_2_HIGH_QUALITY_SECONDARY,0,0,1
STORY_b776211fee,CLUST_1009,MONETARY_POLICY,[Wire Pickup] FOMC Decision: Fed funds rate set to 0.50% (Consensus: 0.50%),2022-03-16 18:07:45+00:00,TIER_2_HIGH_QUALITY_SECONDARY,0,0,1
STORY_995a6e58a3,CLUST_1192,PROTOCOL_SECURITY,Axie Infinity Ronin cross-chain bridge hacked for $625M in crypto,2022-03-29 15:20:38+00:00,TIER_2_HIGH_QUALITY_SECONDARY,0,0,1
STORY_e5621423f8,CLUST_1192,PROTOCOL_SECURITY,[Wire Pickup] Axie Infinity Ronin cross-chain bridge hacked for $625M in crypto,2022-03-29 15:34:29+00:00,TIER_2_HIGH_QUALITY_SECONDARY,0,0,1
STORY_3b942f3040,CLUST_1131,MACRO_SCHEDULED,US Non-Farm Payrolls: 147k jobs added vs 207k expected,2022-04-05 12:30:00+00:00,TIER_1_PRIMARY,0,0,1
STORY_a99db7e764,CLUST_1131,MACRO_SCHEDULED,[Wire Pickup] US Non-Farm Payrolls: 147k jobs added vs 207k expected,2022-04-05 12:32:50+00:00,TIER_2_HIGH_QUALITY_SECONDARY,0,0,1
STORY_40e79967fd,CLUST_1131,MACRO_SCHEDULED,[Wire Pickup] US Non-Farm Payrolls: 147k jobs added vs 207k expected,2022-04-05 12:41:08+00:00,TIER_2_HIGH_QUALITY_SECONDARY,0,0,1
STORY_b5a16ae284,CLUST_1131,MACRO_SCHEDULED,[Wire Pickup] US Non-Farm Payrolls: 147k jobs added vs 207k expected,2022-04-05 12:44:23+00:00,TIER_3_AGGREGATOR,0,0,1
STORY_f32972c5c2,CLUST_1061,MACRO_SCHEDULED,US CPI YoY reported at 2.2% vs 2.3% consensus,2022-04-12 12:30:00+00:00,TIER_1_PRIMARY,0,0,1
STORY_891816cee3,CLUST_1061,MACRO_SCHEDULED,[Wire Pickup] US CPI YoY reported at 2.2% vs 2.3% consensus,2022-04-12 12:42:06+00:00,TIER_2_HIGH_QUALITY_SECONDARY,0,0,1
STORY_196fcdf7c0,CLUST_1010,MONETARY_POLICY,FOMC Decision: Fed funds rate set to 1.00% (Consensus: 1.00%),2022-05-04 18:00:00+00:00,TIER_1_PRIMARY,0,3,0
STORY_665f4bbcf8,CLUST_1010,MONETARY_POLICY,[Wire Pickup] FOMC Decision: Fed funds rate set to 1.00% (Consensus: 1.00%),2022-05-04 18:09:32+00:00,TIER_2_HIGH_QUALITY_SECONDARY,0,3,0
STORY_b540b08a63,CLUST_1010,MONETARY_POLICY,[Wire Pickup] FOMC Decision: Fed funds rate set to 1.00% (Consensus: 1.00%),2022-05-04 18:14:09+00:00,TIER_2_HIGH_QUALITY_SECONDARY,0,3,0
STORY_7d02c7daff,CLUST_1132,MACRO_SCHEDULED,US Non-Farm Payrolls: 95k jobs added vs 155k expected,2022-05-05 12:30:00+00:00,TIER_1_PRIMARY,0,3,0
STORY_acf30126a0,CLUST_1132,MACRO_SCHEDULED,[Wire Pickup] US Non-Farm Payrolls: 95k jobs added vs 155k expected,2022-05-05 12:31:33+00:00,TIER_2_HIGH_QUALITY_SECONDARY,0,3,0
STORY_23c3407efa,CLUST_1132,MACRO_SCHEDULED,[Wire Pickup] US Non-Farm Payrolls: 95k jobs added vs 155k expected,2022-05-05 12:31:55+00:00,TIER_2_HIGH_QUALITY_SECONDARY,0,3,0
STORY_0580642805,CLUST_1193,STABLECOIN,TerraUSD (UST) stablecoin slips from $1.00 peg as massive Curve pool withdrawals begin,2022-05-08 20:00:50+00:00,TIER_2_HIGH_QUALITY_SECONDARY,0,0,1
STORY_21feb5f61d,CLUST_1193,STABLECOIN,[Wire Pickup] TerraUSD (UST) stablecoin slips from $1.00 peg as massive Curve pool withdrawals begin,2022-05-08 20:05:20+00:00,TIER_2_HIGH_QUALITY_SECONDARY,0,0,1
STORY_7d6faa0320,CLUST_1193,STABLECOIN,[Wire Pickup] TerraUSD (UST) stablecoin slips from $1.00 peg as massive Curve pool withdrawals begin,2022-05-08 20:13:18+00:00,TIER_2_HIGH_QUALITY_SECONDARY,0,0,1
STORY_6701b402ca,CLUST_1194,STABLECOIN,"UST death spiral accelerates: stablecoin collapses to $0.30, LUNA hyper-inflates",2022-05-11 10:01:14+00:00,TIER_2_HIGH_QUALITY_SECONDARY,0,0,1
STORY_d815ad1cf8,CLUST_1194,STABLECOIN,"[Wire Pickup] UST death spiral accelerates: stablecoin collapses to $0.30, LUNA hyper-inflates",2022-05-11 10:04:50+00:00,TIER_2_HIGH_QUALITY_SECONDARY,0,0,1
STORY_fa0cf3f8f5,CLUST_1062,MACRO_SCHEDULED,US CPI YoY reported at 2.8% vs 2.9% consensus,2022-05-12 12:30:00+00:00,TIER_1_PRIMARY,0,0,1
STORY_e82a4845e6,CLUST_1062,MACRO_SCHEDULED,[Wire Pickup] US CPI YoY reported at 2.8% vs 2.9% consensus,2022-05-12 12:42:54+00:00,TIER_2_HIGH_QUALITY_SECONDARY,0,0,1
STORY_0f8deda15b,CLUST_1133,MACRO_SCHEDULED,US Non-Farm Payrolls: 202k jobs added vs 172k expected,2022-06-05 12:30:00+00:00,TIER_1_PRIMARY,0,0,1
STORY_8439879bbc,CLUST_1133,MACRO_SCHEDULED,[Wire Pickup] US Non-Farm Payrolls: 202k jobs added vs 172k expected,2022-06-05 12:36:00+00:00,TIER_2_HIGH_QUALITY_SECONDARY,0,0,1
STORY_6e0b9a0ba1,CLUST_1133,MACRO_SCHEDULED,[Wire Pickup] US Non-Farm Payrolls: 202k jobs added vs 172k expected,2022-06-05 12:36:01+00:00,TIER_2_HIGH_QUALITY_SECONDARY,0,0,1
STORY_3ea8d56e2e,CLUST_1063,MACRO_SCHEDULED,US CPI YoY reported at 2.2% vs 2.1% consensus,2022-06-12 12:30:00+00:00,TIER_1_PRIMARY,0,2,0
STORY_5ada26c950,CLUST_1063,MACRO_SCHEDULED,[Wire Pickup] US CPI YoY reported at 2.2% vs 2.1% consensus,2022-06-12 12:39:27+00:00,TIER_2_HIGH_QUALITY_SECONDARY,0,2,0
STORY_f80d9fa2d1,CLUST_1063,MACRO_SCHEDULED,[Wire Pickup] US CPI YoY reported at 2.2% vs 2.1% consensus,2022-06-12 12:41:28+00:00,TIER_2_HIGH_QUALITY_SECONDARY,0,2,0
STORY_d5d61ef244,CLUST_1195,EXCHANGE_SECURITY,"Celsius Network pauses all withdrawals, swaps, and transfers due to extreme market conditions",2022-06-12 23:30:55+00:00,TIER_2_HIGH_QUALITY_SECONDARY,0,3,0
STORY_e0347ae616,CLUST_1195,EXCHANGE_SECURITY,"[Wire Pickup] Celsius Network pauses all withdrawals, swaps, and transfers due to extreme market conditions",2022-06-12 23:39:24+00:00,TIER_2_HIGH_QUALITY_SECONDARY,0,3,0
STORY_594caf7700,CLUST_1011,MONETARY_POLICY,FOMC Decision: Fed funds rate set to 1.75% (Consensus: 1.75%),2022-06-15 18:00:00+00:00,TIER_1_PRIMARY,0,0,1
STORY_7d9006292a,CLUST_1011,MONETARY_POLICY,[Wire Pickup] FOMC Decision: Fed funds rate set to 1.75% (Consensus: 1.75%),2022-06-15 18:10:10+00:00,TIER_2_HIGH_QUALITY_SECONDARY,0,0,1
STORY_c2c3d3ec6a,CLUST_1196,EXCHANGE_SECURITY,"Three Arrows Capital (3AC) faces liquidations across major lenders, enters insolvency",2022-06-17 14:01:17+00:00,TIER_2_HIGH_QUALITY_SECONDARY,0,0,1
STORY_a968746dda,CLUST_1196,EXCHANGE_SECURITY,"[Wire Pickup] Three Arrows Capital (3AC) faces liquidations across major lenders, enters insolvency",2022-06-17 14:05:44+00:00,TIER_2_HIGH_QUALITY_SECONDARY,0,0,1
STORY_c960651e6b,CLUST_1196,EXCHANGE_SECURITY,"[Wire Pickup] Three Arrows Capital (3AC) faces liquidations across major lenders, enters insolvency",2022-06-17 14:07:08+00:00,TIER_2_HIGH_QUALITY_SECONDARY,0,0,1
STORY_abaa08ee96,CLUST_1134,MACRO_SCHEDULED,US Non-Farm Payrolls: 233k jobs added vs 163k expected,2022-07-05 12:30:00+00:00,TIER_1_PRIMARY,0,0,1
STORY_a90ff21f9c,CLUST_1134,MACRO_SCHEDULED,[Wire Pickup] US Non-Farm Payrolls: 233k jobs added vs 163k expected,2022-07-05 12:37:51+00:00,TIER_2_HIGH_QUALITY_SECONDARY,0,0,1
STORY_e27215e254,CLUST_1134,MACRO_SCHEDULED,[Wire Pickup] US Non-Farm Payrolls: 233k jobs added vs 163k expected,2022-07-05 12:44:03+00:00,TIER_2_HIGH_QUALITY_SECONDARY,0,0,1
STORY_da348c24f5,CLUST_1064,MACRO_SCHEDULED,US CPI YoY reported at 2.5% vs 2.7% consensus,2022-07-12 12:30:00+00:00,TIER_1_PRIMARY,0,0,1
STORY_81d4f251de,CLUST_1064,MACRO_SCHEDULED,[Wire Pickup] US CPI YoY reported at 2.5% vs 2.7% consensus,2022-07-12 12:38:30+00:00,TIER_2_HIGH_QUALITY_SECONDARY,0,0,1
STORY_3f96693999,CLUST_1064,MACRO_SCHEDULED,[Wire Pickup] US CPI YoY reported at 2.5% vs 2.7% consensus,2022-07-12 12:44:54+00:00,TIER_2_HIGH_QUALITY_SECONDARY,0,0,1
STORY_0249bdf43a,CLUST_1012,MONETARY_POLICY,FOMC Decision: Fed funds rate set to 2.50% (Consensus: 2.50%),2022-07-27 18:00:00+00:00,TIER_1_PRIMARY,0,0,1
STORY_c2967025aa,CLUST_1012,MONETARY_POLICY,[Wire Pickup] FOMC Decision: Fed funds rate set to 2.50% (Consensus: 2.50%),2022-07-27 18:01:57+00:00,TIER_2_HIGH_QUALITY_SECONDARY,0,0,1
STORY_152ffaf042,CLUST_1012,MONETARY_POLICY,[Wire Pickup] FOMC Decision: Fed funds rate set to 2.50% (Consensus: 2.50%),2022-07-27 18:08:34+00:00,TIER_2_HIGH_QUALITY_SECONDARY,0,0,1
STORY_bb300673ca,CLUST_1136,MACRO_SCHEDULED,US Non-Farm Payrolls: 338k jobs added vs 268k expected,2022-08-05 12:30:00+00:00,TIER_1_PRIMARY,2,2,0
STORY_89c9bbc93c,CLUST_1135,MACRO_SCHEDULED,US Non-Farm Payrolls: 181k jobs added vs 181k expected,2022-08-05 12:30:00+00:00,TIER_1_PRIMARY,2,2,0
STORY_405e50eadf,CLUST_1136,MACRO_SCHEDULED,[Wire Pickup] US Non-Farm Payrolls: 338k jobs added vs 268k expected,2022-08-05 12:37:49+00:00,TIER_2_HIGH_QUALITY_SECONDARY,2,2,0
STORY_eaf0d1fe7a,CLUST_1135,MACRO_SCHEDULED,[Wire Pickup] US Non-Farm Payrolls: 181k jobs added vs 181k expected,2022-08-05 12:44:38+00:00,TIER_2_HIGH_QUALITY_SECONDARY,2,2,0
STORY_5785a2f8ba,CLUST_1065,MACRO_SCHEDULED,US CPI YoY reported at 4.2% vs 4.2% consensus,2022-08-12 12:30:00+00:00,TIER_1_PRIMARY,0,0,1
STORY_66c0328a48,CLUST_1065,MACRO_SCHEDULED,[Wire Pickup] US CPI YoY reported at 4.2% vs 4.2% consensus,2022-08-12 12:41:11+00:00,TIER_2_HIGH_QUALITY_SECONDARY,0,0,1
STORY_a6e521030b,CLUST_1065,MACRO_SCHEDULED,[Wire Pickup] US CPI YoY reported at 4.2% vs 4.2% consensus,2022-08-12 12:42:08+00:00,TIER_2_HIGH_QUALITY_SECONDARY,0,0,1
STORY_fedc54ee8f,CLUST_1137,MACRO_SCHEDULED,US Non-Farm Payrolls: 194k jobs added vs 194k expected,2022-09-05 12:30:00+00:00,TIER_1_PRIMARY,0,0,1
STORY_0b16515ba0,CLUST_1137,MACRO_SCHEDULED,[Wire Pickup] US Non-Farm Payrolls: 194k jobs added vs 194k expected,2022-09-05 12:38:04+00:00,TIER_2_HIGH_QUALITY_SECONDARY,0,0,1
STORY_216b0edd87,CLUST_1137,MACRO_SCHEDULED,[Wire Pickup] US Non-Farm Payrolls: 194k jobs added vs 194k expected,2022-09-05 12:41:26+00:00,TIER_2_HIGH_QUALITY_SECONDARY,0,0,1
STORY_2a83d11997,CLUST_1066,MACRO_SCHEDULED,US CPI YoY reported at 2.6% vs 2.5% consensus,2022-09-12 12:30:00+00:00,TIER_1_PRIMARY,0,0,1
STORY_58bd69044e,CLUST_1066,MACRO_SCHEDULED,[Wire Pickup] US CPI YoY reported at 2.6% vs 2.5% consensus,2022-09-12 12:33:21+00:00,TIER_2_HIGH_QUALITY_SECONDARY,0,0,1
STORY_16e1b7a863,CLUST_1066,MACRO_SCHEDULED,[Wire Pickup] US CPI YoY reported at 2.6% vs 2.5% consensus,2022-09-12 12:35:07+00:00,TIER_3_AGGREGATOR,0,0,1
STORY_58ceac3110,CLUST_1066,MACRO_SCHEDULED,[Wire Pickup] US CPI YoY reported at 2.6% vs 2.5% consensus,2022-09-12 12:43:43+00:00,TIER_2_HIGH_QUALITY_SECONDARY,0,0,1
STORY_a0a7cba163,CLUST_1013,MONETARY_POLICY,FOMC Decision: Fed funds rate set to 3.25% (Consensus: 3.25%),2022-09-21 18:00:00+00:00,TIER_1_PRIMARY,0,0,1
STORY_655eb50fa6,CLUST_1013,MONETARY_POLICY,[Wire Pickup] FOMC Decision: Fed funds rate set to 3.25% (Consensus: 3.25%),2022-09-21 18:03:10+00:00,TIER_2_HIGH_QUALITY_SECONDARY,0,0,1
STORY_7acfa5ce46,CLUST_1138,MACRO_SCHEDULED,US Non-Farm Payrolls: 230k jobs added vs 160k expected,2022-10-05 12:30:00+00:00,TIER_1_PRIMARY,0,0,1
STORY_f2a986edae,CLUST_1138,MACRO_SCHEDULED,[Wire Pickup] US Non-Farm Payrolls: 230k jobs added vs 160k expected,2022-10-05 12:31:05+00:00,TIER_2_HIGH_QUALITY_SECONDARY,0,0,1
STORY_9e5c811156,CLUST_1138,MACRO_SCHEDULED,[Wire Pickup] US Non-Farm Payrolls: 230k jobs added vs 160k expected,2022-10-05 12:44:49+00:00,TIER_2_HIGH_QUALITY_SECONDARY,0,0,1
STORY_8333863825,CLUST_1067,MACRO_SCHEDULED,US CPI YoY reported at 1.5% vs 1.7% consensus,2022-10-12 12:30:00+00:00,TIER_1_PRIMARY,0,0,1
STORY_3682c69036,CLUST_1067,MACRO_SCHEDULED,[Wire Pickup] US CPI YoY reported at 1.5% vs 1.7% consensus,2022-10-12 12:31:44+00:00,TIER_2_HIGH_QUALITY_SECONDARY,0,0,1
STORY_f421a46db7,CLUST_1067,MACRO_SCHEDULED,[Wire Pickup] US CPI YoY reported at 1.5% vs 1.7% consensus,2022-10-12 12:34:53+00:00,TIER_2_HIGH_QUALITY_SECONDARY,0,0,1
STORY_22d6aed42c,CLUST_1067,MACRO_SCHEDULED,[Wire Pickup] US CPI YoY reported at 1.5% vs 1.7% consensus,2022-10-12 12:40:12+00:00,TIER_3_AGGREGATOR,0,0,1
STORY_747f689201,CLUST_1014,MONETARY_POLICY,FOMC Decision: Fed funds rate set to 4.00% (Consensus: 4.00%),2022-11-02 18:00:00+00:00,TIER_1_PRIMARY,0,0,1
STORY_feefc3ee22,CLUST_1014,MONETARY_POLICY,[Wire Pickup] FOMC Decision: Fed funds rate set to 4.00% (Consensus: 4.00%),2022-11-02 18:01:47+00:00,TIER_2_HIGH_QUALITY_SECONDARY,0,0,1
STORY_5b8fb1378c,CLUST_1014,MONETARY_POLICY,[Wire Pickup] FOMC Decision: Fed funds rate set to 4.00% (Consensus: 4.00%),2022-11-02 18:02:55+00:00,TIER_3_AGGREGATOR,0,0,1
STORY_a3d579bbd2,CLUST_1014,MONETARY_POLICY,[Wire Pickup] FOMC Decision: Fed funds rate set to 4.00% (Consensus: 4.00%),2022-11-02 18:13:36+00:00,TIER_2_HIGH_QUALITY_SECONDARY,0,0,1
STORY_542951c2c1,CLUST_1139,MACRO_SCHEDULED,US Non-Farm Payrolls: 229k jobs added vs 289k expected,2022-11-05 12:30:00+00:00,TIER_1_PRIMARY,0,0,1
STORY_e17ccaf790,CLUST_1139,MACRO_SCHEDULED,[Wire Pickup] US Non-Farm Payrolls: 229k jobs added vs 289k expected,2022-11-05 12:37:15+00:00,TIER_2_HIGH_QUALITY_SECONDARY,0,0,1
STORY_5571ef1de0,CLUST_1139,MACRO_SCHEDULED,[Wire Pickup] US Non-Farm Payrolls: 229k jobs added vs 289k expected,2022-11-05 12:40:31+00:00,TIER_2_HIGH_QUALITY_SECONDARY,0,0,1
STORY_535a3ddb47,CLUST_1139,MACRO_SCHEDULED,[Wire Pickup] US Non-Farm Payrolls: 229k jobs added vs 289k expected,2022-11-05 12:42:05+00:00,TIER_3_AGGREGATOR,0,0,1
STORY_652ab7d442,CLUST_1198,EXCHANGE_SECURITY,Binance signs non-binding letter of intent to acquire FTX amid liquidity crunch,2022-11-08 16:15:43+00:00,TIER_2_HIGH_QUALITY_SECONDARY,0,0,1
STORY_55260ef1d2,CLUST_1198,EXCHANGE_SECURITY,[Wire Pickup] Binance signs non-binding letter of intent to acquire FTX amid liquidity crunch,2022-11-08 16:27:58+00:00,TIER_2_HIGH_QUALITY_SECONDARY,0,0,1
STORY_bb802946eb,CLUST_1199,EXCHANGE_SECURITY,Binance walks away from FTX deal following corporate due diligence,2022-11-09 21:00:20+00:00,TIER_2_HIGH_QUALITY_SECONDARY,0,0,1
STORY_c8058ae467,CLUST_1199,EXCHANGE_SECURITY,[Wire Pickup] Binance walks away from FTX deal following corporate due diligence,2022-11-09 21:02:03+00:00,TIER_2_HIGH_QUALITY_SECONDARY,0,0,1
STORY_87c51159e6,CLUST_1199,EXCHANGE_SECURITY,[Wire Pickup] Binance walks away from FTX deal following corporate due diligence,2022-11-09 21:11:36+00:00,TIER_2_HIGH_QUALITY_SECONDARY,0,0,1
STORY_20937df81b,CLUST_1200,EXCHANGE_SECURITY,"FTX, Alameda Research, and 130 affiliated entities file for Chapter 11 bankruptcy",2022-11-11 14:01:23+00:00,TIER_2_HIGH_QUALITY_SECONDARY,0,4,0
STORY_68479d8d1b,CLUST_1200,EXCHANGE_SECURITY,"[Wire Pickup] FTX, Alameda Research, and 130 affiliated entities file for Chapter 11 bankruptcy",2022-11-11 14:03:12+00:00,TIER_2_HIGH_QUALITY_SECONDARY,0,4,0
STORY_ae85b57f75,CLUST_1200,EXCHANGE_SECURITY,"[Wire Pickup] FTX, Alameda Research, and 130 affiliated entities file for Chapter 11 bankruptcy",2022-11-11 14:13:11+00:00,TIER_2_HIGH_QUALITY_SECONDARY,0,4,0
STORY_4687fc279c,CLUST_1068,MACRO_SCHEDULED,US CPI YoY reported at 2.2% vs 2.2% consensus,2022-11-12 12:30:00+00:00,TIER_1_PRIMARY,0,3,0
STORY_24282f2a8e,CLUST_1068,MACRO_SCHEDULED,[Wire Pickup] US CPI YoY reported at 2.2% vs 2.2% consensus,2022-11-12 12:31:10+00:00,TIER_2_HIGH_QUALITY_SECONDARY,0,3,0
STORY_a31065bba2,CLUST_1068,MACRO_SCHEDULED,[Wire Pickup] US CPI YoY reported at 2.2% vs 2.2% consensus,2022-11-12 12:36:26+00:00,TIER_2_HIGH_QUALITY_SECONDARY,0,3,0
STORY_6f9a045609,CLUST_1068,MACRO_SCHEDULED,[Wire Pickup] US CPI YoY reported at 2.2% vs 2.2% consensus,2022-11-12 12:38:52+00:00,TIER_3_AGGREGATOR,0,3,0
STORY_82c999de4b,CLUST_1140,MACRO_SCHEDULED,US Non-Farm Payrolls: 153k jobs added vs 183k expected,2022-12-05 12:30:00+00:00,TIER_1_PRIMARY,0,0,1
STORY_2ca744f9b5,CLUST_1140,MACRO_SCHEDULED,[Wire Pickup] US Non-Farm Payrolls: 153k jobs added vs 183k expected,2022-12-05 12:33:21+00:00,TIER_2_HIGH_QUALITY_SECONDARY,0,0,1
STORY_1f589646b7,CLUST_1140,MACRO_SCHEDULED,[Wire Pickup] US Non-Farm Payrolls: 153k jobs added vs 183k expected,2022-12-05 12:34:26+00:00,TIER_3_AGGREGATOR,0,0,1
STORY_c7704f3336,CLUST_1140,MACRO_SCHEDULED,[Wire Pickup] US Non-Farm Payrolls: 153k jobs added vs 183k expected,2022-12-05 12:36:13+00:00,TIER_2_HIGH_QUALITY_SECONDARY,0,0,1
STORY_81c93b3df2,CLUST_1069,MACRO_SCHEDULED,US CPI YoY reported at 4.5% vs 4.5% consensus,2022-12-12 12:30:00+00:00,TIER_1_PRIMARY,0,2,0
STORY_3d9ad866d2,CLUST_1069,MACRO_SCHEDULED,[Wire Pickup] US CPI YoY reported at 4.5% vs 4.5% consensus,2022-12-12 12:31:08+00:00,TIER_2_HIGH_QUALITY_SECONDARY,0,2,0
STORY_a0f8dd9e8c,CLUST_1069,MACRO_SCHEDULED,[Wire Pickup] US CPI YoY reported at 4.5% vs 4.5% consensus,2022-12-12 12:33:02+00:00,TIER_3_AGGREGATOR,0,2,0
STORY_1c6a17eee1,CLUST_1069,MACRO_SCHEDULED,[Wire Pickup] US CPI YoY reported at 4.5% vs 4.5% consensus,2022-12-12 12:41:50+00:00,TIER_2_HIGH_QUALITY_SECONDARY,0,2,0
STORY_14e8489146,CLUST_1201,LEGAL_ENFORCEMENT,Sam Bankman-Fried arrested in Bahamas following US criminal indictment,2022-12-12 23:46:20+00:00,TIER_2_HIGH_QUALITY_SECONDARY,0,4,0
STORY_d0d0ee4803,CLUST_1201,LEGAL_ENFORCEMENT,[Wire Pickup] Sam Bankman-Fried arrested in Bahamas following US criminal indictment,2022-12-12 23:47:59+00:00,TIER_2_HIGH_QUALITY_SECONDARY,0,4,0
STORY_397b79373e,CLUST_1015,MONETARY_POLICY,FOMC Decision: Fed funds rate set to 4.50% (Consensus: 4.50%),2022-12-14 19:00:00+00:00,TIER_1_PRIMARY,0,0,1
STORY_e11c8ab28c,CLUST_1015,MONETARY_POLICY,[Wire Pickup] FOMC Decision: Fed funds rate set to 4.50% (Consensus: 4.50%),2022-12-14 19:12:07+00:00,TIER_2_HIGH_QUALITY_SECONDARY,0,0,1
STORY_fe640819dd,CLUST_1141,MACRO_SCHEDULED,US Non-Farm Payrolls: 124k jobs added vs 184k expected,2023-01-05 12:30:00+00:00,TIER_1_PRIMARY,0,0,1
STORY_741458c703,CLUST_1141,MACRO_SCHEDULED,[Wire Pickup] US Non-Farm Payrolls: 124k jobs added vs 184k expected,2023-01-05 12:33:01+00:00,TIER_2_HIGH_QUALITY_SECONDARY,0,0,1
STORY_bd1286e4cf,CLUST_1070,MACRO_SCHEDULED,US CPI YoY reported at 4.0% vs 3.9% consensus,2023-01-12 12:30:00+00:00,TIER_1_PRIMARY,0,0,1
STORY_a89c7755f0,CLUST_1070,MACRO_SCHEDULED,[Wire Pickup] US CPI YoY reported at 4.0% vs 3.9% consensus,2023-01-12 12:41:10+00:00,TIER_2_HIGH_QUALITY_SECONDARY,0,0,1
STORY_f5ca57f48c,CLUST_1016,MONETARY_POLICY,FOMC Decision: Fed funds rate set to 4.75% (Consensus: 4.75%),2023-02-01 19:00:00+00:00,TIER_1_PRIMARY,0,0,1
STORY_a1e733f2be,CLUST_1016,MONETARY_POLICY,[Wire Pickup] FOMC Decision: Fed funds rate set to 4.75% (Consensus: 4.75%),2023-02-01 19:02:39+00:00,TIER_2_HIGH_QUALITY_SECONDARY,0,0,1
STORY_62083af743,CLUST_1016,MONETARY_POLICY,[Wire Pickup] FOMC Decision: Fed funds rate set to 4.75% (Consensus: 4.75%),2023-02-01 19:07:18+00:00,TIER_2_HIGH_QUALITY_SECONDARY,0,0,1
STORY_ea8079ac32,CLUST_1016,MONETARY_POLICY,[Wire Pickup] FOMC Decision: Fed funds rate set to 4.75% (Consensus: 4.75%),2023-02-01 19:09:44+00:00,TIER_3_AGGREGATOR,0,0,1
STORY_6940aef195,CLUST_1142,MACRO_SCHEDULED,US Non-Farm Payrolls: 206k jobs added vs 136k expected,2023-02-05 12:30:00+00:00,TIER_1_PRIMARY,0,0,1
STORY_f07ef8bc0b,CLUST_1142,MACRO_SCHEDULED,[Wire Pickup] US Non-Farm Payrolls: 206k jobs added vs 136k expected,2023-02-05 12:40:39+00:00,TIER_2_HIGH_QUALITY_SECONDARY,0,0,1
STORY_4654c2a8d8,CLUST_1142,MACRO_SCHEDULED,[Wire Pickup] US Non-Farm Payrolls: 206k jobs added vs 136k expected,2023-02-05 12:44:27+00:00,TIER_2_HIGH_QUALITY_SECONDARY,0,0,1
STORY_5b58f6f1c4,CLUST_1071,MACRO_SCHEDULED,US CPI YoY reported at 5.3% vs 5.3% consensus,2023-02-12 12:30:00+00:00,TIER_1_PRIMARY,0,0,1
STORY_2280a04988,CLUST_1071,MACRO_SCHEDULED,[Wire Pickup] US CPI YoY reported at 5.3% vs 5.3% consensus,2023-02-12 12:38:25+00:00,TIER_2_HIGH_QUALITY_SECONDARY,0,0,1
STORY_1e7b4fda3e,CLUST_1071,MACRO_SCHEDULED,[Wire Pickup] US CPI YoY reported at 5.3% vs 5.3% consensus,2023-02-12 12:40:38+00:00,TIER_2_HIGH_QUALITY_SECONDARY,0,0,1
STORY_f68715134a,CLUST_1143,MACRO_SCHEDULED,US Non-Farm Payrolls: 288k jobs added vs 218k expected,2023-03-05 12:30:00+00:00,TIER_1_PRIMARY,0,0,1
STORY_f5c7de4c91,CLUST_1143,MACRO_SCHEDULED,[Wire Pickup] US Non-Farm Payrolls: 288k jobs added vs 218k expected,2023-03-05 12:41:06+00:00,TIER_2_HIGH_QUALITY_SECONDARY,0,0,1
STORY_0f5ab30913,CLUST_1202,EXCHANGE_OPERATIONAL,Silvergate Capital announces wind down of operations and voluntary liquidation of bank,2023-03-08 21:00:44+00:00,TIER_2_HIGH_QUALITY_SECONDARY,0,0,1
STORY_3cee32ddeb,CLUST_1202,EXCHANGE_OPERATIONAL,[Wire Pickup] Silvergate Capital announces wind down of operations and voluntary liquidation of bank,2023-03-08 21:09:50+00:00,TIER_2_HIGH_QUALITY_SECONDARY,0,0,1
STORY_c0f60e196c,CLUST_1203,EXCHANGE_SECURITY,Silicon Valley Bank (SVB) collapses into FDIC receivership in historic bank run,2023-03-10 16:00:47+00:00,TIER_2_HIGH_QUALITY_SECONDARY,0,3,0
STORY_da975a09c3,CLUST_1203,EXCHANGE_SECURITY,[Wire Pickup] Silicon Valley Bank (SVB) collapses into FDIC receivership in historic bank run,2023-03-10 16:10:16+00:00,TIER_2_HIGH_QUALITY_SECONDARY,0,3,0
STORY_cbf0d8478b,CLUST_1204,STABLECOIN,USDC stablecoin depegs to $0.87 following revelation of $3.3B reserves trapped at SVB,2023-03-11 02:01:03+00:00,TIER_2_HIGH_QUALITY_SECONDARY,0,2,0
STORY_31005d7ba8,CLUST_1204,STABLECOIN,[Wire Pickup] USDC stablecoin depegs to $0.87 following revelation of $3.3B reserves trapped at SVB,2023-03-11 02:05:01+00:00,TIER_2_HIGH_QUALITY_SECONDARY,0,2,0
STORY_7c50657e59,CLUST_1204,STABLECOIN,[Wire Pickup] USDC stablecoin depegs to $0.87 following revelation of $3.3B reserves trapped at SVB,2023-03-11 02:05:45+00:00,TIER_2_HIGH_QUALITY_SECONDARY,0,2,0
STORY_8864c928db,CLUST_1072,MACRO_SCHEDULED,US CPI YoY reported at 0.2% vs 0.4% consensus,2023-03-12 12:30:00+00:00,TIER_1_PRIMARY,0,4,0
STORY_6f380a2f9a,CLUST_1072,MACRO_SCHEDULED,[Wire Pickup] US CPI YoY reported at 0.2% vs 0.4% consensus,2023-03-12 12:37:36+00:00,TIER_2_HIGH_QUALITY_SECONDARY,0,4,0
STORY_f71a3d22f6,CLUST_1072,MACRO_SCHEDULED,[Wire Pickup] US CPI YoY reported at 0.2% vs 0.4% consensus,2023-03-12 12:42:59+00:00,TIER_2_HIGH_QUALITY_SECONDARY,0,4,0
STORY_f4bb7763fe,CLUST_1205,REGULATORY,"Federal Reserve, Treasury & FDIC announce emergency backstop; all SVB/Signature depositors made whole",2023-03-12 22:15:00+00:00,TIER_1_PRIMARY,0,3,0
STORY_0a58d49294,CLUST_1205,REGULATORY,"[Wire Pickup] Federal Reserve, Treasury & FDIC announce emergency backstop; all SVB/Signature depositors made whole",2023-03-12 22:19:25+00:00,TIER_2_HIGH_QUALITY_SECONDARY,0,3,0
STORY_97c90bdcc4,CLUST_1205,REGULATORY,"[Wire Pickup] Federal Reserve, Treasury & FDIC announce emergency backstop; all SVB/Signature depositors made whole",2023-03-12 22:20:42+00:00,TIER_3_AGGREGATOR,0,3,0
STORY_808a43d295,CLUST_1205,REGULATORY,"[Wire Pickup] Federal Reserve, Treasury & FDIC announce emergency backstop; all SVB/Signature depositors made whole",2023-03-12 22:28:42+00:00,TIER_2_HIGH_QUALITY_SECONDARY,0,3,0
STORY_cd312241a4,CLUST_1017,MONETARY_POLICY,FOMC Decision: Fed funds rate set to 5.00% (Consensus: 5.00%),2023-03-22 18:00:00+00:00,TIER_1_PRIMARY,0,0,1
STORY_7ce58578a4,CLUST_1017,MONETARY_POLICY,[Wire Pickup] FOMC Decision: Fed funds rate set to 5.00% (Consensus: 5.00%),2023-03-22 18:04:19+00:00,TIER_2_HIGH_QUALITY_SECONDARY,0,0,1
STORY_f7b5824ae7,CLUST_1144,MACRO_SCHEDULED,US Non-Farm Payrolls: 124k jobs added vs 124k expected,2023-04-05 12:30:00+00:00,TIER_1_PRIMARY,0,0,1
STORY_376f40da06,CLUST_1144,MACRO_SCHEDULED,[Wire Pickup] US Non-Farm Payrolls: 124k jobs added vs 124k expected,2023-04-05 12:34:34+00:00,TIER_3_AGGREGATOR,0,0,1
STORY_d0b0719198,CLUST_1144,MACRO_SCHEDULED,[Wire Pickup] US Non-Farm Payrolls: 124k jobs added vs 124k expected,2023-04-05 12:37:30+00:00,TIER_2_HIGH_QUALITY_SECONDARY,0,0,1
STORY_a0db21b52f,CLUST_1144,MACRO_SCHEDULED,[Wire Pickup] US Non-Farm Payrolls: 124k jobs added vs 124k expected,2023-04-05 12:44:30+00:00,TIER_2_HIGH_QUALITY_SECONDARY,0,0,1
STORY_1fc5331981,CLUST_1073,MACRO_SCHEDULED,US CPI YoY reported at 1.8% vs 1.8% consensus,2023-04-12 12:30:00+00:00,TIER_1_PRIMARY,0,0,1
STORY_7f6d919c67,CLUST_1073,MACRO_SCHEDULED,[Wire Pickup] US CPI YoY reported at 1.8% vs 1.8% consensus,2023-04-12 12:33:57+00:00,TIER_2_HIGH_QUALITY_SECONDARY,0,0,1
STORY_4213d1c9f4,CLUST_1073,MACRO_SCHEDULED,[Wire Pickup] US CPI YoY reported at 1.8% vs 1.8% consensus,2023-04-12 12:38:19+00:00,TIER_2_HIGH_QUALITY_SECONDARY,0,0,1
STORY_5c9ab9da72,CLUST_1018,MONETARY_POLICY,FOMC Decision: Fed funds rate set to 5.25% (Consensus: 5.25%),2023-05-03 18:00:00+00:00,TIER_1_PRIMARY,0,0,1
STORY_ac4206aa74,CLUST_1018,MONETARY_POLICY,[Wire Pickup] FOMC Decision: Fed funds rate set to 5.25% (Consensus: 5.25%),2023-05-03 18:02:37+00:00,TIER_2_HIGH_QUALITY_SECONDARY,0,0,1
STORY_733ec9d569,CLUST_1018,MONETARY_POLICY,[Wire Pickup] FOMC Decision: Fed funds rate set to 5.25% (Consensus: 5.25%),2023-05-03 18:12:11+00:00,TIER_2_HIGH_QUALITY_SECONDARY,0,0,1
STORY_50f1a54ae1,CLUST_1018,MONETARY_POLICY,[Wire Pickup] FOMC Decision: Fed funds rate set to 5.25% (Consensus: 5.25%),2023-05-03 18:12:16+00:00,TIER_3_AGGREGATOR,0,0,1
STORY_a5a46ed280,CLUST_1145,MACRO_SCHEDULED,US Non-Farm Payrolls: 158k jobs added vs 188k expected,2023-05-05 12:30:00+00:00,TIER_1_PRIMARY,0,0,1
STORY_88ca5122b7,CLUST_1145,MACRO_SCHEDULED,[Wire Pickup] US Non-Farm Payrolls: 158k jobs added vs 188k expected,2023-05-05 12:36:51+00:00,TIER_2_HIGH_QUALITY_SECONDARY,0,0,1
STORY_894b6f1e57,CLUST_1145,MACRO_SCHEDULED,[Wire Pickup] US Non-Farm Payrolls: 158k jobs added vs 188k expected,2023-05-05 12:38:02+00:00,TIER_2_HIGH_QUALITY_SECONDARY,0,0,1
STORY_c651700bd9,CLUST_1145,MACRO_SCHEDULED,[Wire Pickup] US Non-Farm Payrolls: 158k jobs added vs 188k expected,2023-05-05 12:39:53+00:00,TIER_3_AGGREGATOR,0,0,1
STORY_380746cf3b,CLUST_1074,MACRO_SCHEDULED,US CPI YoY reported at 3.2% vs 3.2% consensus,2023-05-12 12:30:00+00:00,TIER_1_PRIMARY,0,0,1
STORY_739c96799a,CLUST_1074,MACRO_SCHEDULED,[Wire Pickup] US CPI YoY reported at 3.2% vs 3.2% consensus,2023-05-12 12:36:30+00:00,TIER_2_HIGH_QUALITY_SECONDARY,0,0,1
STORY_bfb4ba278b,CLUST_1146,MACRO_SCHEDULED,US Non-Farm Payrolls: 264k jobs added vs 234k expected,2023-06-05 12:30:00+00:00,TIER_1_PRIMARY,4,5,0
STORY_a04a887622,CLUST_1146,MACRO_SCHEDULED,[Wire Pickup] US Non-Farm Payrolls: 264k jobs added vs 234k expected,2023-06-05 12:34:03+00:00,TIER_2_HIGH_QUALITY_SECONDARY,4,7,0
STORY_20e36842d7,CLUST_1146,MACRO_SCHEDULED,[Wire Pickup] US Non-Farm Payrolls: 264k jobs added vs 234k expected,2023-06-05 12:34:06+00:00,TIER_3_AGGREGATOR,4,7,0
STORY_bce5f688e8,CLUST_1146,MACRO_SCHEDULED,[Wire Pickup] US Non-Farm Payrolls: 264k jobs added vs 234k expected,2023-06-05 12:43:47+00:00,TIER_2_HIGH_QUALITY_SECONDARY,4,7,0
STORY_fb53e5d562,CLUST_1206,LEGAL_ENFORCEMENT,SEC sues Binance and CEO Changpeng Zhao alleging securities law violations,2023-06-05 15:30:00+00:00,TIER_1_PRIMARY,4,7,0
STORY_1edce5091e,CLUST_1206,LEGAL_ENFORCEMENT,[Wire Pickup] SEC sues Binance and CEO Changpeng Zhao alleging securities law violations,2023-06-05 15:31:08+00:00,TIER_2_HIGH_QUALITY_SECONDARY,4,7,0
STORY_833f4c256e,CLUST_1206,LEGAL_ENFORCEMENT,[Wire Pickup] SEC sues Binance and CEO Changpeng Zhao alleging securities law violations,2023-06-05 15:39:18+00:00,TIER_2_HIGH_QUALITY_SECONDARY,4,7,0
STORY_bc8bfb9a4d,CLUST_1206,LEGAL_ENFORCEMENT,[Wire Pickup] SEC sues Binance and CEO Changpeng Zhao alleging securities law violations,2023-06-05 15:42:10+00:00,TIER_3_AGGREGATOR,4,7,0
STORY_84b31d60d4,CLUST_1207,LEGAL_ENFORCEMENT,SEC sues Coinbase in federal court alleging operation as unregistered securities exchange,2023-06-06 12:30:00+00:00,TIER_1_PRIMARY,0,8,0
STORY_7c98b50c13,CLUST_1207,LEGAL_ENFORCEMENT,[Wire Pickup] SEC sues Coinbase in federal court alleging operation as unregistered securities exchange,2023-06-06 12:31:33+00:00,TIER_2_HIGH_QUALITY_SECONDARY,0,7,0
STORY_797ac4a210,CLUST_1207,LEGAL_ENFORCEMENT,[Wire Pickup] SEC sues Coinbase in federal court alleging operation as unregistered securities exchange,2023-06-06 12:32:53+00:00,TIER_2_HIGH_QUALITY_SECONDARY,0,7,0
STORY_bdc4f68853,CLUST_1075,MACRO_SCHEDULED,US CPI YoY reported at 2.4% vs 2.6% consensus,2023-06-12 12:30:00+00:00,TIER_1_PRIMARY,0,0,1
STORY_56c1d215bd,CLUST_1075,MACRO_SCHEDULED,[Wire Pickup] US CPI YoY reported at 2.4% vs 2.6% consensus,2023-06-12 12:33:02+00:00,TIER_2_HIGH_QUALITY_SECONDARY,0,0,1
STORY_5de1910ed2,CLUST_1075,MACRO_SCHEDULED,[Wire Pickup] US CPI YoY reported at 2.4% vs 2.6% consensus,2023-06-12 12:45:00+00:00,TIER_2_HIGH_QUALITY_SECONDARY,0,0,1
STORY_5c9ab9da72,CLUST_1019,MONETARY_POLICY,FOMC Decision: Fed funds rate set to 5.25% (Consensus: 5.25%),2023-06-14 18:00:00+00:00,TIER_1_PRIMARY,0,0,1
STORY_733ec9d569,CLUST_1019,MONETARY_POLICY,[Wire Pickup] FOMC Decision: Fed funds rate set to 5.25% (Consensus: 5.25%),2023-06-14 18:02:05+00:00,TIER_2_HIGH_QUALITY_SECONDARY,0,0,1
STORY_ac4206aa74,CLUST_1019,MONETARY_POLICY,[Wire Pickup] FOMC Decision: Fed funds rate set to 5.25% (Consensus: 5.25%),2023-06-14 18:11:38+00:00,TIER_2_HIGH_QUALITY_SECONDARY,0,0,1
STORY_6318c064fe,CLUST_1208,ETF_REGULATORY,BlackRock files application for iShares Bitcoin Trust spot ETF with SEC,2023-06-15 19:45:00+00:00,TIER_1_PRIMARY,0,0,1
STORY_7a4f09ec3b,CLUST_1208,ETF_REGULATORY,[Wire Pickup] BlackRock files application for iShares Bitcoin Trust spot ETF with SEC,2023-06-15 19:58:11+00:00,TIER_2_HIGH_QUALITY_SECONDARY,0,0,1
STORY_9767680995,CLUST_1208,ETF_REGULATORY,[Wire Pickup] BlackRock files application for iShares Bitcoin Trust spot ETF with SEC,2023-06-15 19:59:29+00:00,TIER_2_HIGH_QUALITY_SECONDARY,0,0,1
STORY_05da515a83,CLUST_1147,MACRO_SCHEDULED,US Non-Farm Payrolls: 157k jobs added vs 187k expected,2023-07-05 12:30:00+00:00,TIER_1_PRIMARY,0,0,1
STORY_2709f27ce0,CLUST_1147,MACRO_SCHEDULED,[Wire Pickup] US Non-Farm Payrolls: 157k jobs added vs 187k expected,2023-07-05 12:34:04+00:00,TIER_2_HIGH_QUALITY_SECONDARY,0,0,1
STORY_46bf4c3ef4,CLUST_1077,MACRO_SCHEDULED,US CPI YoY reported at 4.2% vs 4.1% consensus,2023-07-12 12:30:00+00:00,TIER_1_PRIMARY,4,4,0
STORY_d5f00ad133,CLUST_1076,MACRO_SCHEDULED,US CPI YoY reported at 2.7% vs 2.5% consensus,2023-07-12 12:30:00+00:00,TIER_1_PRIMARY,2,2,0
STORY_217f094951,CLUST_1077,MACRO_SCHEDULED,[Wire Pickup] US CPI YoY reported at 4.2% vs 4.1% consensus,2023-07-12 12:33:24+00:00,TIER_2_HIGH_QUALITY_SECONDARY,4,4,0
STORY_028a8a1bcb,CLUST_1076,MACRO_SCHEDULED,[Wire Pickup] US CPI YoY reported at 2.7% vs 2.5% consensus,2023-07-12 12:34:49+00:00,TIER_2_HIGH_QUALITY_SECONDARY,2,2,0
STORY_cd51655b1f,CLUST_1076,MACRO_SCHEDULED,[Wire Pickup] US CPI YoY reported at 2.7% vs 2.5% consensus,2023-07-12 12:39:56+00:00,TIER_3_AGGREGATOR,2,2,0
STORY_c4091ea5eb,CLUST_1076,MACRO_SCHEDULED,[Wire Pickup] US CPI YoY reported at 2.7% vs 2.5% consensus,2023-07-12 12:43:08+00:00,TIER_2_HIGH_QUALITY_SECONDARY,2,2,0
STORY_cc9ad67585,CLUST_1020,MONETARY_POLICY,FOMC Decision: Fed funds rate set to 5.50% (Consensus: 5.50%),2023-07-26 18:00:00+00:00,TIER_1_PRIMARY,0,0,1
STORY_c30621209a,CLUST_1020,MONETARY_POLICY,[Wire Pickup] FOMC Decision: Fed funds rate set to 5.50% (Consensus: 5.50%),2023-07-26 18:01:09+00:00,TIER_3_AGGREGATOR,0,0,1
STORY_6a9fd0ec04,CLUST_1020,MONETARY_POLICY,[Wire Pickup] FOMC Decision: Fed funds rate set to 5.50% (Consensus: 5.50%),2023-07-26 18:07:47+00:00,TIER_2_HIGH_QUALITY_SECONDARY,0,0,1
STORY_2e8a368c59,CLUST_1020,MONETARY_POLICY,[Wire Pickup] FOMC Decision: Fed funds rate set to 5.50% (Consensus: 5.50%),2023-07-26 18:14:13+00:00,TIER_2_HIGH_QUALITY_SECONDARY,0,0,1
STORY_8d7a45bf59,CLUST_1148,MACRO_SCHEDULED,US Non-Farm Payrolls: 247k jobs added vs 277k expected,2023-08-05 12:30:00+00:00,TIER_1_PRIMARY,0,0,1
STORY_e770299f35,CLUST_1148,MACRO_SCHEDULED,[Wire Pickup] US Non-Farm Payrolls: 247k jobs added vs 277k expected,2023-08-05 12:33:45+00:00,TIER_2_HIGH_QUALITY_SECONDARY,0,0,1
STORY_89534f843d,CLUST_1148,MACRO_SCHEDULED,[Wire Pickup] US Non-Farm Payrolls: 247k jobs added vs 277k expected,2023-08-05 12:39:25+00:00,TIER_2_HIGH_QUALITY_SECONDARY,0,0,1
STORY_4e07f3334e,CLUST_1078,MACRO_SCHEDULED,US CPI YoY reported at 3.0% vs 2.9% consensus,2023-08-12 12:30:00+00:00,TIER_1_PRIMARY,0,0,1
STORY_a1c1f562c1,CLUST_1078,MACRO_SCHEDULED,[Wire Pickup] US CPI YoY reported at 3.0% vs 2.9% consensus,2023-08-12 12:31:05+00:00,TIER_2_HIGH_QUALITY_SECONDARY,0,0,1
STORY_8ce6b8c86e,CLUST_1078,MACRO_SCHEDULED,[Wire Pickup] US CPI YoY reported at 3.0% vs 2.9% consensus,2023-08-12 12:32:34+00:00,TIER_2_HIGH_QUALITY_SECONDARY,0,0,1
STORY_979bbc8b77,CLUST_1078,MACRO_SCHEDULED,[Wire Pickup] US CPI YoY reported at 3.0% vs 2.9% consensus,2023-08-12 12:41:58+00:00,TIER_3_AGGREGATOR,0,0,1
STORY_3d250526cc,CLUST_1209,ETF_REGULATORY,Grayscale wins DC Circuit Court appeal against SEC denial of GBTC conversion,2023-08-29 14:35:20+00:00,TIER_2_HIGH_QUALITY_SECONDARY,0,0,1
STORY_3e5daa98f4,CLUST_1209,ETF_REGULATORY,[Wire Pickup] Grayscale wins DC Circuit Court appeal against SEC denial of GBTC conversion,2023-08-29 14:38:12+00:00,TIER_3_AGGREGATOR,0,0,1
STORY_1f8460da67,CLUST_1209,ETF_REGULATORY,[Wire Pickup] Grayscale wins DC Circuit Court appeal against SEC denial of GBTC conversion,2023-08-29 14:38:30+00:00,TIER_2_HIGH_QUALITY_SECONDARY,0,0,1
STORY_a64878e073,CLUST_1209,ETF_REGULATORY,[Wire Pickup] Grayscale wins DC Circuit Court appeal against SEC denial of GBTC conversion,2023-08-29 14:50:02+00:00,TIER_2_HIGH_QUALITY_SECONDARY,0,0,1
STORY_44bdf3b6a9,CLUST_1149,MACRO_SCHEDULED,US Non-Farm Payrolls: 270k jobs added vs 200k expected,2023-09-05 12:30:00+00:00,TIER_1_PRIMARY,0,0,1
STORY_bdddef40d5,CLUST_1149,MACRO_SCHEDULED,[Wire Pickup] US Non-Farm Payrolls: 270k jobs added vs 200k expected,2023-09-05 12:35:49+00:00,TIER_2_HIGH_QUALITY_SECONDARY,0,0,1
STORY_5a1f4f68c1,CLUST_1079,MACRO_SCHEDULED,US CPI YoY reported at 5.2% vs 5.1% consensus,2023-09-12 12:30:00+00:00,TIER_1_PRIMARY,0,0,1
STORY_3b72cfa48d,CLUST_1079,MACRO_SCHEDULED,[Wire Pickup] US CPI YoY reported at 5.2% vs 5.1% consensus,2023-09-12 12:33:23+00:00,TIER_2_HIGH_QUALITY_SECONDARY,0,0,1
STORY_f51d9966a6,CLUST_1079,MACRO_SCHEDULED,[Wire Pickup] US CPI YoY reported at 5.2% vs 5.1% consensus,2023-09-12 12:44:29+00:00,TIER_2_HIGH_QUALITY_SECONDARY,0,0,1
STORY_cc9ad67585,CLUST_1021,MONETARY_POLICY,FOMC Decision: Fed funds rate set to 5.50% (Consensus: 5.50%),2023-09-20 18:00:00+00:00,TIER_1_PRIMARY,0,0,1
STORY_6a9fd0ec04,CLUST_1021,MONETARY_POLICY,[Wire Pickup] FOMC Decision: Fed funds rate set to 5.50% (Consensus: 5.50%),2023-09-20 18:11:08+00:00,TIER_2_HIGH_QUALITY_SECONDARY,0,0,1
STORY_2e8a368c59,CLUST_1021,MONETARY_POLICY,[Wire Pickup] FOMC Decision: Fed funds rate set to 5.50% (Consensus: 5.50%),2023-09-20 18:12:26+00:00,TIER_2_HIGH_QUALITY_SECONDARY,0,0,1
STORY_ac8b942979,CLUST_1150,MACRO_SCHEDULED,US Non-Farm Payrolls: 218k jobs added vs 248k expected,2023-10-05 12:30:00+00:00,TIER_1_PRIMARY,0,0,1
STORY_3ad69a273b,CLUST_1150,MACRO_SCHEDULED,[Wire Pickup] US Non-Farm Payrolls: 218k jobs added vs 248k expected,2023-10-05 12:33:40+00:00,TIER_3_AGGREGATOR,0,0,1
STORY_b01d873f87,CLUST_1150,MACRO_SCHEDULED,[Wire Pickup] US Non-Farm Payrolls: 218k jobs added vs 248k expected,2023-10-05 12:42:06+00:00,TIER_2_HIGH_QUALITY_SECONDARY,0,0,1
STORY_53dbad168a,CLUST_1150,MACRO_SCHEDULED,[Wire Pickup] US Non-Farm Payrolls: 218k jobs added vs 248k expected,2023-10-05 12:42:10+00:00,TIER_2_HIGH_QUALITY_SECONDARY,0,0,1
STORY_79e0ae9b80,CLUST_1080,MACRO_SCHEDULED,US CPI YoY reported at 2.6% vs 2.7% consensus,2023-10-12 12:30:00+00:00,TIER_1_PRIMARY,0,0,1
STORY_31888f616f,CLUST_1080,MACRO_SCHEDULED,[Wire Pickup] US CPI YoY reported at 2.6% vs 2.7% consensus,2023-10-12 12:35:23+00:00,TIER_2_HIGH_QUALITY_SECONDARY,0,0,1
STORY_f066a70fb6,CLUST_1080,MACRO_SCHEDULED,[Wire Pickup] US CPI YoY reported at 2.6% vs 2.7% consensus,2023-10-12 12:42:17+00:00,TIER_2_HIGH_QUALITY_SECONDARY,0,0,1
STORY_919070060a,CLUST_1080,MACRO_SCHEDULED,[Wire Pickup] US CPI YoY reported at 2.6% vs 2.7% consensus,2023-10-12 12:42:34+00:00,TIER_3_AGGREGATOR,0,0,1
STORY_cc9ad67585,CLUST_1022,MONETARY_POLICY,FOMC Decision: Fed funds rate set to 5.50% (Consensus: 5.50%),2023-11-01 18:00:00+00:00,TIER_1_PRIMARY,0,0,1
STORY_6a9fd0ec04,CLUST_1022,MONETARY_POLICY,[Wire Pickup] FOMC Decision: Fed funds rate set to 5.50% (Consensus: 5.50%),2023-11-01 18:09:58+00:00,TIER_2_HIGH_QUALITY_SECONDARY,0,0,1
STORY_071b1779fc,CLUST_1151,MACRO_SCHEDULED,US Non-Farm Payrolls: 203k jobs added vs 203k expected,2023-11-05 12:30:00+00:00,TIER_1_PRIMARY,0,0,1
STORY_eade46e1dc,CLUST_1151,MACRO_SCHEDULED,[Wire Pickup] US Non-Farm Payrolls: 203k jobs added vs 203k expected,2023-11-05 12:31:53+00:00,TIER_2_HIGH_QUALITY_SECONDARY,0,0,1
STORY_9426cf5428,CLUST_1151,MACRO_SCHEDULED,[Wire Pickup] US Non-Farm Payrolls: 203k jobs added vs 203k expected,2023-11-05 12:38:53+00:00,TIER_2_HIGH_QUALITY_SECONDARY,0,0,1
STORY_21dd6ddda9,CLUST_1081,MACRO_SCHEDULED,US CPI YoY reported at 5.1% vs 5.0% consensus,2023-11-12 12:30:00+00:00,TIER_1_PRIMARY,0,0,1
STORY_39032670a4,CLUST_1081,MACRO_SCHEDULED,[Wire Pickup] US CPI YoY reported at 5.1% vs 5.0% consensus,2023-11-12 12:35:25+00:00,TIER_2_HIGH_QUALITY_SECONDARY,0,0,1
STORY_8872f934e3,CLUST_1081,MACRO_SCHEDULED,[Wire Pickup] US CPI YoY reported at 5.1% vs 5.0% consensus,2023-11-12 12:41:54+00:00,TIER_2_HIGH_QUALITY_SECONDARY,0,0,1
STORY_0b2328abfe,CLUST_1210,LEGAL_ENFORCEMENT,DOJ announces historic $4.3B settlement with Binance; CZ pleads guilty and steps down,2023-11-21 20:30:19+00:00,TIER_2_HIGH_QUALITY_SECONDARY,0,0,1
STORY_554af7da5d,CLUST_1210,LEGAL_ENFORCEMENT,[Wire Pickup] DOJ announces historic $4.3B settlement with Binance; CZ pleads guilty and steps down,2023-11-21 20:31:46+00:00,TIER_2_HIGH_QUALITY_SECONDARY,0,0,1
STORY_a4e1508ba9,CLUST_1152,MACRO_SCHEDULED,US Non-Farm Payrolls: 230k jobs added vs 230k expected,2023-12-05 12:30:00+00:00,TIER_1_PRIMARY,0,0,1
STORY_6c4a1468c6,CLUST_1152,MACRO_SCHEDULED,[Wire Pickup] US Non-Farm Payrolls: 230k jobs added vs 230k expected,2023-12-05 12:32:28+00:00,TIER_2_HIGH_QUALITY_SECONDARY,0,0,1
STORY_45c7f84ff6,CLUST_1152,MACRO_SCHEDULED,[Wire Pickup] US Non-Farm Payrolls: 230k jobs added vs 230k expected,2023-12-05 12:37:05+00:00,TIER_2_HIGH_QUALITY_SECONDARY,0,0,1
STORY_51171302d5,CLUST_1152,MACRO_SCHEDULED,[Wire Pickup] US Non-Farm Payrolls: 230k jobs added vs 230k expected,2023-12-05 12:42:33+00:00,TIER_3_AGGREGATOR,0,0,1
STORY_d18c22924e,CLUST_1082,MACRO_SCHEDULED,US CPI YoY reported at 3.5% vs 3.5% consensus,2023-12-12 12:30:00+00:00,TIER_1_PRIMARY,0,0,1
STORY_56d19f5168,CLUST_1082,MACRO_SCHEDULED,[Wire Pickup] US CPI YoY reported at 3.5% vs 3.5% consensus,2023-12-12 12:31:17+00:00,TIER_2_HIGH_QUALITY_SECONDARY,0,0,1
STORY_556b3277c0,CLUST_1082,MACRO_SCHEDULED,[Wire Pickup] US CPI YoY reported at 3.5% vs 3.5% consensus,2023-12-12 12:33:52+00:00,TIER_2_HIGH_QUALITY_SECONDARY,0,0,1
STORY_cc9ad67585,CLUST_1023,MONETARY_POLICY,FOMC Decision: Fed funds rate set to 5.50% (Consensus: 5.50%),2023-12-13 19:00:00+00:00,TIER_1_PRIMARY,0,0,1
STORY_6a9fd0ec04,CLUST_1023,MONETARY_POLICY,[Wire Pickup] FOMC Decision: Fed funds rate set to 5.50% (Consensus: 5.50%),2023-12-13 19:15:02+00:00,TIER_2_HIGH_QUALITY_SECONDARY,0,0,1
STORY_a9d422b2db,CLUST_1153,MACRO_SCHEDULED,US Non-Farm Payrolls: 169k jobs added vs 169k expected,2024-01-05 12:30:00+00:00,TIER_1_PRIMARY,0,0,1
STORY_45dbbb2095,CLUST_1153,MACRO_SCHEDULED,[Wire Pickup] US Non-Farm Payrolls: 169k jobs added vs 169k expected,2024-01-05 12:36:46+00:00,TIER_2_HIGH_QUALITY_SECONDARY,0,0,1
STORY_921f00e30c,CLUST_1153,MACRO_SCHEDULED,[Wire Pickup] US Non-Farm Payrolls: 169k jobs added vs 169k expected,2024-01-05 12:39:00+00:00,TIER_2_HIGH_QUALITY_SECONDARY,0,0,1
STORY_26e708ddf8,CLUST_1212,ETF_REGULATORY,SEC officially approves 11 spot Bitcoin ETFs in landmark regulatory omnibus order,2024-01-10 21:45:00+00:00,TIER_1_PRIMARY,0,2,0
STORY_a810e243ac,CLUST_1212,ETF_REGULATORY,[Wire Pickup] SEC officially approves 11 spot Bitcoin ETFs in landmark regulatory omnibus order,2024-01-10 21:46:38+00:00,TIER_2_HIGH_QUALITY_SECONDARY,0,2,0
STORY_9f8a3cad7d,CLUST_1213,ETF_REGULATORY,"US Spot Bitcoin ETFs officially begin trading on NASDAQ, NYSE Arca, and Cboe",2024-01-11 14:31:28+00:00,TIER_2_HIGH_QUALITY_SECONDARY,0,5,0
STORY_2dd737addb,CLUST_1213,ETF_REGULATORY,"[Wire Pickup] US Spot Bitcoin ETFs officially begin trading on NASDAQ, NYSE Arca, and Cboe",2024-01-11 14:42:21+00:00,TIER_2_HIGH_QUALITY_SECONDARY,0,5,0
STORY_82ebefceab,CLUST_1083,MACRO_SCHEDULED,US CPI YoY reported at 2.9% vs 3.0% consensus,2024-01-12 12:30:00+00:00,TIER_1_PRIMARY,0,2,0
STORY_620aa7031a,CLUST_1083,MACRO_SCHEDULED,[Wire Pickup] US CPI YoY reported at 2.9% vs 3.0% consensus,2024-01-12 12:36:25+00:00,TIER_2_HIGH_QUALITY_SECONDARY,0,2,0
STORY_a0d71aba88,CLUST_1083,MACRO_SCHEDULED,[Wire Pickup] US CPI YoY reported at 2.9% vs 3.0% consensus,2024-01-12 12:41:00+00:00,TIER_2_HIGH_QUALITY_SECONDARY,0,2,0
STORY_cc9ad67585,CLUST_1024,MONETARY_POLICY,FOMC Decision: Fed funds rate set to 5.50% (Consensus: 5.50%),2024-01-31 19:00:00+00:00,TIER_1_PRIMARY,0,0,1
STORY_6a9fd0ec04,CLUST_1024,MONETARY_POLICY,[Wire Pickup] FOMC Decision: Fed funds rate set to 5.50% (Consensus: 5.50%),2024-01-31 19:11:49+00:00,TIER_2_HIGH_QUALITY_SECONDARY,0,0,1
STORY_6e1487788b,CLUST_1154,MACRO_SCHEDULED,US Non-Farm Payrolls: 162k jobs added vs 222k expected,2024-02-05 12:30:00+00:00,TIER_1_PRIMARY,0,0,1
STORY_98dc5be230,CLUST_1154,MACRO_SCHEDULED,[Wire Pickup] US Non-Farm Payrolls: 162k jobs added vs 222k expected,2024-02-05 12:37:04+00:00,TIER_2_HIGH_QUALITY_SECONDARY,0,0,1
STORY_8fda0b9f9e,CLUST_1154,MACRO_SCHEDULED,[Wire Pickup] US Non-Farm Payrolls: 162k jobs added vs 222k expected,2024-02-05 12:40:25+00:00,TIER_3_AGGREGATOR,0,0,1
STORY_c0584faa7a,CLUST_1154,MACRO_SCHEDULED,[Wire Pickup] US Non-Farm Payrolls: 162k jobs added vs 222k expected,2024-02-05 12:42:45+00:00,TIER_2_HIGH_QUALITY_SECONDARY,0,0,1
STORY_d3245f837d,CLUST_1084,MACRO_SCHEDULED,US CPI YoY reported at 3.3% vs 3.3% consensus,2024-02-12 12:30:00+00:00,TIER_1_PRIMARY,0,0,1
STORY_b60e911498,CLUST_1084,MACRO_SCHEDULED,[Wire Pickup] US CPI YoY reported at 3.3% vs 3.3% consensus,2024-02-12 12:36:33+00:00,TIER_2_HIGH_QUALITY_SECONDARY,0,0,1
STORY_0ba63e4370,CLUST_1084,MACRO_SCHEDULED,[Wire Pickup] US CPI YoY reported at 3.3% vs 3.3% consensus,2024-02-12 12:41:17+00:00,TIER_2_HIGH_QUALITY_SECONDARY,0,0,1
STORY_68e72e5f05,CLUST_1084,MACRO_SCHEDULED,[Wire Pickup] US CPI YoY reported at 3.3% vs 3.3% consensus,2024-02-12 12:44:09+00:00,TIER_3_AGGREGATOR,0,0,1
STORY_05beb28e45,CLUST_1155,MACRO_SCHEDULED,US Non-Farm Payrolls: 154k jobs added vs 214k expected,2024-03-05 12:30:00+00:00,TIER_1_PRIMARY,0,0,1
STORY_ca3e858d02,CLUST_1155,MACRO_SCHEDULED,[Wire Pickup] US Non-Farm Payrolls: 154k jobs added vs 214k expected,2024-03-05 12:33:25+00:00,TIER_3_AGGREGATOR,0,0,1
STORY_9fda764562,CLUST_1155,MACRO_SCHEDULED,[Wire Pickup] US Non-Farm Payrolls: 154k jobs added vs 214k expected,2024-03-05 12:43:20+00:00,TIER_2_HIGH_QUALITY_SECONDARY,0,0,1
STORY_80903db58c,CLUST_1155,MACRO_SCHEDULED,[Wire Pickup] US Non-Farm Payrolls: 154k jobs added vs 214k expected,2024-03-05 12:43:53+00:00,TIER_2_HIGH_QUALITY_SECONDARY,0,0,1
STORY_660c3f689e,CLUST_1085,MACRO_SCHEDULED,US CPI YoY reported at 2.6% vs 2.4% consensus,2024-03-12 12:30:00+00:00,TIER_1_PRIMARY,0,0,1
STORY_109422f32d,CLUST_1085,MACRO_SCHEDULED,[Wire Pickup] US CPI YoY reported at 2.6% vs 2.4% consensus,2024-03-12 12:40:14+00:00,TIER_2_HIGH_QUALITY_SECONDARY,0,0,1
STORY_cc9ad67585,CLUST_1025,MONETARY_POLICY,FOMC Decision: Fed funds rate set to 5.50% (Consensus: 5.50%),2024-03-20 18:00:00+00:00,TIER_1_PRIMARY,0,0,1
STORY_6a9fd0ec04,CLUST_1025,MONETARY_POLICY,[Wire Pickup] FOMC Decision: Fed funds rate set to 5.50% (Consensus: 5.50%),2024-03-20 18:09:48+00:00,TIER_2_HIGH_QUALITY_SECONDARY,0,0,1
STORY_49c4e82758,CLUST_1156,MACRO_SCHEDULED,US Non-Farm Payrolls: 112k jobs added vs 142k expected,2024-04-05 12:30:00+00:00,TIER_1_PRIMARY,0,0,1
STORY_9e49a228c9,CLUST_1156,MACRO_SCHEDULED,[Wire Pickup] US Non-Farm Payrolls: 112k jobs added vs 142k expected,2024-04-05 12:34:39+00:00,TIER_2_HIGH_QUALITY_SECONDARY,0,0,1
STORY_b916164999,CLUST_1156,MACRO_SCHEDULED,[Wire Pickup] US Non-Farm Payrolls: 112k jobs added vs 142k expected,2024-04-05 12:38:19+00:00,TIER_2_HIGH_QUALITY_SECONDARY,0,0,1
STORY_fe3c0b1e05,CLUST_1086,MACRO_SCHEDULED,US CPI YoY reported at 1.1% vs 1.2% consensus,2024-04-12 12:30:00+00:00,TIER_1_PRIMARY,0,0,1
STORY_053e4882d0,CLUST_1086,MACRO_SCHEDULED,[Wire Pickup] US CPI YoY reported at 1.1% vs 1.2% consensus,2024-04-12 12:32:39+00:00,TIER_3_AGGREGATOR,0,0,1
STORY_fe7390bfe4,CLUST_1086,MACRO_SCHEDULED,[Wire Pickup] US CPI YoY reported at 1.1% vs 1.2% consensus,2024-04-12 12:38:03+00:00,TIER_2_HIGH_QUALITY_SECONDARY,0,0,1
STORY_975a8d7d74,CLUST_1086,MACRO_SCHEDULED,[Wire Pickup] US CPI YoY reported at 1.1% vs 1.2% consensus,2024-04-12 12:41:10+00:00,TIER_2_HIGH_QUALITY_SECONDARY,0,0,1
STORY_73163fb2b3,CLUST_1214,CRYPTO_MARKET_STRUCTURE,"Bitcoin Fourth Halving takes place at block 840,000; subsidy cut to 3.125 BTC",2024-04-20 00:10:27+00:00,TIER_2_HIGH_QUALITY_SECONDARY,0,0,1
STORY_ef9ed7a0e0,CLUST_1214,CRYPTO_MARKET_STRUCTURE,"[Wire Pickup] Bitcoin Fourth Halving takes place at block 840,000; subsidy cut to 3.125 BTC",2024-04-20 00:16:22+00:00,TIER_2_HIGH_QUALITY_SECONDARY,0,0,1
STORY_cc9ad67585,CLUST_1026,MONETARY_POLICY,FOMC Decision: Fed funds rate set to 5.50% (Consensus: 5.50%),2024-05-01 18:00:00+00:00,TIER_1_PRIMARY,0,0,1
STORY_6a9fd0ec04,CLUST_1026,MONETARY_POLICY,[Wire Pickup] FOMC Decision: Fed funds rate set to 5.50% (Consensus: 5.50%),2024-05-01 18:01:50+00:00,TIER_2_HIGH_QUALITY_SECONDARY,0,0,1
STORY_2e8a368c59,CLUST_1026,MONETARY_POLICY,[Wire Pickup] FOMC Decision: Fed funds rate set to 5.50% (Consensus: 5.50%),2024-05-01 18:10:10+00:00,TIER_2_HIGH_QUALITY_SECONDARY,0,0,1
STORY_9c1b166f80,CLUST_1157,MACRO_SCHEDULED,US Non-Farm Payrolls: 238k jobs added vs 168k expected,2024-05-05 12:30:00+00:00,TIER_1_PRIMARY,0,0,1
STORY_bd8b8b2bb9,CLUST_1157,MACRO_SCHEDULED,[Wire Pickup] US Non-Farm Payrolls: 238k jobs added vs 168k expected,2024-05-05 12:31:36+00:00,TIER_3_AGGREGATOR,0,0,1
STORY_ff6148e8c9,CLUST_1157,MACRO_SCHEDULED,[Wire Pickup] US Non-Farm Payrolls: 238k jobs added vs 168k expected,2024-05-05 12:36:22+00:00,TIER_2_HIGH_QUALITY_SECONDARY,0,0,1
STORY_68e390ab1d,CLUST_1157,MACRO_SCHEDULED,[Wire Pickup] US Non-Farm Payrolls: 238k jobs added vs 168k expected,2024-05-05 12:43:07+00:00,TIER_2_HIGH_QUALITY_SECONDARY,0,0,1
STORY_b8f4d18f67,CLUST_1087,MACRO_SCHEDULED,US CPI YoY reported at 3.6% vs 3.6% consensus,2024-05-12 12:30:00+00:00,TIER_1_PRIMARY,0,0,1
STORY_03c6136ddc,CLUST_1087,MACRO_SCHEDULED,[Wire Pickup] US CPI YoY reported at 3.6% vs 3.6% consensus,2024-05-12 12:40:45+00:00,TIER_2_HIGH_QUALITY_SECONDARY,0,0,1
STORY_e978e3a732,CLUST_1158,MACRO_SCHEDULED,US Non-Farm Payrolls: 256k jobs added vs 226k expected,2024-06-05 12:30:00+00:00,TIER_1_PRIMARY,0,0,1
STORY_e9a337956e,CLUST_1158,MACRO_SCHEDULED,[Wire Pickup] US Non-Farm Payrolls: 256k jobs added vs 226k expected,2024-06-05 12:35:49+00:00,TIER_2_HIGH_QUALITY_SECONDARY,0,0,1
STORY_3045a8983a,CLUST_1158,MACRO_SCHEDULED,[Wire Pickup] US Non-Farm Payrolls: 256k jobs added vs 226k expected,2024-06-05 12:36:09+00:00,TIER_2_HIGH_QUALITY_SECONDARY,0,0,1
STORY_2bdfdb0a75,CLUST_1088,MACRO_SCHEDULED,US CPI YoY reported at 3.1% vs 3.3% consensus,2024-06-12 12:30:00+00:00,TIER_1_PRIMARY,0,2,0
STORY_0616ae1a92,CLUST_1088,MACRO_SCHEDULED,[Wire Pickup] US CPI YoY reported at 3.1% vs 3.3% consensus,2024-06-12 12:35:00+00:00,TIER_2_HIGH_QUALITY_SECONDARY,0,2,0
STORY_f559ef0e9f,CLUST_1088,MACRO_SCHEDULED,[Wire Pickup] US CPI YoY reported at 3.1% vs 3.3% consensus,2024-06-12 12:36:38+00:00,TIER_2_HIGH_QUALITY_SECONDARY,0,2,0
STORY_cc9ad67585,CLUST_1027,MONETARY_POLICY,FOMC Decision: Fed funds rate set to 5.50% (Consensus: 5.50%),2024-06-12 18:00:00+00:00,TIER_1_PRIMARY,0,3,0
STORY_6a9fd0ec04,CLUST_1027,MONETARY_POLICY,[Wire Pickup] FOMC Decision: Fed funds rate set to 5.50% (Consensus: 5.50%),2024-06-12 18:02:22+00:00,TIER_2_HIGH_QUALITY_SECONDARY,0,3,0
STORY_f5d085ab15,CLUST_1159,MACRO_SCHEDULED,US Non-Farm Payrolls: 252k jobs added vs 222k expected,2024-07-05 12:30:00+00:00,TIER_1_PRIMARY,0,0,1
STORY_ce794a4c1a,CLUST_1159,MACRO_SCHEDULED,[Wire Pickup] US Non-Farm Payrolls: 252k jobs added vs 222k expected,2024-07-05 12:39:01+00:00,TIER_2_HIGH_QUALITY_SECONDARY,0,0,1
STORY_97a83fbd36,CLUST_1089,MACRO_SCHEDULED,US CPI YoY reported at 3.8% vs 3.9% consensus,2024-07-12 12:30:00+00:00,TIER_1_PRIMARY,0,0,1
STORY_4dcd9023fa,CLUST_1089,MACRO_SCHEDULED,[Wire Pickup] US CPI YoY reported at 3.8% vs 3.9% consensus,2024-07-12 12:37:20+00:00,TIER_2_HIGH_QUALITY_SECONDARY,0,0,1
STORY_f716031ad4,CLUST_1215,ETF_REGULATORY,SEC approves Grayscale and 21Shares Mini Bitcoin Trusts with low fee structures,2024-07-23 13:30:00+00:00,TIER_1_PRIMARY,0,0,1
STORY_c7e3465e7c,CLUST_1215,ETF_REGULATORY,[Wire Pickup] SEC approves Grayscale and 21Shares Mini Bitcoin Trusts with low fee structures,2024-07-23 13:31:31+00:00,TIER_3_AGGREGATOR,0,0,1
STORY_5e89021586,CLUST_1215,ETF_REGULATORY,[Wire Pickup] SEC approves Grayscale and 21Shares Mini Bitcoin Trusts with low fee structures,2024-07-23 13:36:46+00:00,TIER_2_HIGH_QUALITY_SECONDARY,0,0,1
STORY_02b2c6eb17,CLUST_1215,ETF_REGULATORY,[Wire Pickup] SEC approves Grayscale and 21Shares Mini Bitcoin Trusts with low fee structures,2024-07-23 13:41:33+00:00,TIER_2_HIGH_QUALITY_SECONDARY,0,0,1
STORY_cc9ad67585,CLUST_1028,MONETARY_POLICY,FOMC Decision: Fed funds rate set to 5.50% (Consensus: 5.50%),2024-07-31 18:00:00+00:00,TIER_1_PRIMARY,0,0,1
STORY_2e8a368c59,CLUST_1028,MONETARY_POLICY,[Wire Pickup] FOMC Decision: Fed funds rate set to 5.50% (Consensus: 5.50%),2024-07-31 18:02:17+00:00,TIER_2_HIGH_QUALITY_SECONDARY,0,0,1
STORY_6a9fd0ec04,CLUST_1028,MONETARY_POLICY,[Wire Pickup] FOMC Decision: Fed funds rate set to 5.50% (Consensus: 5.50%),2024-07-31 18:14:37+00:00,TIER_2_HIGH_QUALITY_SECONDARY,0,0,1
STORY_7d93a0e06f,CLUST_1160,MACRO_SCHEDULED,US Non-Farm Payrolls: 227k jobs added vs 227k expected,2024-08-05 12:30:00+00:00,TIER_1_PRIMARY,0,0,1
STORY_8e043461e8,CLUST_1160,MACRO_SCHEDULED,[Wire Pickup] US Non-Farm Payrolls: 227k jobs added vs 227k expected,2024-08-05 12:33:28+00:00,TIER_2_HIGH_QUALITY_SECONDARY,0,0,1
STORY_4b981fdaf6,CLUST_1160,MACRO_SCHEDULED,[Wire Pickup] US Non-Farm Payrolls: 227k jobs added vs 227k expected,2024-08-05 12:38:08+00:00,TIER_2_HIGH_QUALITY_SECONDARY,0,0,1
STORY_2f41e61867,CLUST_1090,MACRO_SCHEDULED,US CPI YoY reported at 4.8% vs 4.9% consensus,2024-08-12 12:30:00+00:00,TIER_1_PRIMARY,0,0,1
STORY_fd9782b0c0,CLUST_1090,MACRO_SCHEDULED,[Wire Pickup] US CPI YoY reported at 4.8% vs 4.9% consensus,2024-08-12 12:33:21+00:00,TIER_2_HIGH_QUALITY_SECONDARY,0,0,1
STORY_c9c797eb95,CLUST_1090,MACRO_SCHEDULED,[Wire Pickup] US CPI YoY reported at 4.8% vs 4.9% consensus,2024-08-12 12:40:11+00:00,TIER_3_AGGREGATOR,0,0,1
STORY_72ce772fba,CLUST_1090,MACRO_SCHEDULED,[Wire Pickup] US CPI YoY reported at 4.8% vs 4.9% consensus,2024-08-12 12:40:52+00:00,TIER_2_HIGH_QUALITY_SECONDARY,0,0,1
STORY_2cc127fc8b,CLUST_1161,MACRO_SCHEDULED,US Non-Farm Payrolls: 168k jobs added vs 198k expected,2024-09-05 12:30:00+00:00,TIER_1_PRIMARY,0,0,1
STORY_57f4231f19,CLUST_1161,MACRO_SCHEDULED,[Wire Pickup] US Non-Farm Payrolls: 168k jobs added vs 198k expected,2024-09-05 12:31:22+00:00,TIER_2_HIGH_QUALITY_SECONDARY,0,0,1
STORY_d27838a7ad,CLUST_1161,MACRO_SCHEDULED,[Wire Pickup] US Non-Farm Payrolls: 168k jobs added vs 198k expected,2024-09-05 12:40:54+00:00,TIER_3_AGGREGATOR,0,0,1
STORY_d4066f5a1c,CLUST_1161,MACRO_SCHEDULED,[Wire Pickup] US Non-Farm Payrolls: 168k jobs added vs 198k expected,2024-09-05 12:43:53+00:00,TIER_2_HIGH_QUALITY_SECONDARY,0,0,1
STORY_37bb10492c,CLUST_1091,MACRO_SCHEDULED,US CPI YoY reported at 2.5% vs 2.5% consensus,2024-09-12 12:30:00+00:00,TIER_1_PRIMARY,0,0,1
STORY_a15fad3bf3,CLUST_1091,MACRO_SCHEDULED,[Wire Pickup] US CPI YoY reported at 2.5% vs 2.5% consensus,2024-09-12 12:36:00+00:00,TIER_2_HIGH_QUALITY_SECONDARY,0,0,1
STORY_cd312241a4,CLUST_1029,MONETARY_POLICY,FOMC Decision: Fed funds rate set to 5.00% (Consensus: 5.00%),2024-09-18 18:00:00+00:00,TIER_1_PRIMARY,0,0,1
STORY_dc3026bb12,CLUST_1029,MONETARY_POLICY,[Wire Pickup] FOMC Decision: Fed funds rate set to 5.00% (Consensus: 5.00%),2024-09-18 18:01:51+00:00,TIER_2_HIGH_QUALITY_SECONDARY,0,0,1
STORY_7ce58578a4,CLUST_1029,MONETARY_POLICY,[Wire Pickup] FOMC Decision: Fed funds rate set to 5.00% (Consensus: 5.00%),2024-09-18 18:05:13+00:00,TIER_2_HIGH_QUALITY_SECONDARY,0,0,1
STORY_a35e7657e0,CLUST_1162,MACRO_SCHEDULED,US Non-Farm Payrolls: 294k jobs added vs 224k expected,2024-10-05 12:30:00+00:00,TIER_1_PRIMARY,0,0,1
STORY_0f2c3ad0cf,CLUST_1162,MACRO_SCHEDULED,[Wire Pickup] US Non-Farm Payrolls: 294k jobs added vs 224k expected,2024-10-05 12:33:59+00:00,TIER_2_HIGH_QUALITY_SECONDARY,0,0,1
STORY_bfa4c57255,CLUST_1162,MACRO_SCHEDULED,[Wire Pickup] US Non-Farm Payrolls: 294k jobs added vs 224k expected,2024-10-05 12:34:18+00:00,TIER_2_HIGH_QUALITY_SECONDARY,0,0,1
STORY_f6b303a8f3,CLUST_1162,MACRO_SCHEDULED,[Wire Pickup] US Non-Farm Payrolls: 294k jobs added vs 224k expected,2024-10-05 12:39:26+00:00,TIER_3_AGGREGATOR,0,0,1
STORY_481efcc42e,CLUST_1092,MACRO_SCHEDULED,US CPI YoY reported at 4.0% vs 4.2% consensus,2024-10-12 12:30:00+00:00,TIER_1_PRIMARY,0,0,1
STORY_8c8d374d69,CLUST_1092,MACRO_SCHEDULED,[Wire Pickup] US CPI YoY reported at 4.0% vs 4.2% consensus,2024-10-12 12:40:36+00:00,TIER_2_HIGH_QUALITY_SECONDARY,0,0,1
STORY_1543853612,CLUST_1092,MACRO_SCHEDULED,[Wire Pickup] US CPI YoY reported at 4.0% vs 4.2% consensus,2024-10-12 12:44:56+00:00,TIER_2_HIGH_QUALITY_SECONDARY,0,0,1
STORY_f70ed9c560,CLUST_1163,MACRO_SCHEDULED,US Non-Farm Payrolls: 178k jobs added vs 238k expected,2024-11-05 12:30:00+00:00,TIER_1_PRIMARY,0,2,0
STORY_2d651666f4,CLUST_1163,MACRO_SCHEDULED,[Wire Pickup] US Non-Farm Payrolls: 178k jobs added vs 238k expected,2024-11-05 12:32:58+00:00,TIER_2_HIGH_QUALITY_SECONDARY,0,2,0
STORY_08c16bccc3,CLUST_1216,GEOPOLITICAL,Donald Trump wins US Presidential Election with pro-crypto platform commitments,2024-11-06 06:01:16+00:00,TIER_2_HIGH_QUALITY_SECONDARY,0,2,0
STORY_5453e69cbc,CLUST_1216,GEOPOLITICAL,[Wire Pickup] Donald Trump wins US Presidential Election with pro-crypto platform commitments,2024-11-06 06:05:51+00:00,TIER_2_HIGH_QUALITY_SECONDARY,0,2,0
STORY_f5ca57f48c,CLUST_1030,MONETARY_POLICY,FOMC Decision: Fed funds rate set to 4.75% (Consensus: 4.75%),2024-11-07 19:00:00+00:00,TIER_1_PRIMARY,0,0,1
STORY_a1e733f2be,CLUST_1030,MONETARY_POLICY,[Wire Pickup] FOMC Decision: Fed funds rate set to 4.75% (Consensus: 4.75%),2024-11-07 19:04:38+00:00,TIER_2_HIGH_QUALITY_SECONDARY,0,0,1
STORY_fa0cf3f8f5,CLUST_1093,MACRO_SCHEDULED,US CPI YoY reported at 2.8% vs 2.9% consensus,2024-11-12 12:30:00+00:00,TIER_1_PRIMARY,0,0,1
STORY_e82a4845e6,CLUST_1093,MACRO_SCHEDULED,[Wire Pickup] US CPI YoY reported at 2.8% vs 2.9% consensus,2024-11-12 12:45:04+00:00,TIER_2_HIGH_QUALITY_SECONDARY,0,0,1
STORY_8e6f47db5f,CLUST_1164,MACRO_SCHEDULED,US Non-Farm Payrolls: 108k jobs added vs 168k expected,2024-12-05 12:30:00+00:00,TIER_1_PRIMARY,0,0,1
STORY_4372f772cc,CLUST_1164,MACRO_SCHEDULED,[Wire Pickup] US Non-Farm Payrolls: 108k jobs added vs 168k expected,2024-12-05 12:42:22+00:00,TIER_2_HIGH_QUALITY_SECONDARY,0,0,1
STORY_e35cde0984,CLUST_1164,MACRO_SCHEDULED,[Wire Pickup] US Non-Farm Payrolls: 108k jobs added vs 168k expected,2024-12-05 12:44:55+00:00,TIER_2_HIGH_QUALITY_SECONDARY,0,0,1
STORY_b8f4d18f67,CLUST_1094,MACRO_SCHEDULED,US CPI YoY reported at 3.6% vs 3.6% consensus,2024-12-12 12:30:00+00:00,TIER_1_PRIMARY,0,0,1
STORY_03c6136ddc,CLUST_1094,MACRO_SCHEDULED,[Wire Pickup] US CPI YoY reported at 3.6% vs 3.6% consensus,2024-12-12 12:34:53+00:00,TIER_2_HIGH_QUALITY_SECONDARY,0,0,1
STORY_3685410cd3,CLUST_1094,MACRO_SCHEDULED,[Wire Pickup] US CPI YoY reported at 3.6% vs 3.6% consensus,2024-12-12 12:35:34+00:00,TIER_2_HIGH_QUALITY_SECONDARY,0,0,1
STORY_1d2ddc9010,CLUST_1094,MACRO_SCHEDULED,[Wire Pickup] US CPI YoY reported at 3.6% vs 3.6% consensus,2024-12-12 12:44:52+00:00,TIER_3_AGGREGATOR,0,0,1
STORY_397b79373e,CLUST_1031,MONETARY_POLICY,FOMC Decision: Fed funds rate set to 4.50% (Consensus: 4.50%),2024-12-18 19:00:00+00:00,TIER_1_PRIMARY,0,0,1
STORY_e11c8ab28c,CLUST_1031,MONETARY_POLICY,[Wire Pickup] FOMC Decision: Fed funds rate set to 4.50% (Consensus: 4.50%),2024-12-18 19:02:00+00:00,TIER_2_HIGH_QUALITY_SECONDARY,0,0,1
STORY_f42c8f8f0b,CLUST_1031,MONETARY_POLICY,[Wire Pickup] FOMC Decision: Fed funds rate set to 4.50% (Consensus: 4.50%),2024-12-18 19:02:51+00:00,TIER_3_AGGREGATOR,0,0,1
STORY_58e6717759,CLUST_1031,MONETARY_POLICY,[Wire Pickup] FOMC Decision: Fed funds rate set to 4.50% (Consensus: 4.50%),2024-12-18 19:06:54+00:00,TIER_2_HIGH_QUALITY_SECONDARY,0,0,1
STORY_0eb98be34c,CLUST_1165,MACRO_SCHEDULED,US Non-Farm Payrolls: 335k jobs added vs 265k expected,2025-01-05 12:30:00+00:00,TIER_1_PRIMARY,0,0,1
STORY_6e1225c96a,CLUST_1165,MACRO_SCHEDULED,[Wire Pickup] US Non-Farm Payrolls: 335k jobs added vs 265k expected,2025-01-05 12:35:28+00:00,TIER_2_HIGH_QUALITY_SECONDARY,0,0,1
STORY_c32578fddf,CLUST_1095,MACRO_SCHEDULED,US CPI YoY reported at 3.4% vs 3.5% consensus,2025-01-12 12:30:00+00:00,TIER_1_PRIMARY,0,0,1
STORY_c680717180,CLUST_1095,MACRO_SCHEDULED,[Wire Pickup] US CPI YoY reported at 3.4% vs 3.5% consensus,2025-01-12 12:35:55+00:00,TIER_2_HIGH_QUALITY_SECONDARY,0,0,1
STORY_b72abd9040,CLUST_1095,MACRO_SCHEDULED,[Wire Pickup] US CPI YoY reported at 3.4% vs 3.5% consensus,2025-01-12 12:43:09+00:00,TIER_2_HIGH_QUALITY_SECONDARY,0,0,1
STORY_397b79373e,CLUST_1032,MONETARY_POLICY,FOMC Decision: Fed funds rate set to 4.50% (Consensus: 4.50%),2025-01-29 19:00:00+00:00,TIER_1_PRIMARY,0,0,1
STORY_e11c8ab28c,CLUST_1032,MONETARY_POLICY,[Wire Pickup] FOMC Decision: Fed funds rate set to 4.50% (Consensus: 4.50%),2025-01-29 19:01:52+00:00,TIER_2_HIGH_QUALITY_SECONDARY,0,0,1
STORY_f42c8f8f0b,CLUST_1032,MONETARY_POLICY,[Wire Pickup] FOMC Decision: Fed funds rate set to 4.50% (Consensus: 4.50%),2025-01-29 19:06:41+00:00,TIER_3_AGGREGATOR,0,0,1
STORY_58e6717759,CLUST_1032,MONETARY_POLICY,[Wire Pickup] FOMC Decision: Fed funds rate set to 4.50% (Consensus: 4.50%),2025-01-29 19:10:37+00:00,TIER_2_HIGH_QUALITY_SECONDARY,0,0,1
STORY_4449b436b8,CLUST_1166,MACRO_SCHEDULED,US Non-Farm Payrolls: 218k jobs added vs 188k expected,2025-02-05 12:30:00+00:00,TIER_1_PRIMARY,0,0,1
STORY_d341f555d9,CLUST_1166,MACRO_SCHEDULED,[Wire Pickup] US Non-Farm Payrolls: 218k jobs added vs 188k expected,2025-02-05 12:31:59+00:00,TIER_2_HIGH_QUALITY_SECONDARY,0,0,1
STORY_4687fc279c,CLUST_1096,MACRO_SCHEDULED,US CPI YoY reported at 2.2% vs 2.2% consensus,2025-02-12 12:30:00+00:00,TIER_1_PRIMARY,0,0,1
STORY_24282f2a8e,CLUST_1096,MACRO_SCHEDULED,[Wire Pickup] US CPI YoY reported at 2.2% vs 2.2% consensus,2025-02-12 12:31:09+00:00,TIER_2_HIGH_QUALITY_SECONDARY,0,0,1
STORY_39362217c4,CLUST_1217,REGULATORY,SEC leadership outlines streamlined digital asset custody framework for banks,2025-02-14 14:00:00+00:00,TIER_1_PRIMARY,0,0,1
STORY_d282dbb7f0,CLUST_1217,REGULATORY,[Wire Pickup] SEC leadership outlines streamlined digital asset custody framework for banks,2025-02-14 14:03:52+00:00,TIER_2_HIGH_QUALITY_SECONDARY,0,0,1
STORY_daf841e858,CLUST_1217,REGULATORY,[Wire Pickup] SEC leadership outlines streamlined digital asset custody framework for banks,2025-02-14 14:13:15+00:00,TIER_2_HIGH_QUALITY_SECONDARY,0,0,1
STORY_37cf8d86ec,CLUST_1167,MACRO_SCHEDULED,US Non-Farm Payrolls: 249k jobs added vs 219k expected,2025-03-05 12:30:00+00:00,TIER_1_PRIMARY,0,0,1
STORY_0b0d26be06,CLUST_1167,MACRO_SCHEDULED,[Wire Pickup] US Non-Farm Payrolls: 249k jobs added vs 219k expected,2025-03-05 12:41:47+00:00,TIER_2_HIGH_QUALITY_SECONDARY,0,0,1
STORY_46f266ad67,CLUST_1167,MACRO_SCHEDULED,[Wire Pickup] US Non-Farm Payrolls: 249k jobs added vs 219k expected,2025-03-05 12:44:02+00:00,TIER_3_AGGREGATOR,0,0,1
STORY_c8c94543f5,CLUST_1167,MACRO_SCHEDULED,[Wire Pickup] US Non-Farm Payrolls: 249k jobs added vs 219k expected,2025-03-05 12:44:24+00:00,TIER_2_HIGH_QUALITY_SECONDARY,0,0,1
STORY_481efcc42e,CLUST_1097,MACRO_SCHEDULED,US CPI YoY reported at 4.0% vs 4.2% consensus,2025-03-12 12:30:00+00:00,TIER_1_PRIMARY,0,0,1
STORY_1543853612,CLUST_1097,MACRO_SCHEDULED,[Wire Pickup] US CPI YoY reported at 4.0% vs 4.2% consensus,2025-03-12 12:32:22+00:00,TIER_2_HIGH_QUALITY_SECONDARY,0,0,1
STORY_8c8d374d69,CLUST_1097,MACRO_SCHEDULED,[Wire Pickup] US CPI YoY reported at 4.0% vs 4.2% consensus,2025-03-12 12:37:23+00:00,TIER_2_HIGH_QUALITY_SECONDARY,0,0,1
STORY_13f92e4b0d,CLUST_1097,MACRO_SCHEDULED,[Wire Pickup] US CPI YoY reported at 4.0% vs 4.2% consensus,2025-03-12 12:37:54+00:00,TIER_3_AGGREGATOR,0,0,1
STORY_e7bd27da86,CLUST_1033,MONETARY_POLICY,FOMC Decision: Fed funds rate set to 4.25% (Consensus: 4.25%),2025-03-19 18:00:00+00:00,TIER_1_PRIMARY,0,0,1
STORY_543c7ee873,CLUST_1033,MONETARY_POLICY,[Wire Pickup] FOMC Decision: Fed funds rate set to 4.25% (Consensus: 4.25%),2025-03-19 18:05:21+00:00,TIER_2_HIGH_QUALITY_SECONDARY,0,0,1
STORY_ae4619337a,CLUST_1033,MONETARY_POLICY,[Wire Pickup] FOMC Decision: Fed funds rate set to 4.25% (Consensus: 4.25%),2025-03-19 18:14:28+00:00,TIER_2_HIGH_QUALITY_SECONDARY,0,0,1
STORY_dd95f7445d,CLUST_1168,MACRO_SCHEDULED,US Non-Farm Payrolls: 365k jobs added vs 295k expected,2025-04-05 12:30:00+00:00,TIER_1_PRIMARY,0,0,1
STORY_e3fc41d374,CLUST_1168,MACRO_SCHEDULED,[Wire Pickup] US Non-Farm Payrolls: 365k jobs added vs 295k expected,2025-04-05 12:33:46+00:00,TIER_2_HIGH_QUALITY_SECONDARY,0,0,1
STORY_c3e82b6d99,CLUST_1168,MACRO_SCHEDULED,[Wire Pickup] US Non-Farm Payrolls: 365k jobs added vs 295k expected,2025-04-05 12:37:24+00:00,TIER_2_HIGH_QUALITY_SECONDARY,0,0,1
STORY_537c97ac94,CLUST_1098,MACRO_SCHEDULED,US CPI YoY reported at 2.8% vs 2.6% consensus,2025-04-12 12:30:00+00:00,TIER_1_PRIMARY,0,0,1
STORY_81be2da6fa,CLUST_1098,MACRO_SCHEDULED,[Wire Pickup] US CPI YoY reported at 2.8% vs 2.6% consensus,2025-04-12 12:33:16+00:00,TIER_2_HIGH_QUALITY_SECONDARY,0,0,1
STORY_a7f687803f,CLUST_1098,MACRO_SCHEDULED,[Wire Pickup] US CPI YoY reported at 2.8% vs 2.6% consensus,2025-04-12 12:41:05+00:00,TIER_2_HIGH_QUALITY_SECONDARY,0,0,1
STORY_72a1810de8,CLUST_1169,MACRO_SCHEDULED,US Non-Farm Payrolls: 240k jobs added vs 210k expected,2025-05-05 12:30:00+00:00,TIER_1_PRIMARY,0,0,1
STORY_8af8b9166b,CLUST_1169,MACRO_SCHEDULED,[Wire Pickup] US Non-Farm Payrolls: 240k jobs added vs 210k expected,2025-05-05 12:32:31+00:00,TIER_2_HIGH_QUALITY_SECONDARY,0,0,1
STORY_e7bd27da86,CLUST_1034,MONETARY_POLICY,FOMC Decision: Fed funds rate set to 4.25% (Consensus: 4.25%),2025-05-07 18:00:00+00:00,TIER_1_PRIMARY,0,0,1
STORY_ae4619337a,CLUST_1034,MONETARY_POLICY,[Wire Pickup] FOMC Decision: Fed funds rate set to 4.25% (Consensus: 4.25%),2025-05-07 18:05:17+00:00,TIER_2_HIGH_QUALITY_SECONDARY,0,0,1
STORY_3daf76a2f6,CLUST_1099,MACRO_SCHEDULED,US CPI YoY reported at 3.1% vs 3.1% consensus,2025-05-12 12:30:00+00:00,TIER_1_PRIMARY,0,0,1
STORY_a1095debd7,CLUST_1099,MACRO_SCHEDULED,[Wire Pickup] US CPI YoY reported at 3.1% vs 3.1% consensus,2025-05-12 12:31:46+00:00,TIER_2_HIGH_QUALITY_SECONDARY,0,0,1
STORY_fb9b6710af,CLUST_1170,MACRO_SCHEDULED,US Non-Farm Payrolls: 197k jobs added vs 257k expected,2025-06-05 12:30:00+00:00,TIER_1_PRIMARY,0,0,1
STORY_90335073f9,CLUST_1170,MACRO_SCHEDULED,[Wire Pickup] US Non-Farm Payrolls: 197k jobs added vs 257k expected,2025-06-05 12:34:02+00:00,TIER_3_AGGREGATOR,0,0,1
STORY_6aa22e8316,CLUST_1170,MACRO_SCHEDULED,[Wire Pickup] US Non-Farm Payrolls: 197k jobs added vs 257k expected,2025-06-05 12:39:00+00:00,TIER_2_HIGH_QUALITY_SECONDARY,0,0,1
STORY_44fcfc15ea,CLUST_1170,MACRO_SCHEDULED,[Wire Pickup] US Non-Farm Payrolls: 197k jobs added vs 257k expected,2025-06-05 12:44:24+00:00,TIER_2_HIGH_QUALITY_SECONDARY,0,0,1
STORY_fb520cf5d1,CLUST_1218,INSTITUTIONAL,Top US state pension fund allocates 2% of portfolio assets to spot Bitcoin ETFs,2025-06-10 11:31:26+00:00,TIER_2_HIGH_QUALITY_SECONDARY,0,0,1
STORY_8ac5a3fbf7,CLUST_1218,INSTITUTIONAL,[Wire Pickup] Top US state pension fund allocates 2% of portfolio assets to spot Bitcoin ETFs,2025-06-10 11:35:32+00:00,TIER_2_HIGH_QUALITY_SECONDARY,0,0,1
STORY_432731824e,CLUST_1218,INSTITUTIONAL,[Wire Pickup] Top US state pension fund allocates 2% of portfolio assets to spot Bitcoin ETFs,2025-06-10 11:43:33+00:00,TIER_2_HIGH_QUALITY_SECONDARY,0,0,1
STORY_af774529db,CLUST_1100,MACRO_SCHEDULED,US CPI YoY reported at 3.8% vs 3.8% consensus,2025-06-12 12:30:00+00:00,TIER_1_PRIMARY,0,0,1
STORY_03530a3e14,CLUST_1100,MACRO_SCHEDULED,[Wire Pickup] US CPI YoY reported at 3.8% vs 3.8% consensus,2025-06-12 12:37:46+00:00,TIER_2_HIGH_QUALITY_SECONDARY,0,0,1
STORY_747f689201,CLUST_1035,MONETARY_POLICY,FOMC Decision: Fed funds rate set to 4.00% (Consensus: 4.00%),2025-06-18 18:00:00+00:00,TIER_1_PRIMARY,0,0,1
STORY_5b8fb1378c,CLUST_1035,MONETARY_POLICY,[Wire Pickup] FOMC Decision: Fed funds rate set to 4.00% (Consensus: 4.00%),2025-06-18 18:02:00+00:00,TIER_3_AGGREGATOR,0,0,1
STORY_feefc3ee22,CLUST_1035,MONETARY_POLICY,[Wire Pickup] FOMC Decision: Fed funds rate set to 4.00% (Consensus: 4.00%),2025-06-18 18:06:07+00:00,TIER_2_HIGH_QUALITY_SECONDARY,0,0,1
STORY_a3d579bbd2,CLUST_1035,MONETARY_POLICY,[Wire Pickup] FOMC Decision: Fed funds rate set to 4.00% (Consensus: 4.00%),2025-06-18 18:11:43+00:00,TIER_2_HIGH_QUALITY_SECONDARY,0,0,1
STORY_4ea6f11347,CLUST_1171,MACRO_SCHEDULED,US Non-Farm Payrolls: 320k jobs added vs 290k expected,2025-07-05 12:30:00+00:00,TIER_1_PRIMARY,0,0,1
STORY_029f3a52da,CLUST_1171,MACRO_SCHEDULED,[Wire Pickup] US Non-Farm Payrolls: 320k jobs added vs 290k expected,2025-07-05 12:31:12+00:00,TIER_2_HIGH_QUALITY_SECONDARY,0,0,1
STORY_ddb8d573a0,CLUST_1171,MACRO_SCHEDULED,[Wire Pickup] US Non-Farm Payrolls: 320k jobs added vs 290k expected,2025-07-05 12:36:53+00:00,TIER_2_HIGH_QUALITY_SECONDARY,0,0,1
STORY_c151c2b41a,CLUST_1171,MACRO_SCHEDULED,[Wire Pickup] US Non-Farm Payrolls: 320k jobs added vs 290k expected,2025-07-05 12:44:57+00:00,TIER_3_AGGREGATOR,0,0,1
STORY_34c42224c1,CLUST_1101,MACRO_SCHEDULED,US CPI YoY reported at 3.2% vs 3.1% consensus,2025-07-12 12:30:00+00:00,TIER_1_PRIMARY,0,0,1
STORY_63a557a47e,CLUST_1101,MACRO_SCHEDULED,[Wire Pickup] US CPI YoY reported at 3.2% vs 3.1% consensus,2025-07-12 12:39:50+00:00,TIER_2_HIGH_QUALITY_SECONDARY,0,0,1
STORY_bc50f25a96,CLUST_1101,MACRO_SCHEDULED,[Wire Pickup] US CPI YoY reported at 3.2% vs 3.1% consensus,2025-07-12 12:41:20+00:00,TIER_2_HIGH_QUALITY_SECONDARY,0,0,1
STORY_f6c60e566c,CLUST_1101,MACRO_SCHEDULED,[Wire Pickup] US CPI YoY reported at 3.2% vs 3.1% consensus,2025-07-12 12:44:24+00:00,TIER_3_AGGREGATOR,0,0,1
STORY_747f689201,CLUST_1036,MONETARY_POLICY,FOMC Decision: Fed funds rate set to 4.00% (Consensus: 4.00%),2025-07-30 18:00:00+00:00,TIER_1_PRIMARY,0,0,1
STORY_a3d579bbd2,CLUST_1036,MONETARY_POLICY,[Wire Pickup] FOMC Decision: Fed funds rate set to 4.00% (Consensus: 4.00%),2025-07-30 18:08:58+00:00,TIER_2_HIGH_QUALITY_SECONDARY,0,0,1
STORY_feefc3ee22,CLUST_1036,MONETARY_POLICY,[Wire Pickup] FOMC Decision: Fed funds rate set to 4.00% (Consensus: 4.00%),2025-07-30 18:09:50+00:00,TIER_2_HIGH_QUALITY_SECONDARY,0,0,1
STORY_2e86af4a5a,CLUST_1172,MACRO_SCHEDULED,US Non-Farm Payrolls: 184k jobs added vs 244k expected,2025-08-05 12:30:00+00:00,TIER_1_PRIMARY,0,0,1
STORY_b986678528,CLUST_1172,MACRO_SCHEDULED,[Wire Pickup] US Non-Farm Payrolls: 184k jobs added vs 244k expected,2025-08-05 12:43:43+00:00,TIER_2_HIGH_QUALITY_SECONDARY,0,0,1
STORY_ab39c3bb13,CLUST_1102,MACRO_SCHEDULED,US CPI YoY reported at 3.7% vs 3.8% consensus,2025-08-12 12:30:00+00:00,TIER_1_PRIMARY,0,0,1
STORY_817ca93349,CLUST_1102,MACRO_SCHEDULED,[Wire Pickup] US CPI YoY reported at 3.7% vs 3.8% consensus,2025-08-12 12:31:27+00:00,TIER_3_AGGREGATOR,0,0,1
STORY_d03d5db164,CLUST_1102,MACRO_SCHEDULED,[Wire Pickup] US CPI YoY reported at 3.7% vs 3.8% consensus,2025-08-12 12:38:06+00:00,TIER_2_HIGH_QUALITY_SECONDARY,0,0,1
STORY_df6ed8b102,CLUST_1102,MACRO_SCHEDULED,[Wire Pickup] US CPI YoY reported at 3.7% vs 3.8% consensus,2025-08-12 12:41:41+00:00,TIER_2_HIGH_QUALITY_SECONDARY,0,0,1
STORY_53cbd95520,CLUST_1173,MACRO_SCHEDULED,US Non-Farm Payrolls: 148k jobs added vs 178k expected,2025-09-05 12:30:00+00:00,TIER_1_PRIMARY,0,0,1
STORY_5a853ec4f7,CLUST_1173,MACRO_SCHEDULED,[Wire Pickup] US Non-Farm Payrolls: 148k jobs added vs 178k expected,2025-09-05 12:36:32+00:00,TIER_3_AGGREGATOR,0,0,1
STORY_eec0675f62,CLUST_1173,MACRO_SCHEDULED,[Wire Pickup] US Non-Farm Payrolls: 148k jobs added vs 178k expected,2025-09-05 12:38:27+00:00,TIER_2_HIGH_QUALITY_SECONDARY,0,0,1
STORY_90617234ec,CLUST_1173,MACRO_SCHEDULED,[Wire Pickup] US Non-Farm Payrolls: 148k jobs added vs 178k expected,2025-09-05 12:43:51+00:00,TIER_2_HIGH_QUALITY_SECONDARY,0,0,1
STORY_5a1f4f68c1,CLUST_1103,MACRO_SCHEDULED,US CPI YoY reported at 5.2% vs 5.1% consensus,2025-09-12 12:30:00+00:00,TIER_1_PRIMARY,0,0,1
STORY_f51d9966a6,CLUST_1103,MACRO_SCHEDULED,[Wire Pickup] US CPI YoY reported at 5.2% vs 5.1% consensus,2025-09-12 12:33:27+00:00,TIER_2_HIGH_QUALITY_SECONDARY,0,0,1
STORY_d4d320a9cf,CLUST_1103,MACRO_SCHEDULED,[Wire Pickup] US CPI YoY reported at 5.2% vs 5.1% consensus,2025-09-12 12:33:29+00:00,TIER_3_AGGREGATOR,0,0,1
STORY_3b72cfa48d,CLUST_1103,MACRO_SCHEDULED,[Wire Pickup] US CPI YoY reported at 5.2% vs 5.1% consensus,2025-09-12 12:42:09+00:00,TIER_2_HIGH_QUALITY_SECONDARY,0,0,1
STORY_62eaad754f,CLUST_1037,MONETARY_POLICY,FOMC Decision: Fed funds rate set to 3.75% (Consensus: 3.75%),2025-09-17 18:00:00+00:00,TIER_1_PRIMARY,0,0,1
STORY_07acf6aacb,CLUST_1037,MONETARY_POLICY,[Wire Pickup] FOMC Decision: Fed funds rate set to 3.75% (Consensus: 3.75%),2025-09-17 18:02:22+00:00,TIER_2_HIGH_QUALITY_SECONDARY,0,0,1
STORY_ec2bad7f9f,CLUST_1037,MONETARY_POLICY,[Wire Pickup] FOMC Decision: Fed funds rate set to 3.75% (Consensus: 3.75%),2025-09-17 18:04:40+00:00,TIER_2_HIGH_QUALITY_SECONDARY,0,0,1
STORY_0aaac28651,CLUST_1037,MONETARY_POLICY,[Wire Pickup] FOMC Decision: Fed funds rate set to 3.75% (Consensus: 3.75%),2025-09-17 18:07:30+00:00,TIER_3_AGGREGATOR,0,0,1
STORY_1cc1bd1b65,CLUST_1174,MACRO_SCHEDULED,US Non-Farm Payrolls: 190k jobs added vs 120k expected,2025-10-05 12:30:00+00:00,TIER_1_PRIMARY,0,0,1
STORY_a1bee7b424,CLUST_1174,MACRO_SCHEDULED,[Wire Pickup] US Non-Farm Payrolls: 190k jobs added vs 120k expected,2025-10-05 12:35:03+00:00,TIER_2_HIGH_QUALITY_SECONDARY,0,0,1
STORY_80dea9d836,CLUST_1174,MACRO_SCHEDULED,[Wire Pickup] US Non-Farm Payrolls: 190k jobs added vs 120k expected,2025-10-05 12:43:45+00:00,TIER_2_HIGH_QUALITY_SECONDARY,0,0,1
STORY_af774529db,CLUST_1104,MACRO_SCHEDULED,US CPI YoY reported at 3.8% vs 3.8% consensus,2025-10-12 12:30:00+00:00,TIER_1_PRIMARY,0,0,1
STORY_03530a3e14,CLUST_1104,MACRO_SCHEDULED,[Wire Pickup] US CPI YoY reported at 3.8% vs 3.8% consensus,2025-10-12 12:39:27+00:00,TIER_2_HIGH_QUALITY_SECONDARY,0,0,1
STORY_6bdd7450a0,CLUST_1219,CORPORATE_TREASURY,MicroStrategy announces completion of $10B Bitcoin ATM share offering,2025-10-22 16:45:00+00:00,TIER_1_PRIMARY,0,0,1
STORY_8f7679ddd8,CLUST_1219,CORPORATE_TREASURY,[Wire Pickup] MicroStrategy announces completion of $10B Bitcoin ATM share offering,2025-10-22 16:59:45+00:00,TIER_2_HIGH_QUALITY_SECONDARY,0,0,1
STORY_fb9b6710af,CLUST_1175,MACRO_SCHEDULED,US Non-Farm Payrolls: 197k jobs added vs 257k expected,2025-11-05 12:30:00+00:00,TIER_1_PRIMARY,0,2,0
STORY_6aa22e8316,CLUST_1175,MACRO_SCHEDULED,[Wire Pickup] US Non-Farm Payrolls: 197k jobs added vs 257k expected,2025-11-05 12:40:43+00:00,TIER_2_HIGH_QUALITY_SECONDARY,0,2,0
STORY_f76f70c9b9,CLUST_1038,MONETARY_POLICY,FOMC Decision: Fed funds rate set to 3.50% (Consensus: 3.50%),2025-11-05 19:00:00+00:00,TIER_1_PRIMARY,0,2,0
STORY_5349f7dda7,CLUST_1038,MONETARY_POLICY,[Wire Pickup] FOMC Decision: Fed funds rate set to 3.50% (Consensus: 3.50%),2025-11-05 19:12:10+00:00,TIER_2_HIGH_QUALITY_SECONDARY,0,2,0
STORY_16c78a671e,CLUST_1105,MACRO_SCHEDULED,US CPI YoY reported at 3.6% vs 3.8% consensus,2025-11-12 12:30:00+00:00,TIER_1_PRIMARY,0,0,1
STORY_9953151d79,CLUST_1105,MACRO_SCHEDULED,[Wire Pickup] US CPI YoY reported at 3.6% vs 3.8% consensus,2025-11-12 12:41:20+00:00,TIER_2_HIGH_QUALITY_SECONDARY,0,0,1
STORY_402abb58d8,CLUST_1105,MACRO_SCHEDULED,[Wire Pickup] US CPI YoY reported at 3.6% vs 3.8% consensus,2025-11-12 12:44:45+00:00,TIER_2_HIGH_QUALITY_SECONDARY,0,0,1
STORY_a363252e6a,CLUST_1176,MACRO_SCHEDULED,US Non-Farm Payrolls: 142k jobs added vs 112k expected,2025-12-05 12:30:00+00:00,TIER_1_PRIMARY,0,0,1
STORY_551a4a070f,CLUST_1176,MACRO_SCHEDULED,[Wire Pickup] US Non-Farm Payrolls: 142k jobs added vs 112k expected,2025-12-05 12:35:28+00:00,TIER_3_AGGREGATOR,0,0,1
STORY_2b20644879,CLUST_1176,MACRO_SCHEDULED,[Wire Pickup] US Non-Farm Payrolls: 142k jobs added vs 112k expected,2025-12-05 12:41:08+00:00,TIER_2_HIGH_QUALITY_SECONDARY,0,0,1
STORY_fce9cd6e8e,CLUST_1176,MACRO_SCHEDULED,[Wire Pickup] US Non-Farm Payrolls: 142k jobs added vs 112k expected,2025-12-05 12:41:13+00:00,TIER_2_HIGH_QUALITY_SECONDARY,0,0,1
STORY_c263394de3,CLUST_1106,MACRO_SCHEDULED,US CPI YoY reported at 3.7% vs 3.9% consensus,2025-12-12 12:30:00+00:00,TIER_1_PRIMARY,0,0,1
STORY_55207a413e,CLUST_1106,MACRO_SCHEDULED,[Wire Pickup] US CPI YoY reported at 3.7% vs 3.9% consensus,2025-12-12 12:31:43+00:00,TIER_2_HIGH_QUALITY_SECONDARY,0,0,1
STORY_d697b06c15,CLUST_1106,MACRO_SCHEDULED,[Wire Pickup] US CPI YoY reported at 3.7% vs 3.9% consensus,2025-12-12 12:34:22+00:00,TIER_2_HIGH_QUALITY_SECONDARY,0,0,1
STORY_38f8ee69e9,CLUST_1106,MACRO_SCHEDULED,[Wire Pickup] US CPI YoY reported at 3.7% vs 3.9% consensus,2025-12-12 12:41:50+00:00,TIER_3_AGGREGATOR,0,0,1
STORY_f76f70c9b9,CLUST_1039,MONETARY_POLICY,FOMC Decision: Fed funds rate set to 3.50% (Consensus: 3.50%),2025-12-17 19:00:00+00:00,TIER_1_PRIMARY,0,0,1
STORY_8f48036034,CLUST_1039,MONETARY_POLICY,[Wire Pickup] FOMC Decision: Fed funds rate set to 3.50% (Consensus: 3.50%),2025-12-17 19:06:16+00:00,TIER_2_HIGH_QUALITY_SECONDARY,0,0,1
STORY_5349f7dda7,CLUST_1039,MONETARY_POLICY,[Wire Pickup] FOMC Decision: Fed funds rate set to 3.50% (Consensus: 3.50%),2025-12-17 19:12:43+00:00,TIER_2_HIGH_QUALITY_SECONDARY,0,0,1
STORY_3bd6b61133,CLUST_1177,MACRO_SCHEDULED,US Non-Farm Payrolls: 68k jobs added vs 98k expected,2026-01-05 12:30:00+00:00,TIER_1_PRIMARY,0,0,1
STORY_a994b09624,CLUST_1177,MACRO_SCHEDULED,[Wire Pickup] US Non-Farm Payrolls: 68k jobs added vs 98k expected,2026-01-05 12:32:40+00:00,TIER_2_HIGH_QUALITY_SECONDARY,0,0,1
STORY_600b3ae0be,CLUST_1177,MACRO_SCHEDULED,[Wire Pickup] US Non-Farm Payrolls: 68k jobs added vs 98k expected,2026-01-05 12:44:27+00:00,TIER_2_HIGH_QUALITY_SECONDARY,0,0,1
STORY_1cffb8ac29,CLUST_1107,MACRO_SCHEDULED,US CPI YoY reported at 3.7% vs 3.7% consensus,2026-01-12 12:30:00+00:00,TIER_1_PRIMARY,0,0,1
STORY_c378311398,CLUST_1107,MACRO_SCHEDULED,[Wire Pickup] US CPI YoY reported at 3.7% vs 3.7% consensus,2026-01-12 12:34:03+00:00,TIER_2_HIGH_QUALITY_SECONDARY,0,0,1
STORY_475732ea5a,CLUST_1107,MACRO_SCHEDULED,[Wire Pickup] US CPI YoY reported at 3.7% vs 3.7% consensus,2026-01-12 12:37:35+00:00,TIER_2_HIGH_QUALITY_SECONDARY,0,0,1
STORY_c2b21a4486,CLUST_1107,MACRO_SCHEDULED,[Wire Pickup] US CPI YoY reported at 3.7% vs 3.7% consensus,2026-01-12 12:40:18+00:00,TIER_3_AGGREGATOR,0,0,1
STORY_f76f70c9b9,CLUST_1040,MONETARY_POLICY,FOMC Decision: Fed funds rate set to 3.50% (Consensus: 3.50%),2026-01-28 19:00:00+00:00,TIER_1_PRIMARY,0,0,1
STORY_8f48036034,CLUST_1040,MONETARY_POLICY,[Wire Pickup] FOMC Decision: Fed funds rate set to 3.50% (Consensus: 3.50%),2026-01-28 19:01:07+00:00,TIER_2_HIGH_QUALITY_SECONDARY,0,0,1
STORY_5349f7dda7,CLUST_1040,MONETARY_POLICY,[Wire Pickup] FOMC Decision: Fed funds rate set to 3.50% (Consensus: 3.50%),2026-01-28 19:01:11+00:00,TIER_2_HIGH_QUALITY_SECONDARY,0,0,1
STORY_b3d5c21f18,CLUST_1040,MONETARY_POLICY,[Wire Pickup] FOMC Decision: Fed funds rate set to 3.50% (Consensus: 3.50%),2026-01-28 19:11:27+00:00,TIER_3_AGGREGATOR,0,0,1
STORY_abaa08ee96,CLUST_1178,MACRO_SCHEDULED,US Non-Farm Payrolls: 233k jobs added vs 163k expected,2026-02-05 12:30:00+00:00,TIER_1_PRIMARY,0,0,1
STORY_a90ff21f9c,CLUST_1178,MACRO_SCHEDULED,[Wire Pickup] US Non-Farm Payrolls: 233k jobs added vs 163k expected,2026-02-05 12:33:04+00:00,TIER_2_HIGH_QUALITY_SECONDARY,0,0,1
STORY_e27215e254,CLUST_1178,MACRO_SCHEDULED,[Wire Pickup] US Non-Farm Payrolls: 233k jobs added vs 163k expected,2026-02-05 12:35:52+00:00,TIER_2_HIGH_QUALITY_SECONDARY,0,0,1
STORY_ef73f61037,CLUST_1108,MACRO_SCHEDULED,US CPI YoY reported at 2.1% vs 2.1% consensus,2026-02-12 12:30:00+00:00,TIER_1_PRIMARY,0,0,1
STORY_346898549e,CLUST_1108,MACRO_SCHEDULED,[Wire Pickup] US CPI YoY reported at 2.1% vs 2.1% consensus,2026-02-12 12:35:53+00:00,TIER_3_AGGREGATOR,0,0,1
STORY_2961a0201d,CLUST_1108,MACRO_SCHEDULED,[Wire Pickup] US CPI YoY reported at 2.1% vs 2.1% consensus,2026-02-12 12:41:27+00:00,TIER_2_HIGH_QUALITY_SECONDARY,0,0,1
STORY_0feeedbf55,CLUST_1108,MACRO_SCHEDULED,[Wire Pickup] US CPI YoY reported at 2.1% vs 2.1% consensus,2026-02-12 12:42:13+00:00,TIER_2_HIGH_QUALITY_SECONDARY,0,0,1
STORY_a2edb1fd84,CLUST_1179,MACRO_SCHEDULED,US Non-Farm Payrolls: 169k jobs added vs 199k expected,2026-03-05 12:30:00+00:00,TIER_1_PRIMARY,0,0,1
STORY_88d45415c8,CLUST_1179,MACRO_SCHEDULED,[Wire Pickup] US Non-Farm Payrolls: 169k jobs added vs 199k expected,2026-03-05 12:38:36+00:00,TIER_2_HIGH_QUALITY_SECONDARY,0,0,1
STORY_25f8acae6b,CLUST_1179,MACRO_SCHEDULED,[Wire Pickup] US Non-Farm Payrolls: 169k jobs added vs 199k expected,2026-03-05 12:39:15+00:00,TIER_2_HIGH_QUALITY_SECONDARY,0,0,1
STORY_b6428da175,CLUST_1109,MACRO_SCHEDULED,US CPI YoY reported at 2.6% vs 2.6% consensus,2026-03-12 12:30:00+00:00,TIER_1_PRIMARY,0,0,1
STORY_c88bee95dd,CLUST_1109,MACRO_SCHEDULED,[Wire Pickup] US CPI YoY reported at 2.6% vs 2.6% consensus,2026-03-12 12:34:55+00:00,TIER_2_HIGH_QUALITY_SECONDARY,0,0,1
STORY_0a10faea72,CLUST_1109,MACRO_SCHEDULED,[Wire Pickup] US CPI YoY reported at 2.6% vs 2.6% consensus,2026-03-12 12:38:04+00:00,TIER_2_HIGH_QUALITY_SECONDARY,0,0,1
STORY_a0a7cba163,CLUST_1041,MONETARY_POLICY,FOMC Decision: Fed funds rate set to 3.25% (Consensus: 3.25%),2026-03-18 18:00:00+00:00,TIER_1_PRIMARY,0,0,1
STORY_8beb55d09b,CLUST_1041,MONETARY_POLICY,[Wire Pickup] FOMC Decision: Fed funds rate set to 3.25% (Consensus: 3.25%),2026-03-18 18:07:07+00:00,TIER_2_HIGH_QUALITY_SECONDARY,0,0,1
STORY_655eb50fa6,CLUST_1041,MONETARY_POLICY,[Wire Pickup] FOMC Decision: Fed funds rate set to 3.25% (Consensus: 3.25%),2026-03-18 18:13:34+00:00,TIER_2_HIGH_QUALITY_SECONDARY,0,0,1
STORY_ce9a8e0a3f,CLUST_1041,MONETARY_POLICY,[Wire Pickup] FOMC Decision: Fed funds rate set to 3.25% (Consensus: 3.25%),2026-03-18 18:13:35+00:00,TIER_3_AGGREGATOR,0,0,1
STORY_46da1c5589,CLUST_1180,MACRO_SCHEDULED,US Non-Farm Payrolls: 182k jobs added vs 242k expected,2026-04-05 12:30:00+00:00,TIER_1_PRIMARY,0,0,1
STORY_f7c07a5069,CLUST_1180,MACRO_SCHEDULED,[Wire Pickup] US Non-Farm Payrolls: 182k jobs added vs 242k expected,2026-04-05 12:34:06+00:00,TIER_2_HIGH_QUALITY_SECONDARY,0,0,1
STORY_a8db7971c3,CLUST_1110,MACRO_SCHEDULED,US CPI YoY reported at 4.7% vs 4.7% consensus,2026-04-12 12:30:00+00:00,TIER_1_PRIMARY,0,0,1
STORY_07b1e3e130,CLUST_1110,MACRO_SCHEDULED,[Wire Pickup] US CPI YoY reported at 4.7% vs 4.7% consensus,2026-04-12 12:40:14+00:00,TIER_2_HIGH_QUALITY_SECONDARY,0,0,1
STORY_c269899cb4,CLUST_1220,INSTITUTIONAL,CME Group launches direct Bitcoin physical delivery options and expanded block sizes,2026-04-15 13:00:17+00:00,TIER_2_HIGH_QUALITY_SECONDARY,0,0,1
STORY_5a3365f7d9,CLUST_1220,INSTITUTIONAL,[Wire Pickup] CME Group launches direct Bitcoin physical delivery options and expanded block sizes,2026-04-15 13:07:45+00:00,TIER_2_HIGH_QUALITY_SECONDARY,0,0,1
STORY_8ea5605b3c,CLUST_1220,INSTITUTIONAL,[Wire Pickup] CME Group launches direct Bitcoin physical delivery options and expanded block sizes,2026-04-15 13:09:00+00:00,TIER_3_AGGREGATOR,0,0,1
STORY_143b707bf8,CLUST_1220,INSTITUTIONAL,[Wire Pickup] CME Group launches direct Bitcoin physical delivery options and expanded block sizes,2026-04-15 13:12:29+00:00,TIER_2_HIGH_QUALITY_SECONDARY,0,0,1
STORY_2f26feaf69,CLUST_1181,MACRO_SCHEDULED,US Non-Farm Payrolls: 272k jobs added vs 242k expected,2026-05-05 12:30:00+00:00,TIER_1_PRIMARY,0,0,1
STORY_e5d4e3a450,CLUST_1181,MACRO_SCHEDULED,[Wire Pickup] US Non-Farm Payrolls: 272k jobs added vs 242k expected,2026-05-05 12:43:19+00:00,TIER_2_HIGH_QUALITY_SECONDARY,0,0,1
STORY_a0a7cba163,CLUST_1042,MONETARY_POLICY,FOMC Decision: Fed funds rate set to 3.25% (Consensus: 3.25%),2026-05-06 18:00:00+00:00,TIER_1_PRIMARY,0,0,1
STORY_655eb50fa6,CLUST_1042,MONETARY_POLICY,[Wire Pickup] FOMC Decision: Fed funds rate set to 3.25% (Consensus: 3.25%),2026-05-06 18:05:38+00:00,TIER_2_HIGH_QUALITY_SECONDARY,0,0,1
STORY_3bb28a569f,CLUST_1111,MACRO_SCHEDULED,US CPI YoY reported at 2.4% vs 2.5% consensus,2026-05-12 12:30:00+00:00,TIER_1_PRIMARY,0,0,1
STORY_05fb1c9a66,CLUST_1111,MACRO_SCHEDULED,[Wire Pickup] US CPI YoY reported at 2.4% vs 2.5% consensus,2026-05-12 12:32:41+00:00,TIER_2_HIGH_QUALITY_SECONDARY,0,0,1
STORY_5b7b01a248,CLUST_1182,MACRO_SCHEDULED,US Non-Farm Payrolls: 134k jobs added vs 194k expected,2026-06-05 12:30:00+00:00,TIER_1_PRIMARY,0,0,1
STORY_2b30b8f09a,CLUST_1182,MACRO_SCHEDULED,[Wire Pickup] US Non-Farm Payrolls: 134k jobs added vs 194k expected,2026-06-05 12:31:11+00:00,TIER_2_HIGH_QUALITY_SECONDARY,0,0,1
STORY_738e9bb90c,CLUST_1182,MACRO_SCHEDULED,[Wire Pickup] US Non-Farm Payrolls: 134k jobs added vs 194k expected,2026-06-05 12:36:34+00:00,TIER_2_HIGH_QUALITY_SECONDARY,0,0,1
STORY_10c65b2d2b,CLUST_1182,MACRO_SCHEDULED,[Wire Pickup] US Non-Farm Payrolls: 134k jobs added vs 194k expected,2026-06-05 12:43:59+00:00,TIER_3_AGGREGATOR,0,0,1
STORY_660c3f689e,CLUST_1112,MACRO_SCHEDULED,US CPI YoY reported at 2.6% vs 2.4% consensus,2026-06-12 12:30:00+00:00,TIER_1_PRIMARY,0,0,1
STORY_109422f32d,CLUST_1112,MACRO_SCHEDULED,[Wire Pickup] US CPI YoY reported at 2.6% vs 2.4% consensus,2026-06-12 12:37:55+00:00,TIER_2_HIGH_QUALITY_SECONDARY,0,0,1
STORY_fb70feac47,CLUST_1043,MONETARY_POLICY,FOMC Decision: Fed funds rate set to 3.00% (Consensus: 3.00%),2026-06-17 18:00:00+00:00,TIER_1_PRIMARY,0,0,1
STORY_535162e92d,CLUST_1043,MONETARY_POLICY,[Wire Pickup] FOMC Decision: Fed funds rate set to 3.00% (Consensus: 3.00%),2026-06-17 18:13:23+00:00,TIER_2_HIGH_QUALITY_SECONDARY,0,0,1
STORY_7c2d088bd4,CLUST_1043,MONETARY_POLICY,[Wire Pickup] FOMC Decision: Fed funds rate set to 3.00% (Consensus: 3.00%),2026-06-17 18:14:30+00:00,TIER_2_HIGH_QUALITY_SECONDARY,0,0,1
STORY_94176cae6c,CLUST_1183,MACRO_SCHEDULED,US Non-Farm Payrolls: 272k jobs added vs 202k expected,2026-07-05 12:30:00+00:00,TIER_1_PRIMARY,0,0,1
STORY_adbe7b2992,CLUST_1183,MACRO_SCHEDULED,[Wire Pickup] US Non-Farm Payrolls: 272k jobs added vs 202k expected,2026-07-05 12:33:35+00:00,TIER_2_HIGH_QUALITY_SECONDARY,0,0,1
STORY_2c384d1603,CLUST_1113,MACRO_SCHEDULED,US CPI YoY reported at 4.6% vs 4.6% consensus,2026-07-12 12:30:00+00:00,TIER_1_PRIMARY,0,0,1
STORY_7f9ae0999e,CLUST_1113,MACRO_SCHEDULED,[Wire Pickup] US CPI YoY reported at 4.6% vs 4.6% consensus,2026-07-12 12:34:20+00:00,TIER_3_AGGREGATOR,0,0,1
STORY_92bb0d4ad0,CLUST_1113,MACRO_SCHEDULED,[Wire Pickup] US CPI YoY reported at 4.6% vs 4.6% consensus,2026-07-12 12:35:18+00:00,TIER_2_HIGH_QUALITY_SECONDARY,0,0,1
STORY_6bae2e075d,CLUST_1113,MACRO_SCHEDULED,[Wire Pickup] US CPI YoY reported at 4.6% vs 4.6% consensus,2026-07-12 12:35:53+00:00,TIER_2_HIGH_QUALITY_SECONDARY,0,0,1
STORY_fb70feac47,CLUST_1044,MONETARY_POLICY,FOMC Decision: Fed funds rate set to 3.00% (Consensus: 3.00%),2026-07-29 18:00:00+00:00,TIER_1_PRIMARY,0,0,1
STORY_7c2d088bd4,CLUST_1044,MONETARY_POLICY,[Wire Pickup] FOMC Decision: Fed funds rate set to 3.00% (Consensus: 3.00%),2026-07-29 18:01:19+00:00,TIER_2_HIGH_QUALITY_SECONDARY,0,0,1
STORY_535162e92d,CLUST_1044,MONETARY_POLICY,[Wire Pickup] FOMC Decision: Fed funds rate set to 3.00% (Consensus: 3.00%),2026-07-29 18:04:16+00:00,TIER_2_HIGH_QUALITY_SECONDARY,0,0,1
STORY_18fa36e5b2,CLUST_1044,MONETARY_POLICY,[Wire Pickup] FOMC Decision: Fed funds rate set to 3.00% (Consensus: 3.00%),2026-07-29 18:11:35+00:00,TIER_3_AGGREGATOR,0,0,1
STORY_071b1779fc,CLUST_1184,MACRO_SCHEDULED,US Non-Farm Payrolls: 203k jobs added vs 203k expected,2026-08-05 12:30:00+00:00,TIER_1_PRIMARY,0,0,1
STORY_9426cf5428,CLUST_1184,MACRO_SCHEDULED,[Wire Pickup] US Non-Farm Payrolls: 203k jobs added vs 203k expected,2026-08-05 12:33:31+00:00,TIER_2_HIGH_QUALITY_SECONDARY,0,0,1
STORY_d18c22924e,CLUST_1114,MACRO_SCHEDULED,US CPI YoY reported at 3.5% vs 3.5% consensus,2026-08-12 12:30:00+00:00,TIER_1_PRIMARY,0,0,1
STORY_556b3277c0,CLUST_1114,MACRO_SCHEDULED,[Wire Pickup] US CPI YoY reported at 3.5% vs 3.5% consensus,2026-08-12 12:39:46+00:00,TIER_2_HIGH_QUALITY_SECONDARY,0,0,1
STORY_56d19f5168,CLUST_1114,MACRO_SCHEDULED,[Wire Pickup] US CPI YoY reported at 3.5% vs 3.5% consensus,2026-08-12 12:44:58+00:00,TIER_2_HIGH_QUALITY_SECONDARY,0,0,1
STORY_1fc5331981,CLUST_1115,MACRO_SCHEDULED,US CPI YoY reported at 1.8% vs 1.8% consensus,2026-09-12 12:30:00+00:00,TIER_1_PRIMARY,0,0,1
STORY_4213d1c9f4,CLUST_1115,MACRO_SCHEDULED,[Wire Pickup] US CPI YoY reported at 1.8% vs 1.8% consensus,2026-09-12 12:41:39+00:00,TIER_2_HIGH_QUALITY_SECONDARY,0,0,1
STORY_6dbe361e63,CLUST_1045,MONETARY_POLICY,FOMC Decision: Fed funds rate set to 2.75% (Consensus: 2.75%),2026-09-16 18:00:00+00:00,TIER_1_PRIMARY,0,0,1
STORY_42460fd574,CLUST_1045,MONETARY_POLICY,[Wire Pickup] FOMC Decision: Fed funds rate set to 2.75% (Consensus: 2.75%),2026-09-16 18:01:32+00:00,TIER_2_HIGH_QUALITY_SECONDARY,0,0,1
STORY_d31436dc4e,CLUST_1221,ETF_REGULATORY,US spot Bitcoin ETFs close Friday session with +$433M aggregate net inflow,2026-09-18 20:01:08+00:00,TIER_2_HIGH_QUALITY_SECONDARY,0,0,1
STORY_664c7a401f,CLUST_1221,ETF_REGULATORY,[Wire Pickup] US spot Bitcoin ETFs close Friday session with +$433M aggregate net inflow,2026-09-18 20:10:22+00:00,TIER_2_HIGH_QUALITY_SECONDARY,0,0,1
STORY_5111fb6178,CLUST_1221,ETF_REGULATORY,[Wire Pickup] US spot Bitcoin ETFs close Friday session with +$433M aggregate net inflow,2026-09-18 20:11:38+00:00,TIER_2_HIGH_QUALITY_SECONDARY,0,0,1
STORY_4b531f4f8f,CLUST_1222,EXCHANGE_OPERATIONAL,Crypto derivatives liquidity providers report transient weekend API rate throttling,2026-09-20 23:45:00+00:00,TIER_1_PRIMARY,0,0,1
STORY_34906c86a9,CLUST_1222,EXCHANGE_OPERATIONAL,[Wire Pickup] Crypto derivatives liquidity providers report transient weekend API rate throttling,2026-09-20 23:52:07+00:00,TIER_2_HIGH_QUALITY_SECONDARY,0,0,1
STORY_971c94a2f3,CLUST_1222,EXCHANGE_OPERATIONAL,[Wire Pickup] Crypto derivatives liquidity providers report transient weekend API rate throttling,2026-09-20 23:59:46+00:00,TIER_2_HIGH_QUALITY_SECONDARY,0,0,1
