start_idx,end_idx,start_time,end_time,duration_candles,duration_hours,min_compression_ratio,mean_compression_ratio,vol_trend_ratio,mean_taker_buy_ratio,taker_drift,up_move_max,down_move_max,net_return_24h,outcome_category
45,50,2021-01-01 03:45:00+00:00,2021-01-01 04:10:00+00:00,6,0.5,1.0,1.0,1.2604,0.4988,0.0072,0.0106,0.0227,-0.0011,CATEGORY_B_DOWNWARD_EXPANSION
200,207,2021-01-01 16:40:00+00:00,2021-01-01 17:15:00+00:00,8,0.67,0.3736,0.5016,1.0045,0.45,-0.0582,0.1267,0.0227,0.1141,CATEGORY_A_UPWARD_EXPANSION
243,260,2021-01-01 20:15:00+00:00,2021-01-01 21:40:00+00:00,18,1.5,0.4963,0.5503,1.0437,0.5332,0.0306,0.1396,0.0093,0.0819,CATEGORY_A_UPWARD_EXPANSION
272,277,2021-01-01 22:40:00+00:00,2021-01-01 23:05:00+00:00,6,0.5,0.45,0.4755,1.065,0.4656,0.0049,0.1374,0.0113,0.0895,CATEGORY_A_UPWARD_EXPANSION
332,337,2021-01-02 03:40:00+00:00,2021-01-02 04:05:00+00:00,6,0.5,0.3665,0.4602,1.2479,0.4749,-0.0086,0.1373,0.0021,0.1154,CATEGORY_A_UPWARD_EXPANSION
713,718,2021-01-03 11:25:00+00:00,2021-01-03 11:50:00+00:00,6,0.5,0.5745,0.5884,1.6214,0.5903,0.0138,0.0082,0.1803,-0.1029,CATEGORY_B_DOWNWARD_EXPANSION
914,920,2021-01-04 04:10:00+00:00,2021-01-04 04:40:00+00:00,7,0.58,0.6317,0.6641,0.8254,0.4769,0.0313,0.0047,0.1541,-0.0557,CATEGORY_B_DOWNWARD_EXPANSION
1134,1139,2021-01-04 22:30:00+00:00,2021-01-04 22:55:00+00:00,6,0.5,0.3342,0.3976,1.1258,0.5682,-0.1141,0.0966,0.0457,0.091,CATEGORY_A_UPWARD_EXPANSION
1180,1185,2021-01-05 02:20:00+00:00,2021-01-05 02:45:00+00:00,6,0.5,0.4702,0.5099,0.6422,0.5237,0.012,0.063,0.075,0.0538,CATEGORY_C_FALSE_OR_CHOP
1311,1316,2021-01-05 13:15:00+00:00,2021-01-05 13:40:00+00:00,6,0.5,0.5499,0.5762,1.1213,0.4701,0.0062,0.1244,0.0219,0.083,CATEGORY_A_UPWARD_EXPANSION
1359,1366,2021-01-05 17:15:00+00:00,2021-01-05 17:50:00+00:00,8,0.67,0.5172,0.5459,0.975,0.4421,0.0084,0.0998,0.0001,0.072,CATEGORY_A_UPWARD_EXPANSION
1405,1412,2021-01-05 21:05:00+00:00,2021-01-05 21:40:00+00:00,8,0.67,0.491,0.5628,1.107,0.4895,0.017,0.0785,0.0156,0.0635,CATEGORY_A_UPWARD_EXPANSION
1459,1467,2021-01-06 01:35:00+00:00,2021-01-06 02:15:00+00:00,9,0.75,0.694,0.722,1.1142,0.5013,0.0863,0.0935,0.0218,0.0756,CATEGORY_A_UPWARD_EXPANSION
1711,1716,2021-01-06 22:35:00+00:00,2021-01-06 23:00:00+00:00,6,0.5,0.5715,0.6472,1.2167,0.5005,-0.0361,0.1145,0.0019,0.0876,CATEGORY_A_UPWARD_EXPANSION
1781,1787,2021-01-07 04:25:00+00:00,2021-01-07 04:55:00+00:00,7,0.58,0.61,0.6891,0.9867,0.5117,-0.0144,0.0778,0.0307,0.0325,CATEGORY_A_UPWARD_EXPANSION
1860,1865,2021-01-07 11:00:00+00:00,2021-01-07 11:25:00+00:00,6,0.5,0.5968,0.6209,0.9769,0.4665,-0.0229,0.1159,0.0185,0.1065,CATEGORY_A_UPWARD_EXPANSION
2296,2303,2021-01-08 23:20:00+00:00,2021-01-08 23:55:00+00:00,8,0.67,0.5764,0.6813,0.8654,0.5066,-0.1215,0.0196,0.0459,-0.0122,CATEGORY_B_DOWNWARD_EXPANSION
2457,2463,2021-01-09 12:45:00+00:00,2021-01-09 13:15:00+00:00,7,0.58,0.3504,0.3999,1.2763,0.5458,-0.0132,0.0143,0.0575,-0.0209,CATEGORY_B_DOWNWARD_EXPANSION
2510,2515,2021-01-09 17:10:00+00:00,2021-01-09 17:35:00+00:00,6,0.5,0.5593,0.6924,0.6995,0.4496,-0.0373,0.0229,0.0797,-0.0767,CATEGORY_B_DOWNWARD_EXPANSION
2521,2531,2021-01-09 18:05:00+00:00,2021-01-09 18:55:00+00:00,11,0.92,0.4745,0.4952,1.0607,0.4417,-0.0783,0.0172,0.0849,-0.0625,CATEGORY_B_DOWNWARD_EXPANSION
2533,2544,2021-01-09 19:05:00+00:00,2021-01-09 20:00:00+00:00,12,1.0,0.4051,0.4502,0.8365,0.4738,-0.1149,0.0155,0.0886,-0.0773,CATEGORY_B_DOWNWARD_EXPANSION
2584,2589,2021-01-09 23:20:00+00:00,2021-01-09 23:45:00+00:00,6,0.5,0.5447,0.6106,1.3077,0.5219,0.0386,0.0282,0.1269,-0.0436,CATEGORY_B_DOWNWARD_EXPANSION
2666,2671,2021-01-10 06:10:00+00:00,2021-01-10 06:35:00+00:00,6,0.5,0.6252,0.6368,0.8674,0.4886,0.0325,0.008,0.1775,-0.1682,CATEGORY_B_DOWNWARD_EXPANSION
3177,3186,2021-01-12 00:45:00+00:00,2021-01-12 01:30:00+00:00,10,0.83,0.5221,0.5803,1.0526,0.5038,-0.0565,0.0552,0.0672,-0.055,CATEGORY_C_FALSE_OR_CHOP
3209,3214,2021-01-12 03:25:00+00:00,2021-01-12 03:50:00+00:00,6,0.5,0.5799,0.5848,0.6753,0.5052,-0.0519,0.0566,0.066,-0.0271,CATEGORY_C_FALSE_OR_CHOP
3283,3288,2021-01-12 09:35:00+00:00,2021-01-12 10:00:00+00:00,6,0.5,0.4114,0.5,1.1546,0.4913,-0.0352,0.0004,0.1031,-0.0402,CATEGORY_B_DOWNWARD_EXPANSION
3374,3380,2021-01-12 17:10:00+00:00,2021-01-12 17:40:00+00:00,7,0.58,0.7019,0.7812,0.7415,0.459,-0.0361,0.0248,0.0666,0.0057,CATEGORY_B_DOWNWARD_EXPANSION
3639,3644,2021-01-13 15:15:00+00:00,2021-01-13 15:40:00+00:00,6,0.5,0.7238,0.7459,0.6523,0.4422,0.0468,0.1561,0.0085,0.1419,CATEGORY_A_UPWARD_EXPANSION
3650,3661,2021-01-13 16:10:00+00:00,2021-01-13 17:05:00+00:00,12,1.0,0.3517,0.4768,0.8774,0.4948,0.0024,0.1534,0.0033,0.1362,CATEGORY_A_UPWARD_EXPANSION
3775,3782,2021-01-14 02:35:00+00:00,2021-01-14 03:10:00+00:00,8,0.67,0.6497,0.7387,0.5829,0.5036,-0.0439,0.0724,0.0185,0.042,CATEGORY_A_UPWARD_EXPANSION
3794,3800,2021-01-14 04:10:00+00:00,2021-01-14 04:40:00+00:00,7,0.58,0.7725,0.8021,0.8949,0.5108,-0.062,0.0739,0.0021,0.0353,CATEGORY_A_UPWARD_EXPANSION
3957,3965,2021-01-14 17:45:00+00:00,2021-01-14 18:25:00+00:00,9,0.75,0.5351,0.6495,1.1605,0.5719,0.0635,0.0137,0.1266,-0.089,CATEGORY_B_DOWNWARD_EXPANSION
4044,4052,2021-01-15 01:00:00+00:00,2021-01-15 01:40:00+00:00,9,0.75,0.6569,0.739,0.9665,0.5118,-0.0156,0.0008,0.1278,-0.0644,CATEGORY_B_DOWNWARD_EXPANSION
4434,4439,2021-01-16 09:30:00+00:00,2021-01-16 09:55:00+00:00,6,0.5,0.4302,0.5402,1.0668,0.481,-0.062,0.0134,0.0921,-0.0874,CATEGORY_B_DOWNWARD_EXPANSION
4461,4466,2021-01-16 11:45:00+00:00,2021-01-16 12:10:00+00:00,6,0.5,0.5757,0.6036,1.4473,0.5371,0.116,0.0003,0.1033,-0.0651,CATEGORY_B_DOWNWARD_EXPANSION
4566,4571,2021-01-16 20:30:00+00:00,2021-01-16 20:55:00+00:00,6,0.5,0.4684,0.5437,0.5312,0.4396,0.0466,0.0009,0.0779,-0.0174,CATEGORY_B_DOWNWARD_EXPANSION
5064,5069,2021-01-18 14:00:00+00:00,2021-01-18 14:25:00+00:00,6,0.5,0.6461,0.6761,0.8539,0.4789,-0.0463,0.0197,0.0383,0.0102,CATEGORY_B_DOWNWARD_EXPANSION
5161,5167,2021-01-18 22:05:00+00:00,2021-01-18 22:35:00+00:00,7,0.58,0.5776,0.6123,0.9154,0.5148,0.0224,0.0425,0.0084,0.0042,CATEGORY_A_UPWARD_EXPANSION
5242,5250,2021-01-19 04:50:00+00:00,2021-01-19 05:30:00+00:00,9,0.75,0.6487,0.7062,1.0059,0.4102,-0.0672,0.0386,0.0468,-0.0274,CATEGORY_C_FALSE_OR_CHOP
5302,5309,2021-01-19 09:50:00+00:00,2021-01-19 10:25:00+00:00,8,0.67,0.6327,0.6801,0.879,0.419,-0.0451,0.0188,0.0755,-0.0643,CATEGORY_B_DOWNWARD_EXPANSION
5450,5455,2021-01-19 22:10:00+00:00,2021-01-19 22:35:00+00:00,6,0.5,0.6848,0.7331,1.5476,0.4412,-0.1497,0.0086,0.0839,-0.0393,CATEGORY_B_DOWNWARD_EXPANSION
5537,5544,2021-01-20 05:25:00+00:00,2021-01-20 06:00:00+00:00,8,0.67,0.6505,0.7132,0.9792,0.4681,0.0724,0.0144,0.0573,-0.022,CATEGORY_B_DOWNWARD_EXPANSION
5692,5698,2021-01-20 18:20:00+00:00,2021-01-20 18:50:00+00:00,7,0.58,0.4705,0.6483,0.6249,0.468,-0.0143,0.0201,0.1124,-0.094,CATEGORY_B_DOWNWARD_EXPANSION
5764,5770,2021-01-21 00:20:00+00:00,2021-01-21 00:50:00+00:00,7,0.58,0.5711,0.6149,1.0617,0.4773,-0.0221,0.0073,0.1681,-0.1505,CATEGORY_B_DOWNWARD_EXPANSION
6220,6228,2021-01-22 14:20:00+00:00,2021-01-22 15:00:00+00:00,9,0.75,0.3915,0.5018,0.6599,0.4663,0.059,0.0411,0.0339,-0.0212,CATEGORY_C_FALSE_OR_CHOP
6300,6308,2021-01-22 21:00:00+00:00,2021-01-22 21:40:00+00:00,9,0.75,0.3935,0.4462,0.7748,0.4733,-0.0121,0.0031,0.063,-0.0367,CATEGORY_B_DOWNWARD_EXPANSION
6375,6383,2021-01-23 03:15:00+00:00,2021-01-23 03:55:00+00:00,9,0.75,0.448,0.6412,0.9171,0.5247,-0.0323,0.0337,0.0301,0.0036,CATEGORY_C_FALSE_OR_CHOP
6388,6397,2021-01-23 04:20:00+00:00,2021-01-23 05:05:00+00:00,10,0.83,0.6538,0.6899,0.6232,0.4869,-0.0016,0.0284,0.0351,0.0104,CATEGORY_C_FALSE_OR_CHOP
6523,6530,2021-01-23 15:35:00+00:00,2021-01-23 16:10:00+00:00,8,0.67,0.5458,0.6353,1.292,0.4842,-0.0526,0.0376,0.0076,-0.0028,CATEGORY_A_UPWARD_EXPANSION
6537,6546,2021-01-23 16:45:00+00:00,2021-01-23 17:30:00+00:00,10,0.83,0.5119,0.6586,0.8488,0.5125,-0.0402,0.0304,0.0186,-0.0039,CATEGORY_A_UPWARD_EXPANSION
6558,6563,2021-01-23 18:30:00+00:00,2021-01-23 18:55:00+00:00,6,0.5,0.5816,0.6768,0.7043,0.4881,-0.0495,0.0281,0.0208,-0.0104,CATEGORY_A_UPWARD_EXPANSION
6585,6591,2021-01-23 20:45:00+00:00,2021-01-23 21:15:00+00:00,7,0.58,0.6152,0.6599,1.1187,0.5136,-0.047,0.0261,0.0412,-0.0157,CATEGORY_B_DOWNWARD_EXPANSION
6637,6642,2021-01-24 01:05:00+00:00,2021-01-24 01:30:00+00:00,6,0.5,0.4392,0.4755,0.6724,0.5013,-0.0522,0.0366,0.0315,0.0197,CATEGORY_C_FALSE_OR_CHOP
6738,6746,2021-01-24 09:30:00+00:00,2021-01-24 10:10:00+00:00,9,0.75,0.527,0.5768,0.756,0.4717,0.0916,0.0362,0.0527,0.0089,CATEGORY_B_DOWNWARD_EXPANSION
6748,6754,2021-01-24 10:20:00+00:00,2021-01-24 10:50:00+00:00,7,0.58,0.3054,0.4073,0.9567,0.5506,0.0675,0.0356,0.0532,0.0147,CATEGORY_B_DOWNWARD_EXPANSION
6761,6766,2021-01-24 11:25:00+00:00,2021-01-24 11:50:00+00:00,6,0.5,0.7469,0.7559,0.783,0.531,0.1052,0.032,0.0565,0.0124,CATEGORY_B_DOWNWARD_EXPANSION
6846,6853,2021-01-24 18:30:00+00:00,2021-01-24 19:05:00+00:00,8,0.67,0.4271,0.5434,1.2838,0.5377,-0.0931,0.0988,0.0265,0.0623,CATEGORY_A_UPWARD_EXPANSION
6972,6982,2021-01-25 05:00:00+00:00,2021-01-25 05:50:00+00:00,11,0.92,0.5964,0.6853,1.0417,0.4747,0.0097,0.0491,0.0547,-0.0321,CATEGORY_C_FALSE_OR_CHOP
7410,7415,2021-01-26 17:30:00+00:00,2021-01-26 17:55:00+00:00,6,0.5,0.6756,0.7228,1.3467,0.5759,0.075,0.0229,0.0914,-0.0519,CATEGORY_B_DOWNWARD_EXPANSION
7856,7861,2021-01-28 06:40:00+00:00,2021-01-28 07:05:00+00:00,6,0.5,0.5662,0.6288,1.0005,0.55,-0.0504,0.0907,0.0205,0.0333,CATEGORY_A_UPWARD_EXPANSION
7988,7993,2021-01-28 17:40:00+00:00,2021-01-28 18:05:00+00:00,6,0.5,0.3642,0.4526,1.6042,0.4988,0.0335,0.1913,0.0132,0.1023,CATEGORY_A_UPWARD_EXPANSION
8452,8460,2021-01-30 08:20:00+00:00,2021-01-30 09:00:00+00:00,9,0.75,0.3539,0.4982,0.7484,0.4724,0.0404,0.0246,0.0192,-0.0078,CATEGORY_C_FALSE_OR_CHOP
8505,8512,2021-01-30 12:45:00+00:00,2021-01-30 13:20:00+00:00,8,0.67,0.3989,0.5087,0.9968,0.4818,-0.014,0.0293,0.0179,-0.0003,CATEGORY_A_UPWARD_EXPANSION
8569,8582,2021-01-30 18:05:00+00:00,2021-01-30 19:10:00+00:00,14,1.17,0.3059,0.3659,1.0952,0.533,-0.0097,0.0129,0.0636,-0.0458,CATEGORY_B_DOWNWARD_EXPANSION
8589,8594,2021-01-30 19:45:00+00:00,2021-01-30 20:10:00+00:00,6,0.5,0.6336,0.6584,0.9952,0.4884,-0.0743,0.0132,0.0633,-0.0511,CATEGORY_B_DOWNWARD_EXPANSION
8689,8694,2021-01-31 04:05:00+00:00,2021-01-31 04:30:00+00:00,6,0.5,0.5078,0.529,0.6707,0.4943,-0.022,0.0073,0.053,-0.0105,CATEGORY_B_DOWNWARD_EXPANSION
8727,8732,2021-01-31 07:15:00+00:00,2021-01-31 07:40:00+00:00,6,0.5,0.5016,0.556,0.8019,0.5222,0.0154,0.0211,0.0458,0.0007,CATEGORY_B_DOWNWARD_EXPANSION
8803,8809,2021-01-31 13:35:00+00:00,2021-01-31 14:05:00+00:00,7,0.58,0.483,0.5662,0.7605,0.4512,0.0643,0.0319,0.0437,0.0043,CATEGORY_B_DOWNWARD_EXPANSION
9024,9030,2021-02-01 08:00:00+00:00,2021-02-01 08:30:00+00:00,7,0.58,0.4444,0.6081,0.934,0.4929,0.018,0.0309,0.0162,0.016,CATEGORY_A_UPWARD_EXPANSION
9111,9116,2021-02-01 15:15:00+00:00,2021-02-01 15:40:00+00:00,6,0.5,0.5802,0.6154,1.076,0.449,-0.0671,0.0623,0.0132,0.0322,CATEGORY_A_UPWARD_EXPANSION
9193,9198,2021-02-01 22:05:00+00:00,2021-02-01 22:30:00+00:00,6,0.5,0.4809,0.5892,0.5264,0.4363,0.0657,0.0697,0.0066,0.0617,CATEGORY_A_UPWARD_EXPANSION
9251,9257,2021-02-02 02:55:00+00:00,2021-02-02 03:25:00+00:00,7,0.58,0.5368,0.6167,0.7463,0.4334,-0.0761,0.0804,0.0043,0.0747,CATEGORY_A_UPWARD_EXPANSION
9343,9352,2021-02-02 10:35:00+00:00,2021-02-02 11:20:00+00:00,10,0.83,0.4963,0.6436,1.2544,0.5342,-0.0283,0.0496,0.022,0.0261,CATEGORY_A_UPWARD_EXPANSION
9427,9437,2021-02-02 17:35:00+00:00,2021-02-02 18:25:00+00:00,11,0.92,0.4693,0.5266,0.8165,0.4491,0.0204,0.0679,0.0003,0.0633,CATEGORY_A_UPWARD_EXPANSION
9524,9533,2021-02-03 01:40:00+00:00,2021-02-03 02:25:00+00:00,10,0.83,0.3647,0.5533,0.8814,0.4962,-0.0391,0.0662,0.0111,0.0501,CATEGORY_A_UPWARD_EXPANSION
9565,9575,2021-02-03 05:05:00+00:00,2021-02-03 05:55:00+00:00,11,0.92,0.4403,0.5204,0.9561,0.5256,0.1024,0.0501,0.026,0.0307,CATEGORY_A_UPWARD_EXPANSION
9745,9751,2021-02-03 20:05:00+00:00,2021-02-03 20:35:00+00:00,7,0.58,0.5143,0.5863,0.7853,0.4665,0.0398,0.0506,0.0185,0.0178,CATEGORY_A_UPWARD_EXPANSION
10093,10098,2021-02-05 01:05:00+00:00,2021-02-05 01:30:00+00:00,6,0.5,0.6164,0.6617,0.9907,0.532,-0.081,0.0606,0.0156,0.0575,CATEGORY_A_UPWARD_EXPANSION
10132,10142,2021-02-05 04:20:00+00:00,2021-02-05 05:10:00+00:00,11,0.92,0.3836,0.5015,0.8163,0.5161,0.0123,0.0634,0.0082,0.0413,CATEGORY_A_UPWARD_EXPANSION
10193,10198,2021-02-05 09:25:00+00:00,2021-02-05 09:50:00+00:00,6,0.5,0.4421,0.5498,0.9084,0.4823,0.0091,0.0639,0.0078,0.0612,CATEGORY_A_UPWARD_EXPANSION
10218,10223,2021-02-05 11:30:00+00:00,2021-02-05 11:55:00+00:00,6,0.5,0.5966,0.6347,0.7164,0.4209,-0.0101,0.074,0.0122,0.0666,CATEGORY_A_UPWARD_EXPANSION
10286,10296,2021-02-05 17:10:00+00:00,2021-02-05 18:00:00+00:00,11,0.92,0.4075,0.6089,0.9391,0.4741,0.0433,0.0826,0.0159,0.06,CATEGORY_A_UPWARD_EXPANSION
10298,10303,2021-02-05 18:10:00+00:00,2021-02-05 18:35:00+00:00,6,0.5,0.4072,0.4715,0.947,0.5013,0.1318,0.0858,0.013,0.0707,CATEGORY_A_UPWARD_EXPANSION
10322,10332,2021-02-05 20:10:00+00:00,2021-02-05 21:00:00+00:00,11,0.92,0.407,0.456,1.1581,0.5008,0.0224,0.086,0.0016,0.0639,CATEGORY_A_UPWARD_EXPANSION
10336,10345,2021-02-05 21:20:00+00:00,2021-02-05 22:05:00+00:00,10,0.83,0.5629,0.5918,0.9546,0.4785,-0.0075,0.0829,0.0045,0.0628,CATEGORY_A_UPWARD_EXPANSION
10359,10365,2021-02-05 23:15:00+00:00,2021-02-05 23:45:00+00:00,7,0.58,0.6396,0.6832,1.0602,0.5122,-0.0062,0.0793,0.0002,0.0335,CATEGORY_A_UPWARD_EXPANSION
10535,10540,2021-02-06 13:55:00+00:00,2021-02-06 14:20:00+00:00,6,0.5,0.5755,0.5911,0.8781,0.5029,-0.0162,0.0142,0.0609,-0.0443,CATEGORY_B_DOWNWARD_EXPANSION
10626,10632,2021-02-06 21:30:00+00:00,2021-02-06 22:00:00+00:00,7,0.58,0.5358,0.5773,0.8374,0.4433,0.0353,0.0111,0.0668,-0.0388,CATEGORY_B_DOWNWARD_EXPANSION
10882,10888,2021-02-07 18:50:00+00:00,2021-02-07 19:20:00+00:00,7,0.58,0.6738,0.723,0.7729,0.456,0.0702,0.1755,0.0144,0.122,CATEGORY_A_UPWARD_EXPANSION
11006,11011,2021-02-08 05:10:00+00:00,2021-02-08 05:35:00+00:00,6,0.5,0.4007,0.4978,1.5395,0.4862,-0.0681,0.2277,0.0018,0.2012,CATEGORY_A_UPWARD_EXPANSION
11081,11087,2021-02-08 11:25:00+00:00,2021-02-08 11:55:00+00:00,7,0.58,0.3348,0.4046,1.0457,0.5427,0.0117,0.2212,0.0083,0.1765,CATEGORY_A_UPWARD_EXPANSION
11378,11383,2021-02-09 12:10:00+00:00,2021-02-09 12:35:00+00:00,6,0.5,0.5166,0.5425,1.2509,0.4109,0.0236,0.0299,0.033,-0.0292,CATEGORY_C_FALSE_OR_CHOP
11455,11461,2021-02-09 18:35:00+00:00,2021-02-09 19:05:00+00:00,7,0.58,0.4893,0.6428,0.6688,0.4899,0.0247,0.0082,0.0719,-0.0463,CATEGORY_B_DOWNWARD_EXPANSION
11524,11529,2021-02-10 00:20:00+00:00,2021-02-10 00:45:00+00:00,6,0.5,0.6032,0.6139,0.7126,0.5217,0.0305,0.0144,0.0624,-0.0563,CATEGORY_B_DOWNWARD_EXPANSION
11573,11580,2021-02-10 04:25:00+00:00,2021-02-10 05:00:00+00:00,8,0.67,0.6808,0.7045,0.8139,0.5102,0.0167,0.0311,0.047,-0.0237,CATEGORY_B_DOWNWARD_EXPANSION
11582,11587,2021-02-10 05:10:00+00:00,2021-02-10 05:35:00+00:00,6,0.5,0.7023,0.7197,1.1611,0.5312,-0.0405,0.0233,0.0542,-0.0362,CATEGORY_B_DOWNWARD_EXPANSION
11600,11605,2021-02-10 06:40:00+00:00,2021-02-10 07:05:00+00:00,6,0.5,0.3603,0.4602,1.0004,0.5382,0.0368,0.0151,0.0618,-0.0426,CATEGORY_B_DOWNWARD_EXPANSION
11740,11747,2021-02-10 18:20:00+00:00,2021-02-10 18:55:00+00:00,8,0.67,0.6922,0.7088,1.1054,0.5197,0.0955,0.0734,0.0243,0.0625,CATEGORY_A_UPWARD_EXPANSION
11779,11792,2021-02-10 21:35:00+00:00,2021-02-10 22:40:00+00:00,14,1.17,0.3145,0.4516,0.6925,0.5221,-0.0256,0.0768,0.0269,0.0611,CATEGORY_A_UPWARD_EXPANSION
11843,11852,2021-02-11 02:55:00+00:00,2021-02-11 03:40:00+00:00,10,0.83,0.0,0.1437,1.0,0.5,0.0,0.0988,0.0041,0.0603,CATEGORY_A_UPWARD_EXPANSION
11992,11997,2021-02-11 16:35:00+00:00,2021-02-11 17:00:00+00:00,6,0.5,0.6182,0.6583,0.6919,0.5098,0.0103,0.0285,0.0316,-0.0007,CATEGORY_C_FALSE_OR_CHOP
12062,12074,2021-02-11 22:25:00+00:00,2021-02-11 23:25:00+00:00,13,1.08,0.4643,0.5439,1.2672,0.4468,0.0539,0.0269,0.0331,-0.0033,CATEGORY_C_FALSE_OR_CHOP
12149,12155,2021-02-12 05:40:00+00:00,2021-02-12 06:10:00+00:00,7,0.58,0.581,0.6329,1.8418,0.449,-0.0797,0.0281,0.0152,0.0178,CATEGORY_A_UPWARD_EXPANSION
12270,12275,2021-02-12 15:45:00+00:00,2021-02-12 16:10:00+00:00,6,0.5,0.628,0.651,1.073,0.4845,0.1138,0.019,0.0223,-0.0016,CATEGORY_C_FALSE_OR_CHOP
12328,12333,2021-02-12 20:35:00+00:00,2021-02-12 21:00:00+00:00,6,0.5,0.467,0.503,0.6186,0.4828,0.0449,0.01,0.0309,-0.016,CATEGORY_B_DOWNWARD_EXPANSION
12383,12391,2021-02-13 01:10:00+00:00,2021-02-13 01:50:00+00:00,9,0.75,0.3684,0.4384,1.0489,0.5274,-0.026,0.0095,0.0313,-0.0064,CATEGORY_B_DOWNWARD_EXPANSION
12393,12399,2021-02-13 02:00:00+00:00,2021-02-13 02:30:00+00:00,7,0.58,0.2355,0.3069,1.1117,0.5005,0.0254,0.0104,0.0304,-0.0047,CATEGORY_B_DOWNWARD_EXPANSION
12448,12453,2021-02-13 06:35:00+00:00,2021-02-13 07:00:00+00:00,6,0.5,0.6149,0.6596,0.8582,0.5003,0.014,0.036,0.0312,0.0199,CATEGORY_C_FALSE_OR_CHOP
12594,12599,2021-02-13 18:45:00+00:00,2021-02-13 19:10:00+00:00,6,0.5,0.4328,0.4578,1.1063,0.4822,0.0079,0.0603,0.0049,0.0411,CATEGORY_A_UPWARD_EXPANSION
12612,12617,2021-02-13 20:15:00+00:00,2021-02-13 20:40:00+00:00,6,0.5,0.613,0.6441,0.7495,0.484,0.0764,0.0621,0.0021,0.0463,CATEGORY_A_UPWARD_EXPANSION
12861,12868,2021-02-14 17:00:00+00:00,2021-02-14 17:35:00+00:00,8,0.67,0.5644,0.6143,0.5315,0.5162,0.0369,0.0086,0.0677,-0.0051,CATEGORY_B_DOWNWARD_EXPANSION
13022,13027,2021-02-15 06:25:00+00:00,2021-02-15 06:50:00+00:00,6,0.5,0.3817,0.5119,0.8802,0.4697,0.0801,0.0642,0.0032,0.0421,CATEGORY_A_UPWARD_EXPANSION
13264,13271,2021-02-16 02:35:00+00:00,2021-02-16 03:10:00+00:00,8,0.67,0.5927,0.6436,0.673,0.5221,-0.0525,0.0436,0.0169,0.0193,CATEGORY_A_UPWARD_EXPANSION
13342,13347,2021-02-16 09:05:00+00:00,2021-02-16 09:30:00+00:00,6,0.5,0.5661,0.5739,1.4121,0.4537,-0.0203,0.0507,0.0254,0.0465,CATEGORY_A_UPWARD_EXPANSION
13354,13359,2021-02-16 10:05:00+00:00,2021-02-16 10:30:00+00:00,6,0.5,0.6436,0.7008,0.8624,0.509,-0.0305,0.0509,0.029,0.0458,CATEGORY_A_UPWARD_EXPANSION
13723,13733,2021-02-17 16:50:00+00:00,2021-02-17 17:40:00+00:00,11,0.92,0.5306,0.6367,0.6819,0.5055,-0.0577,0.0269,0.0066,0.0125,CATEGORY_A_UPWARD_EXPANSION
13787,13792,2021-02-17 22:10:00+00:00,2021-02-17 22:35:00+00:00,6,0.5,0.4617,0.5909,0.9965,0.4888,0.0355,0.0058,0.0254,-0.01,CATEGORY_B_DOWNWARD_EXPANSION
13931,13938,2021-02-18 10:10:00+00:00,2021-02-18 10:45:00+00:00,8,0.67,0.6198,0.6715,1.3182,0.4589,-0.0371,0.0273,0.0168,0.025,CATEGORY_A_UPWARD_EXPANSION
14024,14030,2021-02-18 17:55:00+00:00,2021-02-18 18:25:00+00:00,7,0.58,0.6865,0.7294,1.5273,0.5545,0.1037,0.0514,0.028,0.0498,CATEGORY_A_UPWARD_EXPANSION
14182,14188,2021-02-19 07:05:00+00:00,2021-02-19 07:35:00+00:00,7,0.58,0.6584,0.7082,0.8359,0.5162,-0.0379,0.0947,0.0012,0.073,CATEGORY_A_UPWARD_EXPANSION
14460,14467,2021-02-20 06:15:00+00:00,2021-02-20 06:50:00+00:00,8,0.67,0.3233,0.4539,0.8348,0.4935,0.0549,0.0337,0.035,0.0101,CATEGORY_C_FALSE_OR_CHOP
14618,14624,2021-02-20 19:25:00+00:00,2021-02-20 19:55:00+00:00,7,0.58,0.4904,0.5412,1.1644,0.5158,-0.019,0.0242,0.0546,0.0193,CATEGORY_B_DOWNWARD_EXPANSION
14687,14695,2021-02-21 01:10:00+00:00,2021-02-21 01:50:00+00:00,9,0.75,0.5791,0.6426,1.0341,0.478,-0.0228,0.0402,0.005,0.014,CATEGORY_A_UPWARD_EXPANSION
14743,14752,2021-02-21 05:50:00+00:00,2021-02-21 06:35:00+00:00,10,0.83,0.4086,0.5192,1.0248,0.49,-0.0209,0.0343,0.0233,-0.0062,CATEGORY_A_UPWARD_EXPANSION
14812,14817,2021-02-21 11:35:00+00:00,2021-02-21 12:00:00+00:00,6,0.5,0.5296,0.5742,1.3029,0.6591,0.0875,0.0203,0.0644,-0.0539,CATEGORY_B_DOWNWARD_EXPANSION
14878,14884,2021-02-21 17:05:00+00:00,2021-02-21 17:35:00+00:00,7,0.58,0.6013,0.6631,0.7108,0.4864,0.0067,0.015,0.1717,-0.0849,CATEGORY_B_DOWNWARD_EXPANSION
14954,14960,2021-02-21 23:25:00+00:00,2021-02-21 23:55:00+00:00,7,0.58,0.4577,0.5478,1.0554,0.4299,-0.0526,0.0017,0.1705,-0.0578,CATEGORY_B_DOWNWARD_EXPANSION
15513,15521,2021-02-23 22:00:00+00:00,2021-02-23 22:40:00+00:00,9,0.75,0.535,0.6176,0.9135,0.5472,-0.1,0.0673,0.0238,0.0087,CATEGORY_A_UPWARD_EXPANSION
15523,15535,2021-02-23 22:50:00+00:00,2021-02-23 23:50:00+00:00,13,1.08,0.3627,0.4697,0.5715,0.4955,0.0455,0.0586,0.0317,0.0208,CATEGORY_A_UPWARD_EXPANSION
15565,15572,2021-02-24 02:20:00+00:00,2021-02-24 02:55:00+00:00,8,0.67,0.5051,0.5703,0.8578,0.4941,-0.0284,0.0242,0.0425,0.0098,CATEGORY_B_DOWNWARD_EXPANSION
15574,15581,2021-02-24 03:05:00+00:00,2021-02-24 03:40:00+00:00,8,0.67,0.3496,0.4101,0.8817,0.5256,0.0718,0.0192,0.0472,-0.0014,CATEGORY_B_DOWNWARD_EXPANSION
15642,15647,2021-02-24 08:45:00+00:00,2021-02-24 09:10:00+00:00,6,0.5,0.3761,0.3951,1.3135,0.5595,0.0766,0.0164,0.0498,-0.0256,CATEGORY_B_DOWNWARD_EXPANSION
15734,15739,2021-02-24 16:25:00+00:00,2021-02-24 16:50:00+00:00,6,0.5,0.5077,0.5582,0.7851,0.5178,-0.0289,0.0515,0.0296,0.0249,CATEGORY_A_UPWARD_EXPANSION
15743,15751,2021-02-24 17:10:00+00:00,2021-02-24 17:50:00+00:00,9,0.75,0.6221,0.6364,0.7945,0.4622,0.0912,0.045,0.0356,-0.006,CATEGORY_C_FALSE_OR_CHOP
15760,15765,2021-02-24 18:35:00+00:00,2021-02-24 19:00:00+00:00,6,0.5,0.4977,0.5546,0.9712,0.391,-0.034,0.0497,0.0312,0.0027,CATEGORY_A_UPWARD_EXPANSION
15821,15827,2021-02-24 23:40:00+00:00,2021-02-25 00:10:00+00:00,7,0.58,0.6763,0.7135,1.1702,0.4919,-0.0089,0.0502,0.0612,-0.0416,CATEGORY_C_FALSE_OR_CHOP
15839,15846,2021-02-25 01:10:00+00:00,2021-02-25 01:45:00+00:00,8,0.67,0.5876,0.7463,0.6312,0.5421,-0.0516,0.029,0.0904,-0.0774,CATEGORY_B_DOWNWARD_EXPANSION
15850,15857,2021-02-25 02:05:00+00:00,2021-02-25 02:40:00+00:00,8,0.67,0.5847,0.6306,0.7834,0.5178,0.0143,0.0246,0.0943,-0.0597,CATEGORY_B_DOWNWARD_EXPANSION
15912,15920,2021-02-25 07:15:00+00:00,2021-02-25 07:55:00+00:00,9,0.75,0.5244,0.555,0.6625,0.5143,-0.0155,0.0327,0.1248,-0.1076,CATEGORY_B_DOWNWARD_EXPANSION
16318,16323,2021-02-26 17:05:00+00:00,2021-02-26 17:30:00+00:00,6,0.5,0.6818,0.7417,0.7592,0.4612,0.0277,0.0108,0.0601,-0.018,CATEGORY_B_DOWNWARD_EXPANSION
16341,16346,2021-02-26 19:00:00+00:00,2021-02-26 19:25:00+00:00,6,0.5,0.5778,0.6743,0.7739,0.5689,0.0188,0.0251,0.0468,-0.0006,CATEGORY_B_DOWNWARD_EXPANSION
16395,16400,2021-02-26 23:30:00+00:00,2021-02-26 23:55:00+00:00,6,0.5,0.6704,0.7574,0.9564,0.3938,-0.0681,0.0457,0.0276,-0.0037,CATEGORY_A_UPWARD_EXPANSION
16408,16413,2021-02-27 00:35:00+00:00,2021-02-27 01:00:00+00:00,6,0.5,0.7331,0.7673,0.8115,0.453,0.0553,0.0196,0.0519,-0.0232,CATEGORY_B_DOWNWARD_EXPANSION
16462,16467,2021-02-27 05:05:00+00:00,2021-02-27 05:30:00+00:00,6,0.5,0.5576,0.6094,0.8915,0.488,-0.0276,0.0177,0.0705,-0.0522,CATEGORY_B_DOWNWARD_EXPANSION
16469,16480,2021-02-27 05:40:00+00:00,2021-02-27 06:35:00+00:00,12,1.0,0.3631,0.4509,0.7279,0.5365,-0.0062,0.0098,0.0873,-0.0689,CATEGORY_B_DOWNWARD_EXPANSION
16528,16535,2021-02-27 10:35:00+00:00,2021-02-27 11:10:00+00:00,8,0.67,0.4956,0.6968,1.1243,0.4779,-0.0399,0.0214,0.0654,-0.031,CATEGORY_B_DOWNWARD_EXPANSION
16576,16585,2021-02-27 14:35:00+00:00,2021-02-27 15:20:00+00:00,10,0.83,0.5116,0.553,0.7938,0.4887,0.0427,0.0081,0.0767,-0.0715,CATEGORY_B_DOWNWARD_EXPANSION
16602,16607,2021-02-27 16:45:00+00:00,2021-02-27 17:10:00+00:00,6,0.5,0.4521,0.5363,1.0547,0.4899,-0.0751,0.0145,0.0827,-0.0698,CATEGORY_B_DOWNWARD_EXPANSION
16609,16614,2021-02-27 17:20:00+00:00,2021-02-27 17:45:00+00:00,6,0.5,0.4825,0.5423,0.7478,0.4695,0.0259,0.0133,0.0838,-0.0754,CATEGORY_B_DOWNWARD_EXPANSION
16616,16622,2021-02-27 17:55:00+00:00,2021-02-27 18:25:00+00:00,7,0.58,0.452,0.5351,0.637,0.4717,0.1069,0.0109,0.0859,-0.0736,CATEGORY_B_DOWNWARD_EXPANSION
16952,16958,2021-02-28 21:55:00+00:00,2021-02-28 22:25:00+00:00,7,0.58,0.5,0.5568,0.7192,0.5497,-0.1317,0.0935,0.0107,0.0824,CATEGORY_A_UPWARD_EXPANSION
16996,17004,2021-03-01 01:35:00+00:00,2021-03-01 02:15:00+00:00,9,0.75,0.4055,0.4513,1.4673,0.4872,0.0689,0.0841,0.0143,0.0684,CATEGORY_A_UPWARD_EXPANSION
17006,17013,2021-03-01 02:25:00+00:00,2021-03-01 03:00:00+00:00,8,0.67,0.6443,0.6635,0.5861,0.4387,0.008,0.0812,0.017,0.0587,CATEGORY_A_UPWARD_EXPANSION
17015,17023,2021-03-01 03:10:00+00:00,2021-03-01 03:50:00+00:00,9,0.75,0.3432,0.4504,0.7936,0.499,-0.1024,0.0818,0.0164,0.0566,CATEGORY_A_UPWARD_EXPANSION
17036,17041,2021-03-01 04:55:00+00:00,2021-03-01 05:20:00+00:00,6,0.5,0.4984,0.5843,0.9457,0.4551,0.0728,0.0848,0.0137,0.0607,CATEGORY_A_UPWARD_EXPANSION
17239,17246,2021-03-01 21:50:00+00:00,2021-03-01 22:25:00+00:00,8,0.67,0.5529,0.6259,0.6946,0.5165,-0.004,0.0252,0.0392,-0.0274,CATEGORY_B_DOWNWARD_EXPANSION
17422,17428,2021-03-02 13:05:00+00:00,2021-03-02 13:35:00+00:00,7,0.58,0.508,0.5628,1.4789,0.4822,0.0132,0.0767,0.0376,0.0561,CATEGORY_A_UPWARD_EXPANSION
17571,17579,2021-03-03 01:30:00+00:00,2021-03-03 02:10:00+00:00,9,0.75,0.6082,0.7274,2.343,0.4524,0.0518,0.0789,0.006,0.0559,CATEGORY_A_UPWARD_EXPANSION
18113,18119,2021-03-04 22:40:00+00:00,2021-03-04 23:10:00+00:00,7,0.58,0.3822,0.572,1.7719,0.5454,0.0632,0.0277,0.0377,0.0149,CATEGORY_B_DOWNWARD_EXPANSION
18122,18127,2021-03-04 23:25:00+00:00,2021-03-04 23:50:00+00:00,6,0.5,0.6247,0.6417,0.4516,0.4675,0.0176,0.019,0.0459,0.0074,CATEGORY_B_DOWNWARD_EXPANSION
18173,18180,2021-03-05 03:40:00+00:00,2021-03-05 04:15:00+00:00,8,0.67,0.6773,0.7328,1.0272,0.4371,-0.0509,0.0519,0.0125,0.0352,CATEGORY_A_UPWARD_EXPANSION
18182,18187,2021-03-05 04:25:00+00:00,2021-03-05 04:50:00+00:00,6,0.5,0.5198,0.5422,0.9583,0.491,-0.0216,0.0507,0.0137,0.0374,CATEGORY_A_UPWARD_EXPANSION
18210,18219,2021-03-05 06:45:00+00:00,2021-03-05 07:30:00+00:00,10,0.83,0.4796,0.5466,0.7205,0.5049,-0.0687,0.0464,0.0177,0.0294,CATEGORY_A_UPWARD_EXPANSION
18246,18255,2021-03-05 09:45:00+00:00,2021-03-05 10:30:00+00:00,10,0.83,0.4719,0.5483,0.7502,0.4806,-0.0225,0.0508,0.006,0.0164,CATEGORY_A_UPWARD_EXPANSION
18387,18392,2021-03-05 21:30:00+00:00,2021-03-05 21:55:00+00:00,6,0.5,0.6604,0.674,0.9206,0.4383,-0.0993,0.0072,0.0401,-0.0008,CATEGORY_B_DOWNWARD_EXPANSION
18420,18425,2021-03-06 00:15:00+00:00,2021-03-06 00:40:00+00:00,6,0.5,0.625,0.6696,0.7156,0.4122,0.0079,0.0111,0.0383,0.0054,CATEGORY_B_DOWNWARD_EXPANSION
18431,18437,2021-03-06 01:10:00+00:00,2021-03-06 01:40:00+00:00,7,0.58,0.5997,0.6624,1.0257,0.5005,0.003,0.0259,0.0323,0.0201,CATEGORY_C_FALSE_OR_CHOP
18488,18494,2021-03-06 07:25:00+00:00,2021-03-06 07:55:00+00:00,7,0.58,0.4899,0.5061,0.6915,0.4479,-0.0352,0.0278,0.0358,0.0252,CATEGORY_C_FALSE_OR_CHOP
18760,18766,2021-03-07 06:05:00+00:00,2021-03-07 06:35:00+00:00,7,0.58,0.5246,0.5982,0.8273,0.5219,0.0523,0.0517,0.0,0.0203,CATEGORY_A_UPWARD_EXPANSION
18895,18900,2021-03-07 17:20:00+00:00,2021-03-07 17:45:00+00:00,6,0.5,0.4889,0.6651,0.918,0.4655,0.0525,0.0191,0.0315,-0.0015,CATEGORY_B_DOWNWARD_EXPANSION
19187,19193,2021-03-08 17:40:00+00:00,2021-03-08 18:10:00+00:00,7,0.58,0.4538,0.5707,0.8412,0.5218,-0.0398,0.0782,0.0021,0.0602,CATEGORY_A_UPWARD_EXPANSION
19195,19204,2021-03-08 18:20:00+00:00,2021-03-08 19:05:00+00:00,10,0.83,0.5791,0.598,1.3075,0.5211,0.1052,0.0772,0.0011,0.0573,CATEGORY_A_UPWARD_EXPANSION
19396,19401,2021-03-09 11:05:00+00:00,2021-03-09 11:30:00+00:00,6,0.5,0.5516,0.5919,1.048,0.5042,-0.0305,0.0341,0.018,0.0163,CATEGORY_A_UPWARD_EXPANSION
19984,19989,2021-03-11 12:05:00+00:00,2021-03-11 12:30:00+00:00,6,0.5,0.7471,0.7769,0.9364,0.5378,-0.0319,0.0384,0.0053,0.005,CATEGORY_A_UPWARD_EXPANSION
20071,20077,2021-03-11 19:20:00+00:00,2021-03-11 19:50:00+00:00,7,0.58,0.4314,0.5854,0.8526,0.5132,-0.017,0.0161,0.0396,-0.0043,CATEGORY_B_DOWNWARD_EXPANSION
20101,20106,2021-03-11 21:50:00+00:00,2021-03-11 22:15:00+00:00,6,0.5,0.5202,0.6208,0.5932,0.5155,-0.0044,0.0045,0.0506,-0.0128,CATEGORY_B_DOWNWARD_EXPANSION
20154,20159,2021-03-12 02:15:00+00:00,2021-03-12 02:40:00+00:00,6,0.5,0.6535,0.7151,0.9132,0.4774,0.0551,0.015,0.0343,-0.0067,CATEGORY_B_DOWNWARD_EXPANSION
20161,20169,2021-03-12 02:50:00+00:00,2021-03-12 03:30:00+00:00,9,0.75,0.5753,0.6519,1.1047,0.4836,-0.0147,0.0107,0.0383,-0.0069,CATEGORY_B_DOWNWARD_EXPANSION
20454,20462,2021-03-13 03:15:00+00:00,2021-03-13 03:55:00+00:00,9,0.75,0.7205,0.7584,0.4905,0.5088,-0.012,0.0908,0.0077,0.0822,CATEGORY_A_UPWARD_EXPANSION
20478,20484,2021-03-13 05:15:00+00:00,2021-03-13 05:45:00+00:00,7,0.58,0.6149,0.6523,0.8775,0.4599,-0.0048,0.0885,0.0057,0.0731,CATEGORY_A_UPWARD_EXPANSION
20583,20601,2021-03-13 14:00:00+00:00,2021-03-13 15:30:00+00:00,19,1.58,0.436,0.5136,1.0012,0.4841,-0.0612,0.0348,0.0069,0.0036,CATEGORY_A_UPWARD_EXPANSION
20704,20709,2021-03-14 00:05:00+00:00,2021-03-14 00:30:00+00:00,6,0.5,0.564,0.6303,1.4786,0.4822,-0.0293,0.0003,0.0467,-0.0281,CATEGORY_B_DOWNWARD_EXPANSION
20729,20738,2021-03-14 02:10:00+00:00,2021-03-14 02:55:00+00:00,10,0.83,0.4902,0.5503,0.6829,0.5157,-0.0767,0.0087,0.0386,-0.0162,CATEGORY_B_DOWNWARD_EXPANSION
20745,20750,2021-03-14 03:30:00+00:00,2021-03-14 03:55:00+00:00,6,0.5,0.3396,0.345,0.5091,0.4944,-0.025,0.0039,0.0432,-0.0159,CATEGORY_B_DOWNWARD_EXPANSION
20757,20763,2021-03-14 04:30:00+00:00,2021-03-14 05:00:00+00:00,7,0.58,0.4371,0.4793,0.9916,0.4854,-0.0646,0.0,0.0419,-0.0272,CATEGORY_B_DOWNWARD_EXPANSION
21224,21233,2021-03-15 19:25:00+00:00,2021-03-15 20:10:00+00:00,10,0.83,0.3979,0.4512,1.1021,0.5026,0.0055,0.0041,0.0606,-0.0111,CATEGORY_B_DOWNWARD_EXPANSION
21333,21338,2021-03-16 04:30:00+00:00,2021-03-16 04:55:00+00:00,6,0.5,0.4317,0.4846,0.6782,0.4617,-0.0535,0.0509,0.0149,0.0211,CATEGORY_A_UPWARD_EXPANSION
21463,21470,2021-03-16 15:20:00+00:00,2021-03-16 15:55:00+00:00,8,0.67,0.5955,0.6436,1.1753,0.4692,-0.0258,0.0241,0.0308,-0.0164,CATEGORY_C_FALSE_OR_CHOP
21512,21518,2021-03-16 19:25:00+00:00,2021-03-16 19:55:00+00:00,7,0.58,0.5122,0.5994,1.1316,0.5408,0.0565,0.0443,0.0288,0.0383,CATEGORY_A_UPWARD_EXPANSION
21536,21542,2021-03-16 21:25:00+00:00,2021-03-16 21:55:00+00:00,7,0.58,0.4355,0.4806,1.1117,0.4796,-0.0718,0.0404,0.0412,0.035,CATEGORY_C_FALSE_OR_CHOP
21585,21591,2021-03-17 01:30:00+00:00,2021-03-17 02:00:00+00:00,7,0.58,0.7794,0.796,0.8643,0.4754,-0.076,0.0608,0.036,0.0544,CATEGORY_A_UPWARD_EXPANSION
21772,21782,2021-03-17 17:05:00+00:00,2021-03-17 17:55:00+00:00,11,0.92,0.3664,0.6014,1.6662,0.4969,-0.0572,0.0826,0.0,0.0668,CATEGORY_A_UPWARD_EXPANSION
21889,21895,2021-03-18 02:50:00+00:00,2021-03-18 03:20:00+00:00,7,0.58,0.4537,0.612,1.352,0.4586,-0.0629,0.022,0.0436,-0.0233,CATEGORY_B_DOWNWARD_EXPANSION
21897,21903,2021-03-18 03:30:00+00:00,2021-03-18 04:00:00+00:00,7,0.58,0.5517,0.5903,0.6952,0.5065,-0.0076,0.0243,0.0414,-0.0139,CATEGORY_B_DOWNWARD_EXPANSION
21908,21914,2021-03-18 04:25:00+00:00,2021-03-18 04:55:00+00:00,7,0.58,0.7067,0.7691,1.2207,0.4824,-0.0242,0.0226,0.043,-0.0159,CATEGORY_B_DOWNWARD_EXPANSION
21970,21975,2021-03-18 09:35:00+00:00,2021-03-18 10:00:00+00:00,6,0.5,0.6147,0.692,1.2251,0.4587,-0.0548,0.0301,0.036,-0.0029,CATEGORY_C_FALSE_OR_CHOP
22158,22172,2021-03-19 01:15:00+00:00,2021-03-19 02:25:00+00:00,15,1.25,0.4555,0.5558,1.028,0.4905,-0.0409,0.0348,0.0035,0.022,CATEGORY_A_UPWARD_EXPANSION
22264,22273,2021-03-19 10:05:00+00:00,2021-03-19 10:50:00+00:00,10,0.83,0.4613,0.5937,0.9583,0.4663,-0.0284,0.0182,0.01,0.0071,CATEGORY_C_FALSE_OR_CHOP
22350,22356,2021-03-19 17:15:00+00:00,2021-03-19 17:45:00+00:00,7,0.58,0.4618,0.637,0.9441,0.4842,0.0517,0.0186,0.0165,0.0067,CATEGORY_C_FALSE_OR_CHOP
22373,22379,2021-03-19 19:10:00+00:00,2021-03-19 19:40:00+00:00,7,0.58,0.3878,0.5838,1.0316,0.4768,0.0353,0.0173,0.0177,0.0085,CATEGORY_C_FALSE_OR_CHOP
22403,22408,2021-03-19 21:40:00+00:00,2021-03-19 22:05:00+00:00,6,0.5,0.4525,0.4849,0.8504,0.4512,-0.0403,0.0232,0.012,0.0039,CATEGORY_A_UPWARD_EXPANSION
22410,22417,2021-03-19 22:15:00+00:00,2021-03-19 22:50:00+00:00,8,0.67,0.6348,0.6654,1.2196,0.4774,0.0222,0.0252,0.0101,0.0027,CATEGORY_A_UPWARD_EXPANSION
22441,22448,2021-03-20 00:50:00+00:00,2021-03-20 01:25:00+00:00,8,0.67,0.6417,0.692,0.6351,0.4981,-0.0761,0.0224,0.013,-0.0027,CATEGORY_A_UPWARD_EXPANSION
22462,22467,2021-03-20 02:35:00+00:00,2021-03-20 03:00:00+00:00,6,0.5,0.4871,0.5182,1.0455,0.4825,-0.0128,0.0243,0.0187,-0.0134,CATEGORY_C_FALSE_OR_CHOP
22492,22498,2021-03-20 05:05:00+00:00,2021-03-20 05:35:00+00:00,7,0.58,0.4227,0.48,0.8889,0.4982,-0.0927,0.0276,0.0267,-0.0215,CATEGORY_C_FALSE_OR_CHOP
22511,22517,2021-03-20 06:40:00+00:00,2021-03-20 07:10:00+00:00,7,0.58,0.5975,0.6411,1.7066,0.4723,-0.037,0.0264,0.0287,-0.0176,CATEGORY_C_FALSE_OR_CHOP
22654,22661,2021-03-20 18:35:00+00:00,2021-03-20 19:10:00+00:00,8,0.67,0.5842,0.6308,0.9404,0.4707,0.054,0.002,0.0651,-0.0287,CATEGORY_B_DOWNWARD_EXPANSION
22828,22833,2021-03-21 09:05:00+00:00,2021-03-21 09:30:00+00:00,6,0.5,0.623,0.6491,1.5431,0.4472,-0.0751,0.0194,0.0273,0.0058,CATEGORY_B_DOWNWARD_EXPANSION
22892,22900,2021-03-21 14:25:00+00:00,2021-03-21 15:05:00+00:00,9,0.75,0.574,0.6224,0.9544,0.4874,0.0145,0.0212,0.0162,-0.0038,CATEGORY_A_UPWARD_EXPANSION
22927,22934,2021-03-21 17:20:00+00:00,2021-03-21 17:55:00+00:00,8,0.67,0.5603,0.6062,0.7274,0.488,0.0239,0.0206,0.0185,-0.0029,CATEGORY_C_FALSE_OR_CHOP
22937,22946,2021-03-21 18:10:00+00:00,2021-03-21 18:55:00+00:00,10,0.83,0.5033,0.5519,1.1701,0.4806,0.0749,0.0186,0.0205,-0.0152,CATEGORY_C_FALSE_OR_CHOP
23452,23459,2021-03-23 13:05:00+00:00,2021-03-23 13:40:00+00:00,8,0.67,0.4201,0.4758,0.9769,0.47,0.0601,0.034,0.0327,0.0269,CATEGORY_C_FALSE_OR_CHOP
23509,23514,2021-03-23 17:50:00+00:00,2021-03-23 18:15:00+00:00,6,0.5,0.4952,0.5189,0.8418,0.4872,-0.0208,0.0296,0.0368,0.0089,CATEGORY_C_FALSE_OR_CHOP
23516,23522,2021-03-23 18:25:00+00:00,2021-03-23 18:55:00+00:00,7,0.58,0.5115,0.5247,0.9592,0.4542,-0.1019,0.0331,0.0335,0.0003,CATEGORY_C_FALSE_OR_CHOP
23935,23943,2021-03-25 05:20:00+00:00,2021-03-25 06:00:00+00:00,9,0.75,0.5055,0.5831,0.6199,0.4479,0.047,0.0085,0.0457,-0.0031,CATEGORY_B_DOWNWARD_EXPANSION
24173,24185,2021-03-26 01:10:00+00:00,2021-03-26 02:10:00+00:00,13,1.08,0.4906,0.6455,1.0013,0.5348,-0.0306,0.0663,0.0106,0.0523,CATEGORY_A_UPWARD_EXPANSION
24227,24236,2021-03-26 05:40:00+00:00,2021-03-26 06:25:00+00:00,10,0.83,0.4918,0.5423,0.8298,0.4458,0.0453,0.0558,0.0042,0.0482,CATEGORY_A_UPWARD_EXPANSION
24276,24284,2021-03-26 09:45:00+00:00,2021-03-26 10:25:00+00:00,9,0.75,0.5305,0.5879,1.1124,0.5131,0.0878,0.0378,0.0191,0.0263,CATEGORY_A_UPWARD_EXPANSION
24332,24343,2021-03-26 14:25:00+00:00,2021-03-26 15:20:00+00:00,12,1.0,0.452,0.5179,1.2569,0.5129,-0.0498,0.0407,0.0092,0.0278,CATEGORY_A_UPWARD_EXPANSION
24345,24350,2021-03-26 15:30:00+00:00,2021-03-26 15:55:00+00:00,6,0.5,0.44,0.4715,0.7193,0.4593,-0.0232,0.0421,0.0079,0.031,CATEGORY_A_UPWARD_EXPANSION
24367,24377,2021-03-26 17:20:00+00:00,2021-03-26 18:10:00+00:00,11,0.92,0.4674,0.6338,1.5409,0.4743,-0.0331,0.0487,0.0036,0.041,CATEGORY_A_UPWARD_EXPANSION
24394,24399,2021-03-26 19:35:00+00:00,2021-03-26 20:00:00+00:00,6,0.5,0.2957,0.4423,1.9607,0.5391,-0.0837,0.0444,0.001,0.035,CATEGORY_A_UPWARD_EXPANSION
24429,24434,2021-03-26 22:30:00+00:00,2021-03-26 22:55:00+00:00,6,0.5,0.6091,0.6578,0.8286,0.4752,0.0478,0.0426,0.008,0.0366,CATEGORY_A_UPWARD_EXPANSION
24488,24494,2021-03-27 03:25:00+00:00,2021-03-27 03:55:00+00:00,7,0.58,0.7165,0.7493,0.9019,0.4883,0.0194,0.0354,0.0148,0.0236,CATEGORY_A_UPWARD_EXPANSION
24530,24535,2021-03-27 06:55:00+00:00,2021-03-27 07:20:00+00:00,6,0.5,0.2292,0.4474,0.6971,0.4406,0.0506,0.0312,0.0188,0.0175,CATEGORY_A_UPWARD_EXPANSION
24688,24693,2021-03-27 20:05:00+00:00,2021-03-27 20:30:00+00:00,6,0.5,0.3605,0.5353,0.9864,0.4729,-0.0369,0.0163,0.0197,-0.0131,CATEGORY_C_FALSE_OR_CHOP
24695,24704,2021-03-27 20:40:00+00:00,2021-03-27 21:25:00+00:00,10,0.83,0.3157,0.3421,0.8023,0.4737,0.002,0.0165,0.0195,-0.0137,CATEGORY_C_FALSE_OR_CHOP
24764,24769,2021-03-28 02:25:00+00:00,2021-03-28 02:50:00+00:00,6,0.5,0.4651,0.5301,0.5996,0.5023,0.0694,0.0114,0.022,-0.0106,CATEGORY_B_DOWNWARD_EXPANSION
24820,24825,2021-03-28 07:05:00+00:00,2021-03-28 07:30:00+00:00,6,0.5,0.5289,0.5555,1.0312,0.5364,-0.0346,0.009,0.0244,-0.0017,CATEGORY_B_DOWNWARD_EXPANSION
25059,25071,2021-03-29 03:00:00+00:00,2021-03-29 04:00:00+00:00,13,1.08,0.5139,0.577,0.7332,0.5168,0.06,0.053,0.012,0.0298,CATEGORY_A_UPWARD_EXPANSION
25245,25253,2021-03-29 18:30:00+00:00,2021-03-29 19:10:00+00:00,9,0.75,0.446,0.5245,0.8106,0.4993,0.0407,0.0291,0.0107,0.0183,CATEGORY_A_UPWARD_EXPANSION
25567,25572,2021-03-30 21:20:00+00:00,2021-03-30 21:45:00+00:00,6,0.5,0.5035,0.5873,1.1068,0.5159,0.0411,0.0193,0.0324,0.0044,CATEGORY_B_DOWNWARD_EXPANSION
25628,25634,2021-03-31 02:25:00+00:00,2021-03-31 02:55:00+00:00,7,0.58,0.5387,0.5771,1.0357,0.4802,0.0481,0.0197,0.032,0.0075,CATEGORY_B_DOWNWARD_EXPANSION
25658,25668,2021-03-31 04:55:00+00:00,2021-03-31 05:45:00+00:00,11,0.92,0.3519,0.5794,1.0809,0.4879,-0.0063,0.0205,0.0312,0.0038,CATEGORY_B_DOWNWARD_EXPANSION
25879,25886,2021-03-31 23:20:00+00:00,2021-03-31 23:55:00+00:00,8,0.67,0.3336,0.4266,1.0012,0.4756,-0.0412,0.0128,0.0137,-0.0003,CATEGORY_C_FALSE_OR_CHOP
25927,25933,2021-04-01 03:20:00+00:00,2021-04-01 03:50:00+00:00,7,0.58,0.2712,0.286,1.6053,0.5257,0.0258,0.0201,0.0182,0.0126,CATEGORY_C_FALSE_OR_CHOP
25939,25944,2021-04-01 04:20:00+00:00,2021-04-01 04:45:00+00:00,6,0.5,0.4768,0.4859,0.8548,0.456,0.033,0.0205,0.0179,0.009,CATEGORY_C_FALSE_OR_CHOP
25964,25969,2021-04-01 06:25:00+00:00,2021-04-01 06:50:00+00:00,6,0.5,0.3938,0.4076,0.9413,0.4891,-0.0087,0.0224,0.0161,0.0116,CATEGORY_A_UPWARD_EXPANSION
26008,26013,2021-04-01 10:05:00+00:00,2021-04-01 10:30:00+00:00,6,0.5,0.5338,0.5617,1.1216,0.5041,0.0479,0.0265,0.0121,0.0164,CATEGORY_A_UPWARD_EXPANSION
26057,26063,2021-04-01 14:10:00+00:00,2021-04-01 14:40:00+00:00,7,0.58,0.6034,0.6276,1.0939,0.5457,-0.0074,0.0208,0.0176,0.0051,CATEGORY_C_FALSE_OR_CHOP
26124,26130,2021-04-01 19:45:00+00:00,2021-04-01 20:15:00+00:00,7,0.58,0.4642,0.5769,1.0925,0.4507,0.0406,0.0221,0.0076,-0.0004,CATEGORY_A_UPWARD_EXPANSION
26165,26171,2021-04-01 23:10:00+00:00,2021-04-01 23:40:00+00:00,7,0.58,0.5251,0.6011,0.924,0.483,-0.0181,0.0221,0.0079,0.002,CATEGORY_A_UPWARD_EXPANSION
26231,26246,2021-04-02 04:40:00+00:00,2021-04-02 05:55:00+00:00,16,1.33,0.4103,0.5782,0.6895,0.4875,0.062,0.0031,0.0189,-0.0015,CATEGORY_C_FALSE_OR_CHOP
26248,26253,2021-04-02 06:05:00+00:00,2021-04-02 06:30:00+00:00,6,0.5,0.3247,0.3498,1.0589,0.5116,-0.0804,0.0052,0.0169,-0.0026,CATEGORY_C_FALSE_OR_CHOP
26290,26295,2021-04-02 09:35:00+00:00,2021-04-02 10:00:00+00:00,6,0.5,0.5186,0.5316,0.724,0.4922,-0.0937,0.0035,0.0194,-0.0024,CATEGORY_C_FALSE_OR_CHOP
26446,26453,2021-04-02 22:35:00+00:00,2021-04-02 23:10:00+00:00,8,0.67,0.5702,0.6293,1.2319,0.462,-0.1149,0.0174,0.0286,-0.0195,CATEGORY_B_DOWNWARD_EXPANSION
26510,26517,2021-04-03 03:55:00+00:00,2021-04-03 04:30:00+00:00,8,0.67,0.4696,0.5199,1.0645,0.5029,-0.0241,0.0087,0.0487,-0.0315,CATEGORY_B_DOWNWARD_EXPANSION
26621,26632,2021-04-03 13:10:00+00:00,2021-04-03 14:05:00+00:00,12,1.0,0.4992,0.6308,0.9948,0.5302,-0.0091,0.0002,0.0504,-0.0204,CATEGORY_B_DOWNWARD_EXPANSION
26854,26862,2021-04-04 08:35:00+00:00,2021-04-04 09:15:00+00:00,9,0.75,0.5273,0.6023,1.1721,0.5577,-0.0283,0.0147,0.0151,-0.0073,CATEGORY_C_FALSE_OR_CHOP
26865,26871,2021-04-04 09:30:00+00:00,2021-04-04 10:00:00+00:00,7,0.58,0.5587,0.6194,1.2836,0.5465,-0.0005,0.0137,0.016,-0.0032,CATEGORY_C_FALSE_OR_CHOP
26922,26930,2021-04-04 14:15:00+00:00,2021-04-04 14:55:00+00:00,9,0.75,0.5057,0.5974,0.7794,0.4939,0.0289,0.018,0.0233,0.0179,CATEGORY_C_FALSE_OR_CHOP
26953,26974,2021-04-04 16:50:00+00:00,2021-04-04 18:35:00+00:00,22,1.83,0.3841,0.5355,0.858,0.5137,-0.0029,0.0198,0.0231,0.0129,CATEGORY_C_FALSE_OR_CHOP
27004,27011,2021-04-04 21:05:00+00:00,2021-04-04 21:40:00+00:00,8,0.67,0.4838,0.5833,0.5155,0.4705,0.0822,0.0205,0.0225,0.0094,CATEGORY_C_FALSE_OR_CHOP
27163,27168,2021-04-05 10:20:00+00:00,2021-04-05 10:45:00+00:00,6,0.5,0.5684,0.5928,0.8607,0.4851,0.0327,0.0352,0.0,0.0195,CATEGORY_A_UPWARD_EXPANSION
27355,27367,2021-04-06 02:20:00+00:00,2021-04-06 03:20:00+00:00,13,1.08,0.5711,0.6195,0.9867,0.5085,-0.0353,0.004,0.0278,-0.0135,CATEGORY_B_DOWNWARD_EXPANSION
27607,27615,2021-04-06 23:20:00+00:00,2021-04-07 00:00:00+00:00,9,0.75,0.6751,0.6985,1.1954,0.4671,0.0715,0.0125,0.0424,-0.0351,CATEGORY_B_DOWNWARD_EXPANSION
27878,27895,2021-04-07 21:55:00+00:00,2021-04-07 23:20:00+00:00,18,1.5,0.3751,0.5242,0.9101,0.4817,0.0111,0.0289,0.0145,0.024,CATEGORY_A_UPWARD_EXPANSION
27920,27926,2021-04-08 01:25:00+00:00,2021-04-08 01:55:00+00:00,7,0.58,0.584,0.6238,0.9309,0.4638,-0.0155,0.0339,0.0054,0.0261,CATEGORY_A_UPWARD_EXPANSION
27930,27936,2021-04-08 02:15:00+00:00,2021-04-08 02:45:00+00:00,7,0.58,0.455,0.5402,1.1132,0.4826,0.0417,0.0381,0.0002,0.0311,CATEGORY_A_UPWARD_EXPANSION
28078,28087,2021-04-08 14:35:00+00:00,2021-04-08 15:20:00+00:00,10,0.83,0.4741,0.6681,0.826,0.5013,0.0552,0.0173,0.0077,0.0047,CATEGORY_C_FALSE_OR_CHOP
28114,28121,2021-04-08 17:35:00+00:00,2021-04-08 18:10:00+00:00,8,0.67,0.4087,0.5281,0.8949,0.551,-0.0077,0.0192,0.0059,0.0114,CATEGORY_C_FALSE_OR_CHOP
28405,28410,2021-04-09 17:50:00+00:00,2021-04-09 18:15:00+00:00,6,0.5,0.7432,0.7655,1.0362,0.5608,0.0746,0.0511,0.0108,0.0243,CATEGORY_A_UPWARD_EXPANSION
28445,28451,2021-04-09 21:10:00+00:00,2021-04-09 21:40:00+00:00,7,0.58,0.6215,0.6514,1.3632,0.4833,0.0462,0.0527,0.0094,0.0121,CATEGORY_A_UPWARD_EXPANSION
28748,28754,2021-04-10 22:25:00+00:00,2021-04-10 22:55:00+00:00,7,0.58,0.4516,0.5389,1.0605,0.4238,-0.0306,0.0283,0.0004,0.0182,CATEGORY_A_UPWARD_EXPANSION
28914,28920,2021-04-11 12:15:00+00:00,2021-04-11 12:45:00+00:00,7,0.58,0.5934,0.6179,0.644,0.4854,-0.0368,0.0264,0.0082,0.012,CATEGORY_A_UPWARD_EXPANSION
28948,28955,2021-04-11 15:05:00+00:00,2021-04-11 15:40:00+00:00,8,0.67,0.533,0.6222,1.0932,0.488,-0.0644,0.0278,0.0049,0.0069,CATEGORY_A_UPWARD_EXPANSION
28964,28969,2021-04-11 16:25:00+00:00,2021-04-11 16:50:00+00:00,6,0.5,0.4738,0.5694,1.0574,0.5611,-0.063,0.0297,0.003,0.0074,CATEGORY_A_UPWARD_EXPANSION
28981,28988,2021-04-11 17:50:00+00:00,2021-04-11 18:25:00+00:00,8,0.67,0.6776,0.7482,0.9313,0.4871,-0.0763,0.0247,0.0078,0.0006,CATEGORY_A_UPWARD_EXPANSION
29079,29087,2021-04-12 02:00:00+00:00,2021-04-12 02:40:00+00:00,9,0.75,0.5835,0.6619,1.0087,0.494,0.0286,0.0266,0.0061,0.0188,CATEGORY_A_UPWARD_EXPANSION
29089,29095,2021-04-12 02:50:00+00:00,2021-04-12 03:20:00+00:00,7,0.58,0.4671,0.5441,0.883,0.5039,0.0251,0.0244,0.0082,0.0157,CATEGORY_A_UPWARD_EXPANSION
29271,29286,2021-04-12 18:00:00+00:00,2021-04-12 19:15:00+00:00,16,1.33,0.4327,0.5723,0.8412,0.5229,0.0407,0.0637,0.0034,0.049,CATEGORY_A_UPWARD_EXPANSION
29289,29294,2021-04-12 19:30:00+00:00,2021-04-12 19:55:00+00:00,6,0.5,0.6421,0.6526,1.0866,0.5255,-0.0733,0.0614,0.0055,0.0484,CATEGORY_A_UPWARD_EXPANSION
29320,29326,2021-04-12 22:05:00+00:00,2021-04-12 22:35:00+00:00,7,0.58,0.5178,0.6257,1.1142,0.4963,-0.2039,0.0646,0.0017,0.0543,CATEGORY_A_UPWARD_EXPANSION
29553,29567,2021-04-13 17:30:00+00:00,2021-04-13 18:40:00+00:00,15,1.25,0.369,0.484,1.0872,0.5086,0.0125,0.0257,0.0263,-0.0143,CATEGORY_C_FALSE_OR_CHOP
29593,29601,2021-04-13 20:50:00+00:00,2021-04-13 21:30:00+00:00,9,0.75,0.553,0.5888,0.7733,0.4846,-0.0092,0.0309,0.0256,-0.0045,CATEGORY_C_FALSE_OR_CHOP
29729,29735,2021-04-14 08:10:00+00:00,2021-04-14 08:40:00+00:00,7,0.58,0.5633,0.6023,1.2589,0.5011,0.0015,0.0065,0.0476,-0.0246,CATEGORY_B_DOWNWARD_EXPANSION
29905,29913,2021-04-14 22:50:00+00:00,2021-04-14 23:30:00+00:00,9,0.75,0.452,0.5477,0.6483,0.5333,-0.0254,0.0137,0.0146,0.0039,CATEGORY_C_FALSE_OR_CHOP
29958,29967,2021-04-15 03:15:00+00:00,2021-04-15 04:00:00+00:00,10,0.83,0.5155,0.5968,0.789,0.4694,0.021,0.0103,0.0179,-0.0073,CATEGORY_C_FALSE_OR_CHOP
29969,29976,2021-04-15 04:10:00+00:00,2021-04-15 04:45:00+00:00,8,0.67,0.4035,0.4436,0.8172,0.5047,-0.0328,0.0111,0.0205,-0.0157,CATEGORY_B_DOWNWARD_EXPANSION
29983,29988,2021-04-15 05:20:00+00:00,2021-04-15 05:45:00+00:00,6,0.5,0.4879,0.5642,0.8771,0.5281,-0.0532,0.0127,0.0252,-0.0171,CATEGORY_B_DOWNWARD_EXPANSION
30036,30041,2021-04-15 09:45:00+00:00,2021-04-15 10:10:00+00:00,6,0.5,0.4217,0.6218,0.9564,0.5289,-0.0605,0.0196,0.0347,-0.0266,CATEGORY_B_DOWNWARD_EXPANSION
30060,30077,2021-04-15 11:45:00+00:00,2021-04-15 13:10:00+00:00,18,1.5,0.33,0.4686,1.1284,0.497,0.0153,0.0174,0.0432,-0.0277,CATEGORY_B_DOWNWARD_EXPANSION
30132,30141,2021-04-15 17:45:00+00:00,2021-04-15 18:30:00+00:00,10,0.83,0.5029,0.5544,0.8777,0.5141,-0.0088,0.0188,0.0419,-0.0204,CATEGORY_B_DOWNWARD_EXPANSION
30190,30198,2021-04-15 22:35:00+00:00,2021-04-15 23:15:00+00:00,9,0.75,0.5531,0.6287,0.8348,0.4462,0.0172,0.0049,0.0508,-0.0265,CATEGORY_B_DOWNWARD_EXPANSION
30412,30418,2021-04-16 17:05:00+00:00,2021-04-16 17:35:00+00:00,7,0.58,0.5283,0.6319,0.7599,0.47,-0.0481,0.012,0.0311,-0.0196,CATEGORY_B_DOWNWARD_EXPANSION
30520,30529,2021-04-17 02:05:00+00:00,2021-04-17 02:50:00+00:00,10,0.83,0.5666,0.6207,1.0076,0.5071,-0.057,0.0036,0.059,-0.0583,CATEGORY_B_DOWNWARD_EXPANSION
30532,30538,2021-04-17 03:05:00+00:00,2021-04-17 03:35:00+00:00,7,0.58,0.5258,0.5997,1.1563,0.5396,-0.0147,0.0032,0.1826,-0.145,CATEGORY_B_DOWNWARD_EXPANSION
30553,30558,2021-04-17 04:50:00+00:00,2021-04-17 05:15:00+00:00,6,0.5,0.5211,0.5453,1.0501,0.4453,-0.0055,0.0071,0.1788,-0.1073,CATEGORY_B_DOWNWARD_EXPANSION
30729,30751,2021-04-17 19:30:00+00:00,2021-04-17 21:20:00+00:00,23,1.92,0.3578,0.5402,0.8492,0.4832,-0.0514,0.0032,0.1618,-0.0762,CATEGORY_B_DOWNWARD_EXPANSION
31020,31033,2021-04-18 19:45:00+00:00,2021-04-18 20:50:00+00:00,14,1.17,0.1931,0.2561,1.0796,0.4766,-0.0126,0.0237,0.0351,0.0001,CATEGORY_B_DOWNWARD_EXPANSION
31035,31040,2021-04-18 21:00:00+00:00,2021-04-18 21:25:00+00:00,6,0.5,0.1775,0.1903,1.1045,0.439,0.0008,0.0252,0.0337,-0.0071,CATEGORY_B_DOWNWARD_EXPANSION
31063,31068,2021-04-18 23:20:00+00:00,2021-04-18 23:45:00+00:00,6,0.5,0.3315,0.3697,0.9639,0.46,-0.0411,0.0215,0.0372,-0.0093,CATEGORY_B_DOWNWARD_EXPANSION
31102,31115,2021-04-19 02:35:00+00:00,2021-04-19 03:40:00+00:00,14,1.17,0.3358,0.3659,0.9804,0.4818,0.0402,0.0072,0.0507,-0.0425,CATEGORY_B_DOWNWARD_EXPANSION
31118,31124,2021-04-19 03:55:00+00:00,2021-04-19 04:25:00+00:00,7,0.58,0.4634,0.5352,0.7839,0.483,0.0144,0.0103,0.0604,-0.0542,CATEGORY_B_DOWNWARD_EXPANSION
31222,31228,2021-04-19 12:35:00+00:00,2021-04-19 13:05:00+00:00,7,0.58,0.6252,0.6924,0.9828,0.4517,-0.0086,0.004,0.0571,-0.0277,CATEGORY_B_DOWNWARD_EXPANSION
31543,31549,2021-04-20 17:50:00+00:00,2021-04-20 18:20:00+00:00,7,0.58,0.4234,0.5122,1.7487,0.4904,0.0308,0.0189,0.0311,-0.012,CATEGORY_B_DOWNWARD_EXPANSION
31585,31591,2021-04-20 21:20:00+00:00,2021-04-20 21:50:00+00:00,7,0.58,0.5817,0.636,0.6877,0.5261,0.0211,0.0049,0.0439,-0.0337,CATEGORY_B_DOWNWARD_EXPANSION
31641,31646,2021-04-21 02:00:00+00:00,2021-04-21 02:25:00+00:00,6,0.5,0.3873,0.47,1.1544,0.5047,-0.0319,0.0059,0.0616,-0.0457,CATEGORY_B_DOWNWARD_EXPANSION
31648,31656,2021-04-21 02:35:00+00:00,2021-04-21 03:15:00+00:00,9,0.75,0.4547,0.5022,1.4987,0.4164,-0.0248,0.0065,0.0611,-0.0347,CATEGORY_B_DOWNWARD_EXPANSION
31777,31790,2021-04-21 13:20:00+00:00,2021-04-21 14:25:00+00:00,14,1.17,0.5784,0.6566,1.1883,0.488,0.0199,0.0143,0.0538,-0.0178,CATEGORY_B_DOWNWARD_EXPANSION
32088,32094,2021-04-22 15:15:00+00:00,2021-04-22 15:45:00+00:00,7,0.58,0.5886,0.6071,1.0656,0.5438,-0.0038,0.0121,0.1286,-0.0864,CATEGORY_B_DOWNWARD_EXPANSION
32422,32427,2021-04-23 19:05:00+00:00,2021-04-23 19:30:00+00:00,6,0.5,0.5452,0.5989,0.9675,0.488,-0.0458,0.0103,0.0418,-0.0014,CATEGORY_B_DOWNWARD_EXPANSION
32429,32434,2021-04-23 19:40:00+00:00,2021-04-23 20:05:00+00:00,6,0.5,0.3487,0.3701,1.7266,0.3818,-0.062,0.0059,0.0459,-0.0066,CATEGORY_B_DOWNWARD_EXPANSION
32693,32698,2021-04-24 17:40:00+00:00,2021-04-24 18:05:00+00:00,6,0.5,0.6674,0.7394,0.5599,0.5249,-0.0677,0.0194,0.062,-0.0284,CATEGORY_B_DOWNWARD_EXPANSION
32719,32726,2021-04-24 19:50:00+00:00,2021-04-24 20:25:00+00:00,8,0.67,0.6894,0.7568,0.9767,0.5128,0.0166,0.0033,0.0767,-0.0017,CATEGORY_B_DOWNWARD_EXPANSION
32791,32796,2021-04-25 01:50:00+00:00,2021-04-25 02:15:00+00:00,6,0.5,0.748,0.805,0.7083,0.5382,-0.0707,0.0573,0.0652,0.0524,CATEGORY_C_FALSE_OR_CHOP
32851,32858,2021-04-25 11:30:00+00:00,2021-04-25 12:05:00+00:00,8,0.67,0.5321,0.6009,1.2648,0.4638,-0.0551,0.0849,0.0544,0.0789,CATEGORY_A_UPWARD_EXPANSION
32875,32880,2021-04-25 13:30:00+00:00,2021-04-25 13:55:00+00:00,6,0.5,0.587,0.6342,0.8502,0.4906,0.0026,0.0817,0.059,0.0759,CATEGORY_A_UPWARD_EXPANSION
32908,32915,2021-04-25 16:15:00+00:00,2021-04-25 16:50:00+00:00,8,0.67,0.5634,0.589,1.0993,0.5491,0.0117,0.074,0.0658,0.0617,CATEGORY_C_FALSE_OR_CHOP
33187,33192,2021-04-26 15:30:00+00:00,2021-04-26 15:55:00+00:00,6,0.5,0.4346,0.4704,0.8163,0.4963,-0.0053,0.0323,0.0181,0.0263,CATEGORY_A_UPWARD_EXPANSION
33282,33288,2021-04-26 23:25:00+00:00,2021-04-26 23:55:00+00:00,7,0.58,0.5139,0.5967,1.2873,0.4914,0.005,0.027,0.0144,0.0187,CATEGORY_A_UPWARD_EXPANSION
33292,33301,2021-04-27 00:15:00+00:00,2021-04-27 01:00:00+00:00,10,0.83,0.4824,0.6295,0.7835,0.5101,0.0089,0.0336,0.0085,0.0318,CATEGORY_A_UPWARD_EXPANSION
33319,33328,2021-04-27 02:30:00+00:00,2021-04-27 03:15:00+00:00,10,0.83,0.3862,0.5465,1.2868,0.4645,-0.0247,0.0397,0.0072,0.0294,CATEGORY_A_UPWARD_EXPANSION
33352,33360,2021-04-27 05:15:00+00:00,2021-04-27 05:55:00+00:00,9,0.75,0.5971,0.6204,0.899,0.4656,0.0228,0.0337,0.0004,0.0125,CATEGORY_A_UPWARD_EXPANSION
33414,33420,2021-04-27 10:25:00+00:00,2021-04-27 10:55:00+00:00,7,0.58,0.5948,0.62,1.2524,0.4845,-0.0492,0.0193,0.0159,-0.0049,CATEGORY_C_FALSE_OR_CHOP
33443,33451,2021-04-27 12:50:00+00:00,2021-04-27 13:30:00+00:00,9,0.75,0.4951,0.5166,0.841,0.4529,-0.046,0.0143,0.0207,-0.0028,CATEGORY_B_DOWNWARD_EXPANSION
33533,33538,2021-04-27 20:20:00+00:00,2021-04-27 20:45:00+00:00,6,0.5,0.555,0.6037,0.8055,0.5515,0.0629,0.0272,0.0204,-0.0115,CATEGORY_A_UPWARD_EXPANSION
33591,33609,2021-04-28 01:10:00+00:00,2021-04-28 02:40:00+00:00,19,1.58,0.3283,0.4954,1.0839,0.4395,-0.0331,0.0164,0.0307,-0.0189,CATEGORY_B_DOWNWARD_EXPANSION
33847,33861,2021-04-28 22:30:00+00:00,2021-04-28 23:40:00+00:00,15,1.25,0.4742,0.5507,0.7953,0.4571,0.007,0.0084,0.044,-0.0216,CATEGORY_B_DOWNWARD_EXPANSION
34127,34132,2021-04-29 21:50:00+00:00,2021-04-29 22:15:00+00:00,6,0.5,0.6921,0.7017,0.6099,0.4877,-0.028,0.0777,0.0044,0.0692,CATEGORY_A_UPWARD_EXPANSION
34138,34144,2021-04-29 22:45:00+00:00,2021-04-29 23:15:00+00:00,7,0.58,0.6408,0.6605,0.9002,0.5196,-0.0265,0.0752,0.0077,0.074,CATEGORY_A_UPWARD_EXPANSION
34184,34195,2021-04-30 02:35:00+00:00,2021-04-30 03:30:00+00:00,12,1.0,0.5677,0.6191,1.2729,0.4735,0.0092,0.0909,0.0005,0.0863,CATEGORY_A_UPWARD_EXPANSION
34276,34281,2021-04-30 10:15:00+00:00,2021-04-30 10:40:00+00:00,6,0.5,0.5756,0.6365,1.3777,0.4859,0.0243,0.0752,0.0058,0.0584,CATEGORY_A_UPWARD_EXPANSION
34416,34421,2021-04-30 21:55:00+00:00,2021-04-30 22:20:00+00:00,6,0.5,0.6044,0.646,0.8563,0.522,0.042,0.0252,0.0011,0.0094,CATEGORY_A_UPWARD_EXPANSION
34655,34663,2021-05-01 17:50:00+00:00,2021-05-01 18:30:00+00:00,9,0.75,0.4617,0.5349,0.9371,0.4532,-0.0094,0.008,0.0261,-0.0135,CATEGORY_B_DOWNWARD_EXPANSION
34713,34720,2021-05-01 22:40:00+00:00,2021-05-01 23:15:00+00:00,8,0.67,0.4643,0.5928,0.9322,0.506,-0.0552,0.0044,0.0286,-0.0232,CATEGORY_B_DOWNWARD_EXPANSION
34757,34765,2021-05-02 02:20:00+00:00,2021-05-02 03:00:00+00:00,9,0.75,0.5586,0.66,1.0317,0.4854,0.0665,0.0108,0.0283,0.0073,CATEGORY_B_DOWNWARD_EXPANSION
34853,34860,2021-05-02 10:20:00+00:00,2021-05-02 10:55:00+00:00,8,0.67,0.6693,0.6939,1.0032,0.5226,0.0856,0.0378,0.0109,0.0288,CATEGORY_A_UPWARD_EXPANSION
34863,34868,2021-05-02 11:10:00+00:00,2021-05-02 11:35:00+00:00,6,0.5,0.449,0.478,0.8693,0.4747,0.015,0.0396,0.0092,0.0371,CATEGORY_A_UPWARD_EXPANSION
34943,34948,2021-05-02 17:50:00+00:00,2021-05-02 18:15:00+00:00,6,0.5,0.6318,0.6532,0.9229,0.4983,-0.0495,0.0386,0.0102,0.0182,CATEGORY_A_UPWARD_EXPANSION
35049,35055,2021-05-03 02:40:00+00:00,2021-05-03 03:10:00+00:00,7,0.58,0.5523,0.6051,1.3378,0.4787,0.048,0.0159,0.0599,-0.0401,CATEGORY_B_DOWNWARD_EXPANSION
35089,35096,2021-05-03 06:00:00+00:00,2021-05-03 06:35:00+00:00,8,0.67,0.5681,0.6228,1.1401,0.5075,-0.0194,0.0184,0.0576,-0.0319,CATEGORY_B_DOWNWARD_EXPANSION
35240,35246,2021-05-03 18:35:00+00:00,2021-05-03 19:05:00+00:00,7,0.58,0.4263,0.4671,1.1073,0.5034,-0.0507,0.0003,0.0777,-0.0566,CATEGORY_B_DOWNWARD_EXPANSION
35796,35801,2021-05-05 16:55:00+00:00,2021-05-05 17:20:00+00:00,6,0.5,0.5821,0.6906,0.8114,0.4901,0.0139,0.0135,0.0217,-0.0105,CATEGORY_B_DOWNWARD_EXPANSION
35803,35815,2021-05-05 17:30:00+00:00,2021-05-05 18:30:00+00:00,13,1.08,0.5174,0.5731,0.7732,0.4713,0.0047,0.0194,0.0314,-0.0247,CATEGORY_B_DOWNWARD_EXPANSION
35848,35853,2021-05-05 21:15:00+00:00,2021-05-05 21:40:00+00:00,6,0.5,0.4523,0.6309,1.0948,0.4532,-0.0167,0.0291,0.0266,-0.0076,CATEGORY_C_FALSE_OR_CHOP
35920,35925,2021-05-06 03:15:00+00:00,2021-05-06 03:40:00+00:00,6,0.5,0.5709,0.6162,1.1099,0.4515,-0.0018,0.0292,0.0265,-0.017,CATEGORY_C_FALSE_OR_CHOP
35969,35976,2021-05-06 07:20:00+00:00,2021-05-06 07:55:00+00:00,8,0.67,0.5317,0.6668,1.0691,0.5282,0.0051,0.0272,0.0284,-0.0185,CATEGORY_C_FALSE_OR_CHOP
36029,36035,2021-05-06 12:20:00+00:00,2021-05-06 12:50:00+00:00,7,0.58,0.4901,0.5589,1.0864,0.484,-0.0357,0.001,0.0424,-0.0044,CATEGORY_B_DOWNWARD_EXPANSION
36478,36486,2021-05-08 01:45:00+00:00,2021-05-08 02:25:00+00:00,9,0.75,0.5266,0.5743,1.0962,0.4411,0.0875,0.0331,0.0021,0.0203,CATEGORY_A_UPWARD_EXPANSION
36520,36525,2021-05-08 05:15:00+00:00,2021-05-08 05:40:00+00:00,6,0.5,0.4786,0.4827,0.9333,0.5283,0.0676,0.0291,0.0059,0.0087,CATEGORY_A_UPWARD_EXPANSION
36674,36679,2021-05-08 18:05:00+00:00,2021-05-08 18:30:00+00:00,6,0.5,0.6348,0.7168,0.8523,0.526,0.0158,0.0077,0.0475,-0.0298,CATEGORY_B_DOWNWARD_EXPANSION
36777,36782,2021-05-09 02:40:00+00:00,2021-05-09 03:05:00+00:00,6,0.5,0.4644,0.5121,0.7098,0.5286,-0.0151,0.0108,0.0414,0.0089,CATEGORY_B_DOWNWARD_EXPANSION
36811,36827,2021-05-09 05:30:00+00:00,2021-05-09 06:50:00+00:00,17,1.42,0.3321,0.4687,1.122,0.5321,0.1047,0.0197,0.0362,0.009,CATEGORY_B_DOWNWARD_EXPANSION
36846,36854,2021-05-09 08:25:00+00:00,2021-05-09 09:05:00+00:00,9,0.75,0.3952,0.5101,0.6793,0.5037,0.0772,0.0238,0.0323,0.0071,CATEGORY_B_DOWNWARD_EXPANSION
36913,36924,2021-05-09 14:00:00+00:00,2021-05-09 14:55:00+00:00,12,1.0,0.4428,0.5173,0.6719,0.4663,-0.0146,0.0407,0.0062,-0.0059,CATEGORY_A_UPWARD_EXPANSION
37118,37125,2021-05-10 07:05:00+00:00,2021-05-10 07:40:00+00:00,8,0.67,0.4447,0.5023,0.7849,0.478,-0.0559,0.0013,0.09,-0.0551,CATEGORY_B_DOWNWARD_EXPANSION
37404,37416,2021-05-11 06:55:00+00:00,2021-05-11 07:55:00+00:00,13,1.08,0.3649,0.455,0.8062,0.4754,-0.0174,0.0405,0.0175,0.0244,CATEGORY_A_UPWARD_EXPANSION
37448,37453,2021-05-11 10:35:00+00:00,2021-05-11 11:00:00+00:00,6,0.5,0.4177,0.4677,0.795,0.4957,0.0352,0.0367,0.0211,0.0044,CATEGORY_A_UPWARD_EXPANSION
37533,37541,2021-05-11 17:40:00+00:00,2021-05-11 18:20:00+00:00,9,0.75,0.4891,0.5436,1.0881,0.4732,0.0498,0.0278,0.0429,-0.039,CATEGORY_B_DOWNWARD_EXPANSION
37622,37629,2021-05-12 01:05:00+00:00,2021-05-12 01:40:00+00:00,8,0.67,0.7001,0.7292,1.2657,0.5174,0.0156,0.0154,0.1947,-0.1266,CATEGORY_B_DOWNWARD_EXPANSION
37631,37636,2021-05-12 01:50:00+00:00,2021-05-12 02:15:00+00:00,6,0.5,0.5779,0.6578,0.9385,0.5146,0.0213,0.0153,0.1947,-0.1124,CATEGORY_B_DOWNWARD_EXPANSION
37867,37872,2021-05-12 21:30:00+00:00,2021-05-12 21:55:00+00:00,6,0.5,0.5456,0.6042,1.0626,0.448,0.0372,0.0039,0.1565,-0.0911,CATEGORY_B_DOWNWARD_EXPANSION
37963,37968,2021-05-13 05:30:00+00:00,2021-05-13 05:55:00+00:00,6,0.5,0.3807,0.3863,0.8742,0.4622,-0.0192,0.0095,0.0763,-0.0242,CATEGORY_B_DOWNWARD_EXPANSION
38197,38210,2021-05-14 01:00:00+00:00,2021-05-14 02:05:00+00:00,14,1.17,0.4306,0.4968,0.9672,0.4367,-0.0588,0.0333,0.0205,0.0128,CATEGORY_A_UPWARD_EXPANSION
38214,38220,2021-05-14 02:25:00+00:00,2021-05-14 02:55:00+00:00,7,0.58,0.5343,0.5803,0.8292,0.4476,-0.004,0.0408,0.0134,0.0125,CATEGORY_A_UPWARD_EXPANSION
38255,38262,2021-05-14 05:50:00+00:00,2021-05-14 06:25:00+00:00,8,0.67,0.5659,0.5891,1.241,0.4586,0.0117,0.0506,0.0029,0.0093,CATEGORY_A_UPWARD_EXPANSION
38286,38292,2021-05-14 08:25:00+00:00,2021-05-14 08:55:00+00:00,7,0.58,0.4698,0.5124,1.1531,0.4694,-0.028,0.0222,0.0429,-0.0306,CATEGORY_B_DOWNWARD_EXPANSION
38309,38314,2021-05-14 10:20:00+00:00,2021-05-14 10:45:00+00:00,6,0.5,0.3964,0.4822,1.2247,0.5127,0.0604,0.0205,0.054,-0.0445,CATEGORY_B_DOWNWARD_EXPANSION
38320,38325,2021-05-14 11:15:00+00:00,2021-05-14 11:40:00+00:00,6,0.5,0.4538,0.4985,1.32,0.4057,-0.0014,0.0145,0.0596,-0.0397,CATEGORY_B_DOWNWARD_EXPANSION
38396,38405,2021-05-14 17:35:00+00:00,2021-05-14 18:20:00+00:00,10,0.83,0.28,0.3782,1.5407,0.4126,-0.0621,0.0016,0.0636,-0.0563,CATEGORY_B_DOWNWARD_EXPANSION
38419,38425,2021-05-14 19:30:00+00:00,2021-05-14 20:00:00+00:00,7,0.58,0.5937,0.6368,0.9008,0.4475,-0.0943,0.0093,0.0664,-0.039,CATEGORY_B_DOWNWARD_EXPANSION
38500,38517,2021-05-15 02:15:00+00:00,2021-05-15 03:40:00+00:00,18,1.5,0.3295,0.5395,0.9313,0.4862,-0.0011,0.0006,0.0677,-0.0393,CATEGORY_B_DOWNWARD_EXPANSION
38523,38528,2021-05-15 04:10:00+00:00,2021-05-15 04:35:00+00:00,6,0.5,0.4485,0.4797,0.9398,0.4209,-0.0161,0.0056,0.0629,-0.0259,CATEGORY_B_DOWNWARD_EXPANSION
38726,38732,2021-05-15 21:05:00+00:00,2021-05-15 21:35:00+00:00,7,0.58,0.5202,0.5757,0.7683,0.4842,0.032,0.0284,0.0949,-0.069,CATEGORY_B_DOWNWARD_EXPANSION
38734,38743,2021-05-15 21:45:00+00:00,2021-05-15 22:30:00+00:00,10,0.83,0.4929,0.5586,1.2485,0.4428,-0.0431,0.0305,0.0931,-0.0557,CATEGORY_B_DOWNWARD_EXPANSION
38787,38801,2021-05-16 02:10:00+00:00,2021-05-16 03:20:00+00:00,15,1.25,0.4994,0.6078,1.2156,0.4837,-0.0141,0.038,0.0967,-0.0916,CATEGORY_B_DOWNWARD_EXPANSION
38847,38853,2021-05-16 07:10:00+00:00,2021-05-16 07:40:00+00:00,7,0.58,0.4074,0.4563,1.1111,0.4747,-0.0279,0.0182,0.1372,-0.0829,CATEGORY_B_DOWNWARD_EXPANSION
38868,38874,2021-05-16 08:55:00+00:00,2021-05-16 09:25:00+00:00,7,0.58,0.4643,0.5276,0.7552,0.4601,-0.0227,0.0138,0.1409,-0.082,CATEGORY_B_DOWNWARD_EXPANSION
38879,38888,2021-05-16 09:50:00+00:00,2021-05-16 10:35:00+00:00,10,0.83,0.3848,0.4657,0.8131,0.4584,-0.026,0.0091,0.1449,-0.0868,CATEGORY_B_DOWNWARD_EXPANSION
38895,38902,2021-05-16 11:10:00+00:00,2021-05-16 11:45:00+00:00,8,0.67,0.3549,0.5862,1.1516,0.4506,-0.0185,0.0026,0.1409,-0.0722,CATEGORY_B_DOWNWARD_EXPANSION
39160,39166,2021-05-17 09:15:00+00:00,2021-05-17 09:45:00+00:00,7,0.58,0.3824,0.4367,0.7444,0.5034,-0.0234,0.0163,0.068,-0.0014,CATEGORY_B_DOWNWARD_EXPANSION
39289,39297,2021-05-17 20:00:00+00:00,2021-05-17 20:40:00+00:00,9,0.75,0.4982,0.5668,1.1686,0.4812,0.053,0.0262,0.0506,-0.0305,CATEGORY_B_DOWNWARD_EXPANSION
39362,39369,2021-05-18 02:05:00+00:00,2021-05-18 02:40:00+00:00,8,0.67,0.4761,0.5495,0.73,0.4637,-0.0075,0.018,0.0997,-0.0862,CATEGORY_B_DOWNWARD_EXPANSION
39371,39379,2021-05-18 02:50:00+00:00,2021-05-18 03:30:00+00:00,9,0.75,0.4006,0.4914,1.1603,0.4974,-0.0355,0.017,0.109,-0.0929,CATEGORY_B_DOWNWARD_EXPANSION
39452,39457,2021-05-18 09:35:00+00:00,2021-05-18 10:00:00+00:00,6,0.5,0.4244,0.5049,0.6367,0.4441,-0.0125,0.0153,0.1428,-0.1041,CATEGORY_B_DOWNWARD_EXPANSION
39948,39954,2021-05-20 02:55:00+00:00,2021-05-20 03:25:00+00:00,7,0.58,0.2602,0.3149,0.9414,0.5168,-0.0392,0.1059,0.0143,0.0569,CATEGORY_A_UPWARD_EXPANSION
39976,39984,2021-05-20 05:15:00+00:00,2021-05-20 05:55:00+00:00,9,0.75,0.2844,0.3337,0.9705,0.5109,0.0296,0.0629,0.0458,-0.0023,CATEGORY_A_UPWARD_EXPANSION
40016,40024,2021-05-20 08:35:00+00:00,2021-05-20 09:15:00+00:00,9,0.75,0.2633,0.3368,0.8681,0.4908,-0.0434,0.0788,0.0315,0.0237,CATEGORY_A_UPWARD_EXPANSION
40093,40101,2021-05-20 15:00:00+00:00,2021-05-20 15:40:00+00:00,9,0.75,0.508,0.6016,0.7348,0.4891,-0.0086,0.014,0.1205,-0.1023,CATEGORY_B_DOWNWARD_EXPANSION
40128,40145,2021-05-20 17:55:00+00:00,2021-05-20 19:20:00+00:00,18,1.5,0.4675,0.6231,0.7985,0.486,0.0359,0.0533,0.0989,-0.0934,CATEGORY_B_DOWNWARD_EXPANSION
40156,40161,2021-05-20 20:15:00+00:00,2021-05-20 20:40:00+00:00,6,0.5,0.611,0.6831,0.8888,0.4523,0.0019,0.0506,0.1249,-0.1044,CATEGORY_B_DOWNWARD_EXPANSION
40170,40176,2021-05-20 21:25:00+00:00,2021-05-20 21:55:00+00:00,7,0.58,0.4928,0.6003,1.117,0.4668,0.01,0.0371,0.177,-0.1008,CATEGORY_B_DOWNWARD_EXPANSION
40230,40236,2021-05-21 02:25:00+00:00,2021-05-21 02:55:00+00:00,7,0.58,0.3279,0.3631,0.6923,0.4816,-0.0575,0.0131,0.1881,-0.0937,CATEGORY_B_DOWNWARD_EXPANSION
40361,40368,2021-05-21 13:20:00+00:00,2021-05-21 13:55:00+00:00,8,0.67,0.4285,0.544,0.8289,0.4652,-0.0337,0.0165,0.1854,-0.0681,CATEGORY_B_DOWNWARD_EXPANSION
40496,40504,2021-05-22 00:35:00+00:00,2021-05-22 01:15:00+00:00,9,0.75,0.4318,0.5086,0.8472,0.4895,-0.0205,0.0377,0.0592,0.0192,CATEGORY_B_DOWNWARD_EXPANSION
40591,40599,2021-05-22 08:30:00+00:00,2021-05-22 09:10:00+00:00,9,0.75,0.3815,0.4703,0.7792,0.4626,-0.0714,0.0552,0.0815,-0.0726,CATEGORY_B_DOWNWARD_EXPANSION
40719,40726,2021-05-22 19:10:00+00:00,2021-05-22 19:45:00+00:00,8,0.67,0.3429,0.4348,0.5673,0.4489,0.0219,0.0179,0.1753,-0.1307,CATEGORY_B_DOWNWARD_EXPANSION
40739,40748,2021-05-22 20:50:00+00:00,2021-05-22 21:35:00+00:00,10,0.83,0.2915,0.4817,1.3896,0.5388,0.2246,0.0105,0.1813,-0.1107,CATEGORY_B_DOWNWARD_EXPANSION
40789,40797,2021-05-23 01:00:00+00:00,2021-05-23 01:40:00+00:00,9,0.75,0.2085,0.4695,1.107,0.4925,0.0687,0.0026,0.1811,-0.0679,CATEGORY_B_DOWNWARD_EXPANSION
40799,40806,2021-05-23 01:50:00+00:00,2021-05-23 02:25:00+00:00,8,0.67,0.2109,0.2678,1.3477,0.434,-0.0766,0.0059,0.1725,-0.06,CATEGORY_B_DOWNWARD_EXPANSION
40808,40815,2021-05-23 02:35:00+00:00,2021-05-23 03:10:00+00:00,8,0.67,0.3693,0.3844,0.8648,0.4608,0.0954,0.0072,0.168,-0.0508,CATEGORY_B_DOWNWARD_EXPANSION
41105,41113,2021-05-24 03:20:00+00:00,2021-05-24 04:00:00+00:00,9,0.75,0.3998,0.5061,0.6283,0.4662,0.0881,0.1347,0.0327,0.0875,CATEGORY_A_UPWARD_EXPANSION
41115,41120,2021-05-24 04:10:00+00:00,2021-05-24 04:35:00+00:00,6,0.5,0.3226,0.3554,0.9344,0.5131,-0.0387,0.1392,0.0289,0.0915,CATEGORY_A_UPWARD_EXPANSION
41170,41181,2021-05-24 08:45:00+00:00,2021-05-24 09:40:00+00:00,12,1.0,0.513,0.5509,0.7965,0.4633,0.0211,0.093,0.0177,0.0415,CATEGORY_A_UPWARD_EXPANSION
41216,41221,2021-05-24 12:35:00+00:00,2021-05-24 13:00:00+00:00,6,0.5,0.4917,0.523,0.4814,0.509,-0.027,0.0442,0.0473,-0.0248,CATEGORY_C_FALSE_OR_CHOP
41274,41281,2021-05-24 17:25:00+00:00,2021-05-24 18:00:00+00:00,8,0.67,0.4857,0.5509,0.9773,0.4545,0.0707,0.0607,0.0323,0.0056,CATEGORY_A_UPWARD_EXPANSION
41339,41344,2021-05-24 22:50:00+00:00,2021-05-24 23:15:00+00:00,6,0.5,0.6542,0.6963,0.753,0.4989,-0.0298,0.0333,0.0543,-0.0074,CATEGORY_B_DOWNWARD_EXPANSION
41361,41368,2021-05-25 00:40:00+00:00,2021-05-25 01:15:00+00:00,8,0.67,0.5918,0.6145,0.9123,0.4707,0.0448,0.0009,0.0742,-0.0243,CATEGORY_B_DOWNWARD_EXPANSION
41381,41387,2021-05-25 02:20:00+00:00,2021-05-25 02:50:00+00:00,7,0.58,0.5901,0.6347,0.9048,0.4685,-0.0625,0.0362,0.0464,0.0284,CATEGORY_C_FALSE_OR_CHOP
41568,41580,2021-05-25 17:55:00+00:00,2021-05-25 18:55:00+00:00,13,1.08,0.428,0.5389,1.3237,0.4627,-0.0236,0.078,0.0231,0.0196,CATEGORY_A_UPWARD_EXPANSION
41775,41782,2021-05-26 11:10:00+00:00,2021-05-26 11:45:00+00:00,8,0.67,0.4287,0.4875,1.0476,0.4644,-0.0669,0.0159,0.0636,-0.0019,CATEGORY_B_DOWNWARD_EXPANSION
41790,41796,2021-05-26 12:25:00+00:00,2021-05-26 12:55:00+00:00,7,0.58,0.4661,0.5103,0.7745,0.468,0.0044,0.0001,0.0744,-0.02,CATEGORY_B_DOWNWARD_EXPANSION
42010,42024,2021-05-27 06:45:00+00:00,2021-05-27 07:55:00+00:00,15,1.25,0.3983,0.4651,1.0811,0.4913,-0.0477,0.0558,0.0479,-0.034,CATEGORY_C_FALSE_OR_CHOP
42065,42070,2021-05-27 11:20:00+00:00,2021-05-27 11:45:00+00:00,6,0.5,0.6683,0.6872,0.5766,0.4895,0.0187,0.0209,0.11,-0.1091,CATEGORY_B_DOWNWARD_EXPANSION
42102,42108,2021-05-27 14:25:00+00:00,2021-05-27 14:55:00+00:00,7,0.58,0.7074,0.7692,0.8123,0.4638,-0.0459,0.0019,0.123,-0.0859,CATEGORY_B_DOWNWARD_EXPANSION
42145,42150,2021-05-27 18:00:00+00:00,2021-05-27 18:25:00+00:00,6,0.5,0.6102,0.7134,0.904,0.4541,0.0003,0.0066,0.0992,-0.079,CATEGORY_B_DOWNWARD_EXPANSION
42242,42251,2021-05-28 02:05:00+00:00,2021-05-28 02:50:00+00:00,10,0.83,0.4889,0.5968,1.309,0.5075,0.1124,0.0077,0.0902,-0.0492,CATEGORY_B_DOWNWARD_EXPANSION
42509,42514,2021-05-29 00:20:00+00:00,2021-05-29 00:45:00+00:00,6,0.5,0.4102,0.4627,0.727,0.485,-0.0071,0.0368,0.0732,-0.0657,CATEGORY_B_DOWNWARD_EXPANSION
42580,42591,2021-05-29 06:15:00+00:00,2021-05-29 07:10:00+00:00,12,1.0,0.3804,0.456,1.8885,0.4736,-0.0304,0.0043,0.0871,-0.025,CATEGORY_B_DOWNWARD_EXPANSION
42633,42639,2021-05-29 10:40:00+00:00,2021-05-29 11:10:00+00:00,7,0.58,0.5641,0.6096,0.7407,0.471,-0.0103,0.0309,0.0503,0.019,CATEGORY_B_DOWNWARD_EXPANSION
42812,42817,2021-05-30 01:35:00+00:00,2021-05-30 02:00:00+00:00,6,0.5,0.6613,0.7442,0.9473,0.5002,-0.0427,0.0792,0.0,0.0298,CATEGORY_A_UPWARD_EXPANSION
42828,42834,2021-05-30 02:55:00+00:00,2021-05-30 03:25:00+00:00,7,0.58,0.3211,0.4797,1.7789,0.4994,0.0276,0.0565,0.0082,0.0053,CATEGORY_A_UPWARD_EXPANSION
42893,42899,2021-05-30 08:20:00+00:00,2021-05-30 08:50:00+00:00,7,0.58,0.6297,0.7447,0.5472,0.497,0.0453,0.0197,0.0455,0.0082,CATEGORY_B_DOWNWARD_EXPANSION
42903,42914,2021-05-30 09:10:00+00:00,2021-05-30 10:05:00+00:00,12,1.0,0.5634,0.601,1.2509,0.511,0.0776,0.0234,0.0484,0.0162,CATEGORY_B_DOWNWARD_EXPANSION
42923,42931,2021-05-30 10:50:00+00:00,2021-05-30 11:30:00+00:00,9,0.75,0.5179,0.6534,1.0178,0.5274,-0.0034,0.038,0.0457,0.0359,CATEGORY_C_FALSE_OR_CHOP
42958,42963,2021-05-30 13:45:00+00:00,2021-05-30 14:10:00+00:00,6,0.5,0.4812,0.6016,1.1391,0.5234,-0.0265,0.0471,0.0406,0.0229,CATEGORY_C_FALSE_OR_CHOP
42991,42999,2021-05-30 16:30:00+00:00,2021-05-30 17:10:00+00:00,9,0.75,0.6363,0.7514,1.0344,0.4684,0.0082,0.0462,0.0461,0.0338,CATEGORY_C_FALSE_OR_CHOP
43001,43006,2021-05-30 17:20:00+00:00,2021-05-30 17:45:00+00:00,6,0.5,0.5374,0.5518,0.6419,0.4671,0.0881,0.0462,0.046,0.0288,CATEGORY_C_FALSE_OR_CHOP
43302,43314,2021-05-31 18:25:00+00:00,2021-05-31 19:25:00+00:00,13,1.08,0.3049,0.3656,0.9509,0.4988,0.0001,0.0327,0.0281,-0.0165,CATEGORY_C_FALSE_OR_CHOP
43349,43355,2021-05-31 22:20:00+00:00,2021-05-31 22:50:00+00:00,7,0.58,0.5623,0.6348,1.0202,0.4822,-0.0288,0.026,0.0344,-0.0155,CATEGORY_B_DOWNWARD_EXPANSION
43423,43428,2021-06-01 04:30:00+00:00,2021-06-01 04:55:00+00:00,6,0.5,0.6213,0.7158,0.8551,0.5222,-0.0593,0.0189,0.0294,-0.0023,CATEGORY_B_DOWNWARD_EXPANSION
43622,43628,2021-06-01 21:05:00+00:00,2021-06-01 21:35:00+00:00,7,0.58,0.5602,0.6174,0.5837,0.4694,0.0837,0.0543,0.0093,0.0413,CATEGORY_A_UPWARD_EXPANSION
43680,43691,2021-06-02 01:55:00+00:00,2021-06-02 02:50:00+00:00,12,1.0,0.4353,0.523,0.879,0.4807,0.0036,0.0485,0.0052,0.0241,CATEGORY_A_UPWARD_EXPANSION
43773,43782,2021-06-02 09:40:00+00:00,2021-06-02 10:25:00+00:00,10,0.83,0.6779,0.7196,0.9449,0.4872,0.1205,0.0594,0.011,0.0574,CATEGORY_A_UPWARD_EXPANSION
43804,43812,2021-06-02 12:15:00+00:00,2021-06-02 12:55:00+00:00,9,0.75,0.5134,0.5796,0.7379,0.5002,-0.0018,0.059,0.0058,0.0462,CATEGORY_A_UPWARD_EXPANSION
43862,43871,2021-06-02 17:05:00+00:00,2021-06-02 17:50:00+00:00,10,0.83,0.5503,0.6682,0.8458,0.4862,0.1016,0.0392,0.0215,0.0221,CATEGORY_A_UPWARD_EXPANSION
43879,43888,2021-06-02 18:30:00+00:00,2021-06-02 19:15:00+00:00,10,0.83,0.6145,0.7262,0.8752,0.5181,-0.0159,0.0395,0.0212,0.0174,CATEGORY_A_UPWARD_EXPANSION
43890,43896,2021-06-02 19:25:00+00:00,2021-06-02 19:55:00+00:00,7,0.58,0.4674,0.533,0.6274,0.4795,-0.0739,0.042,0.0189,0.0188,CATEGORY_A_UPWARD_EXPANSION
43964,43974,2021-06-03 01:35:00+00:00,2021-06-03 02:25:00+00:00,11,0.92,0.5162,0.6431,1.078,0.4416,-0.0055,0.0585,0.0033,0.0075,CATEGORY_A_UPWARD_EXPANSION
43976,43983,2021-06-03 02:35:00+00:00,2021-06-03 03:10:00+00:00,8,0.67,0.557,0.5948,0.8525,0.4452,0.0307,0.0555,0.0021,0.0069,CATEGORY_A_UPWARD_EXPANSION
44045,44053,2021-06-03 08:20:00+00:00,2021-06-03 09:00:00+00:00,9,0.75,0.5766,0.6389,1.0151,0.4816,-0.0382,0.0168,0.0709,-0.06,CATEGORY_B_DOWNWARD_EXPANSION
44168,44174,2021-06-03 18:35:00+00:00,2021-06-03 19:05:00+00:00,7,0.58,0.5821,0.6286,1.2348,0.5043,-0.0318,0.0249,0.0763,-0.0361,CATEGORY_B_DOWNWARD_EXPANSION
44214,44220,2021-06-03 22:25:00+00:00,2021-06-03 22:55:00+00:00,7,0.58,0.6148,0.637,0.9871,0.4607,0.0025,0.0144,0.0858,-0.0463,CATEGORY_B_DOWNWARD_EXPANSION
44443,44448,2021-06-04 17:30:00+00:00,2021-06-04 17:55:00+00:00,6,0.5,0.5099,0.5592,0.6981,0.4712,-0.0279,0.0227,0.0494,-0.0286,CATEGORY_B_DOWNWARD_EXPANSION
44487,44493,2021-06-04 21:10:00+00:00,2021-06-04 21:40:00+00:00,7,0.58,0.5649,0.5941,1.0291,0.4271,0.0318,0.0192,0.0648,-0.0611,CATEGORY_B_DOWNWARD_EXPANSION
44870,44879,2021-06-06 05:05:00+00:00,2021-06-06 05:50:00+00:00,10,0.83,0.3332,0.4238,1.4872,0.4615,-0.0228,0.02,0.0264,0.0054,CATEGORY_B_DOWNWARD_EXPANSION
45005,45016,2021-06-06 16:20:00+00:00,2021-06-06 17:15:00+00:00,12,1.0,0.5003,0.57,1.1711,0.5254,0.0131,0.0202,0.0262,-0.0136,CATEGORY_C_FALSE_OR_CHOP
45112,45117,2021-06-07 01:15:00+00:00,2021-06-07 01:40:00+00:00,6,0.5,0.4461,0.563,1.4436,0.4533,0.0414,0.0149,0.0841,-0.0741,CATEGORY_B_DOWNWARD_EXPANSION
45130,45137,2021-06-07 02:45:00+00:00,2021-06-07 03:20:00+00:00,8,0.67,0.5522,0.5851,1.3558,0.4256,-0.0337,0.0032,0.1176,-0.1144,CATEGORY_B_DOWNWARD_EXPANSION
45499,45505,2021-06-08 09:30:00+00:00,2021-06-08 10:00:00+00:00,7,0.58,0.4057,0.5586,0.7748,0.5475,0.0181,0.0485,0.0582,0.0349,CATEGORY_C_FALSE_OR_CHOP
45656,45665,2021-06-08 22:35:00+00:00,2021-06-08 23:20:00+00:00,10,0.83,0.4675,0.5502,1.2498,0.4789,0.0333,0.1152,0.0342,0.1117,CATEGORY_A_UPWARD_EXPANSION
45955,45960,2021-06-09 23:30:00+00:00,2021-06-09 23:55:00+00:00,6,0.5,0.5078,0.5644,0.459,0.5259,-0.0259,0.0295,0.043,-0.0191,CATEGORY_B_DOWNWARD_EXPANSION
45975,45982,2021-06-10 01:10:00+00:00,2021-06-10 01:45:00+00:00,8,0.67,0.5842,0.614,1.1752,0.412,-0.1169,0.0364,0.0366,-0.0209,CATEGORY_C_FALSE_OR_CHOP
46155,46165,2021-06-10 16:10:00+00:00,2021-06-10 17:00:00+00:00,11,0.92,0.5107,0.581,0.7975,0.5203,0.0029,0.0215,0.0299,-0.0034,CATEGORY_B_DOWNWARD_EXPANSION
46239,46247,2021-06-10 23:10:00+00:00,2021-06-10 23:50:00+00:00,9,0.75,0.3814,0.4807,1.6321,0.4796,0.0238,0.0223,0.025,0.0087,CATEGORY_C_FALSE_OR_CHOP
46326,46331,2021-06-11 06:25:00+00:00,2021-06-11 06:50:00+00:00,6,0.5,0.5781,0.5999,0.9323,0.547,-0.004,0.0268,0.0462,-0.0388,CATEGORY_B_DOWNWARD_EXPANSION
46409,46415,2021-06-11 13:20:00+00:00,2021-06-11 13:50:00+00:00,7,0.58,0.2938,0.3925,0.9537,0.5582,0.0181,0.0013,0.0779,-0.0401,CATEGORY_B_DOWNWARD_EXPANSION
46454,46462,2021-06-11 17:05:00+00:00,2021-06-11 17:45:00+00:00,9,0.75,0.5954,0.637,0.8534,0.5477,0.0185,0.0168,0.0618,-0.0315,CATEGORY_B_DOWNWARD_EXPANSION
46733,46740,2021-06-12 16:20:00+00:00,2021-06-12 16:55:00+00:00,8,0.67,0.5529,0.6023,1.1743,0.4379,0.0483,0.0472,0.0215,0.0424,CATEGORY_A_UPWARD_EXPANSION
46761,46767,2021-06-12 18:40:00+00:00,2021-06-12 19:10:00+00:00,7,0.58,0.4825,0.5112,0.6575,0.5059,-0.0579,0.0491,0.0309,0.0429,CATEGORY_A_UPWARD_EXPANSION
46809,46814,2021-06-12 22:40:00+00:00,2021-06-12 23:05:00+00:00,6,0.5,0.6541,0.6866,0.9234,0.4915,0.1261,0.1013,0.028,0.0844,CATEGORY_A_UPWARD_EXPANSION
46900,46907,2021-06-13 06:15:00+00:00,2021-06-13 06:50:00+00:00,8,0.67,0.3733,0.4758,0.9347,0.5179,-0.0191,0.1299,0.0015,0.1246,CATEGORY_A_UPWARD_EXPANSION
47236,47253,2021-06-14 10:15:00+00:00,2021-06-14 11:40:00+00:00,18,1.5,0.3342,0.4295,0.7523,0.4833,-0.0723,0.0485,0.0032,0.0158,CATEGORY_A_UPWARD_EXPANSION
47386,47391,2021-06-14 22:45:00+00:00,2021-06-14 23:10:00+00:00,6,0.5,0.7053,0.7309,1.1585,0.4833,-0.0108,0.0265,0.0188,-0.0034,CATEGORY_A_UPWARD_EXPANSION
47455,47463,2021-06-15 04:30:00+00:00,2021-06-15 05:10:00+00:00,9,0.75,0.5792,0.6681,1.0757,0.4782,-0.0368,0.0231,0.022,-0.0046,CATEGORY_C_FALSE_OR_CHOP
47528,47539,2021-06-15 10:35:00+00:00,2021-06-15 11:30:00+00:00,12,1.0,0.3917,0.5441,1.6145,0.4862,0.0051,0.0366,0.0206,-0.0171,CATEGORY_A_UPWARD_EXPANSION
47587,47592,2021-06-15 15:30:00+00:00,2021-06-15 15:55:00+00:00,6,0.5,0.7738,0.797,1.2394,0.5024,0.0226,0.0316,0.0374,-0.0322,CATEGORY_C_FALSE_OR_CHOP
47594,47599,2021-06-15 16:05:00+00:00,2021-06-15 16:30:00+00:00,6,0.5,0.4855,0.5252,0.8921,0.5421,0.0549,0.03,0.0389,-0.0282,CATEGORY_C_FALSE_OR_CHOP
47657,47681,2021-06-15 21:20:00+00:00,2021-06-15 23:20:00+00:00,25,2.08,0.4262,0.5394,0.9397,0.4831,-0.0148,0.0091,0.0507,-0.0489,CATEGORY_B_DOWNWARD_EXPANSION
47756,47763,2021-06-16 05:35:00+00:00,2021-06-16 06:10:00+00:00,8,0.67,0.4269,0.5084,1.107,0.5536,0.0021,0.0077,0.0523,-0.0345,CATEGORY_B_DOWNWARD_EXPANSION
47777,47783,2021-06-16 07:20:00+00:00,2021-06-16 07:50:00+00:00,7,0.58,0.4299,0.4947,0.4989,0.4231,0.0973,0.0017,0.0516,-0.0227,CATEGORY_B_DOWNWARD_EXPANSION
48011,48016,2021-06-17 02:50:00+00:00,2021-06-17 03:15:00+00:00,6,0.5,0.4912,0.549,1.1196,0.4069,-0.1015,0.0201,0.0404,-0.0227,CATEGORY_B_DOWNWARD_EXPANSION
48311,48319,2021-06-18 03:50:00+00:00,2021-06-18 04:30:00+00:00,9,0.75,0.529,0.6316,1.3892,0.5256,0.1007,0.005,0.0831,-0.0676,CATEGORY_B_DOWNWARD_EXPANSION
48530,48538,2021-06-18 22:05:00+00:00,2021-06-18 22:45:00+00:00,9,0.75,0.5408,0.6509,0.912,0.4746,-0.0369,0.0291,0.0176,0.0052,CATEGORY_A_UPWARD_EXPANSION
48804,48812,2021-06-19 20:55:00+00:00,2021-06-19 21:35:00+00:00,9,0.75,0.7065,0.7441,0.507,0.4827,0.0111,0.0041,0.0737,-0.0083,CATEGORY_B_DOWNWARD_EXPANSION
48898,48905,2021-06-20 04:45:00+00:00,2021-06-20 05:20:00+00:00,8,0.67,0.4685,0.6826,1.1475,0.5673,0.0574,0.0083,0.0699,-0.0537,CATEGORY_B_DOWNWARD_EXPANSION
48907,48912,2021-06-20 05:30:00+00:00,2021-06-20 05:55:00+00:00,6,0.5,0.5545,0.6351,0.7881,0.3962,-0.135,0.0116,0.0669,-0.0358,CATEGORY_B_DOWNWARD_EXPANSION
49454,49459,2021-06-22 03:05:00+00:00,2021-06-22 03:30:00+00:00,6,0.5,0.4721,0.5467,0.9139,0.4886,0.1459,0.0467,0.1246,0.0273,CATEGORY_B_DOWNWARD_EXPANSION
49466,49478,2021-06-22 04:05:00+00:00,2021-06-22 05:05:00+00:00,13,1.08,0.2952,0.4525,0.9493,0.4832,0.0402,0.0471,0.1243,0.026,CATEGORY_B_DOWNWARD_EXPANSION
49730,49741,2021-06-23 02:05:00+00:00,2021-06-23 03:00:00+00:00,12,1.0,0.4266,0.5024,1.4403,0.4727,0.0453,0.0353,0.0402,-0.0317,CATEGORY_C_FALSE_OR_CHOP
49841,49848,2021-06-23 11:20:00+00:00,2021-06-23 11:55:00+00:00,8,0.67,0.3034,0.379,0.6582,0.4649,-0.0183,0.0286,0.0479,-0.0018,CATEGORY_B_DOWNWARD_EXPANSION
49880,49885,2021-06-23 14:35:00+00:00,2021-06-23 15:00:00+00:00,6,0.5,0.3202,0.3797,1.1005,0.5254,-0.0037,0.009,0.0492,0.0013,CATEGORY_B_DOWNWARD_EXPANSION
49915,49920,2021-06-23 17:30:00+00:00,2021-06-23 17:55:00+00:00,6,0.5,0.4781,0.5471,1.0836,0.4994,-0.0135,0.0435,0.039,0.0416,CATEGORY_C_FALSE_OR_CHOP
49974,49984,2021-06-23 22:25:00+00:00,2021-06-23 23:15:00+00:00,11,0.92,0.5418,0.5981,0.8376,0.4688,-0.0212,0.0552,0.0348,0.0383,CATEGORY_A_UPWARD_EXPANSION
50150,50159,2021-06-24 13:05:00+00:00,2021-06-24 13:50:00+00:00,10,0.83,0.6106,0.6533,0.8413,0.5023,0.0463,0.0466,0.0377,-0.0262,CATEGORY_C_FALSE_OR_CHOP
50166,50172,2021-06-24 14:25:00+00:00,2021-06-24 14:55:00+00:00,7,0.58,0.6484,0.7216,0.7673,0.4879,-0.0472,0.0425,0.0441,-0.0371,CATEGORY_C_FALSE_OR_CHOP
50221,50229,2021-06-24 19:00:00+00:00,2021-06-24 19:40:00+00:00,9,0.75,0.3537,0.5692,0.499,0.4754,-0.0788,0.0192,0.0956,-0.0738,CATEGORY_B_DOWNWARD_EXPANSION
50234,50239,2021-06-24 20:05:00+00:00,2021-06-24 20:30:00+00:00,6,0.5,0.5421,0.5905,0.6921,0.4562,0.0295,0.0228,0.0925,-0.0713,CATEGORY_B_DOWNWARD_EXPANSION
50245,50252,2021-06-24 21:00:00+00:00,2021-06-24 21:35:00+00:00,8,0.67,0.6473,0.6947,1.0152,0.5364,-0.0049,0.0219,0.0932,-0.0784,CATEGORY_B_DOWNWARD_EXPANSION
50320,50325,2021-06-25 03:15:00+00:00,2021-06-25 03:40:00+00:00,6,0.5,0.6548,0.7324,0.6956,0.4785,0.0629,0.0078,0.105,-0.0805,CATEGORY_B_DOWNWARD_EXPANSION
50593,50600,2021-06-26 02:00:00+00:00,2021-06-26 02:35:00+00:00,8,0.67,0.6619,0.6939,0.9852,0.442,-0.0314,0.0473,0.0489,0.0375,CATEGORY_C_FALSE_OR_CHOP
50798,50808,2021-06-26 19:05:00+00:00,2021-06-26 19:55:00+00:00,11,0.92,0.4784,0.5406,1.0825,0.5095,-0.0438,0.0634,0.0212,0.0393,CATEGORY_A_UPWARD_EXPANSION
50813,50820,2021-06-26 20:20:00+00:00,2021-06-26 20:55:00+00:00,8,0.67,0.6858,0.7119,0.5854,0.5054,-0.0373,0.0726,0.0126,0.0424,CATEGORY_A_UPWARD_EXPANSION
50912,50920,2021-06-27 04:35:00+00:00,2021-06-27 05:15:00+00:00,9,0.75,0.5228,0.6202,1.6042,0.5125,0.0207,0.0552,0.0264,0.0389,CATEGORY_A_UPWARD_EXPANSION
51056,51072,2021-06-27 16:35:00+00:00,2021-06-27 17:55:00+00:00,17,1.42,0.5535,0.6733,0.6429,0.4794,-0.0027,0.0689,0.0202,0.0355,CATEGORY_A_UPWARD_EXPANSION
51170,51177,2021-06-28 02:05:00+00:00,2021-06-28 02:40:00+00:00,8,0.67,0.733,0.7938,1.2426,0.5203,0.0305,0.0229,0.0187,-0.0042,CATEGORY_C_FALSE_OR_CHOP
51186,51192,2021-06-28 03:25:00+00:00,2021-06-28 03:55:00+00:00,7,0.58,0.4252,0.4613,1.2016,0.4616,-0.0637,0.0261,0.0156,0.0052,CATEGORY_A_UPWARD_EXPANSION
51201,51207,2021-06-28 04:40:00+00:00,2021-06-28 05:10:00+00:00,7,0.58,0.6185,0.6333,1.0882,0.4923,0.0432,0.0243,0.0173,0.007,CATEGORY_A_UPWARD_EXPANSION
51402,51407,2021-06-28 21:25:00+00:00,2021-06-28 21:50:00+00:00,6,0.5,0.6361,0.6626,1.1408,0.5275,-0.001,0.0546,0.0171,0.0454,CATEGORY_A_UPWARD_EXPANSION
51554,51559,2021-06-29 10:05:00+00:00,2021-06-29 10:30:00+00:00,6,0.5,0.4376,0.6,1.0219,0.5187,-0.0405,0.037,0.0253,-0.0144,CATEGORY_A_UPWARD_EXPANSION
51609,51617,2021-06-29 14:40:00+00:00,2021-06-29 15:20:00+00:00,9,0.75,0.7164,0.7497,0.912,0.4711,0.0165,0.0087,0.0588,-0.0552,CATEGORY_B_DOWNWARD_EXPANSION
51660,51670,2021-06-29 18:55:00+00:00,2021-06-29 19:45:00+00:00,11,0.92,0.3832,0.5037,0.865,0.4804,-0.0321,0.0057,0.0625,-0.0421,CATEGORY_B_DOWNWARD_EXPANSION
51676,51681,2021-06-29 20:15:00+00:00,2021-06-29 20:40:00+00:00,6,0.5,0.5538,0.5653,0.5372,0.4222,0.05,0.0014,0.063,-0.0364,CATEGORY_B_DOWNWARD_EXPANSION
51691,51696,2021-06-29 21:30:00+00:00,2021-06-29 21:55:00+00:00,6,0.5,0.6058,0.6346,0.9304,0.57,-0.0166,0.0008,0.0613,-0.0396,CATEGORY_B_DOWNWARD_EXPANSION
51747,51752,2021-06-30 02:10:00+00:00,2021-06-30 02:35:00+00:00,6,0.5,0.5928,0.6309,0.8402,0.4991,-0.0776,0.0028,0.0502,-0.0403,CATEGORY_B_DOWNWARD_EXPANSION
51885,51891,2021-06-30 13:40:00+00:00,2021-06-30 14:10:00+00:00,7,0.58,0.5318,0.623,1.3616,0.5179,0.0954,0.0131,0.0501,-0.0335,CATEGORY_B_DOWNWARD_EXPANSION
51894,51900,2021-06-30 14:25:00+00:00,2021-06-30 14:55:00+00:00,7,0.58,0.6792,0.7031,0.7248,0.5005,-0.0101,0.0172,0.0462,-0.0402,CATEGORY_B_DOWNWARD_EXPANSION
51997,52002,2021-06-30 23:00:00+00:00,2021-06-30 23:25:00+00:00,6,0.5,0.589,0.6207,0.5136,0.4886,-0.1691,0.0058,0.0652,-0.0435,CATEGORY_B_DOWNWARD_EXPANSION
52014,52019,2021-07-01 00:25:00+00:00,2021-07-01 00:50:00+00:00,6,0.5,0.5903,0.6419,0.5019,0.4804,-0.1642,0.0067,0.06,-0.0324,CATEGORY_B_DOWNWARD_EXPANSION
52064,52071,2021-07-01 04:35:00+00:00,2021-07-01 05:10:00+00:00,8,0.67,0.5934,0.7051,1.1194,0.5628,-0.0431,0.0044,0.0468,-0.0365,CATEGORY_B_DOWNWARD_EXPANSION
52073,52078,2021-07-01 05:20:00+00:00,2021-07-01 05:45:00+00:00,6,0.5,0.618,0.6602,1.275,0.531,-0.0267,0.0044,0.0471,-0.0449,CATEGORY_B_DOWNWARD_EXPANSION
52278,52283,2021-07-01 22:25:00+00:00,2021-07-01 22:50:00+00:00,6,0.5,0.5034,0.5959,0.7793,0.5182,-0.0568,0.0113,0.0267,0.0019,CATEGORY_B_DOWNWARD_EXPANSION
52383,52389,2021-07-02 07:10:00+00:00,2021-07-02 07:40:00+00:00,7,0.58,0.4467,0.6625,0.9052,0.5249,0.0714,0.0395,0.0126,0.0355,CATEGORY_A_UPWARD_EXPANSION
52503,52509,2021-07-02 17:10:00+00:00,2021-07-02 17:40:00+00:00,7,0.58,0.7743,0.7881,0.8246,0.52,-0.0473,0.0436,0.0133,0.0428,CATEGORY_A_UPWARD_EXPANSION
52518,52523,2021-07-02 18:25:00+00:00,2021-07-02 18:50:00+00:00,6,0.5,0.4384,0.4962,0.8589,0.5536,0.037,0.0468,0.0102,0.0397,CATEGORY_A_UPWARD_EXPANSION
52562,52569,2021-07-02 22:05:00+00:00,2021-07-02 22:40:00+00:00,8,0.67,0.3587,0.5041,1.2376,0.5433,0.0618,0.0416,0.007,0.0254,CATEGORY_A_UPWARD_EXPANSION
52611,52616,2021-07-03 02:10:00+00:00,2021-07-03 02:35:00+00:00,6,0.5,0.5364,0.5661,1.0848,0.445,0.0456,0.04,0.0085,0.0293,CATEGORY_A_UPWARD_EXPANSION
52781,52792,2021-07-03 16:20:00+00:00,2021-07-03 17:15:00+00:00,12,1.0,0.6264,0.7337,0.7817,0.5117,-0.0063,0.0336,0.0091,0.0256,CATEGORY_A_UPWARD_EXPANSION
52815,52822,2021-07-03 19:10:00+00:00,2021-07-03 19:45:00+00:00,8,0.67,0.5545,0.6309,1.0117,0.4444,-0.0031,0.0298,0.0127,0.0238,CATEGORY_A_UPWARD_EXPANSION
52904,52909,2021-07-04 02:35:00+00:00,2021-07-04 03:00:00+00:00,6,0.5,0.5595,0.5841,0.9792,0.547,-0.0807,0.0399,0.0092,-0.0049,CATEGORY_A_UPWARD_EXPANSION
52996,53004,2021-07-04 10:15:00+00:00,2021-07-04 10:55:00+00:00,9,0.75,0.424,0.4982,1.3292,0.5261,0.0584,0.0109,0.0444,-0.031,CATEGORY_B_DOWNWARD_EXPANSION
53363,53370,2021-07-05 16:50:00+00:00,2021-07-05 17:25:00+00:00,8,0.67,0.4564,0.5074,1.0355,0.4599,0.0045,0.0456,0.0138,0.008,CATEGORY_A_UPWARD_EXPANSION
53395,53404,2021-07-05 19:30:00+00:00,2021-07-05 20:15:00+00:00,10,0.83,0.6004,0.6369,1.1862,0.5078,0.0216,0.031,0.0156,-0.0033,CATEGORY_A_UPWARD_EXPANSION
53435,53440,2021-07-05 22:50:00+00:00,2021-07-05 23:15:00+00:00,6,0.5,0.5616,0.647,0.7929,0.4689,-0.153,0.0324,0.0143,0.0038,CATEGORY_A_UPWARD_EXPANSION
53487,53496,2021-07-06 03:10:00+00:00,2021-07-06 03:55:00+00:00,10,0.83,0.4514,0.5827,0.8023,0.5244,-0.0457,0.0353,0.0115,0.0155,CATEGORY_A_UPWARD_EXPANSION
53524,53529,2021-07-06 06:15:00+00:00,2021-07-06 06:40:00+00:00,6,0.5,0.5363,0.5913,0.8047,0.514,-0.021,0.0109,0.0347,0.0005,CATEGORY_B_DOWNWARD_EXPANSION
53531,53541,2021-07-06 06:50:00+00:00,2021-07-06 07:40:00+00:00,11,0.92,0.5748,0.5968,0.6283,0.5038,0.006,0.0095,0.0362,0.0005,CATEGORY_B_DOWNWARD_EXPANSION
53678,53685,2021-07-06 19:05:00+00:00,2021-07-06 19:40:00+00:00,8,0.67,0.4953,0.5259,0.7881,0.4941,-0.037,0.0318,0.0103,0.0194,CATEGORY_A_UPWARD_EXPANSION
53726,53733,2021-07-06 23:05:00+00:00,2021-07-06 23:40:00+00:00,8,0.67,0.4788,0.5302,0.6568,0.4397,-0.0641,0.0274,0.0092,-0.0077,CATEGORY_A_UPWARD_EXPANSION
53848,53853,2021-07-07 09:15:00+00:00,2021-07-07 09:40:00+00:00,6,0.5,0.5064,0.5241,0.7149,0.5008,0.0693,0.0076,0.0737,-0.0637,CATEGORY_B_DOWNWARD_EXPANSION
53905,53912,2021-07-07 14:00:00+00:00,2021-07-07 14:35:00+00:00,8,0.67,0.4394,0.5518,1.1535,0.449,0.0483,0.0039,0.0743,-0.0597,CATEGORY_B_DOWNWARD_EXPANSION
53932,53938,2021-07-07 16:15:00+00:00,2021-07-07 16:45:00+00:00,7,0.58,0.5283,0.6292,0.7805,0.4995,0.031,0.0049,0.0733,-0.0509,CATEGORY_B_DOWNWARD_EXPANSION
53940,53949,2021-07-07 16:55:00+00:00,2021-07-07 17:40:00+00:00,10,0.83,0.5014,0.5648,1.1816,0.412,-0.0213,0.0072,0.0712,-0.0464,CATEGORY_B_DOWNWARD_EXPANSION
53956,53964,2021-07-07 18:15:00+00:00,2021-07-07 18:55:00+00:00,9,0.75,0.5395,0.6823,1.2392,0.4965,0.1589,0.0019,0.0751,-0.0531,CATEGORY_B_DOWNWARD_EXPANSION
54242,54249,2021-07-08 18:05:00+00:00,2021-07-08 18:40:00+00:00,8,0.67,0.3243,0.4536,1.0073,0.4754,-0.0473,0.026,0.0177,0.0177,CATEGORY_A_UPWARD_EXPANSION
54512,54518,2021-07-09 16:35:00+00:00,2021-07-09 17:05:00+00:00,7,0.58,0.6461,0.754,1.2497,0.4451,-0.0134,0.0237,0.0055,0.0126,CATEGORY_A_UPWARD_EXPANSION
54525,54530,2021-07-09 17:40:00+00:00,2021-07-09 18:05:00+00:00,6,0.5,0.4872,0.5161,0.6453,0.4521,-0.023,0.0242,0.0068,-0.002,CATEGORY_A_UPWARD_EXPANSION
54564,54570,2021-07-09 20:55:00+00:00,2021-07-09 21:25:00+00:00,7,0.58,0.5122,0.6017,1.215,0.5134,-0.018,0.0226,0.0149,-0.0041,CATEGORY_A_UPWARD_EXPANSION
54645,54656,2021-07-10 03:40:00+00:00,2021-07-10 04:35:00+00:00,12,1.0,0.5589,0.6196,0.9144,0.5087,0.1174,0.0109,0.0242,-0.0128,CATEGORY_B_DOWNWARD_EXPANSION
54821,54828,2021-07-10 18:20:00+00:00,2021-07-10 18:55:00+00:00,8,0.67,0.5751,0.6173,0.7912,0.5326,-0.0035,0.0196,0.0138,0.0147,CATEGORY_C_FALSE_OR_CHOP
54857,54866,2021-07-10 21:20:00+00:00,2021-07-10 22:05:00+00:00,10,0.83,0.5999,0.6842,1.0831,0.5083,-0.0772,0.0363,0.0043,0.0315,CATEGORY_A_UPWARD_EXPANSION
54957,54963,2021-07-11 05:40:00+00:00,2021-07-11 06:10:00+00:00,7,0.58,0.4347,0.5806,0.7595,0.5412,0.0561,0.0318,0.0071,0.0194,CATEGORY_A_UPWARD_EXPANSION
55027,55032,2021-07-11 11:30:00+00:00,2021-07-11 11:55:00+00:00,6,0.5,0.5851,0.5917,1.0808,0.5631,0.2537,0.0255,0.0086,-0.0084,CATEGORY_A_UPWARD_EXPANSION
55102,55107,2021-07-11 17:45:00+00:00,2021-07-11 18:10:00+00:00,6,0.5,0.7023,0.7299,1.5846,0.4656,-0.0242,0.0243,0.0238,-0.022,CATEGORY_C_FALSE_OR_CHOP
55116,55121,2021-07-11 18:55:00+00:00,2021-07-11 19:20:00+00:00,6,0.5,0.6548,0.6904,0.8688,0.418,0.0131,0.0215,0.0312,-0.0259,CATEGORY_B_DOWNWARD_EXPANSION
55162,55171,2021-07-11 22:45:00+00:00,2021-07-11 23:30:00+00:00,10,0.83,0.4906,0.5693,1.3287,0.4452,0.0211,0.0113,0.0476,-0.0343,CATEGORY_B_DOWNWARD_EXPANSION
55568,55574,2021-07-13 08:35:00+00:00,2021-07-13 09:05:00+00:00,7,0.58,0.6867,0.7078,0.8906,0.553,-0.0019,0.0048,0.0492,-0.0295,CATEGORY_B_DOWNWARD_EXPANSION
55645,55653,2021-07-13 15:00:00+00:00,2021-07-13 15:40:00+00:00,9,0.75,0.5899,0.6405,1.4502,0.4841,-0.0759,0.0083,0.0348,0.0025,CATEGORY_B_DOWNWARD_EXPANSION
55894,55899,2021-07-14 11:45:00+00:00,2021-07-14 12:10:00+00:00,6,0.5,0.5267,0.5743,1.1862,0.4963,-0.0311,0.0236,0.0249,-0.0209,CATEGORY_C_FALSE_OR_CHOP
55941,55947,2021-07-14 15:40:00+00:00,2021-07-14 16:10:00+00:00,7,0.58,0.4906,0.565,0.5358,0.5218,0.0381,0.0115,0.0413,-0.0361,CATEGORY_B_DOWNWARD_EXPANSION
55954,55959,2021-07-14 16:45:00+00:00,2021-07-14 17:10:00+00:00,6,0.5,0.5886,0.5963,1.217,0.4583,-0.0186,0.0091,0.0509,-0.0487,CATEGORY_B_DOWNWARD_EXPANSION
55994,56004,2021-07-14 20:05:00+00:00,2021-07-14 20:55:00+00:00,11,0.92,0.3963,0.4343,1.1424,0.5426,-0.0495,0.0117,0.0508,-0.032,CATEGORY_B_DOWNWARD_EXPANSION
56009,56015,2021-07-14 21:20:00+00:00,2021-07-14 21:50:00+00:00,7,0.58,0.3319,0.3949,0.7214,0.477,0.0808,0.009,0.0534,-0.0345,CATEGORY_B_DOWNWARD_EXPANSION
56073,56079,2021-07-15 02:40:00+00:00,2021-07-15 03:10:00+00:00,7,0.58,0.4365,0.5183,0.9807,0.4981,-0.063,0.0033,0.0472,-0.0216,CATEGORY_B_DOWNWARD_EXPANSION
56293,56303,2021-07-15 21:00:00+00:00,2021-07-15 21:50:00+00:00,11,0.92,0.2969,0.5757,0.9149,0.4165,-0.0237,0.0157,0.0231,0.0008,CATEGORY_B_DOWNWARD_EXPANSION
56345,56353,2021-07-16 01:20:00+00:00,2021-07-16 02:00:00+00:00,9,0.75,0.3698,0.4824,0.9841,0.5104,0.0443,0.012,0.0266,-0.0166,CATEGORY_B_DOWNWARD_EXPANSION
56497,56502,2021-07-16 14:00:00+00:00,2021-07-16 14:25:00+00:00,6,0.5,0.5935,0.6267,1.3792,0.5108,0.0719,0.01,0.024,-0.0077,CATEGORY_B_DOWNWARD_EXPANSION
56586,56591,2021-07-16 21:25:00+00:00,2021-07-16 21:50:00+00:00,6,0.5,0.5157,0.6038,1.1752,0.5367,0.1069,0.0056,0.0193,-0.0018,CATEGORY_C_FALSE_OR_CHOP
56668,56674,2021-07-17 04:15:00+00:00,2021-07-17 04:45:00+00:00,7,0.58,0.64,0.6514,0.9317,0.4941,-0.0075,0.0356,0.0022,0.024,CATEGORY_A_UPWARD_EXPANSION
56681,56688,2021-07-17 05:20:00+00:00,2021-07-17 05:55:00+00:00,8,0.67,0.4479,0.5571,0.5577,0.501,-0.0105,0.0301,0.0075,0.0182,CATEGORY_A_UPWARD_EXPANSION
56693,56703,2021-07-17 06:20:00+00:00,2021-07-17 07:10:00+00:00,11,0.92,0.4452,0.6236,1.172,0.4937,0.0423,0.0287,0.0089,0.0105,CATEGORY_A_UPWARD_EXPANSION
56752,56757,2021-07-17 11:15:00+00:00,2021-07-17 11:40:00+00:00,6,0.5,0.5769,0.6207,1.0903,0.4827,0.1124,0.0328,0.0029,0.0123,CATEGORY_A_UPWARD_EXPANSION
56770,56775,2021-07-17 12:45:00+00:00,2021-07-17 13:10:00+00:00,6,0.5,0.4721,0.5218,0.8163,0.5149,-0.0991,0.028,0.0067,0.005,CATEGORY_A_UPWARD_EXPANSION
56862,56868,2021-07-17 20:25:00+00:00,2021-07-17 20:55:00+00:00,7,0.58,0.2511,0.3518,0.7523,0.4441,-0.1689,0.0224,0.0194,-0.0029,CATEGORY_C_FALSE_OR_CHOP
56941,56952,2021-07-18 03:00:00+00:00,2021-07-18 03:55:00+00:00,12,1.0,0.4669,0.5697,1.0003,0.5034,0.0224,0.0008,0.0329,-0.0194,CATEGORY_B_DOWNWARD_EXPANSION
56967,56977,2021-07-18 05:10:00+00:00,2021-07-18 06:00:00+00:00,11,0.92,0.3987,0.4593,1.1199,0.4312,-0.0798,0.0,0.0292,-0.0074,CATEGORY_B_DOWNWARD_EXPANSION
57138,57144,2021-07-18 19:25:00+00:00,2021-07-18 19:55:00+00:00,7,0.58,0.6486,0.6867,0.9052,0.4705,0.0187,0.0095,0.0391,-0.0284,CATEGORY_B_DOWNWARD_EXPANSION
57149,57155,2021-07-18 20:20:00+00:00,2021-07-18 20:50:00+00:00,7,0.58,0.634,0.6483,1.0622,0.4733,0.0771,0.0076,0.0408,-0.0296,CATEGORY_B_DOWNWARD_EXPANSION
57274,57279,2021-07-19 06:45:00+00:00,2021-07-19 07:10:00+00:00,6,0.5,0.5696,0.5854,0.6819,0.4695,0.0598,0.0023,0.0718,-0.0613,CATEGORY_B_DOWNWARD_EXPANSION
57405,57411,2021-07-19 17:40:00+00:00,2021-07-19 18:10:00+00:00,7,0.58,0.4307,0.4592,1.4565,0.4516,0.086,0.0094,0.0486,-0.034,CATEGORY_B_DOWNWARD_EXPANSION
57436,57442,2021-07-19 20:15:00+00:00,2021-07-19 20:45:00+00:00,7,0.58,0.4285,0.4804,1.198,0.5252,0.0403,0.0081,0.0499,-0.0304,CATEGORY_B_DOWNWARD_EXPANSION
57701,57708,2021-07-20 18:20:00+00:00,2021-07-20 18:55:00+00:00,8,0.67,0.3472,0.4029,1.1485,0.4897,-0.0198,0.1034,0.0099,0.0675,CATEGORY_A_UPWARD_EXPANSION
57797,57802,2021-07-21 02:20:00+00:00,2021-07-21 02:45:00+00:00,6,0.5,0.4311,0.4572,1.6722,0.5192,-0.0151,0.1004,0.0027,0.0669,CATEGORY_A_UPWARD_EXPANSION
57926,57935,2021-07-21 13:05:00+00:00,2021-07-21 13:50:00+00:00,10,0.83,0.5129,0.544,1.3147,0.5258,-0.0386,0.0428,0.0022,0.0171,CATEGORY_A_UPWARD_EXPANSION
58118,58125,2021-07-22 05:05:00+00:00,2021-07-22 05:40:00+00:00,8,0.67,0.375,0.4708,0.9461,0.5054,0.0282,0.0304,0.0074,0.0223,CATEGORY_A_UPWARD_EXPANSION
58221,58230,2021-07-22 13:40:00+00:00,2021-07-22 14:25:00+00:00,10,0.83,0.3889,0.4895,0.9711,0.5211,0.0527,0.0257,0.0036,0.0138,CATEGORY_A_UPWARD_EXPANSION
58254,58266,2021-07-22 16:25:00+00:00,2021-07-22 17:25:00+00:00,13,1.08,0.5343,0.574,0.8094,0.4772,0.0826,0.0158,0.0148,-0.0092,CATEGORY_C_FALSE_OR_CHOP
58285,58290,2021-07-22 19:00:00+00:00,2021-07-22 19:25:00+00:00,6,0.5,0.4922,0.5366,0.9782,0.4922,-0.02,0.0197,0.011,-0.0022,CATEGORY_C_FALSE_OR_CHOP
58382,58387,2021-07-23 03:05:00+00:00,2021-07-23 03:30:00+00:00,6,0.5,0.5855,0.6751,1.0967,0.464,-0.1575,0.0372,0.0198,0.0307,CATEGORY_A_UPWARD_EXPANSION
58389,58398,2021-07-23 03:40:00+00:00,2021-07-23 04:25:00+00:00,10,0.83,0.4058,0.4903,1.1293,0.4643,0.0525,0.0345,0.0224,0.0312,CATEGORY_A_UPWARD_EXPANSION
58674,58679,2021-07-24 03:25:00+00:00,2021-07-24 03:50:00+00:00,6,0.5,0.5856,0.6787,1.2667,0.5578,-0.1193,0.0255,0.0029,0.0167,CATEGORY_A_UPWARD_EXPANSION
58760,58766,2021-07-24 10:35:00+00:00,2021-07-24 11:05:00+00:00,7,0.58,0.6852,0.7208,0.8322,0.5524,-0.0789,0.0284,0.0051,0.0168,CATEGORY_A_UPWARD_EXPANSION
58857,58864,2021-07-24 18:40:00+00:00,2021-07-24 19:15:00+00:00,8,0.67,0.6663,0.6806,1.0518,0.5119,0.1114,0.0169,0.0162,0.0052,CATEGORY_C_FALSE_OR_CHOP
58998,59006,2021-07-25 06:25:00+00:00,2021-07-25 07:05:00+00:00,9,0.75,0.6781,0.708,1.6633,0.5276,-0.0857,0.1524,0.0195,0.121,CATEGORY_A_UPWARD_EXPANSION
59143,59148,2021-07-25 18:30:00+00:00,2021-07-25 18:55:00+00:00,6,0.5,0.7598,0.7757,0.6984,0.5238,-0.018,0.1625,0.0064,0.1541,CATEGORY_A_UPWARD_EXPANSION
59169,59175,2021-07-25 20:40:00+00:00,2021-07-25 21:10:00+00:00,7,0.58,0.4826,0.6293,0.7935,0.4861,0.0024,0.1778,0.0003,0.0948,CATEGORY_A_UPWARD_EXPANSION
59389,59396,2021-07-26 15:00:00+00:00,2021-07-26 15:35:00+00:00,8,0.67,0.2919,0.3094,1.5655,0.5296,0.0279,0.0532,0.0551,-0.0126,CATEGORY_C_FALSE_OR_CHOP
59609,59614,2021-07-27 09:20:00+00:00,2021-07-27 09:45:00+00:00,6,0.5,0.4725,0.4933,1.2977,0.5067,0.0086,0.0776,0.0049,0.0632,CATEGORY_A_UPWARD_EXPANSION
59628,59634,2021-07-27 10:55:00+00:00,2021-07-27 11:25:00+00:00,7,0.58,0.4784,0.492,0.9156,0.4855,0.0316,0.0753,0.0078,0.0751,CATEGORY_A_UPWARD_EXPANSION
59965,59973,2021-07-28 15:00:00+00:00,2021-07-28 15:40:00+00:00,9,0.75,0.7287,0.766,0.776,0.4706,0.0372,0.0219,0.026,0.002,CATEGORY_C_FALSE_OR_CHOP
59979,59985,2021-07-28 16:10:00+00:00,2021-07-28 16:40:00+00:00,7,0.58,0.576,0.5948,0.9785,0.5321,0.0389,0.0223,0.0256,0.0012,CATEGORY_C_FALSE_OR_CHOP
60043,60048,2021-07-28 21:30:00+00:00,2021-07-28 21:55:00+00:00,6,0.5,0.4697,0.643,0.8753,0.4913,0.0568,0.0136,0.0223,-0.0139,CATEGORY_B_DOWNWARD_EXPANSION
60114,60120,2021-07-29 03:25:00+00:00,2021-07-29 03:55:00+00:00,7,0.58,0.4972,0.6061,0.6802,0.4693,-0.0603,0.026,0.0055,0.0091,CATEGORY_A_UPWARD_EXPANSION
60128,60134,2021-07-29 04:35:00+00:00,2021-07-29 05:05:00+00:00,7,0.58,0.6761,0.698,0.6748,0.506,-0.1122,0.0184,0.013,-0.0033,CATEGORY_C_FALSE_OR_CHOP
60144,60155,2021-07-29 05:55:00+00:00,2021-07-29 06:50:00+00:00,12,1.0,0.3921,0.5944,0.8318,0.5039,-0.0653,0.0148,0.0164,-0.0062,CATEGORY_C_FALSE_OR_CHOP
60269,60286,2021-07-29 16:20:00+00:00,2021-07-29 17:45:00+00:00,18,1.5,0.3535,0.4861,0.7359,0.472,0.099,0.0167,0.0363,-0.0181,CATEGORY_B_DOWNWARD_EXPANSION
60318,60329,2021-07-29 20:25:00+00:00,2021-07-29 21:20:00+00:00,12,1.0,0.5626,0.6445,1.0793,0.5344,0.0819,0.05,0.033,0.0315,CATEGORY_A_UPWARD_EXPANSION
60341,60346,2021-07-29 22:20:00+00:00,2021-07-29 22:45:00+00:00,6,0.5,0.3903,0.4504,0.9421,0.5137,0.0865,0.0459,0.0368,0.0386,CATEGORY_C_FALSE_OR_CHOP
60377,60384,2021-07-30 01:20:00+00:00,2021-07-30 01:55:00+00:00,8,0.67,0.601,0.6307,1.9368,0.4671,0.0786,0.0586,0.0445,0.0465,CATEGORY_A_UPWARD_EXPANSION
60389,60402,2021-07-30 02:20:00+00:00,2021-07-30 03:25:00+00:00,14,1.17,0.4877,0.589,0.5305,0.4617,0.0925,0.0586,0.0446,0.0434,CATEGORY_A_UPWARD_EXPANSION
60436,60448,2021-07-30 06:15:00+00:00,2021-07-30 07:15:00+00:00,13,1.08,0.467,0.5419,0.9256,0.4861,-0.0273,0.0657,0.0381,0.0441,CATEGORY_A_UPWARD_EXPANSION
60571,60577,2021-07-30 17:30:00+00:00,2021-07-30 18:00:00+00:00,7,0.58,0.4867,0.5087,1.1363,0.4723,0.1133,0.0878,0.0037,0.0549,CATEGORY_A_UPWARD_EXPANSION
60734,60744,2021-07-31 07:05:00+00:00,2021-07-31 07:55:00+00:00,11,0.92,0.3808,0.4242,0.8318,0.5157,0.0313,0.0255,0.013,0.0039,CATEGORY_A_UPWARD_EXPANSION
60753,60758,2021-07-31 08:40:00+00:00,2021-07-31 09:05:00+00:00,6,0.5,0.445,0.5327,1.0314,0.4695,-0.0329,0.0221,0.0162,0.0048,CATEGORY_A_UPWARD_EXPANSION
60800,60805,2021-07-31 12:35:00+00:00,2021-07-31 13:00:00+00:00,6,0.5,0.4852,0.5125,0.9776,0.4838,0.1361,0.0234,0.015,-0.0011,CATEGORY_A_UPWARD_EXPANSION
60845,60853,2021-07-31 16:20:00+00:00,2021-07-31 17:00:00+00:00,9,0.75,0.4278,0.4843,0.6977,0.4758,-0.0334,0.0308,0.0148,0.0002,CATEGORY_A_UPWARD_EXPANSION
60874,60879,2021-07-31 18:45:00+00:00,2021-07-31 19:10:00+00:00,6,0.5,0.4808,0.5167,1.0535,0.4792,-0.1678,0.0306,0.015,-0.0119,CATEGORY_A_UPWARD_EXPANSION
60962,60972,2021-08-01 02:05:00+00:00,2021-08-01 02:55:00+00:00,11,0.92,0.5705,0.6538,2.5167,0.5151,0.0723,0.0189,0.0612,-0.0484,CATEGORY_B_DOWNWARD_EXPANSION
61291,61301,2021-08-02 05:30:00+00:00,2021-08-02 06:20:00+00:00,11,0.92,0.2924,0.4154,0.9641,0.5308,0.0233,0.0186,0.045,-0.0341,CATEGORY_B_DOWNWARD_EXPANSION
61450,61455,2021-08-02 18:45:00+00:00,2021-08-02 19:10:00+00:00,6,0.5,0.456,0.5438,1.5165,0.5092,0.0572,0.0026,0.0513,-0.0376,CATEGORY_B_DOWNWARD_EXPANSION
61497,61505,2021-08-02 22:40:00+00:00,2021-08-02 23:20:00+00:00,9,0.75,0.4438,0.5387,1.3134,0.5563,0.045,0.01,0.0443,-0.0246,CATEGORY_B_DOWNWARD_EXPANSION
61588,61596,2021-08-03 06:15:00+00:00,2021-08-03 06:55:00+00:00,9,0.75,0.472,0.5924,1.2474,0.5414,0.0214,0.0118,0.0186,-0.0141,CATEGORY_C_FALSE_OR_CHOP
61681,61689,2021-08-03 14:00:00+00:00,2021-08-03 14:40:00+00:00,9,0.75,0.534,0.6023,1.1457,0.4814,-0.001,0.0198,0.0252,0.0136,CATEGORY_C_FALSE_OR_CHOP
61918,61925,2021-08-04 09:45:00+00:00,2021-08-04 10:20:00+00:00,8,0.67,0.4804,0.5836,0.9353,0.5001,-0.0647,0.0582,0.0007,0.0093,CATEGORY_A_UPWARD_EXPANSION
62044,62051,2021-08-04 20:15:00+00:00,2021-08-04 20:50:00+00:00,8,0.67,0.6863,0.7714,0.8675,0.5348,0.0341,0.0433,0.058,0.0334,CATEGORY_B_DOWNWARD_EXPANSION
62137,62148,2021-08-05 04:00:00+00:00,2021-08-05 04:55:00+00:00,12,1.0,0.449,0.5589,0.9682,0.4968,-0.0169,0.0505,0.0516,0.0204,CATEGORY_C_FALSE_OR_CHOP
62153,62160,2021-08-05 05:20:00+00:00,2021-08-05 05:55:00+00:00,8,0.67,0.5368,0.5579,1.3331,0.4492,-0.0433,0.05,0.0521,0.0297,CATEGORY_C_FALSE_OR_CHOP
62445,62450,2021-08-06 05:40:00+00:00,2021-08-06 06:05:00+00:00,6,0.5,0.5836,0.6075,1.1493,0.5292,0.0273,0.0826,0.0069,0.0694,CATEGORY_A_UPWARD_EXPANSION
62485,62491,2021-08-06 09:00:00+00:00,2021-08-06 09:30:00+00:00,7,0.58,0.601,0.6751,1.4629,0.4345,-0.1497,0.0764,0.0126,0.0709,CATEGORY_A_UPWARD_EXPANSION
62535,62543,2021-08-06 13:10:00+00:00,2021-08-06 13:50:00+00:00,9,0.75,0.4247,0.6481,0.756,0.5016,-0.0281,0.0918,0.0039,0.0602,CATEGORY_A_UPWARD_EXPANSION
62546,62556,2021-08-06 14:05:00+00:00,2021-08-06 14:55:00+00:00,11,0.92,0.5786,0.6227,1.0281,0.4983,0.0235,0.0926,0.0019,0.0665,CATEGORY_A_UPWARD_EXPANSION
62654,62659,2021-08-06 23:05:00+00:00,2021-08-06 23:30:00+00:00,6,0.5,0.4547,0.5571,1.2518,0.5451,0.0914,0.0424,0.007,0.0387,CATEGORY_A_UPWARD_EXPANSION
62887,62900,2021-08-07 18:30:00+00:00,2021-08-07 19:35:00+00:00,14,1.17,0.5023,0.6067,1.1464,0.4975,0.0393,0.0388,0.0082,0.0017,CATEGORY_A_UPWARD_EXPANSION
62941,62946,2021-08-07 23:00:00+00:00,2021-08-07 23:25:00+00:00,6,0.5,0.6567,0.6648,1.1063,0.5708,0.0135,0.0246,0.0218,-0.003,CATEGORY_C_FALSE_OR_CHOP
62995,63006,2021-08-08 03:30:00+00:00,2021-08-08 04:25:00+00:00,12,1.0,0.5057,0.5938,1.1477,0.5129,0.0059,0.0184,0.0385,-0.025,CATEGORY_B_DOWNWARD_EXPANSION
63222,63227,2021-08-08 22:25:00+00:00,2021-08-08 22:50:00+00:00,6,0.5,0.6573,0.7021,0.7664,0.5054,0.055,0.0489,0.0341,0.0431,CATEGORY_A_UPWARD_EXPANSION
63274,63284,2021-08-09 02:45:00+00:00,2021-08-09 03:35:00+00:00,11,0.92,0.6057,0.6634,0.842,0.4501,0.0408,0.0748,0.005,0.0527,CATEGORY_A_UPWARD_EXPANSION
63303,63309,2021-08-09 05:10:00+00:00,2021-08-09 05:40:00+00:00,7,0.58,0.5437,0.6574,1.0317,0.4229,0.0056,0.0735,0.0055,0.0498,CATEGORY_A_UPWARD_EXPANSION
63345,63350,2021-08-09 08:40:00+00:00,2021-08-09 09:05:00+00:00,6,0.5,0.4952,0.5763,0.7871,0.4876,0.0852,0.0682,0.0,0.0533,CATEGORY_A_UPWARD_EXPANSION
63400,63405,2021-08-09 13:15:00+00:00,2021-08-09 13:40:00+00:00,6,0.5,0.527,0.5624,1.2146,0.5642,-0.1065,0.0205,0.0188,-0.0057,CATEGORY_C_FALSE_OR_CHOP
63427,63432,2021-08-09 15:30:00+00:00,2021-08-09 15:55:00+00:00,6,0.5,0.5153,0.5399,0.5505,0.4916,-0.0062,0.0181,0.0221,-0.0154,CATEGORY_C_FALSE_OR_CHOP
63562,63567,2021-08-10 02:45:00+00:00,2021-08-10 03:10:00+00:00,6,0.5,0.4471,0.5195,1.077,0.4632,-0.0203,0.0049,0.0295,-0.0108,CATEGORY_B_DOWNWARD_EXPANSION
63850,63857,2021-08-11 02:45:00+00:00,2021-08-11 03:20:00+00:00,8,0.67,0.6797,0.7765,0.8058,0.5458,0.0536,0.025,0.0046,0.0113,CATEGORY_A_UPWARD_EXPANSION
63859,63864,2021-08-11 03:30:00+00:00,2021-08-11 03:55:00+00:00,6,0.5,0.6359,0.6782,0.7098,0.5339,0.0361,0.0254,0.0042,0.0075,CATEGORY_A_UPWARD_EXPANSION
63929,63934,2021-08-11 09:20:00+00:00,2021-08-11 09:45:00+00:00,6,0.5,0.6405,0.6953,1.0717,0.4789,-0.0589,0.0124,0.029,-0.0199,CATEGORY_B_DOWNWARD_EXPANSION
64034,64040,2021-08-11 18:05:00+00:00,2021-08-11 18:35:00+00:00,7,0.58,0.5499,0.66,1.1066,0.5256,0.1626,0.0081,0.0547,-0.0435,CATEGORY_B_DOWNWARD_EXPANSION
64135,64140,2021-08-12 02:30:00+00:00,2021-08-12 02:55:00+00:00,6,0.5,0.5974,0.6422,0.7341,0.5032,0.0291,0.0026,0.0529,-0.0014,CATEGORY_B_DOWNWARD_EXPANSION
64290,64296,2021-08-12 15:25:00+00:00,2021-08-12 15:55:00+00:00,7,0.58,0.6983,0.7663,1.0695,0.4874,-0.0662,0.0835,0.0096,0.0762,CATEGORY_A_UPWARD_EXPANSION
64538,64552,2021-08-13 16:35:00+00:00,2021-08-13 17:45:00+00:00,15,1.25,0.3746,0.5495,0.6853,0.5281,-0.0193,0.0357,0.011,0.0081,CATEGORY_A_UPWARD_EXPANSION
64573,64578,2021-08-13 19:30:00+00:00,2021-08-13 19:55:00+00:00,6,0.5,0.5482,0.5751,0.715,0.5729,0.0815,0.0362,0.0105,0.0124,CATEGORY_A_UPWARD_EXPANSION
64597,64603,2021-08-13 21:30:00+00:00,2021-08-13 22:00:00+00:00,7,0.58,0.5196,0.5659,1.1765,0.4285,0.0548,0.0107,0.0349,-0.0147,CATEGORY_B_DOWNWARD_EXPANSION
64605,64619,2021-08-13 22:10:00+00:00,2021-08-13 23:20:00+00:00,15,1.25,0.391,0.4492,0.987,0.4715,0.0273,0.0108,0.0348,-0.0115,CATEGORY_B_DOWNWARD_EXPANSION
64640,64651,2021-08-14 01:05:00+00:00,2021-08-14 02:00:00+00:00,12,1.0,0.2912,0.3893,0.8219,0.5041,-0.0223,0.0125,0.0332,-0.0075,CATEGORY_B_DOWNWARD_EXPANSION
64661,64671,2021-08-14 02:50:00+00:00,2021-08-14 03:40:00+00:00,11,0.92,0.3101,0.426,1.2626,0.5418,-0.0454,0.015,0.0308,-0.006,CATEGORY_B_DOWNWARD_EXPANSION
65043,65048,2021-08-15 10:40:00+00:00,2021-08-15 11:05:00+00:00,6,0.5,0.4683,0.6668,0.7825,0.4903,0.119,0.0485,0.0072,0.0343,CATEGORY_A_UPWARD_EXPANSION
65152,65160,2021-08-15 19:45:00+00:00,2021-08-15 20:25:00+00:00,9,0.75,0.4649,0.543,1.0249,0.5486,-0.0222,0.034,0.0175,-0.0151,CATEGORY_A_UPWARD_EXPANSION
65221,65235,2021-08-16 01:30:00+00:00,2021-08-16 02:40:00+00:00,15,1.25,0.4862,0.5872,0.8899,0.5303,-0.0333,0.0076,0.0514,-0.027,CATEGORY_B_DOWNWARD_EXPANSION
65265,65271,2021-08-16 05:10:00+00:00,2021-08-16 05:40:00+00:00,7,0.58,0.5536,0.6077,1.0363,0.4676,0.0582,0.0042,0.048,-0.0257,CATEGORY_B_DOWNWARD_EXPANSION
65293,65298,2021-08-16 07:30:00+00:00,2021-08-16 07:55:00+00:00,6,0.5,0.5624,0.5672,0.9024,0.4631,-0.0467,0.0084,0.0438,-0.0288,CATEGORY_B_DOWNWARD_EXPANSION
65341,65346,2021-08-16 11:30:00+00:00,2021-08-16 11:55:00+00:00,6,0.5,0.7083,0.7116,0.6656,0.5187,0.0612,0.004,0.0479,-0.014,CATEGORY_B_DOWNWARD_EXPANSION
65530,65538,2021-08-17 03:15:00+00:00,2021-08-17 03:55:00+00:00,9,0.75,0.4938,0.6679,0.6222,0.482,-0.004,0.016,0.0477,-0.0293,CATEGORY_B_DOWNWARD_EXPANSION
65838,65853,2021-08-18 04:55:00+00:00,2021-08-18 06:10:00+00:00,16,1.33,0.4899,0.5916,0.6979,0.47,0.069,0.0145,0.0312,-0.0238,CATEGORY_B_DOWNWARD_EXPANSION
65981,65994,2021-08-18 16:50:00+00:00,2021-08-18 17:55:00+00:00,14,1.17,0.3191,0.4859,0.7574,0.5403,0.0636,0.0041,0.0412,-0.0018,CATEGORY_B_DOWNWARD_EXPANSION
66048,66054,2021-08-18 22:25:00+00:00,2021-08-18 22:55:00+00:00,7,0.58,0.6461,0.7163,1.0898,0.5556,0.0769,0.0449,0.0208,0.0433,CATEGORY_A_UPWARD_EXPANSION
66096,66103,2021-08-19 02:25:00+00:00,2021-08-19 03:00:00+00:00,8,0.67,0.7429,0.7818,0.7396,0.505,-0.091,0.0626,0.0151,0.0559,CATEGORY_A_UPWARD_EXPANSION
66180,66189,2021-08-19 09:25:00+00:00,2021-08-19 10:10:00+00:00,10,0.83,0.6519,0.7097,0.7595,0.4847,0.0201,0.0615,0.0117,0.0572,CATEGORY_A_UPWARD_EXPANSION
66266,66271,2021-08-19 16:35:00+00:00,2021-08-19 17:00:00+00:00,6,0.5,0.646,0.6668,1.1713,0.4941,-0.1117,0.0762,0.0047,0.0689,CATEGORY_A_UPWARD_EXPANSION
66301,66306,2021-08-19 19:30:00+00:00,2021-08-19 19:55:00+00:00,6,0.5,0.711,0.7216,0.8881,0.487,-0.0281,0.0511,0.0079,0.0423,CATEGORY_A_UPWARD_EXPANSION
66328,66333,2021-08-19 21:45:00+00:00,2021-08-19 22:10:00+00:00,6,0.5,0.5796,0.6213,1.0275,0.4946,-0.1514,0.0606,0.0047,0.0572,CATEGORY_A_UPWARD_EXPANSION
66384,66396,2021-08-20 02:25:00+00:00,2021-08-20 03:25:00+00:00,13,1.08,0.3322,0.5619,1.0484,0.5108,0.0067,0.0511,0.006,0.039,CATEGORY_A_UPWARD_EXPANSION
66429,66435,2021-08-20 06:10:00+00:00,2021-08-20 06:40:00+00:00,7,0.58,0.6932,0.7249,0.7627,0.4761,-0.0593,0.0503,0.0067,0.0359,CATEGORY_A_UPWARD_EXPANSION
66478,66489,2021-08-20 10:15:00+00:00,2021-08-20 11:10:00+00:00,12,1.0,0.6415,0.6926,1.0193,0.4488,-0.0457,0.0491,0.0047,0.0291,CATEGORY_A_UPWARD_EXPANSION
66601,66606,2021-08-20 20:30:00+00:00,2021-08-20 20:55:00+00:00,6,0.5,0.6021,0.6504,1.1568,0.4697,0.112,0.0229,0.0086,0.0072,CATEGORY_A_UPWARD_EXPANSION
66955,66971,2021-08-22 02:00:00+00:00,2021-08-22 03:20:00+00:00,17,1.42,0.293,0.5081,1.4302,0.474,-0.0514,0.0304,0.0153,0.0235,CATEGORY_A_UPWARD_EXPANSION
67008,67020,2021-08-22 06:25:00+00:00,2021-08-22 07:25:00+00:00,13,1.08,0.4522,0.5796,0.849,0.4918,0.0693,0.0239,0.0238,0.016,CATEGORY_C_FALSE_OR_CHOP
67275,67284,2021-08-23 04:40:00+00:00,2021-08-23 05:25:00+00:00,10,0.83,0.627,0.6846,0.8623,0.5062,-0.0405,0.003,0.0312,-0.0179,CATEGORY_B_DOWNWARD_EXPANSION
67322,67330,2021-08-23 08:35:00+00:00,2021-08-23 09:15:00+00:00,9,0.75,0.5649,0.7303,0.8893,0.465,0.0426,0.0051,0.0292,-0.0138,CATEGORY_B_DOWNWARD_EXPANSION
67364,67375,2021-08-23 12:05:00+00:00,2021-08-23 13:00:00+00:00,12,1.0,0.4127,0.5387,1.1489,0.474,-0.0885,0.0014,0.0295,-0.0194,CATEGORY_B_DOWNWARD_EXPANSION
67381,67388,2021-08-23 13:30:00+00:00,2021-08-23 14:05:00+00:00,8,0.67,0.5693,0.6495,1.0327,0.4809,-0.1811,0.0038,0.0348,-0.0319,CATEGORY_B_DOWNWARD_EXPANSION
67819,67824,2021-08-25 02:00:00+00:00,2021-08-25 02:25:00+00:00,6,0.5,0.4183,0.6234,0.827,0.4316,-0.1452,0.026,0.0202,0.0147,CATEGORY_C_FALSE_OR_CHOP
67856,67861,2021-08-25 05:05:00+00:00,2021-08-25 05:30:00+00:00,6,0.5,0.5165,0.5958,1.5224,0.5206,-0.0669,0.0237,0.0232,-0.0214,CATEGORY_C_FALSE_OR_CHOP
67920,67927,2021-08-25 10:25:00+00:00,2021-08-25 11:00:00+00:00,8,0.67,0.516,0.6514,1.1826,0.4458,-0.0585,0.0396,0.0192,-0.01,CATEGORY_A_UPWARD_EXPANSION
67930,67938,2021-08-25 11:15:00+00:00,2021-08-25 11:55:00+00:00,9,0.75,0.5808,0.6813,1.2113,0.5416,0.1499,0.0375,0.0212,-0.0154,CATEGORY_A_UPWARD_EXPANSION
67996,68002,2021-08-25 16:45:00+00:00,2021-08-25 17:15:00+00:00,7,0.58,0.5022,0.57,1.3576,0.5246,-0.0356,0.0174,0.0465,-0.0298,CATEGORY_B_DOWNWARD_EXPANSION
68288,68298,2021-08-26 17:05:00+00:00,2021-08-26 17:55:00+00:00,11,0.92,0.4896,0.5715,0.7193,0.4459,0.0212,0.032,0.0128,0.0259,CATEGORY_A_UPWARD_EXPANSION
68300,68305,2021-08-26 18:05:00+00:00,2021-08-26 18:30:00+00:00,6,0.5,0.4529,0.4868,0.8072,0.5497,0.0029,0.0359,0.0091,0.0326,CATEGORY_A_UPWARD_EXPANSION
68328,68334,2021-08-26 20:25:00+00:00,2021-08-26 20:55:00+00:00,7,0.58,0.4256,0.5971,1.8894,0.5475,-0.066,0.0454,0.0142,0.0399,CATEGORY_A_UPWARD_EXPANSION
68408,68414,2021-08-27 03:05:00+00:00,2021-08-27 03:35:00+00:00,7,0.58,0.5249,0.5866,0.7543,0.5425,0.0931,0.0511,0.0071,0.0439,CATEGORY_A_UPWARD_EXPANSION
68441,68449,2021-08-27 05:50:00+00:00,2021-08-27 06:30:00+00:00,9,0.75,0.4694,0.5603,1.3821,0.547,0.0613,0.0448,0.0073,0.0377,CATEGORY_A_UPWARD_EXPANSION
68451,68456,2021-08-27 06:40:00+00:00,2021-08-27 07:05:00+00:00,6,0.5,0.5796,0.6297,0.8989,0.5197,0.0708,0.0437,0.0084,0.0348,CATEGORY_A_UPWARD_EXPANSION
68577,68597,2021-08-27 17:10:00+00:00,2021-08-27 18:50:00+00:00,21,1.75,0.2391,0.4706,1.0523,0.498,0.0775,0.0195,0.0042,0.0104,CATEGORY_C_FALSE_OR_CHOP
68680,68689,2021-08-28 01:45:00+00:00,2021-08-28 02:30:00+00:00,10,0.83,0.5344,0.5869,1.0613,0.5019,0.1057,0.0135,0.0128,0.0061,CATEGORY_C_FALSE_OR_CHOP
68719,68726,2021-08-28 05:00:00+00:00,2021-08-28 05:35:00+00:00,8,0.67,0.4081,0.5245,1.0849,0.4926,-0.1048,0.0139,0.0243,-0.013,CATEGORY_B_DOWNWARD_EXPANSION
68782,68788,2021-08-28 10:15:00+00:00,2021-08-28 10:45:00+00:00,7,0.58,0.4845,0.5289,0.9715,0.4678,-0.0163,0.015,0.0233,-0.0064,CATEGORY_B_DOWNWARD_EXPANSION
69160,69165,2021-08-29 17:45:00+00:00,2021-08-29 18:10:00+00:00,6,0.5,0.6201,0.6464,0.636,0.4844,0.2179,0.014,0.0274,-0.0093,CATEGORY_B_DOWNWARD_EXPANSION
69182,69187,2021-08-29 19:35:00+00:00,2021-08-29 20:00:00+00:00,6,0.5,0.4521,0.4774,1.0849,0.4963,0.098,0.011,0.0303,-0.0059,CATEGORY_B_DOWNWARD_EXPANSION
69332,69338,2021-08-30 08:05:00+00:00,2021-08-30 08:35:00+00:00,7,0.58,0.6793,0.7442,0.9985,0.5396,0.0168,0.0126,0.0289,-0.0064,CATEGORY_B_DOWNWARD_EXPANSION
69441,69449,2021-08-30 17:10:00+00:00,2021-08-30 17:50:00+00:00,9,0.75,0.5303,0.6516,0.6348,0.5109,0.0148,0.0119,0.0296,-0.0208,CATEGORY_B_DOWNWARD_EXPANSION
69559,69568,2021-08-31 03:00:00+00:00,2021-08-31 03:45:00+00:00,10,0.83,0.5401,0.6267,0.7696,0.5159,-0.0497,0.0246,0.0122,-0.0029,CATEGORY_A_UPWARD_EXPANSION
69740,69747,2021-08-31 18:05:00+00:00,2021-08-31 18:40:00+00:00,8,0.67,0.6132,0.6698,0.7805,0.5651,0.0212,0.0388,0.0171,0.0304,CATEGORY_A_UPWARD_EXPANSION
69751,69756,2021-08-31 19:00:00+00:00,2021-08-31 19:25:00+00:00,6,0.5,0.5821,0.6001,0.6779,0.5072,-0.0833,0.0392,0.0167,0.0238,CATEGORY_A_UPWARD_EXPANSION
69932,69939,2021-09-01 10:05:00+00:00,2021-09-01 10:40:00+00:00,8,0.67,0.5295,0.6718,0.8809,0.499,-0.0213,0.0583,0.0088,0.0474,CATEGORY_A_UPWARD_EXPANSION
69941,69946,2021-09-01 10:50:00+00:00,2021-09-01 11:15:00+00:00,6,0.5,0.5407,0.5851,0.8484,0.4769,0.0229,0.0597,0.0075,0.0483,CATEGORY_A_UPWARD_EXPANSION
70000,70006,2021-09-01 15:45:00+00:00,2021-09-01 16:15:00+00:00,7,0.58,0.5477,0.6665,1.6006,0.4559,-0.0895,0.0612,0.0032,0.0449,CATEGORY_A_UPWARD_EXPANSION
70037,70044,2021-09-01 18:50:00+00:00,2021-09-01 19:25:00+00:00,8,0.67,0.4522,0.5196,1.406,0.4696,-0.0025,0.0418,0.0088,0.0197,CATEGORY_A_UPWARD_EXPANSION
70140,70147,2021-09-02 03:25:00+00:00,2021-09-02 04:00:00+00:00,8,0.67,0.408,0.5168,0.8103,0.5266,0.0671,0.0176,0.0255,-0.0032,CATEGORY_B_DOWNWARD_EXPANSION
70150,70160,2021-09-02 04:15:00+00:00,2021-09-02 05:05:00+00:00,11,0.92,0.4753,0.566,0.663,0.4878,-0.0719,0.0204,0.0227,0.0042,CATEGORY_C_FALSE_OR_CHOP
70294,70305,2021-09-02 16:15:00+00:00,2021-09-02 17:10:00+00:00,12,1.0,0.4434,0.615,0.9505,0.4914,-0.0093,0.0303,0.0239,0.021,CATEGORY_C_FALSE_OR_CHOP
70330,70336,2021-09-02 19:15:00+00:00,2021-09-02 19:45:00+00:00,7,0.58,0.5331,0.5654,1.2326,0.4981,-0.0841,0.0333,0.0211,0.0216,CATEGORY_A_UPWARD_EXPANSION
70352,70358,2021-09-02 21:05:00+00:00,2021-09-02 21:35:00+00:00,7,0.58,0.5088,0.5513,0.7916,0.5087,0.0408,0.0295,0.0247,0.0125,CATEGORY_C_FALSE_OR_CHOP
70373,70378,2021-09-02 22:50:00+00:00,2021-09-02 23:15:00+00:00,6,0.5,0.6791,0.687,1.0717,0.453,-0.0596,0.0301,0.0241,0.0036,CATEGORY_C_FALSE_OR_CHOP
70694,70700,2021-09-04 01:35:00+00:00,2021-09-04 02:05:00+00:00,7,0.58,0.5396,0.5563,1.4787,0.5188,-0.0741,0.0171,0.0064,0.0086,CATEGORY_C_FALSE_OR_CHOP
70702,70709,2021-09-04 02:15:00+00:00,2021-09-04 02:50:00+00:00,8,0.67,0.4578,0.5003,0.743,0.4964,0.0434,0.0104,0.0129,0.0026,CATEGORY_C_FALSE_OR_CHOP
70711,70716,2021-09-04 03:00:00+00:00,2021-09-04 03:25:00+00:00,6,0.5,0.5117,0.5564,1.0893,0.4398,0.0019,0.0096,0.0137,-0.0051,CATEGORY_C_FALSE_OR_CHOP
70786,70791,2021-09-04 09:15:00+00:00,2021-09-04 09:40:00+00:00,6,0.5,0.5996,0.6242,0.8488,0.4732,0.1296,0.0034,0.0197,-0.0049,CATEGORY_C_FALSE_OR_CHOP
70827,70837,2021-09-04 12:40:00+00:00,2021-09-04 13:30:00+00:00,11,0.92,0.4597,0.6259,0.8955,0.4834,0.0022,0.0056,0.0147,0.0014,CATEGORY_C_FALSE_OR_CHOP
70933,70938,2021-09-04 21:30:00+00:00,2021-09-04 21:55:00+00:00,6,0.5,0.6088,0.6541,1.6684,0.4992,0.0135,0.0322,0.0151,0.0297,CATEGORY_A_UPWARD_EXPANSION
70987,70993,2021-09-05 02:00:00+00:00,2021-09-05 02:30:00+00:00,7,0.58,0.4537,0.7303,0.6799,0.5321,-0.2122,0.0344,0.0152,0.0305,CATEGORY_A_UPWARD_EXPANSION
71116,71124,2021-09-05 12:45:00+00:00,2021-09-05 13:25:00+00:00,9,0.75,0.6187,0.6618,0.7974,0.5195,0.0112,0.042,0.0004,0.0229,CATEGORY_A_UPWARD_EXPANSION
71176,71183,2021-09-05 17:45:00+00:00,2021-09-05 18:20:00+00:00,8,0.67,0.6453,0.7119,1.0288,0.4724,-0.0658,0.0387,0.0001,0.0271,CATEGORY_A_UPWARD_EXPANSION
71279,71292,2021-09-06 02:20:00+00:00,2021-09-06 03:25:00+00:00,14,1.17,0.3946,0.545,1.0146,0.4507,0.0362,0.0243,0.0135,0.02,CATEGORY_A_UPWARD_EXPANSION
71459,71464,2021-09-06 17:20:00+00:00,2021-09-06 17:45:00+00:00,6,0.5,0.3873,0.4515,0.6666,0.5764,-0.0812,0.025,0.1702,-0.0936,CATEGORY_B_DOWNWARD_EXPANSION
71466,71471,2021-09-06 17:55:00+00:00,2021-09-06 18:20:00+00:00,6,0.5,0.3967,0.4426,1.0933,0.4763,0.042,0.0255,0.1697,-0.0993,CATEGORY_B_DOWNWARD_EXPANSION
71611,71616,2021-09-07 06:00:00+00:00,2021-09-07 06:25:00+00:00,6,0.5,0.5182,0.5456,0.9821,0.4182,-0.0111,0.0021,0.1846,-0.1343,CATEGORY_B_DOWNWARD_EXPANSION
71968,71976,2021-09-08 11:45:00+00:00,2021-09-08 12:25:00+00:00,9,0.75,0.1409,0.1736,0.9526,0.5107,-0.0033,0.0061,0.0236,-0.0125,CATEGORY_B_DOWNWARD_EXPANSION
72029,72034,2021-09-08 16:50:00+00:00,2021-09-08 17:15:00+00:00,6,0.5,0.4835,0.5775,0.7469,0.4632,-0.0347,0.0218,0.0189,0.0161,CATEGORY_C_FALSE_OR_CHOP
72038,72044,2021-09-08 17:35:00+00:00,2021-09-08 18:05:00+00:00,7,0.58,0.6015,0.6438,0.8538,0.4959,-0.0337,0.0251,0.0157,0.0123,CATEGORY_A_UPWARD_EXPANSION
72048,72053,2021-09-08 18:25:00+00:00,2021-09-08 18:50:00+00:00,6,0.5,0.474,0.5133,0.6921,0.4933,-0.0096,0.0222,0.0185,0.0045,CATEGORY_C_FALSE_OR_CHOP
72083,72089,2021-09-08 21:20:00+00:00,2021-09-08 21:50:00+00:00,7,0.58,0.5595,0.6183,1.1845,0.4364,-0.1072,0.0306,0.0105,0.0088,CATEGORY_A_UPWARD_EXPANSION
72165,72191,2021-09-09 04:10:00+00:00,2021-09-09 06:20:00+00:00,27,2.25,0.4754,0.5664,0.8468,0.4793,-0.0087,0.0271,0.0119,0.009,CATEGORY_A_UPWARD_EXPANSION
72224,72232,2021-09-09 09:05:00+00:00,2021-09-09 09:45:00+00:00,9,0.75,0.3185,0.4047,1.4295,0.4535,-0.0765,0.0239,0.015,-0.0034,CATEGORY_A_UPWARD_EXPANSION
72248,72255,2021-09-09 11:05:00+00:00,2021-09-09 11:40:00+00:00,8,0.67,0.483,0.5786,1.2773,0.4428,-0.2049,0.0218,0.017,-0.0054,CATEGORY_C_FALSE_OR_CHOP
72288,72295,2021-09-09 14:25:00+00:00,2021-09-09 15:00:00+00:00,8,0.67,0.5418,0.6866,0.6997,0.4423,-0.0351,0.0089,0.0446,-0.0391,CATEGORY_B_DOWNWARD_EXPANSION
72348,72357,2021-09-09 19:25:00+00:00,2021-09-09 20:10:00+00:00,10,0.83,0.4218,0.5284,0.6273,0.5105,0.0252,0.0092,0.04,-0.0179,CATEGORY_B_DOWNWARD_EXPANSION
72370,72377,2021-09-09 21:15:00+00:00,2021-09-09 21:50:00+00:00,8,0.67,0.3696,0.4664,0.8915,0.5128,-0.0738,0.0136,0.0489,-0.0437,CATEGORY_B_DOWNWARD_EXPANSION
72444,72449,2021-09-10 03:25:00+00:00,2021-09-10 03:50:00+00:00,6,0.5,0.5298,0.5512,0.81,0.5319,-0.1331,0.0042,0.0534,-0.0322,CATEGORY_B_DOWNWARD_EXPANSION
72451,72458,2021-09-10 04:00:00+00:00,2021-09-10 04:35:00+00:00,8,0.67,0.4391,0.4877,0.7425,0.547,0.0122,0.0005,0.0567,-0.0306,CATEGORY_B_DOWNWARD_EXPANSION
72610,72623,2021-09-10 17:15:00+00:00,2021-09-10 18:20:00+00:00,14,1.17,0.5417,0.5968,1.2034,0.5356,0.0879,0.0063,0.0343,-0.0026,CATEGORY_B_DOWNWARD_EXPANSION
72705,72720,2021-09-11 01:10:00+00:00,2021-09-11 02:25:00+00:00,16,1.33,0.3435,0.5025,0.8581,0.4591,0.0165,0.0162,0.0113,-0.0014,CATEGORY_C_FALSE_OR_CHOP
72796,72801,2021-09-11 08:45:00+00:00,2021-09-11 09:10:00+00:00,6,0.5,0.5592,0.6591,0.9433,0.4392,-0.2228,0.027,0.0054,0.024,CATEGORY_A_UPWARD_EXPANSION
72821,72830,2021-09-11 10:50:00+00:00,2021-09-11 11:35:00+00:00,10,0.83,0.5816,0.6331,0.9264,0.4485,0.0057,0.0145,0.0175,0.0089,CATEGORY_C_FALSE_OR_CHOP
72873,72882,2021-09-11 15:10:00+00:00,2021-09-11 15:55:00+00:00,10,0.83,0.3547,0.4315,0.7937,0.4419,-0.0928,0.0153,0.0183,0.0069,CATEGORY_C_FALSE_OR_CHOP
73111,73120,2021-09-12 11:00:00+00:00,2021-09-12 11:45:00+00:00,10,0.83,0.5175,0.6021,0.8556,0.5084,0.0302,0.0109,0.0391,-0.0277,CATEGORY_B_DOWNWARD_EXPANSION
73155,73164,2021-09-12 14:40:00+00:00,2021-09-12 15:25:00+00:00,10,0.83,0.525,0.6116,0.8889,0.4705,0.028,0.0209,0.0555,-0.0365,CATEGORY_B_DOWNWARD_EXPANSION
73184,73194,2021-09-12 17:05:00+00:00,2021-09-12 17:55:00+00:00,11,0.92,0.5437,0.6633,1.0275,0.4873,-0.0524,0.0207,0.0558,-0.032,CATEGORY_B_DOWNWARD_EXPANSION
73213,73218,2021-09-12 19:30:00+00:00,2021-09-12 19:55:00+00:00,6,0.5,0.5523,0.5766,0.6451,0.5216,-0.073,0.0213,0.0552,-0.0253,CATEGORY_B_DOWNWARD_EXPANSION
73422,73428,2021-09-13 12:55:00+00:00,2021-09-13 13:25:00+00:00,7,0.58,0.4796,0.5015,1.0216,0.5315,-0.0479,0.0483,0.0302,0.0419,CATEGORY_A_UPWARD_EXPANSION
73497,73503,2021-09-13 19:10:00+00:00,2021-09-13 19:40:00+00:00,7,0.58,0.2802,0.3361,0.8073,0.4582,0.1185,0.0501,0.0025,0.0406,CATEGORY_A_UPWARD_EXPANSION
73508,73514,2021-09-13 20:05:00+00:00,2021-09-13 20:35:00+00:00,7,0.58,0.3678,0.3916,0.7462,0.4722,0.0217,0.0469,0.0057,0.0418,CATEGORY_A_UPWARD_EXPANSION
73548,73554,2021-09-13 23:25:00+00:00,2021-09-13 23:55:00+00:00,7,0.58,0.2945,0.3304,0.6615,0.5264,-0.1106,0.0514,0.0077,0.0483,CATEGORY_A_UPWARD_EXPANSION
73573,73587,2021-09-14 01:30:00+00:00,2021-09-14 02:40:00+00:00,15,1.25,0.2348,0.321,1.2325,0.4202,0.0093,0.0521,0.0026,0.0457,CATEGORY_A_UPWARD_EXPANSION
73599,73611,2021-09-14 03:40:00+00:00,2021-09-14 04:40:00+00:00,13,1.08,0.2377,0.291,0.871,0.4843,0.0123,0.0491,0.0044,0.0385,CATEGORY_A_UPWARD_EXPANSION
73655,73662,2021-09-14 08:20:00+00:00,2021-09-14 08:55:00+00:00,8,0.67,0.2933,0.321,1.0815,0.5303,-0.0711,0.0328,0.0051,0.0238,CATEGORY_A_UPWARD_EXPANSION
73678,73684,2021-09-14 10:15:00+00:00,2021-09-14 10:45:00+00:00,7,0.58,0.2735,0.2947,0.8084,0.4869,0.0556,0.038,0.0043,0.0352,CATEGORY_A_UPWARD_EXPANSION
73756,73764,2021-09-14 16:45:00+00:00,2021-09-14 17:25:00+00:00,9,0.75,0.5833,0.6004,0.979,0.4852,-0.0355,0.0413,0.0038,0.0362,CATEGORY_A_UPWARD_EXPANSION
73867,73881,2021-09-15 02:00:00+00:00,2021-09-15 03:10:00+00:00,15,1.25,0.4373,0.526,0.9257,0.4829,0.0093,0.0291,0.0094,0.0136,CATEGORY_A_UPWARD_EXPANSION
74070,74078,2021-09-15 18:55:00+00:00,2021-09-15 19:35:00+00:00,9,0.75,0.626,0.688,0.8523,0.5343,-0.0036,0.0099,0.0181,-0.0083,CATEGORY_C_FALSE_OR_CHOP
74197,74207,2021-09-16 05:30:00+00:00,2021-09-16 06:20:00+00:00,11,0.92,0.3915,0.6341,0.9482,0.5219,0.002,0.0036,0.027,-0.0095,CATEGORY_B_DOWNWARD_EXPANSION
74209,74216,2021-09-16 06:30:00+00:00,2021-09-16 07:05:00+00:00,8,0.67,0.4305,0.4563,1.1571,0.5063,0.0002,0.0015,0.029,-0.0077,CATEGORY_B_DOWNWARD_EXPANSION
74218,74226,2021-09-16 07:15:00+00:00,2021-09-16 07:55:00+00:00,9,0.75,0.3914,0.4606,1.0282,0.4775,-0.0592,0.0003,0.0274,-0.0129,CATEGORY_B_DOWNWARD_EXPANSION
74449,74454,2021-09-17 02:30:00+00:00,2021-09-17 02:55:00+00:00,6,0.5,0.4238,0.46,1.1124,0.4368,-0.1263,0.0085,0.0219,-0.0019,CATEGORY_B_DOWNWARD_EXPANSION
74493,74500,2021-09-17 06:10:00+00:00,2021-09-17 06:45:00+00:00,8,0.67,0.6005,0.652,1.1096,0.4447,0.0758,0.0196,0.0252,0.0161,CATEGORY_C_FALSE_OR_CHOP
74601,74606,2021-09-17 15:10:00+00:00,2021-09-17 15:35:00+00:00,6,0.5,0.6626,0.697,1.0692,0.4637,-0.1645,0.0284,0.0168,0.0215,CATEGORY_A_UPWARD_EXPANSION
74730,74744,2021-09-18 01:55:00+00:00,2021-09-18 03:05:00+00:00,15,1.25,0.4422,0.5904,0.9551,0.4826,0.0321,0.0242,0.002,0.0055,CATEGORY_A_UPWARD_EXPANSION
74803,74810,2021-09-18 08:00:00+00:00,2021-09-18 08:35:00+00:00,8,0.67,0.7441,0.7788,0.4735,0.4888,-0.0145,0.0029,0.0224,-0.0084,CATEGORY_B_DOWNWARD_EXPANSION
74835,74845,2021-09-18 10:40:00+00:00,2021-09-18 11:30:00+00:00,11,0.92,0.3181,0.4877,0.8871,0.4415,-0.0059,0.0013,0.021,-0.0175,CATEGORY_B_DOWNWARD_EXPANSION
74882,74892,2021-09-18 14:35:00+00:00,2021-09-18 15:25:00+00:00,11,0.92,0.5284,0.5634,0.8695,0.5022,-0.0521,0.0014,0.0289,-0.0171,CATEGORY_B_DOWNWARD_EXPANSION
74917,74925,2021-09-18 17:30:00+00:00,2021-09-18 18:10:00+00:00,9,0.75,0.42,0.516,1.1618,0.5003,-0.1066,0.0032,0.0248,-0.0171,CATEGORY_B_DOWNWARD_EXPANSION
75056,75065,2021-09-19 05:05:00+00:00,2021-09-19 05:50:00+00:00,10,0.83,0.295,0.4527,1.063,0.5478,0.0004,0.008,0.0594,-0.0474,CATEGORY_B_DOWNWARD_EXPANSION
75099,75104,2021-09-19 08:40:00+00:00,2021-09-19 09:05:00+00:00,6,0.5,0.5389,0.6403,0.8938,0.4155,0.0137,0.0009,0.0796,-0.0668,CATEGORY_B_DOWNWARD_EXPANSION
75118,75124,2021-09-19 10:15:00+00:00,2021-09-19 10:45:00+00:00,7,0.58,0.4937,0.5295,0.5757,0.5329,-0.0018,0.0003,0.0801,-0.07,CATEGORY_B_DOWNWARD_EXPANSION
75653,75658,2021-09-21 06:50:00+00:00,2021-09-21 07:15:00+00:00,6,0.5,0.3879,0.4529,0.96,0.4346,-0.0801,0.0187,0.0756,-0.0127,CATEGORY_B_DOWNWARD_EXPANSION
75680,75688,2021-09-21 09:05:00+00:00,2021-09-21 09:45:00+00:00,9,0.75,0.2892,0.4128,0.9438,0.4877,-0.0269,0.0077,0.0856,-0.0225,CATEGORY_B_DOWNWARD_EXPANSION
75917,75922,2021-09-22 04:50:00+00:00,2021-09-22 05:15:00+00:00,6,0.5,0.4757,0.5191,1.3044,0.4699,0.0077,0.0542,0.0042,0.0467,CATEGORY_A_UPWARD_EXPANSION
75944,75949,2021-09-22 07:05:00+00:00,2021-09-22 07:30:00+00:00,6,0.5,0.3819,0.4162,0.7441,0.4648,0.0491,0.0502,0.01,0.0451,CATEGORY_A_UPWARD_EXPANSION
76009,76014,2021-09-22 12:30:00+00:00,2021-09-22 12:55:00+00:00,6,0.5,0.399,0.4157,1.2939,0.5284,0.0262,0.0522,0.0029,0.0314,CATEGORY_A_UPWARD_EXPANSION
76101,76119,2021-09-22 20:10:00+00:00,2021-09-22 21:40:00+00:00,19,1.58,0.3457,0.4234,1.0375,0.5206,0.0495,0.0367,0.0078,0.0283,CATEGORY_A_UPWARD_EXPANSION
76172,76177,2021-09-23 02:05:00+00:00,2021-09-23 02:30:00+00:00,6,0.5,0.7065,0.7153,1.1908,0.5459,0.0493,0.0316,0.0055,0.0175,CATEGORY_A_UPWARD_EXPANSION
76181,76186,2021-09-23 02:50:00+00:00,2021-09-23 03:15:00+00:00,6,0.5,0.6162,0.6771,0.842,0.5234,-0.0478,0.0282,0.0088,0.0169,CATEGORY_A_UPWARD_EXPANSION
76402,76410,2021-09-23 21:15:00+00:00,2021-09-23 21:55:00+00:00,9,0.75,0.5498,0.6778,0.8548,0.5114,0.0512,0.012,0.0893,-0.0393,CATEGORY_B_DOWNWARD_EXPANSION
76445,76456,2021-09-24 00:50:00+00:00,2021-09-24 01:45:00+00:00,12,1.0,0.4772,0.6964,0.955,0.4961,0.0113,0.0118,0.0895,-0.0512,CATEGORY_B_DOWNWARD_EXPANSION
76472,76479,2021-09-24 03:05:00+00:00,2021-09-24 03:40:00+00:00,8,0.67,0.6439,0.6767,0.8016,0.4767,-0.1337,0.0169,0.0849,-0.0395,CATEGORY_B_DOWNWARD_EXPANSION
76511,76518,2021-09-24 06:20:00+00:00,2021-09-24 06:55:00+00:00,8,0.67,0.5894,0.6467,0.7856,0.4085,-0.0884,0.0245,0.078,-0.0311,CATEGORY_B_DOWNWARD_EXPANSION
76772,76782,2021-09-25 04:05:00+00:00,2021-09-25 04:55:00+00:00,11,0.92,0.5344,0.5875,0.9237,0.5261,-0.057,0.0064,0.0245,-0.011,CATEGORY_B_DOWNWARD_EXPANSION
76842,76854,2021-09-25 09:55:00+00:00,2021-09-25 10:55:00+00:00,13,1.08,0.5579,0.6361,0.5388,0.4888,-0.0842,0.025,0.0452,0.0076,CATEGORY_B_DOWNWARD_EXPANSION
76858,76864,2021-09-25 11:15:00+00:00,2021-09-25 11:45:00+00:00,7,0.58,0.6257,0.6752,0.7905,0.4663,0.1188,0.0321,0.0386,0.0177,CATEGORY_C_FALSE_OR_CHOP
76935,76940,2021-09-25 17:40:00+00:00,2021-09-25 18:05:00+00:00,6,0.5,0.5935,0.6614,0.8024,0.5633,0.1446,0.0244,0.0458,0.0114,CATEGORY_B_DOWNWARD_EXPANSION
76991,76997,2021-09-25 22:20:00+00:00,2021-09-25 22:50:00+00:00,7,0.58,0.4046,0.4447,0.8758,0.4331,0.0289,0.0278,0.047,0.0135,CATEGORY_B_DOWNWARD_EXPANSION
77005,77010,2021-09-25 23:30:00+00:00,2021-09-25 23:55:00+00:00,6,0.5,0.4893,0.5023,0.9068,0.4721,0.0445,0.03,0.045,0.0115,CATEGORY_B_DOWNWARD_EXPANSION
77054,77060,2021-09-26 03:35:00+00:00,2021-09-26 04:05:00+00:00,7,0.58,0.6355,0.6966,1.2413,0.3714,0.0282,0.0544,0.0311,0.0459,CATEGORY_A_UPWARD_EXPANSION
77215,77223,2021-09-26 17:00:00+00:00,2021-09-26 17:40:00+00:00,9,0.75,0.3247,0.4523,5.9905,0.4601,0.0148,0.0269,0.0119,-0.0024,CATEGORY_A_UPWARD_EXPANSION
77231,77241,2021-09-26 18:20:00+00:00,2021-09-26 19:10:00+00:00,11,0.92,0.2463,0.3028,0.9597,0.4798,0.0157,0.0281,0.0107,-0.0005,CATEGORY_A_UPWARD_EXPANSION
77396,77402,2021-09-27 08:05:00+00:00,2021-09-27 08:35:00+00:00,7,0.58,0.4825,0.503,1.0039,0.5046,0.0873,0.0058,0.0538,-0.047,CATEGORY_B_DOWNWARD_EXPANSION
77533,77538,2021-09-27 19:30:00+00:00,2021-09-27 19:55:00+00:00,6,0.5,0.5734,0.6177,0.8491,0.4224,-0.0844,0.009,0.0441,-0.0328,CATEGORY_B_DOWNWARD_EXPANSION
77781,77786,2021-09-28 16:10:00+00:00,2021-09-28 16:35:00+00:00,6,0.5,0.4719,0.5883,0.7419,0.5184,-0.1109,0.0245,0.0197,-0.0064,CATEGORY_C_FALSE_OR_CHOP
77813,77824,2021-09-28 18:50:00+00:00,2021-09-28 19:45:00+00:00,12,1.0,0.3665,0.4659,0.6857,0.427,-0.0669,0.0263,0.018,-0.0062,CATEGORY_A_UPWARD_EXPANSION
77840,77850,2021-09-28 21:05:00+00:00,2021-09-28 21:55:00+00:00,11,0.92,0.3714,0.503,0.9258,0.4582,-0.0328,0.0176,0.0262,-0.0078,CATEGORY_B_DOWNWARD_EXPANSION
77858,77864,2021-09-28 22:35:00+00:00,2021-09-28 23:05:00+00:00,7,0.58,0.4872,0.5533,1.5218,0.4455,0.0605,0.0216,0.0224,0.019,CATEGORY_C_FALSE_OR_CHOP
77985,77992,2021-09-29 11:10:00+00:00,2021-09-29 11:45:00+00:00,8,0.67,0.4402,0.4948,0.8706,0.4698,-0.0108,0.0359,0.0334,0.0162,CATEGORY_C_FALSE_OR_CHOP
78029,78036,2021-09-29 14:50:00+00:00,2021-09-29 15:25:00+00:00,8,0.67,0.4957,0.5269,0.68,0.4244,-0.045,0.0402,0.0294,0.0308,CATEGORY_A_UPWARD_EXPANSION
78124,78130,2021-09-29 22:45:00+00:00,2021-09-29 23:15:00+00:00,7,0.58,0.643,0.6871,0.679,0.4459,-0.0298,0.0677,0.0005,0.0547,CATEGORY_A_UPWARD_EXPANSION
78133,78138,2021-09-29 23:30:00+00:00,2021-09-29 23:55:00+00:00,6,0.5,0.541,0.5876,1.1793,0.5558,-0.0663,0.063,0.0027,0.0554,CATEGORY_A_UPWARD_EXPANSION
78200,78208,2021-09-30 05:05:00+00:00,2021-09-30 05:45:00+00:00,9,0.75,0.5305,0.5895,0.8824,0.4232,-0.0348,0.0134,0.0197,0.0056,CATEGORY_C_FALSE_OR_CHOP
78210,78215,2021-09-30 05:55:00+00:00,2021-09-30 06:20:00+00:00,6,0.5,0.5287,0.5661,1.8278,0.4671,-0.0127,0.0119,0.0212,0.0039,CATEGORY_B_DOWNWARD_EXPANSION
78528,78551,2021-10-01 08:25:00+00:00,2021-10-01 10:20:00+00:00,24,2.0,0.4512,0.6226,0.8315,0.4661,0.0142,0.0802,0.0,0.0638,CATEGORY_A_UPWARD_EXPANSION
78746,78754,2021-10-02 02:35:00+00:00,2021-10-02 03:15:00+00:00,9,0.75,0.4027,0.4861,1.412,0.5642,0.0784,0.0123,0.0139,-0.0017,CATEGORY_C_FALSE_OR_CHOP
78802,78809,2021-10-02 07:15:00+00:00,2021-10-02 07:50:00+00:00,8,0.67,0.3075,0.4012,1.1284,0.4123,0.1368,0.0111,0.015,0.0015,CATEGORY_C_FALSE_OR_CHOP
78867,78872,2021-10-02 12:40:00+00:00,2021-10-02 13:05:00+00:00,6,0.5,0.3042,0.3841,1.0269,0.4576,-0.0516,0.0134,0.0128,0.0037,CATEGORY_C_FALSE_OR_CHOP
78925,78933,2021-10-02 17:30:00+00:00,2021-10-02 18:10:00+00:00,9,0.75,0.4869,0.5231,1.2071,0.472,-0.0753,0.0291,0.0156,0.0202,CATEGORY_A_UPWARD_EXPANSION
78935,78940,2021-10-02 18:20:00+00:00,2021-10-02 18:45:00+00:00,6,0.5,0.449,0.4868,0.9061,0.4507,-0.004,0.0293,0.0154,0.0211,CATEGORY_A_UPWARD_EXPANSION
78971,78979,2021-10-02 21:20:00+00:00,2021-10-02 22:00:00+00:00,9,0.75,0.4613,0.5771,1.0073,0.4336,0.0612,0.0217,0.0227,-0.0044,CATEGORY_C_FALSE_OR_CHOP
78982,78987,2021-10-02 22:15:00+00:00,2021-10-02 22:40:00+00:00,6,0.5,0.4229,0.4909,0.801,0.4705,-0.0303,0.0241,0.0204,-0.0001,CATEGORY_C_FALSE_OR_CHOP
79095,79106,2021-10-03 07:40:00+00:00,2021-10-03 08:35:00+00:00,12,1.0,0.4784,0.5849,1.3498,0.4395,0.0367,0.0271,0.0145,-0.0072,CATEGORY_A_UPWARD_EXPANSION
79240,79249,2021-10-03 19:45:00+00:00,2021-10-03 20:30:00+00:00,10,0.83,0.4744,0.5495,1.1007,0.4564,-0.0067,0.0204,0.0341,0.0108,CATEGORY_B_DOWNWARD_EXPANSION
79654,79660,2021-10-05 06:15:00+00:00,2021-10-05 06:45:00+00:00,7,0.58,0.2879,0.382,1.3631,0.4988,-0.0264,0.0503,0.003,0.0443,CATEGORY_A_UPWARD_EXPANSION
79786,79792,2021-10-05 17:15:00+00:00,2021-10-05 17:45:00+00:00,7,0.58,0.5047,0.5765,0.7499,0.4713,-0.0629,0.1096,0.0,0.0923,CATEGORY_A_UPWARD_EXPANSION
80294,80299,2021-10-07 11:35:00+00:00,2021-10-07 12:00:00+00:00,6,0.5,0.5451,0.5508,1.0483,0.5054,0.054,0.0326,0.0179,0.0165,CATEGORY_A_UPWARD_EXPANSION
80377,80382,2021-10-07 18:30:00+00:00,2021-10-07 18:55:00+00:00,6,0.5,0.6191,0.6827,0.8436,0.4939,0.0184,0.0409,0.0054,0.0112,CATEGORY_A_UPWARD_EXPANSION
80400,80405,2021-10-07 20:25:00+00:00,2021-10-07 20:50:00+00:00,6,0.5,0.6276,0.6352,0.9893,0.4686,-0.0057,0.0355,0.0105,-0.0048,CATEGORY_A_UPWARD_EXPANSION
80444,80450,2021-10-08 00:05:00+00:00,2021-10-08 00:35:00+00:00,7,0.58,0.4578,0.5561,0.9069,0.4677,-0.0645,0.0387,0.0072,0.0041,CATEGORY_A_UPWARD_EXPANSION
80452,80457,2021-10-08 00:45:00+00:00,2021-10-08 01:10:00+00:00,6,0.5,0.5773,0.606,0.9653,0.4219,-0.0193,0.0353,0.0105,-0.0011,CATEGORY_A_UPWARD_EXPANSION
80497,80503,2021-10-08 04:30:00+00:00,2021-10-08 05:00:00+00:00,7,0.58,0.5833,0.6535,1.2805,0.3744,-0.1011,0.0426,0.0035,0.0166,CATEGORY_A_UPWARD_EXPANSION
80574,80583,2021-10-08 10:55:00+00:00,2021-10-08 11:40:00+00:00,10,0.83,0.6718,0.6934,0.7893,0.4668,-0.0479,0.0004,0.03,-0.0084,CATEGORY_B_DOWNWARD_EXPANSION
80651,80657,2021-10-08 17:20:00+00:00,2021-10-08 17:50:00+00:00,7,0.58,0.6528,0.698,0.7015,0.4713,0.0556,0.0246,0.0092,0.0136,CATEGORY_A_UPWARD_EXPANSION
80667,80676,2021-10-08 18:40:00+00:00,2021-10-08 19:25:00+00:00,10,0.83,0.4096,0.5098,0.8186,0.4411,0.0175,0.0174,0.0161,0.004,CATEGORY_C_FALSE_OR_CHOP
80712,80721,2021-10-08 22:25:00+00:00,2021-10-08 23:10:00+00:00,10,0.83,0.4577,0.623,0.8012,0.464,0.0004,0.0253,0.0084,0.0161,CATEGORY_A_UPWARD_EXPANSION
80784,80791,2021-10-09 04:25:00+00:00,2021-10-09 05:00:00+00:00,8,0.67,0.4453,0.5534,0.8317,0.4874,0.033,0.0252,0.0113,0.0181,CATEGORY_A_UPWARD_EXPANSION
80948,80964,2021-10-09 18:05:00+00:00,2021-10-09 19:25:00+00:00,17,1.42,0.5113,0.6185,0.7647,0.4968,0.021,0.024,0.0124,0.0115,CATEGORY_A_UPWARD_EXPANSION
80989,80996,2021-10-09 21:30:00+00:00,2021-10-09 22:05:00+00:00,8,0.67,0.6478,0.7159,0.9395,0.4926,0.0024,0.0324,0.0129,-0.0013,CATEGORY_A_UPWARD_EXPANSION
81010,81016,2021-10-09 23:15:00+00:00,2021-10-09 23:45:00+00:00,7,0.58,0.4815,0.6449,1.0519,0.5073,-0.0248,0.0281,0.017,-0.0087,CATEGORY_A_UPWARD_EXPANSION
81098,81106,2021-10-10 06:35:00+00:00,2021-10-10 07:15:00+00:00,9,0.75,0.4554,0.5914,1.0665,0.5105,0.0121,0.0227,0.0243,0.0165,CATEGORY_C_FALSE_OR_CHOP
81332,81340,2021-10-11 02:05:00+00:00,2021-10-11 02:45:00+00:00,9,0.75,0.5029,0.5514,0.6666,0.4206,-0.0615,0.0422,0.0,0.0234,CATEGORY_A_UPWARD_EXPANSION
81514,81522,2021-10-11 17:15:00+00:00,2021-10-11 17:55:00+00:00,9,0.75,0.4821,0.5682,0.584,0.5271,-0.0931,0.0073,0.033,-0.0262,CATEGORY_B_DOWNWARD_EXPANSION
81572,81585,2021-10-11 22:05:00+00:00,2021-10-11 23:10:00+00:00,14,1.17,0.683,0.751,1.0824,0.5209,-0.0524,0.0087,0.0578,-0.0142,CATEGORY_B_DOWNWARD_EXPANSION
81614,81619,2021-10-12 01:35:00+00:00,2021-10-12 02:00:00+00:00,6,0.5,0.5763,0.6019,1.0252,0.4879,-0.115,0.0122,0.0545,-0.013,CATEGORY_B_DOWNWARD_EXPANSION
81647,81654,2021-10-12 04:20:00+00:00,2021-10-12 04:55:00+00:00,8,0.67,0.41,0.4894,1.1438,0.5139,-0.0428,0.0125,0.0542,-0.0156,CATEGORY_B_DOWNWARD_EXPANSION
81817,81823,2021-10-12 18:30:00+00:00,2021-10-12 19:00:00+00:00,7,0.58,0.3795,0.5577,1.2282,0.4801,0.0376,0.0304,0.0301,0.0259,CATEGORY_C_FALSE_OR_CHOP
81870,81880,2021-10-12 22:55:00+00:00,2021-10-12 23:45:00+00:00,11,0.92,0.5277,0.5969,0.3689,0.5177,0.0749,0.0273,0.0369,0.0204,CATEGORY_B_DOWNWARD_EXPANSION
81925,81935,2021-10-13 03:30:00+00:00,2021-10-13 04:20:00+00:00,11,0.92,0.4018,0.4832,1.072,0.5026,-0.0183,0.0396,0.038,0.033,CATEGORY_C_FALSE_OR_CHOP
82076,82082,2021-10-13 16:05:00+00:00,2021-10-13 16:35:00+00:00,7,0.58,0.3741,0.4274,1.1602,0.5226,-0.0262,0.0383,0.0001,0.0148,CATEGORY_A_UPWARD_EXPANSION
82158,82165,2021-10-13 22:55:00+00:00,2021-10-13 23:30:00+00:00,8,0.67,0.3947,0.4636,0.6146,0.4781,-0.0475,0.0229,0.007,0.0012,CATEGORY_A_UPWARD_EXPANSION
82207,82224,2021-10-14 03:00:00+00:00,2021-10-14 04:25:00+00:00,18,1.5,0.3388,0.4852,1.2815,0.5005,0.0171,0.0275,0.0216,0.0251,CATEGORY_C_FALSE_OR_CHOP
82424,82436,2021-10-14 21:05:00+00:00,2021-10-14 22:05:00+00:00,13,1.08,0.4518,0.6092,1.0184,0.5077,0.0134,0.0917,0.0138,0.0664,CATEGORY_A_UPWARD_EXPANSION
82438,82446,2021-10-14 22:15:00+00:00,2021-10-14 22:55:00+00:00,9,0.75,0.32,0.4208,0.7801,0.4262,0.0798,0.0928,0.0128,0.0644,CATEGORY_A_UPWARD_EXPANSION
82548,82554,2021-10-15 07:25:00+00:00,2021-10-15 07:55:00+00:00,7,0.58,0.3862,0.5005,0.9965,0.5837,0.0127,0.0625,0.0083,0.0422,CATEGORY_A_UPWARD_EXPANSION
82785,82792,2021-10-16 03:10:00+00:00,2021-10-16 03:45:00+00:00,8,0.67,0.5819,0.6167,1.3962,0.4224,-0.142,0.0161,0.0202,-0.0036,CATEGORY_C_FALSE_OR_CHOP
82881,82887,2021-10-16 11:10:00+00:00,2021-10-16 11:40:00+00:00,7,0.58,0.5452,0.5739,1.104,0.5055,-0.0405,0.0029,0.0233,-0.008,CATEGORY_B_DOWNWARD_EXPANSION
83025,83034,2021-10-16 23:10:00+00:00,2021-10-16 23:55:00+00:00,10,0.83,0.5622,0.6736,1.1969,0.5032,-0.1899,0.0138,0.0314,0.0107,CATEGORY_B_DOWNWARD_EXPANSION
83182,83187,2021-10-17 12:15:00+00:00,2021-10-17 12:40:00+00:00,6,0.5,0.5182,0.6173,0.9448,0.5222,0.0152,0.0313,0.0301,0.0032,CATEGORY_C_FALSE_OR_CHOP
83240,83260,2021-10-17 17:05:00+00:00,2021-10-17 18:45:00+00:00,21,1.75,0.3733,0.6266,0.7257,0.502,-0.0168,0.0298,0.0316,0.015,CATEGORY_C_FALSE_OR_CHOP
83361,83366,2021-10-18 03:10:00+00:00,2021-10-18 03:35:00+00:00,6,0.5,0.4838,0.5376,1.1961,0.5057,-0.0389,0.0154,0.0355,0.0123,CATEGORY_B_DOWNWARD_EXPANSION
83604,83610,2021-10-18 23:25:00+00:00,2021-10-18 23:55:00+00:00,7,0.58,0.4736,0.5919,1.0367,0.5048,-0.0385,0.0399,0.0111,0.0366,CATEGORY_A_UPWARD_EXPANSION
83630,83646,2021-10-19 01:35:00+00:00,2021-10-19 02:55:00+00:00,17,1.42,0.4102,0.5493,0.7687,0.4608,0.0313,0.0444,0.0068,0.0333,CATEGORY_A_UPWARD_EXPANSION
83942,83951,2021-10-20 03:35:00+00:00,2021-10-20 04:20:00+00:00,10,0.83,0.4741,0.5332,1.0725,0.4876,-0.0152,0.048,0.007,0.0146,CATEGORY_A_UPWARD_EXPANSION
84036,84042,2021-10-20 11:25:00+00:00,2021-10-20 11:55:00+00:00,7,0.58,0.4266,0.4649,0.8578,0.5076,-0.0087,0.0503,0.0005,0.0163,CATEGORY_A_UPWARD_EXPANSION
84490,84503,2021-10-22 01:15:00+00:00,2021-10-22 02:20:00+00:00,14,1.17,0.336,0.4498,0.9828,0.4874,0.0937,0.0146,0.0448,-0.0271,CATEGORY_B_DOWNWARD_EXPANSION
84505,84512,2021-10-22 02:30:00+00:00,2021-10-22 03:05:00+00:00,8,0.67,0.4342,0.4665,1.3016,0.484,-0.0379,0.0106,0.0486,-0.0308,CATEGORY_B_DOWNWARD_EXPANSION
84518,84524,2021-10-22 03:35:00+00:00,2021-10-22 04:05:00+00:00,7,0.58,0.3761,0.4345,0.7775,0.5241,-0.0031,0.0077,0.0513,-0.0279,CATEGORY_B_DOWNWARD_EXPANSION
84756,84762,2021-10-22 23:25:00+00:00,2021-10-22 23:55:00+00:00,7,0.58,0.5729,0.6464,1.0362,0.4765,-0.0019,0.0175,0.0186,0.0099,CATEGORY_C_FALSE_OR_CHOP
84790,84796,2021-10-23 02:15:00+00:00,2021-10-23 02:45:00+00:00,7,0.58,0.6016,0.6412,1.0678,0.4763,-0.1072,0.0102,0.0256,-0.0009,CATEGORY_B_DOWNWARD_EXPANSION
84864,84870,2021-10-23 08:25:00+00:00,2021-10-23 08:55:00+00:00,7,0.58,0.5219,0.5372,0.8482,0.4882,0.0712,0.011,0.0248,-0.009,CATEGORY_B_DOWNWARD_EXPANSION
84920,84940,2021-10-23 13:05:00+00:00,2021-10-23 14:45:00+00:00,21,1.75,0.4346,0.538,1.1633,0.4885,0.0514,0.006,0.0238,-0.0177,CATEGORY_B_DOWNWARD_EXPANSION
84977,84982,2021-10-23 17:50:00+00:00,2021-10-23 18:15:00+00:00,6,0.5,0.4848,0.5439,0.9629,0.4582,0.0425,0.0038,0.0287,-0.0229,CATEGORY_B_DOWNWARD_EXPANSION
85070,85079,2021-10-24 01:35:00+00:00,2021-10-24 02:20:00+00:00,10,0.83,0.5037,0.6101,0.9584,0.5161,0.0932,0.0184,0.0244,0.0122,CATEGORY_B_DOWNWARD_EXPANSION
85104,85110,2021-10-24 04:25:00+00:00,2021-10-24 04:55:00+00:00,7,0.58,0.3584,0.418,0.9057,0.5502,0.0076,0.0206,0.0243,0.0175,CATEGORY_C_FALSE_OR_CHOP
85223,85231,2021-10-24 14:20:00+00:00,2021-10-24 15:00:00+00:00,9,0.75,0.5776,0.6134,1.6051,0.4734,-0.0252,0.0569,0.0086,0.0562,CATEGORY_A_UPWARD_EXPANSION
85325,85335,2021-10-24 22:50:00+00:00,2021-10-24 23:40:00+00:00,11,0.92,0.5704,0.5841,1.094,0.5264,0.0698,0.0474,0.0029,0.0354,CATEGORY_A_UPWARD_EXPANSION
85365,85373,2021-10-25 02:10:00+00:00,2021-10-25 02:50:00+00:00,9,0.75,0.4373,0.4975,1.3596,0.5507,-0.0289,0.0304,0.0011,0.015,CATEGORY_A_UPWARD_EXPANSION
85391,85397,2021-10-25 04:20:00+00:00,2021-10-25 04:50:00+00:00,7,0.58,0.5529,0.6164,1.2998,0.537,0.1208,0.0277,0.0037,0.0085,CATEGORY_A_UPWARD_EXPANSION
85453,85461,2021-10-25 09:30:00+00:00,2021-10-25 10:10:00+00:00,9,0.75,0.4702,0.535,1.1116,0.4517,-0.0923,0.0151,0.0092,-0.0028,CATEGORY_C_FALSE_OR_CHOP
85567,85572,2021-10-25 19:00:00+00:00,2021-10-25 19:25:00+00:00,6,0.5,0.7096,0.7269,0.7423,0.4561,-0.0139,0.0066,0.0177,-0.0127,CATEGORY_C_FALSE_OR_CHOP
85655,85662,2021-10-26 02:20:00+00:00,2021-10-26 02:55:00+00:00,8,0.67,0.5159,0.5633,0.7556,0.4845,-0.056,0.0061,0.0464,-0.0368,CATEGORY_B_DOWNWARD_EXPANSION
85939,85947,2021-10-27 02:00:00+00:00,2021-10-27 02:40:00+00:00,9,0.75,0.4307,0.4583,1.1002,0.4895,-0.0406,0.0165,0.0412,-0.0284,CATEGORY_B_DOWNWARD_EXPANSION
86128,86134,2021-10-27 17:45:00+00:00,2021-10-27 18:15:00+00:00,7,0.58,0.4332,0.4666,0.8961,0.5318,0.0343,0.0499,0.0134,0.0378,CATEGORY_A_UPWARD_EXPANSION
86283,86288,2021-10-28 06:40:00+00:00,2021-10-28 07:05:00+00:00,6,0.5,0.4621,0.5497,0.7373,0.4725,0.0371,0.0579,0.0213,0.0351,CATEGORY_A_UPWARD_EXPANSION
86290,86296,2021-10-28 07:15:00+00:00,2021-10-28 07:45:00+00:00,7,0.58,0.4035,0.4426,1.2025,0.4814,-0.0115,0.0607,0.0187,0.0285,CATEGORY_A_UPWARD_EXPANSION
86332,86337,2021-10-28 10:45:00+00:00,2021-10-28 11:10:00+00:00,6,0.5,0.6746,0.7105,0.8876,0.4555,0.0044,0.027,0.0499,0.0028,CATEGORY_B_DOWNWARD_EXPANSION
86348,86353,2021-10-28 12:05:00+00:00,2021-10-28 12:30:00+00:00,6,0.5,0.6031,0.6452,1.1016,0.5684,0.0583,0.0256,0.0512,0.0034,CATEGORY_B_DOWNWARD_EXPANSION
86402,86407,2021-10-28 16:35:00+00:00,2021-10-28 17:00:00+00:00,6,0.5,0.4876,0.572,1.423,0.6117,-0.0574,0.0283,0.0559,0.0211,CATEGORY_B_DOWNWARD_EXPANSION
86473,86479,2021-10-28 22:30:00+00:00,2021-10-28 23:00:00+00:00,7,0.58,0.2823,0.3078,0.8064,0.5223,-0.0447,0.0392,0.007,0.0277,CATEGORY_A_UPWARD_EXPANSION
86527,86532,2021-10-29 03:00:00+00:00,2021-10-29 03:25:00+00:00,6,0.5,0.2188,0.2459,1.1655,0.4719,0.0603,0.0186,0.0239,-0.0027,CATEGORY_C_FALSE_OR_CHOP
86664,86670,2021-10-29 14:25:00+00:00,2021-10-29 14:55:00+00:00,7,0.58,0.2953,0.3271,1.0486,0.5449,0.003,0.0285,0.0092,-0.001,CATEGORY_A_UPWARD_EXPANSION
86699,86713,2021-10-29 17:20:00+00:00,2021-10-29 18:30:00+00:00,15,1.25,0.2105,0.2572,1.0546,0.5022,-0.0255,0.0074,0.0254,-0.0141,CATEGORY_B_DOWNWARD_EXPANSION
86720,86725,2021-10-29 19:05:00+00:00,2021-10-29 19:30:00+00:00,6,0.5,0.3476,0.4233,1.1445,0.5213,-0.072,0.0098,0.0232,-0.0075,CATEGORY_B_DOWNWARD_EXPANSION
86810,86819,2021-10-30 02:35:00+00:00,2021-10-30 03:20:00+00:00,10,0.83,0.4503,0.5297,1.2806,0.4583,-0.0328,0.0103,0.0178,0.001,CATEGORY_C_FALSE_OR_CHOP
86973,86980,2021-10-30 16:10:00+00:00,2021-10-30 16:45:00+00:00,8,0.67,0.6241,0.6572,1.1134,0.4904,-0.0199,0.0205,0.0197,-0.0081,CATEGORY_C_FALSE_OR_CHOP
87421,87426,2021-11-01 05:30:00+00:00,2021-11-01 05:55:00+00:00,6,0.5,0.6807,0.7093,1.2433,0.5286,0.0243,0.03,0.0055,0.0187,CATEGORY_A_UPWARD_EXPANSION
87472,87485,2021-11-01 09:45:00+00:00,2021-11-01 10:50:00+00:00,14,1.17,0.5366,0.6064,1.0527,0.5091,0.0596,0.0232,0.0295,0.0158,CATEGORY_C_FALSE_OR_CHOP
87547,87552,2021-11-01 16:00:00+00:00,2021-11-01 16:25:00+00:00,6,0.5,0.5248,0.5427,0.9806,0.4165,-0.1396,0.0478,0.0165,0.0391,CATEGORY_A_UPWARD_EXPANSION
87630,87638,2021-11-01 22:55:00+00:00,2021-11-01 23:35:00+00:00,9,0.75,0.3634,0.4359,1.275,0.5577,-0.053,0.0525,0.0072,0.0293,CATEGORY_A_UPWARD_EXPANSION
87676,87694,2021-11-02 02:45:00+00:00,2021-11-02 04:15:00+00:00,19,1.58,0.4054,0.5101,0.6342,0.5081,-0.0524,0.0496,0.0001,0.0273,CATEGORY_A_UPWARD_EXPANSION
87856,87863,2021-11-02 17:45:00+00:00,2021-11-02 18:20:00+00:00,8,0.67,0.4526,0.5532,1.3057,0.4569,-0.0429,0.0061,0.0458,-0.0141,CATEGORY_B_DOWNWARD_EXPANSION
87865,87870,2021-11-02 18:30:00+00:00,2021-11-02 18:55:00+00:00,6,0.5,0.3998,0.4218,0.9816,0.487,-0.0081,0.0067,0.0453,-0.0016,CATEGORY_B_DOWNWARD_EXPANSION
88056,88062,2021-11-03 10:25:00+00:00,2021-11-03 10:55:00+00:00,7,0.58,0.6029,0.7166,0.9433,0.4825,0.1073,0.0034,0.0433,-0.0194,CATEGORY_B_DOWNWARD_EXPANSION
88182,88192,2021-11-03 20:55:00+00:00,2021-11-03 21:45:00+00:00,11,0.92,0.3389,0.4517,1.2171,0.4691,-0.02,0.0001,0.0396,-0.0285,CATEGORY_B_DOWNWARD_EXPANSION
88207,88214,2021-11-03 23:00:00+00:00,2021-11-03 23:35:00+00:00,8,0.67,0.4591,0.4727,0.8475,0.4871,-0.0578,0.0036,0.0348,-0.0246,CATEGORY_B_DOWNWARD_EXPANSION
88244,88249,2021-11-04 02:05:00+00:00,2021-11-04 02:30:00+00:00,6,0.5,0.4952,0.5186,1.1504,0.4734,-0.1369,0.0069,0.0275,-0.0102,CATEGORY_B_DOWNWARD_EXPANSION
88251,88257,2021-11-04 02:40:00+00:00,2021-11-04 03:10:00+00:00,7,0.58,0.3998,0.4375,1.0162,0.5727,-0.0466,0.0057,0.0287,-0.0053,CATEGORY_B_DOWNWARD_EXPANSION
88565,88573,2021-11-05 04:50:00+00:00,2021-11-05 05:30:00+00:00,9,0.75,0.6533,0.6901,0.8876,0.5043,-0.0004,0.0087,0.0215,-0.0107,CATEGORY_B_DOWNWARD_EXPANSION
88605,88614,2021-11-05 08:10:00+00:00,2021-11-05 08:55:00+00:00,10,0.83,0.6109,0.6713,0.957,0.5486,0.0095,0.0006,0.027,-0.0189,CATEGORY_B_DOWNWARD_EXPANSION
88710,88716,2021-11-05 16:55:00+00:00,2021-11-05 17:25:00+00:00,7,0.58,0.604,0.6903,0.9347,0.477,-0.0492,0.0127,0.0122,-0.0021,CATEGORY_C_FALSE_OR_CHOP
88775,88782,2021-11-05 22:20:00+00:00,2021-11-05 22:55:00+00:00,8,0.67,0.6289,0.6681,0.8712,0.5343,0.0648,0.0082,0.0165,0.005,CATEGORY_C_FALSE_OR_CHOP
88821,88835,2021-11-06 02:10:00+00:00,2021-11-06 03:20:00+00:00,15,1.25,0.379,0.5589,0.7962,0.5121,0.0889,0.021,0.0163,0.0143,CATEGORY_C_FALSE_OR_CHOP
88873,88878,2021-11-06 06:30:00+00:00,2021-11-06 06:55:00+00:00,6,0.5,0.6991,0.7534,1.2961,0.4569,0.0328,0.0176,0.0196,0.0092,CATEGORY_C_FALSE_OR_CHOP
89052,89058,2021-11-06 21:25:00+00:00,2021-11-06 21:55:00+00:00,7,0.58,0.5451,0.5845,1.1542,0.4536,0.0191,0.0279,0.0017,0.0236,CATEGORY_A_UPWARD_EXPANSION
89063,89071,2021-11-06 22:20:00+00:00,2021-11-06 23:00:00+00:00,9,0.75,0.5422,0.5822,0.77,0.5141,0.0284,0.0284,0.0012,0.0229,CATEGORY_A_UPWARD_EXPANSION
89073,89079,2021-11-06 23:10:00+00:00,2021-11-06 23:40:00+00:00,7,0.58,0.3861,0.437,2.0381,0.496,-0.0565,0.0287,0.0003,0.0247,CATEGORY_A_UPWARD_EXPANSION
89518,89523,2021-11-08 12:15:00+00:00,2021-11-08 12:40:00+00:00,6,0.5,0.5939,0.5982,0.9433,0.4495,-0.0148,0.0403,0.0114,0.0275,CATEGORY_A_UPWARD_EXPANSION
89528,89533,2021-11-08 13:05:00+00:00,2021-11-08 13:30:00+00:00,6,0.5,0.4849,0.5613,0.7458,0.4162,0.1456,0.0412,0.0105,0.0273,CATEGORY_A_UPWARD_EXPANSION
89591,89599,2021-11-08 18:20:00+00:00,2021-11-08 19:00:00+00:00,9,0.75,0.3594,0.5197,0.7081,0.4489,0.0695,0.039,0.0068,0.0078,CATEGORY_A_UPWARD_EXPANSION
89675,89687,2021-11-09 01:20:00+00:00,2021-11-09 02:20:00+00:00,13,1.08,0.5477,0.6467,0.9563,0.5546,-0.0053,0.0131,0.0209,-0.0076,CATEGORY_B_DOWNWARD_EXPANSION
89760,89772,2021-11-09 08:25:00+00:00,2021-11-09 09:25:00+00:00,13,1.08,0.4785,0.6412,0.9863,0.4858,-0.0375,0.0049,0.0248,-0.0179,CATEGORY_B_DOWNWARD_EXPANSION
90058,90069,2021-11-10 09:15:00+00:00,2021-11-10 10:10:00+00:00,12,1.0,0.5618,0.6875,1.0878,0.4681,0.0769,0.0322,0.0602,-0.0239,CATEGORY_B_DOWNWARD_EXPANSION
90132,90138,2021-11-10 15:25:00+00:00,2021-11-10 15:55:00+00:00,7,0.58,0.6222,0.6951,0.5718,0.562,-0.1345,0.0062,0.0808,-0.0519,CATEGORY_B_DOWNWARD_EXPANSION
90280,90291,2021-11-11 03:45:00+00:00,2021-11-11 04:40:00+00:00,12,1.0,0.3183,0.3426,0.7283,0.4957,0.051,0.0177,0.0063,0.0087,CATEGORY_C_FALSE_OR_CHOP
90303,90309,2021-11-11 05:40:00+00:00,2021-11-11 06:10:00+00:00,7,0.58,0.2492,0.3111,0.7619,0.4702,-0.0002,0.0133,0.0106,-0.002,CATEGORY_C_FALSE_OR_CHOP
90365,90370,2021-11-11 10:50:00+00:00,2021-11-11 11:15:00+00:00,6,0.5,0.298,0.3215,0.8596,0.5683,0.0055,0.0054,0.0249,-0.017,CATEGORY_B_DOWNWARD_EXPANSION
90474,90483,2021-11-11 19:55:00+00:00,2021-11-11 20:40:00+00:00,10,0.83,0.18,0.2264,1.1263,0.5254,0.0048,0.0073,0.0415,-0.0145,CATEGORY_B_DOWNWARD_EXPANSION
90570,90576,2021-11-12 03:55:00+00:00,2021-11-12 04:25:00+00:00,7,0.58,0.6037,0.6894,0.8055,0.5142,0.0682,0.0037,0.0395,-0.0161,CATEGORY_B_DOWNWARD_EXPANSION
90580,90585,2021-11-12 04:45:00+00:00,2021-11-12 05:10:00+00:00,6,0.5,0.6066,0.6254,0.6187,0.4335,0.0316,0.0003,0.041,-0.0201,CATEGORY_B_DOWNWARD_EXPANSION
90833,90840,2021-11-13 01:50:00+00:00,2021-11-13 02:25:00+00:00,8,0.67,0.4608,0.5113,0.7816,0.4557,0.0072,0.0226,0.008,0.0144,CATEGORY_A_UPWARD_EXPANSION
90890,90895,2021-11-13 06:35:00+00:00,2021-11-13 07:00:00+00:00,6,0.5,0.4347,0.5217,2.3139,0.473,-0.0157,0.0237,0.007,0.0166,CATEGORY_A_UPWARD_EXPANSION
91007,91028,2021-11-13 16:20:00+00:00,2021-11-13 18:05:00+00:00,22,1.83,0.4643,0.5871,0.7669,0.4458,0.0618,0.0107,0.0163,-0.0043,CATEGORY_C_FALSE_OR_CHOP
91221,91232,2021-11-14 10:10:00+00:00,2021-11-14 11:05:00+00:00,12,1.0,0.5485,0.6519,1.4711,0.446,-0.0629,0.0328,0.0111,0.0245,CATEGORY_A_UPWARD_EXPANSION
91461,91467,2021-11-15 06:10:00+00:00,2021-11-15 06:40:00+00:00,7,0.58,0.5161,0.5587,1.0671,0.4702,-0.0184,0.0097,0.0832,-0.0781,CATEGORY_B_DOWNWARD_EXPANSION
91876,91884,2021-11-16 16:45:00+00:00,2021-11-16 17:25:00+00:00,9,0.75,0.3011,0.3609,0.7677,0.4752,-0.0642,0.0103,0.0364,-0.0078,CATEGORY_B_DOWNWARD_EXPANSION
91956,91961,2021-11-16 23:25:00+00:00,2021-11-16 23:50:00+00:00,6,0.5,0.3664,0.449,1.1334,0.4288,0.0078,0.0106,0.0304,0.0029,CATEGORY_B_DOWNWARD_EXPANSION
92107,92129,2021-11-17 12:00:00+00:00,2021-11-17 13:50:00+00:00,23,1.92,0.4081,0.592,0.8588,0.4713,-0.0048,0.0138,0.0234,-0.0162,CATEGORY_B_DOWNWARD_EXPANSION
92178,92190,2021-11-17 17:55:00+00:00,2021-11-17 18:55:00+00:00,13,1.08,0.4231,0.5507,0.8623,0.4971,-0.0332,0.0084,0.0641,-0.0409,CATEGORY_B_DOWNWARD_EXPANSION
92242,92247,2021-11-17 23:15:00+00:00,2021-11-17 23:40:00+00:00,6,0.5,0.5959,0.6034,0.8991,0.5009,-0.0674,0.0159,0.0591,-0.0556,CATEGORY_B_DOWNWARD_EXPANSION
92281,92288,2021-11-18 02:30:00+00:00,2021-11-18 03:05:00+00:00,8,0.67,0.4676,0.5114,1.5843,0.4416,-0.1274,0.0003,0.0769,-0.0723,CATEGORY_B_DOWNWARD_EXPANSION
92315,92325,2021-11-18 05:20:00+00:00,2021-11-18 06:10:00+00:00,11,0.92,0.3839,0.522,1.14,0.4942,-0.0291,0.0056,0.0687,-0.0562,CATEGORY_B_DOWNWARD_EXPANSION
92591,92601,2021-11-19 04:20:00+00:00,2021-11-19 05:10:00+00:00,11,0.92,0.3289,0.4428,1.0869,0.4926,-0.0208,0.0473,0.0082,0.0363,CATEGORY_A_UPWARD_EXPANSION
92653,92658,2021-11-19 09:30:00+00:00,2021-11-19 09:55:00+00:00,6,0.5,0.5764,0.5873,0.8754,0.4547,-0.0685,0.0349,0.0089,0.0263,CATEGORY_A_UPWARD_EXPANSION
92660,92670,2021-11-19 10:05:00+00:00,2021-11-19 10:55:00+00:00,11,0.92,0.3948,0.4693,0.9068,0.4748,0.0042,0.0369,0.0071,0.0281,CATEGORY_A_UPWARD_EXPANSION
92753,92772,2021-11-19 17:50:00+00:00,2021-11-19 19:25:00+00:00,20,1.67,0.2853,0.4674,0.888,0.4456,-0.032,0.0306,0.0086,0.0245,CATEGORY_A_UPWARD_EXPANSION
92808,92813,2021-11-19 22:25:00+00:00,2021-11-19 22:50:00+00:00,6,0.5,0.5287,0.5789,1.583,0.4361,0.0164,0.0338,0.0073,0.0324,CATEGORY_A_UPWARD_EXPANSION
92853,92862,2021-11-20 02:10:00+00:00,2021-11-20 02:55:00+00:00,10,0.83,0.4329,0.5533,0.7533,0.4722,0.0282,0.018,0.0243,0.0043,CATEGORY_B_DOWNWARD_EXPANSION
92868,92874,2021-11-20 03:25:00+00:00,2021-11-20 03:55:00+00:00,7,0.58,0.6483,0.6743,1.0251,0.4384,0.0378,0.0228,0.0198,0.0028,CATEGORY_C_FALSE_OR_CHOP
92921,92929,2021-11-20 07:50:00+00:00,2021-11-20 08:30:00+00:00,9,0.75,0.5871,0.6031,1.0444,0.5096,0.1289,0.0231,0.0195,0.0081,CATEGORY_C_FALSE_OR_CHOP
93063,93085,2021-11-20 19:40:00+00:00,2021-11-20 21:30:00+00:00,23,1.92,0.2979,0.382,1.1368,0.4593,-0.0316,0.0089,0.0171,0.0006,CATEGORY_C_FALSE_OR_CHOP
93133,93142,2021-11-21 01:30:00+00:00,2021-11-21 02:15:00+00:00,10,0.83,0.4135,0.5052,1.0849,0.4371,0.0701,0.0127,0.0283,-0.0241,CATEGORY_B_DOWNWARD_EXPANSION
93618,93623,2021-11-22 17:55:00+00:00,2021-11-22 18:20:00+00:00,6,0.5,0.5707,0.5951,0.8993,0.485,-0.0569,0.014,0.033,-0.0009,CATEGORY_B_DOWNWARD_EXPANSION
93738,93748,2021-11-23 03:55:00+00:00,2021-11-23 04:45:00+00:00,11,0.92,0.3302,0.4287,1.1883,0.5163,-0.0323,0.018,0.0293,-0.0061,CATEGORY_B_DOWNWARD_EXPANSION
93909,93916,2021-11-23 18:10:00+00:00,2021-11-23 18:45:00+00:00,8,0.67,0.3206,0.419,0.9761,0.4781,0.0513,0.0087,0.0265,-0.0109,CATEGORY_B_DOWNWARD_EXPANSION
93952,93964,2021-11-23 21:45:00+00:00,2021-11-23 22:45:00+00:00,13,1.08,0.4564,0.5374,1.2023,0.5011,0.0615,0.0023,0.0306,-0.013,CATEGORY_B_DOWNWARD_EXPANSION
94023,94031,2021-11-24 03:40:00+00:00,2021-11-24 04:20:00+00:00,9,0.75,0.4752,0.5244,1.3456,0.5232,-0.0025,0.0281,0.0149,0.0141,CATEGORY_A_UPWARD_EXPANSION
94042,94047,2021-11-24 05:15:00+00:00,2021-11-24 05:40:00+00:00,6,0.5,0.5006,0.5213,1.0313,0.4509,-0.0149,0.0282,0.0147,0.0073,CATEGORY_A_UPWARD_EXPANSION
94103,94109,2021-11-24 10:20:00+00:00,2021-11-24 10:50:00+00:00,7,0.58,0.6389,0.6564,1.4493,0.482,0.0334,0.0342,0.0126,0.0257,CATEGORY_A_UPWARD_EXPANSION
94115,94123,2021-11-24 11:20:00+00:00,2021-11-24 12:00:00+00:00,9,0.75,0.5146,0.5901,1.3624,0.4925,-0.01,0.0344,0.0124,0.0277,CATEGORY_A_UPWARD_EXPANSION
94307,94319,2021-11-25 03:20:00+00:00,2021-11-25 04:20:00+00:00,13,1.08,0.4905,0.5559,1.5048,0.479,0.0038,0.0334,0.0083,0.0071,CATEGORY_A_UPWARD_EXPANSION
94324,94334,2021-11-25 04:45:00+00:00,2021-11-25 05:35:00+00:00,11,0.92,0.3618,0.4428,1.2728,0.4525,-0.0106,0.0403,0.0017,0.0113,CATEGORY_A_UPWARD_EXPANSION
94343,94348,2021-11-25 06:20:00+00:00,2021-11-25 06:45:00+00:00,6,0.5,0.467,0.5134,1.2253,0.469,0.0051,0.0378,0.0005,0.0066,CATEGORY_A_UPWARD_EXPANSION
94379,94384,2021-11-25 09:20:00+00:00,2021-11-25 09:45:00+00:00,6,0.5,0.5123,0.5619,0.8889,0.4717,0.012,0.0334,0.0545,-0.0429,CATEGORY_B_DOWNWARD_EXPANSION
94479,94497,2021-11-25 17:40:00+00:00,2021-11-25 19:10:00+00:00,19,1.58,0.5162,0.6099,0.8607,0.4707,0.0671,0.0028,0.0968,-0.0849,CATEGORY_B_DOWNWARD_EXPANSION
94790,94800,2021-11-26 19:35:00+00:00,2021-11-26 20:25:00+00:00,11,0.92,0.2801,0.3562,0.8092,0.474,0.0065,0.0163,0.016,0.0107,CATEGORY_C_FALSE_OR_CHOP
94905,94910,2021-11-27 05:10:00+00:00,2021-11-27 05:35:00+00:00,6,0.5,0.4582,0.5409,0.8037,0.4363,-0.047,0.0145,0.0151,-0.0054,CATEGORY_C_FALSE_OR_CHOP
94932,94937,2021-11-27 07:25:00+00:00,2021-11-27 07:50:00+00:00,6,0.5,0.3705,0.4159,1.0024,0.453,-0.0068,0.0166,0.0131,0.0031,CATEGORY_C_FALSE_OR_CHOP
95071,95082,2021-11-27 19:00:00+00:00,2021-11-27 19:55:00+00:00,12,1.0,0.4326,0.557,0.8569,0.451,0.0449,0.0023,0.0306,-0.0058,CATEGORY_B_DOWNWARD_EXPANSION
95195,95202,2021-11-28 05:20:00+00:00,2021-11-28 05:55:00+00:00,8,0.67,0.6209,0.6723,1.1027,0.4747,-0.1091,0.0711,0.0206,0.0542,CATEGORY_A_UPWARD_EXPANSION
95204,95211,2021-11-28 06:05:00+00:00,2021-11-28 06:40:00+00:00,8,0.67,0.6494,0.7238,1.2635,0.5535,-0.0003,0.0706,0.0211,0.0552,CATEGORY_A_UPWARD_EXPANSION
95289,95295,2021-11-28 13:10:00+00:00,2021-11-28 13:40:00+00:00,7,0.58,0.4677,0.5332,0.6475,0.4751,0.0245,0.0742,0.0177,0.058,CATEGORY_A_UPWARD_EXPANSION
95315,95320,2021-11-28 15:20:00+00:00,2021-11-28 15:45:00+00:00,6,0.5,0.4912,0.5263,1.3037,0.4936,0.0938,0.0715,0.0202,0.0483,CATEGORY_A_UPWARD_EXPANSION
95442,95459,2021-11-29 01:55:00+00:00,2021-11-29 03:20:00+00:00,18,1.5,0.3543,0.4304,1.1282,0.4932,0.0207,0.0292,0.0093,0.0004,CATEGORY_A_UPWARD_EXPANSION
95480,95488,2021-11-29 05:05:00+00:00,2021-11-29 05:45:00+00:00,9,0.75,0.3981,0.4571,1.3863,0.4875,0.0183,0.0269,0.0158,-0.0131,CATEGORY_A_UPWARD_EXPANSION
95740,95748,2021-11-30 02:45:00+00:00,2021-11-30 03:25:00+00:00,9,0.75,0.4888,0.6276,1.2809,0.4654,0.0411,0.035,0.0227,-0.0013,CATEGORY_A_UPWARD_EXPANSION
96029,96037,2021-12-01 02:50:00+00:00,2021-12-01 03:30:00+00:00,9,0.75,0.5241,0.5494,0.8372,0.4715,0.0434,0.0348,0.0226,-0.0198,CATEGORY_A_UPWARD_EXPANSION
96046,96051,2021-12-01 04:15:00+00:00,2021-12-01 04:40:00+00:00,6,0.5,0.4956,0.5488,1.3511,0.5436,0.0444,0.0336,0.0237,-0.0112,CATEGORY_A_UPWARD_EXPANSION
96060,96067,2021-12-01 05:25:00+00:00,2021-12-01 06:00:00+00:00,8,0.67,0.3258,0.374,1.0648,0.4731,-0.0511,0.0412,0.0165,0.0016,CATEGORY_A_UPWARD_EXPANSION
96112,96132,2021-12-01 09:45:00+00:00,2021-12-01 11:25:00+00:00,21,1.75,0.4389,0.5049,0.6765,0.445,0.0195,0.0388,0.0188,-0.0078,CATEGORY_A_UPWARD_EXPANSION
96347,96356,2021-12-02 05:20:00+00:00,2021-12-02 06:05:00+00:00,10,0.83,0.5723,0.6476,0.7157,0.4951,0.0827,0.01,0.0141,-0.0022,CATEGORY_C_FALSE_OR_CHOP
96489,96499,2021-12-02 17:10:00+00:00,2021-12-02 18:00:00+00:00,11,0.92,0.456,0.57,1.0344,0.4884,-0.0042,0.0198,0.0334,-0.026,CATEGORY_B_DOWNWARD_EXPANSION
96536,96542,2021-12-02 21:05:00+00:00,2021-12-02 21:35:00+00:00,7,0.58,0.64,0.6919,0.8015,0.5147,-0.0639,0.0125,0.0916,-0.0531,CATEGORY_B_DOWNWARD_EXPANSION
96631,96638,2021-12-03 05:00:00+00:00,2021-12-03 05:35:00+00:00,8,0.67,0.5899,0.6563,1.1799,0.4989,-0.0136,0.0192,0.2568,-0.1727,CATEGORY_B_DOWNWARD_EXPANSION
96651,96659,2021-12-03 06:40:00+00:00,2021-12-03 07:20:00+00:00,9,0.75,0.3246,0.3941,1.0317,0.4902,-0.0274,0.0141,0.2605,-0.1655,CATEGORY_B_DOWNWARD_EXPANSION
96674,96680,2021-12-03 08:35:00+00:00,2021-12-03 09:05:00+00:00,7,0.58,0.5186,0.5728,0.8952,0.4796,-0.0256,0.0197,0.2564,-0.1581,CATEGORY_B_DOWNWARD_EXPANSION
96725,96732,2021-12-03 12:50:00+00:00,2021-12-03 13:25:00+00:00,8,0.67,0.4684,0.4997,1.0026,0.5268,-0.022,0.0119,0.2621,-0.1722,CATEGORY_B_DOWNWARD_EXPANSION
97069,97074,2021-12-04 17:30:00+00:00,2021-12-04 17:55:00+00:00,6,0.5,0.1922,0.3463,1.3336,0.4294,-0.0039,0.0302,0.0107,0.0212,CATEGORY_A_UPWARD_EXPANSION
97176,97181,2021-12-05 02:25:00+00:00,2021-12-05 02:50:00+00:00,6,0.5,0.3437,0.3874,1.0564,0.4758,-0.0041,0.0167,0.0236,0.0018,CATEGORY_B_DOWNWARD_EXPANSION
97218,97223,2021-12-05 05:55:00+00:00,2021-12-05 06:20:00+00:00,6,0.5,0.5962,0.6001,0.9472,0.4883,0.0292,0.0074,0.0325,-0.0141,CATEGORY_B_DOWNWARD_EXPANSION
97272,97285,2021-12-05 10:25:00+00:00,2021-12-05 11:30:00+00:00,14,1.17,0.3521,0.5193,1.0476,0.502,0.0156,0.0072,0.0455,-0.0369,CATEGORY_B_DOWNWARD_EXPANSION
97365,97374,2021-12-05 18:10:00+00:00,2021-12-05 18:55:00+00:00,10,0.83,0.3828,0.4846,1.0173,0.4013,0.0649,0.0093,0.0405,0.0017,CATEGORY_B_DOWNWARD_EXPANSION
97484,97492,2021-12-06 04:05:00+00:00,2021-12-06 04:45:00+00:00,9,0.75,0.5363,0.6658,0.882,0.4697,-0.0713,0.047,0.0412,0.0349,CATEGORY_C_FALSE_OR_CHOP
97562,97574,2021-12-06 10:35:00+00:00,2021-12-06 11:35:00+00:00,13,1.08,0.4949,0.5802,1.1517,0.506,0.0256,0.0851,0.0018,0.0804,CATEGORY_A_UPWARD_EXPANSION
97589,97599,2021-12-06 12:50:00+00:00,2021-12-06 13:40:00+00:00,11,0.92,0.345,0.4827,0.7003,0.4082,0.0432,0.0675,0.0095,0.0559,CATEGORY_A_UPWARD_EXPANSION
97638,97655,2021-12-06 16:55:00+00:00,2021-12-06 18:20:00+00:00,18,1.5,0.4273,0.4859,0.7181,0.4526,0.0288,0.0637,0.0013,0.0454,CATEGORY_A_UPWARD_EXPANSION
97678,97683,2021-12-06 20:15:00+00:00,2021-12-06 20:40:00+00:00,6,0.5,0.3446,0.4178,1.0724,0.4901,-0.0229,0.0551,0.0094,0.0236,CATEGORY_A_UPWARD_EXPANSION
97759,97764,2021-12-07 03:00:00+00:00,2021-12-07 03:25:00+00:00,6,0.5,0.3657,0.4318,0.8866,0.5237,-0.0004,0.0223,0.0151,-0.0095,CATEGORY_A_UPWARD_EXPANSION
97845,97858,2021-12-07 10:10:00+00:00,2021-12-07 11:15:00+00:00,14,1.17,0.2832,0.4452,1.1851,0.4817,0.047,0.0095,0.051,-0.0422,CATEGORY_B_DOWNWARD_EXPANSION
97888,97896,2021-12-07 13:45:00+00:00,2021-12-07 14:25:00+00:00,9,0.75,0.3615,0.4504,0.8438,0.4763,-0.0142,0.0198,0.0458,-0.012,CATEGORY_B_DOWNWARD_EXPANSION
98079,98085,2021-12-08 05:40:00+00:00,2021-12-08 06:10:00+00:00,7,0.58,0.5138,0.6384,1.3495,0.4997,0.0159,0.013,0.0384,-0.0143,CATEGORY_B_DOWNWARD_EXPANSION
98093,98098,2021-12-08 06:50:00+00:00,2021-12-08 07:15:00+00:00,6,0.5,0.4546,0.4936,0.7608,0.4242,0.0102,0.0144,0.0371,-0.0196,CATEGORY_B_DOWNWARD_EXPANSION
98625,98635,2021-12-10 03:10:00+00:00,2021-12-10 04:00:00+00:00,11,0.92,0.2873,0.4236,1.0899,0.4152,0.0192,0.0354,0.0343,-0.0029,CATEGORY_C_FALSE_OR_CHOP
98693,98699,2021-12-10 08:50:00+00:00,2021-12-10 09:20:00+00:00,7,0.58,0.5754,0.6538,0.6253,0.4666,-0.0667,0.0422,0.0279,0.0059,CATEGORY_A_UPWARD_EXPANSION
98819,98826,2021-12-10 19:20:00+00:00,2021-12-10 19:55:00+00:00,8,0.67,0.5415,0.5809,0.6885,0.465,-0.1273,0.0245,0.028,0.0064,CATEGORY_C_FALSE_OR_CHOP
98830,98837,2021-12-10 20:15:00+00:00,2021-12-10 20:50:00+00:00,8,0.67,0.2976,0.3541,0.9052,0.4657,0.0461,0.021,0.0314,0.0084,CATEGORY_B_DOWNWARD_EXPANSION
98926,98932,2021-12-11 04:15:00+00:00,2021-12-11 04:45:00+00:00,7,0.58,0.4331,0.4837,1.0627,0.4638,-0.1258,0.0263,0.0136,0.0098,CATEGORY_A_UPWARD_EXPANSION
98934,98939,2021-12-11 04:55:00+00:00,2021-12-11 05:20:00+00:00,6,0.5,0.4255,0.4715,0.7952,0.5087,0.1156,0.0271,0.0129,0.013,CATEGORY_A_UPWARD_EXPANSION
98998,99010,2021-12-11 10:15:00+00:00,2021-12-11 11:15:00+00:00,13,1.08,0.2859,0.4178,1.0199,0.4708,0.0303,0.0284,0.0035,0.0133,CATEGORY_A_UPWARD_EXPANSION
99091,99096,2021-12-11 18:00:00+00:00,2021-12-11 18:25:00+00:00,6,0.5,0.5585,0.5773,1.081,0.4904,0.1148,0.0446,0.0046,0.0392,CATEGORY_A_UPWARD_EXPANSION
99198,99206,2021-12-12 02:55:00+00:00,2021-12-12 03:35:00+00:00,9,0.75,0.6558,0.6835,1.0198,0.5199,0.0769,0.0306,0.0171,-0.0056,CATEGORY_A_UPWARD_EXPANSION
99232,99237,2021-12-12 05:45:00+00:00,2021-12-12 06:10:00+00:00,6,0.5,0.5381,0.6017,1.4569,0.4738,0.1143,0.0348,0.013,0.0022,CATEGORY_A_UPWARD_EXPANSION
99244,99251,2021-12-12 06:45:00+00:00,2021-12-12 07:20:00+00:00,8,0.67,0.548,0.566,0.9744,0.5285,0.0679,0.0323,0.0154,-0.0085,CATEGORY_A_UPWARD_EXPANSION
99253,99260,2021-12-12 07:30:00+00:00,2021-12-12 08:05:00+00:00,8,0.67,0.5587,0.6088,1.4744,0.4662,0.0363,0.03,0.0234,-0.0106,CATEGORY_C_FALSE_OR_CHOP
99416,99421,2021-12-12 21:05:00+00:00,2021-12-12 21:30:00+00:00,6,0.5,0.4953,0.5838,1.3162,0.5014,-0.0044,0.0033,0.0901,-0.0715,CATEGORY_B_DOWNWARD_EXPANSION
99847,99853,2021-12-14 09:00:00+00:00,2021-12-14 09:30:00+00:00,7,0.58,0.5413,0.5605,0.6443,0.4439,0.0641,0.0326,0.0185,0.024,CATEGORY_A_UPWARD_EXPANSION
99973,99978,2021-12-14 19:30:00+00:00,2021-12-14 19:55:00+00:00,6,0.5,0.6521,0.6724,0.9452,0.5057,-0.0179,0.0512,0.0067,0.0387,CATEGORY_A_UPWARD_EXPANSION
100053,100067,2021-12-15 02:10:00+00:00,2021-12-15 03:20:00+00:00,15,1.25,0.3383,0.3713,1.1606,0.5041,-0.0031,0.0312,0.0304,0.0191,CATEGORY_C_FALSE_OR_CHOP
100095,100100,2021-12-15 05:40:00+00:00,2021-12-15 06:05:00+00:00,6,0.5,0.4197,0.4592,1.0542,0.4718,-0.0238,0.0279,0.0334,0.0085,CATEGORY_C_FALSE_OR_CHOP
100138,100147,2021-12-15 09:15:00+00:00,2021-12-15 10:00:00+00:00,10,0.83,0.3381,0.4771,0.7431,0.472,0.0365,0.0214,0.0396,0.0128,CATEGORY_B_DOWNWARD_EXPANSION
100296,100303,2021-12-15 22:25:00+00:00,2021-12-15 23:00:00+00:00,8,0.67,0.3748,0.4864,1.0482,0.5383,-0.0267,0.0112,0.0281,-0.0256,CATEGORY_B_DOWNWARD_EXPANSION
100305,100312,2021-12-15 23:10:00+00:00,2021-12-15 23:45:00+00:00,8,0.67,0.46,0.4854,0.8166,0.4624,-0.0476,0.0143,0.0252,-0.0218,CATEGORY_B_DOWNWARD_EXPANSION
100334,100355,2021-12-16 01:35:00+00:00,2021-12-16 03:20:00+00:00,22,1.83,0.2931,0.3972,0.7951,0.451,-0.0478,0.0105,0.0313,-0.0252,CATEGORY_B_DOWNWARD_EXPANSION
100357,100363,2021-12-16 03:30:00+00:00,2021-12-16 04:00:00+00:00,7,0.58,0.3811,0.3868,0.6156,0.4901,0.0391,0.012,0.0299,-0.0198,CATEGORY_B_DOWNWARD_EXPANSION
100645,100650,2021-12-17 03:30:00+00:00,2021-12-17 03:55:00+00:00,6,0.5,0.535,0.5502,0.7383,0.4783,-0.0133,0.0039,0.0484,-0.031,CATEGORY_B_DOWNWARD_EXPANSION
100818,100827,2021-12-17 17:55:00+00:00,2021-12-17 18:40:00+00:00,10,0.83,0.5823,0.6414,0.8158,0.5434,0.0221,0.0161,0.0245,0.0018,CATEGORY_B_DOWNWARD_EXPANSION
100975,100984,2021-12-18 07:00:00+00:00,2021-12-18 07:45:00+00:00,10,0.83,0.3887,0.5045,0.8041,0.484,-0.0591,0.036,0.0045,0.0258,CATEGORY_A_UPWARD_EXPANSION
101036,101046,2021-12-18 12:05:00+00:00,2021-12-18 12:55:00+00:00,11,0.92,0.5063,0.5646,0.744,0.5017,0.034,0.0221,0.0151,0.0047,CATEGORY_A_UPWARD_EXPANSION
101111,101118,2021-12-18 18:20:00+00:00,2021-12-18 18:55:00+00:00,8,0.67,0.4039,0.4619,0.9434,0.5392,-0.016,0.0337,0.0086,0.0085,CATEGORY_A_UPWARD_EXPANSION
101143,101148,2021-12-18 21:00:00+00:00,2021-12-18 21:25:00+00:00,6,0.5,0.3996,0.4363,0.5926,0.4898,0.0623,0.0316,0.0089,0.0002,CATEGORY_A_UPWARD_EXPANSION
101259,101264,2021-12-19 06:40:00+00:00,2021-12-19 07:05:00+00:00,6,0.5,0.6444,0.6859,1.3613,0.5746,0.0239,0.0162,0.0276,-0.0252,CATEGORY_B_DOWNWARD_EXPANSION
101383,101393,2021-12-19 17:00:00+00:00,2021-12-19 17:50:00+00:00,11,0.92,0.4768,0.5313,0.9274,0.4569,0.0647,0.0098,0.0324,-0.016,CATEGORY_B_DOWNWARD_EXPANSION
101602,101615,2021-12-20 11:15:00+00:00,2021-12-20 12:20:00+00:00,14,1.17,0.4759,0.5505,0.9139,0.4808,-0.0293,0.0727,0.0067,0.0686,CATEGORY_A_UPWARD_EXPANSION
101780,101785,2021-12-21 02:05:00+00:00,2021-12-21 02:30:00+00:00,6,0.5,0.4266,0.6929,0.8846,0.4879,0.1229,0.0566,0.0003,0.0524,CATEGORY_A_UPWARD_EXPANSION
101836,101843,2021-12-21 06:45:00+00:00,2021-12-21 07:20:00+00:00,8,0.67,0.646,0.7044,0.9032,0.5171,0.0144,0.0202,0.0068,0.0139,CATEGORY_A_UPWARD_EXPANSION
101871,101890,2021-12-21 09:40:00+00:00,2021-12-21 11:15:00+00:00,20,1.67,0.3851,0.5256,0.9216,0.5143,0.0106,0.0176,0.0093,0.0092,CATEGORY_C_FALSE_OR_CHOP
101963,101979,2021-12-21 17:20:00+00:00,2021-12-21 18:40:00+00:00,17,1.42,0.4573,0.5892,1.0373,0.533,-0.0355,0.0207,0.0049,0.0006,CATEGORY_A_UPWARD_EXPANSION
101982,101990,2021-12-21 18:55:00+00:00,2021-12-21 19:35:00+00:00,9,0.75,0.4444,0.4761,0.8939,0.5067,-0.0497,0.0234,0.0023,0.008,CATEGORY_A_UPWARD_EXPANSION
102098,102105,2021-12-22 04:35:00+00:00,2021-12-22 05:10:00+00:00,8,0.67,0.2443,0.4505,0.9803,0.5534,0.0599,0.0071,0.0257,-0.0132,CATEGORY_B_DOWNWARD_EXPANSION
102114,102119,2021-12-22 05:55:00+00:00,2021-12-22 06:20:00+00:00,6,0.5,0.508,0.5667,0.7025,0.525,0.0206,0.01,0.0229,-0.0121,CATEGORY_B_DOWNWARD_EXPANSION
102260,102265,2021-12-22 18:05:00+00:00,2021-12-22 18:30:00+00:00,6,0.5,0.6486,0.6726,1.1957,0.524,0.0038,0.0397,0.0188,0.0393,CATEGORY_A_UPWARD_EXPANSION
102284,102291,2021-12-22 20:05:00+00:00,2021-12-22 20:40:00+00:00,8,0.67,0.6121,0.6731,0.8908,0.4724,0.0077,0.0489,0.0216,0.0401,CATEGORY_A_UPWARD_EXPANSION
102378,102387,2021-12-23 03:55:00+00:00,2021-12-23 04:40:00+00:00,10,0.83,0.6196,0.6494,0.8665,0.5144,-0.0601,0.0618,0.0103,0.0511,CATEGORY_A_UPWARD_EXPANSION
102591,102603,2021-12-23 21:40:00+00:00,2021-12-23 22:40:00+00:00,13,1.08,0.4123,0.5239,0.8053,0.5088,0.0051,0.0188,0.0093,-0.0029,CATEGORY_C_FALSE_OR_CHOP
102666,102675,2021-12-24 03:55:00+00:00,2021-12-24 04:40:00+00:00,10,0.83,0.4712,0.5549,0.3858,0.4041,-0.1462,0.0157,0.0122,-0.0024,CATEGORY_C_FALSE_OR_CHOP
103007,103017,2021-12-25 08:20:00+00:00,2021-12-25 09:10:00+00:00,11,0.92,0.4114,0.5654,1.0128,0.5473,0.0806,0.005,0.0256,-0.0204,CATEGORY_B_DOWNWARD_EXPANSION
103093,103098,2021-12-25 15:30:00+00:00,2021-12-25 15:55:00+00:00,6,0.5,0.6331,0.6601,1.1327,0.4676,-0.101,0.0098,0.0246,-0.0121,CATEGORY_B_DOWNWARD_EXPANSION
103149,103154,2021-12-25 20:10:00+00:00,2021-12-25 20:35:00+00:00,6,0.5,0.5371,0.5648,1.455,0.4646,0.0478,0.0066,0.0263,-0.0088,CATEGORY_B_DOWNWARD_EXPANSION
103260,103274,2021-12-26 05:25:00+00:00,2021-12-26 06:35:00+00:00,15,1.25,0.3168,0.5272,0.7024,0.4957,-0.0168,0.0274,0.0101,0.0196,CATEGORY_A_UPWARD_EXPANSION
103401,103408,2021-12-26 17:10:00+00:00,2021-12-26 17:45:00+00:00,8,0.67,0.4071,0.572,1.0909,0.493,-0.0259,0.0353,0.0079,0.0322,CATEGORY_A_UPWARD_EXPANSION
103434,103445,2021-12-26 19:55:00+00:00,2021-12-26 20:50:00+00:00,12,1.0,0.3838,0.5225,0.8787,0.4613,-0.0845,0.0349,0.0083,0.0166,CATEGORY_A_UPWARD_EXPANSION
103548,103556,2021-12-27 05:25:00+00:00,2021-12-27 06:05:00+00:00,9,0.75,0.4443,0.543,1.4547,0.4714,0.0341,0.0244,0.0431,-0.0327,CATEGORY_B_DOWNWARD_EXPANSION
103559,103564,2021-12-27 06:20:00+00:00,2021-12-27 06:45:00+00:00,6,0.5,0.6864,0.7182,0.8497,0.5169,0.0661,0.0238,0.0436,-0.0326,CATEGORY_B_DOWNWARD_EXPANSION
103624,103629,2021-12-27 11:45:00+00:00,2021-12-27 12:10:00+00:00,6,0.5,0.5745,0.6065,0.7515,0.5161,-0.0381,0.0262,0.0414,-0.0312,CATEGORY_B_DOWNWARD_EXPANSION
103673,103679,2021-12-27 15:50:00+00:00,2021-12-27 16:20:00+00:00,7,0.58,0.4848,0.5721,1.083,0.5787,-0.0818,0.0164,0.0595,-0.0552,CATEGORY_B_DOWNWARD_EXPANSION
103707,103713,2021-12-27 18:40:00+00:00,2021-12-27 19:10:00+00:00,7,0.58,0.555,0.6265,1.1794,0.5141,0.1477,0.0,0.0835,-0.0813,CATEGORY_B_DOWNWARD_EXPANSION
103848,103853,2021-12-28 06:25:00+00:00,2021-12-28 06:50:00+00:00,6,0.5,0.364,0.4156,1.3625,0.5107,-0.0444,0.0066,0.0368,-0.0274,CATEGORY_B_DOWNWARD_EXPANSION
103919,103925,2021-12-28 12:20:00+00:00,2021-12-28 12:50:00+00:00,7,0.58,0.4274,0.4932,1.2237,0.5243,-0.031,0.0016,0.0517,-0.0474,CATEGORY_B_DOWNWARD_EXPANSION
104094,104099,2021-12-29 02:55:00+00:00,2021-12-29 03:20:00+00:00,6,0.5,0.5482,0.5804,0.8673,0.4359,-0.0718,0.0006,0.045,-0.0301,CATEGORY_B_DOWNWARD_EXPANSION
104117,104123,2021-12-29 04:50:00+00:00,2021-12-29 05:20:00+00:00,7,0.58,0.5299,0.5708,0.6311,0.4234,0.0896,0.004,0.0418,-0.0232,CATEGORY_B_DOWNWARD_EXPANSION
104259,104268,2021-12-29 16:40:00+00:00,2021-12-29 17:25:00+00:00,10,0.83,0.4092,0.5004,0.9421,0.5005,-0.0232,0.0031,0.0362,0.0015,CATEGORY_B_DOWNWARD_EXPANSION
104459,104464,2021-12-30 09:20:00+00:00,2021-12-30 09:45:00+00:00,6,0.5,0.3955,0.4388,1.112,0.5123,0.0905,0.0343,0.006,0.0283,CATEGORY_A_UPWARD_EXPANSION
104513,104520,2021-12-30 13:50:00+00:00,2021-12-30 14:25:00+00:00,8,0.67,0.4021,0.4321,1.0998,0.4379,0.017,0.0278,0.0107,0.0165,CATEGORY_A_UPWARD_EXPANSION
104681,104686,2021-12-31 03:50:00+00:00,2021-12-31 04:15:00+00:00,6,0.5,0.7711,0.7965,0.9912,0.5616,-0.0337,0.0277,0.0331,-0.0129,CATEGORY_C_FALSE_OR_CHOP
104697,104706,2021-12-31 05:10:00+00:00,2021-12-31 05:55:00+00:00,10,0.83,0.4606,0.6104,0.6806,0.5248,0.0269,0.0268,0.0339,-0.0018,CATEGORY_C_FALSE_OR_CHOP
104754,104765,2021-12-31 09:55:00+00:00,2021-12-31 10:50:00+00:00,12,1.0,0.4633,0.5707,1.0702,0.5104,0.0228,0.0001,0.0555,-0.029,CATEGORY_B_DOWNWARD_EXPANSION
104782,104787,2021-12-31 12:15:00+00:00,2021-12-31 12:40:00+00:00,6,0.5,0.5409,0.5815,1.189,0.4963,0.2235,0.0019,0.0499,-0.0222,CATEGORY_B_DOWNWARD_EXPANSION
104909,104914,2021-12-31 22:50:00+00:00,2021-12-31 23:15:00+00:00,6,0.5,0.5619,0.5977,0.4302,0.5345,-0.0339,0.0322,0.007,0.0208,CATEGORY_A_UPWARD_EXPANSION
104948,104961,2022-01-01 02:05:00+00:00,2022-01-01 03:10:00+00:00,14,1.17,0.4335,0.4944,0.6269,0.4569,-0.0027,0.0241,0.005,0.01,CATEGORY_A_UPWARD_EXPANSION
104964,104972,2022-01-01 03:25:00+00:00,2022-01-01 04:05:00+00:00,9,0.75,0.481,0.5133,0.7887,0.4471,-0.0631,0.0238,0.0053,0.0118,CATEGORY_A_UPWARD_EXPANSION
105034,105039,2022-01-01 09:15:00+00:00,2022-01-01 09:40:00+00:00,6,0.5,0.4778,0.5552,2.5785,0.4488,-0.0259,0.0206,0.0058,0.0083,CATEGORY_A_UPWARD_EXPANSION
105088,105093,2022-01-01 13:45:00+00:00,2022-01-01 14:10:00+00:00,6,0.5,0.5289,0.6249,1.1166,0.4154,-0.0646,0.021,0.0042,0.0044,CATEGORY_A_UPWARD_EXPANSION
105157,105168,2022-01-01 19:30:00+00:00,2022-01-01 20:25:00+00:00,12,1.0,0.3582,0.4313,0.5953,0.6595,0.0729,0.0122,0.016,-0.008,CATEGORY_C_FALSE_OR_CHOP
105171,105176,2022-01-01 20:40:00+00:00,2022-01-01 21:05:00+00:00,6,0.5,0.6249,0.6299,0.9741,0.5194,0.0949,0.0125,0.0157,-0.0075,CATEGORY_C_FALSE_OR_CHOP
105231,105241,2022-01-02 01:40:00+00:00,2022-01-02 02:30:00+00:00,11,0.92,0.3318,0.3861,1.3359,0.4683,-0.0047,0.0145,0.0138,-0.006,CATEGORY_C_FALSE_OR_CHOP
105243,105248,2022-01-02 02:40:00+00:00,2022-01-02 03:05:00+00:00,6,0.5,0.5748,0.5782,0.8896,0.5022,0.0413,0.0129,0.0153,-0.008,CATEGORY_C_FALSE_OR_CHOP
105292,105305,2022-01-02 06:45:00+00:00,2022-01-02 07:50:00+00:00,14,1.17,0.4871,0.577,1.3139,0.4704,-0.0012,0.0181,0.0103,-0.002,CATEGORY_C_FALSE_OR_CHOP
105335,105341,2022-01-02 10:20:00+00:00,2022-01-02 10:50:00+00:00,7,0.58,0.4759,0.5607,1.027,0.5012,-0.0152,0.0157,0.0125,-0.0021,CATEGORY_C_FALSE_OR_CHOP
105583,105592,2022-01-03 07:00:00+00:00,2022-01-03 07:45:00+00:00,10,0.83,0.5703,0.6368,1.0119,0.5157,0.0094,0.0129,0.027,-0.0099,CATEGORY_B_DOWNWARD_EXPANSION
105599,105606,2022-01-03 08:20:00+00:00,2022-01-03 08:55:00+00:00,8,0.67,0.5406,0.6573,1.0728,0.459,0.0246,0.0126,0.0273,-0.0104,CATEGORY_B_DOWNWARD_EXPANSION
105731,105737,2022-01-03 19:20:00+00:00,2022-01-03 19:50:00+00:00,7,0.58,0.5092,0.631,1.043,0.4963,0.0685,0.0234,0.0209,-0.0084,CATEGORY_C_FALSE_OR_CHOP
105820,105825,2022-01-04 02:45:00+00:00,2022-01-04 03:10:00+00:00,6,0.5,0.6222,0.6813,0.816,0.4888,0.0148,0.033,0.0117,0.0089,CATEGORY_A_UPWARD_EXPANSION
106088,106095,2022-01-05 01:05:00+00:00,2022-01-05 01:40:00+00:00,8,0.67,0.5169,0.6033,0.93,0.4725,0.0807,0.0174,0.0814,-0.0563,CATEGORY_B_DOWNWARD_EXPANSION
106449,106456,2022-01-06 07:10:00+00:00,2022-01-06 07:45:00+00:00,8,0.67,0.3267,0.4268,1.3098,0.5675,0.0426,0.0102,0.0496,-0.0365,CATEGORY_B_DOWNWARD_EXPANSION
106496,106501,2022-01-06 11:05:00+00:00,2022-01-06 11:30:00+00:00,6,0.5,0.4903,0.5165,1.13,0.4561,-0.0001,0.0175,0.0428,-0.0136,CATEGORY_B_DOWNWARD_EXPANSION
106562,106568,2022-01-06 16:35:00+00:00,2022-01-06 17:05:00+00:00,7,0.58,0.4667,0.5191,0.762,0.5629,0.1047,0.0134,0.0557,-0.0237,CATEGORY_B_DOWNWARD_EXPANSION
106571,106576,2022-01-06 17:20:00+00:00,2022-01-06 17:45:00+00:00,6,0.5,0.5725,0.6005,1.0349,0.5035,-0.0702,0.0108,0.0581,-0.0284,CATEGORY_B_DOWNWARD_EXPANSION
106581,106587,2022-01-06 18:10:00+00:00,2022-01-06 18:40:00+00:00,7,0.58,0.4515,0.4938,1.0995,0.5088,0.0503,0.0091,0.0597,-0.035,CATEGORY_B_DOWNWARD_EXPANSION
106636,106642,2022-01-06 22:45:00+00:00,2022-01-06 23:15:00+00:00,7,0.58,0.699,0.7517,0.8657,0.4397,0.009,0.0034,0.0577,-0.0391,CATEGORY_B_DOWNWARD_EXPANSION
106680,106687,2022-01-07 02:25:00+00:00,2022-01-07 03:00:00+00:00,8,0.67,0.6434,0.6725,0.6729,0.4885,0.0562,0.0025,0.0506,-0.0215,CATEGORY_B_DOWNWARD_EXPANSION
106773,106794,2022-01-07 10:10:00+00:00,2022-01-07 11:55:00+00:00,22,1.83,0.4291,0.5261,0.7171,0.5323,-0.0003,0.012,0.039,-0.0075,CATEGORY_B_DOWNWARD_EXPANSION
106963,106968,2022-01-08 02:00:00+00:00,2022-01-08 02:25:00+00:00,6,0.5,0.3396,0.3963,0.8565,0.5176,0.007,0.0113,0.0317,0.0044,CATEGORY_B_DOWNWARD_EXPANSION
107001,107007,2022-01-08 05:10:00+00:00,2022-01-08 05:40:00+00:00,7,0.58,0.3344,0.4061,1.6593,0.4967,0.0333,0.01,0.0329,-0.0001,CATEGORY_B_DOWNWARD_EXPANSION
107060,107065,2022-01-08 10:05:00+00:00,2022-01-08 10:30:00+00:00,6,0.5,0.477,0.4934,0.9088,0.4619,0.0048,0.0054,0.0373,-0.0124,CATEGORY_B_DOWNWARD_EXPANSION
107271,107278,2022-01-09 03:40:00+00:00,2022-01-09 04:15:00+00:00,8,0.67,0.4125,0.4748,1.2667,0.4979,0.0123,0.0215,0.0163,0.0049,CATEGORY_A_UPWARD_EXPANSION
107314,107323,2022-01-09 07:15:00+00:00,2022-01-09 08:00:00+00:00,10,0.83,0.3514,0.4036,0.8842,0.501,-0.0042,0.0234,0.0146,0.0052,CATEGORY_A_UPWARD_EXPANSION
107478,107491,2022-01-09 20:55:00+00:00,2022-01-09 22:00:00+00:00,14,1.17,0.474,0.5694,1.148,0.5092,-0.0091,0.0038,0.0634,-0.0125,CATEGORY_B_DOWNWARD_EXPANSION
107547,107565,2022-01-10 02:40:00+00:00,2022-01-10 04:10:00+00:00,19,1.58,0.4709,0.5674,0.5691,0.4687,0.0507,0.0096,0.0558,0.0037,CATEGORY_B_DOWNWARD_EXPANSION
107796,107802,2022-01-10 23:25:00+00:00,2022-01-10 23:55:00+00:00,7,0.58,0.3515,0.3942,1.0049,0.4721,0.0069,0.0305,0.0132,0.0217,CATEGORY_A_UPWARD_EXPANSION
107876,107882,2022-01-11 06:05:00+00:00,2022-01-11 06:35:00+00:00,7,0.58,0.2924,0.3919,1.2339,0.5047,0.1031,0.0231,0.0204,0.0141,CATEGORY_C_FALSE_OR_CHOP
108055,108070,2022-01-11 21:00:00+00:00,2022-01-11 22:15:00+00:00,16,1.33,0.3621,0.406,0.8285,0.488,-0.0316,0.0383,0.0056,0.0276,CATEGORY_A_UPWARD_EXPANSION
108111,108118,2022-01-12 01:40:00+00:00,2022-01-12 02:15:00+00:00,8,0.67,0.5394,0.6169,0.8703,0.4923,0.0169,0.0388,0.0051,0.0228,CATEGORY_A_UPWARD_EXPANSION
108125,108132,2022-01-12 02:50:00+00:00,2022-01-12 03:25:00+00:00,8,0.67,0.5225,0.55,1.1809,0.5212,0.0825,0.0407,0.003,0.0198,CATEGORY_A_UPWARD_EXPANSION
108153,108158,2022-01-12 05:10:00+00:00,2022-01-12 05:35:00+00:00,6,0.5,0.455,0.5579,0.8479,0.4439,-0.0627,0.0378,0.0057,0.0228,CATEGORY_A_UPWARD_EXPANSION
108296,108310,2022-01-12 17:05:00+00:00,2022-01-12 18:15:00+00:00,15,1.25,0.5433,0.6574,0.8845,0.5045,0.0547,0.0169,0.0273,-0.0196,CATEGORY_B_DOWNWARD_EXPANSION
108362,108371,2022-01-12 22:35:00+00:00,2022-01-12 23:20:00+00:00,10,0.83,0.52,0.6001,1.6061,0.5003,0.0507,0.0116,0.0381,-0.0304,CATEGORY_B_DOWNWARD_EXPANSION
108437,108443,2022-01-13 04:50:00+00:00,2022-01-13 05:20:00+00:00,7,0.58,0.5481,0.5829,1.0604,0.5093,0.0436,0.0202,0.03,-0.0195,CATEGORY_B_DOWNWARD_EXPANSION
108878,108888,2022-01-14 17:35:00+00:00,2022-01-14 18:25:00+00:00,11,0.92,0.4649,0.5591,0.8642,0.4713,0.0229,0.0164,0.0072,0.0099,CATEGORY_C_FALSE_OR_CHOP
109185,109191,2022-01-15 19:10:00+00:00,2022-01-15 19:40:00+00:00,7,0.58,0.7094,0.753,0.6127,0.5477,-0.045,0.0077,0.0203,-0.014,CATEGORY_B_DOWNWARD_EXPANSION
109262,109268,2022-01-16 01:35:00+00:00,2022-01-16 02:05:00+00:00,7,0.58,0.7078,0.7569,1.4668,0.4863,-0.0151,0.0097,0.0111,-0.0035,CATEGORY_C_FALSE_OR_CHOP
109304,109313,2022-01-16 05:05:00+00:00,2022-01-16 05:50:00+00:00,10,0.83,0.5212,0.5774,1.198,0.4959,-0.1498,0.0108,0.0165,-0.0109,CATEGORY_C_FALSE_OR_CHOP
109766,109771,2022-01-17 19:35:00+00:00,2022-01-17 20:00:00+00:00,6,0.5,0.6805,0.7586,0.8784,0.5023,0.0832,0.0036,0.0245,-0.0148,CATEGORY_B_DOWNWARD_EXPANSION
109821,109832,2022-01-18 00:10:00+00:00,2022-01-18 01:05:00+00:00,12,1.0,0.4609,0.5364,0.823,0.4687,-0.0413,0.0092,0.0248,0.0009,CATEGORY_B_DOWNWARD_EXPANSION
109840,109852,2022-01-18 01:45:00+00:00,2022-01-18 02:45:00+00:00,13,1.08,0.383,0.548,0.788,0.4237,0.0045,0.01,0.0241,0.0009,CATEGORY_B_DOWNWARD_EXPANSION
110047,110052,2022-01-18 19:00:00+00:00,2022-01-18 19:25:00+00:00,6,0.5,0.5842,0.6316,0.8303,0.5166,-0.0985,0.0254,0.0118,0.0035,CATEGORY_A_UPWARD_EXPANSION
110135,110142,2022-01-19 02:20:00+00:00,2022-01-19 02:55:00+00:00,8,0.67,0.4879,0.5105,1.286,0.4595,0.0493,0.0053,0.0282,-0.0083,CATEGORY_B_DOWNWARD_EXPANSION
110168,110186,2022-01-19 05:05:00+00:00,2022-01-19 06:35:00+00:00,19,1.58,0.4597,0.5263,0.821,0.4387,0.0561,0.0196,0.0145,0.0068,CATEGORY_C_FALSE_OR_CHOP
110365,110372,2022-01-19 21:30:00+00:00,2022-01-19 22:05:00+00:00,8,0.67,0.6166,0.6688,1.4953,0.3947,0.0836,0.0436,0.0175,-0.0077,CATEGORY_A_UPWARD_EXPANSION
110435,110450,2022-01-20 03:20:00+00:00,2022-01-20 04:35:00+00:00,16,1.33,0.3138,0.4871,0.8612,0.4638,0.0734,0.0374,0.0886,-0.0703,CATEGORY_B_DOWNWARD_EXPANSION
110607,110612,2022-01-20 17:40:00+00:00,2022-01-20 18:05:00+00:00,6,0.5,0.567,0.5892,1.0708,0.4521,-0.1483,0.0069,0.1219,-0.1057,CATEGORY_B_DOWNWARD_EXPANSION
111008,111013,2022-01-22 03:05:00+00:00,2022-01-22 03:30:00+00:00,6,0.5,0.3767,0.4493,1.9272,0.4066,-0.1878,0.0009,0.0678,-0.0421,CATEGORY_B_DOWNWARD_EXPANSION
111141,111149,2022-01-22 14:10:00+00:00,2022-01-22 14:50:00+00:00,9,0.75,0.4066,0.4805,1.0496,0.508,-0.0915,0.0249,0.0291,-0.0024,CATEGORY_C_FALSE_OR_CHOP
111235,111248,2022-01-22 22:00:00+00:00,2022-01-22 23:05:00+00:00,14,1.17,0.5251,0.5861,1.0108,0.4911,0.0231,0.0399,0.0046,0.0298,CATEGORY_A_UPWARD_EXPANSION
111276,111283,2022-01-23 01:25:00+00:00,2022-01-23 02:00:00+00:00,8,0.67,0.3938,0.4357,0.7092,0.4885,0.0113,0.0336,0.0202,0.0081,CATEGORY_A_UPWARD_EXPANSION
111313,111318,2022-01-23 04:30:00+00:00,2022-01-23 04:55:00+00:00,6,0.5,0.3065,0.3314,0.658,0.4485,0.0742,0.0364,0.0175,-0.0027,CATEGORY_A_UPWARD_EXPANSION
111350,111356,2022-01-23 07:35:00+00:00,2022-01-23 08:05:00+00:00,7,0.58,0.3825,0.4333,0.7623,0.489,-0.018,0.0265,0.0268,-0.0168,CATEGORY_C_FALSE_OR_CHOP
111391,111403,2022-01-23 11:00:00+00:00,2022-01-23 12:00:00+00:00,13,1.08,0.3639,0.4452,0.9201,0.5211,-0.0197,0.0221,0.0751,-0.0563,CATEGORY_B_DOWNWARD_EXPANSION
111418,111425,2022-01-23 13:15:00+00:00,2022-01-23 13:50:00+00:00,8,0.67,0.3579,0.4199,0.8931,0.5352,-0.0103,0.0163,0.0835,-0.0681,CATEGORY_B_DOWNWARD_EXPANSION
111462,111475,2022-01-23 16:55:00+00:00,2022-01-23 18:00:00+00:00,14,1.17,0.3683,0.4884,0.8457,0.5261,0.0794,0.0317,0.0695,-0.0019,CATEGORY_B_DOWNWARD_EXPANSION
111571,111578,2022-01-24 02:00:00+00:00,2022-01-24 02:35:00+00:00,8,0.67,0.3994,0.5342,1.0188,0.4538,0.0229,0.0569,0.0735,0.0175,CATEGORY_C_FALSE_OR_CHOP
111852,111859,2022-01-25 01:25:00+00:00,2022-01-25 02:00:00+00:00,8,0.67,0.404,0.472,0.8736,0.5624,-0.0326,0.0392,0.0118,0.0214,CATEGORY_A_UPWARD_EXPANSION
111861,111867,2022-01-25 02:10:00+00:00,2022-01-25 02:40:00+00:00,7,0.58,0.2835,0.3116,1.6532,0.5329,0.1638,0.0382,0.0128,0.0194,CATEGORY_A_UPWARD_EXPANSION
111869,111876,2022-01-25 02:50:00+00:00,2022-01-25 03:25:00+00:00,8,0.67,0.2889,0.3262,0.7641,0.4933,0.1191,0.0355,0.0153,0.0247,CATEGORY_A_UPWARD_EXPANSION
112115,112122,2022-01-25 23:20:00+00:00,2022-01-25 23:55:00+00:00,8,0.67,0.6679,0.6863,0.8667,0.4761,0.0574,0.0531,0.0196,-0.004,CATEGORY_A_UPWARD_EXPANSION
112150,112155,2022-01-26 02:15:00+00:00,2022-01-26 02:40:00+00:00,6,0.5,0.5565,0.5992,1.2477,0.4532,0.0513,0.0557,0.0321,-0.0277,CATEGORY_A_UPWARD_EXPANSION
112212,112219,2022-01-26 07:25:00+00:00,2022-01-26 08:00:00+00:00,8,0.67,0.4217,0.5332,0.976,0.5305,-0.0933,0.0411,0.0502,-0.034,CATEGORY_C_FALSE_OR_CHOP
112320,112332,2022-01-26 16:25:00+00:00,2022-01-26 17:25:00+00:00,13,1.08,0.5302,0.6225,1.2069,0.5039,-0.0665,0.0181,0.0712,-0.0496,CATEGORY_B_DOWNWARD_EXPANSION
112480,112489,2022-01-27 05:45:00+00:00,2022-01-27 06:30:00+00:00,10,0.83,0.2946,0.4158,1.1821,0.4469,0.0849,0.0421,0.0115,0.0403,CATEGORY_A_UPWARD_EXPANSION
112491,112496,2022-01-27 06:40:00+00:00,2022-01-27 07:05:00+00:00,6,0.5,0.3921,0.4104,0.934,0.4194,-0.1325,0.0404,0.014,0.0262,CATEGORY_A_UPWARD_EXPANSION
112527,112547,2022-01-27 09:40:00+00:00,2022-01-27 11:20:00+00:00,21,1.75,0.302,0.3623,0.8753,0.4553,-0.0369,0.0292,0.0246,-0.0006,CATEGORY_C_FALSE_OR_CHOP
112967,112975,2022-01-28 22:20:00+00:00,2022-01-28 23:00:00+00:00,9,0.75,0.6086,0.6359,1.0016,0.4918,-0.1036,0.0267,0.0118,0.01,CATEGORY_A_UPWARD_EXPANSION
113008,113015,2022-01-29 01:45:00+00:00,2022-01-29 02:20:00+00:00,8,0.67,0.6819,0.7156,0.5719,0.4712,-0.0542,0.03,0.0086,0.0104,CATEGORY_A_UPWARD_EXPANSION
113017,113024,2022-01-29 02:30:00+00:00,2022-01-29 03:05:00+00:00,8,0.67,0.3436,0.4513,1.1716,0.497,0.1021,0.0324,0.0063,0.012,CATEGORY_A_UPWARD_EXPANSION
113195,113200,2022-01-29 17:20:00+00:00,2022-01-29 17:45:00+00:00,6,0.5,0.6401,0.6982,1.8866,0.4999,-0.0502,0.0274,0.0035,0.0067,CATEGORY_A_UPWARD_EXPANSION
113202,113207,2022-01-29 17:55:00+00:00,2022-01-29 18:20:00+00:00,6,0.5,0.751,0.7787,0.9554,0.5157,0.0157,0.0276,0.0033,0.0065,CATEGORY_A_UPWARD_EXPANSION
113224,113231,2022-01-29 19:45:00+00:00,2022-01-29 20:20:00+00:00,8,0.67,0.4484,0.6277,0.6033,0.5112,0.0373,0.0225,0.0137,-0.0043,CATEGORY_A_UPWARD_EXPANSION
113301,113307,2022-01-30 02:10:00+00:00,2022-01-30 02:40:00+00:00,7,0.58,0.4796,0.5966,1.3066,0.5233,0.0552,0.0088,0.0366,-0.0273,CATEGORY_B_DOWNWARD_EXPANSION
113309,113319,2022-01-30 02:50:00+00:00,2022-01-30 03:40:00+00:00,11,0.92,0.4386,0.476,0.4816,0.4408,0.0213,0.0102,0.0353,-0.0256,CATEGORY_B_DOWNWARD_EXPANSION
113349,113355,2022-01-30 06:10:00+00:00,2022-01-30 06:40:00+00:00,7,0.58,0.2889,0.3498,0.8769,0.5068,-0.0156,0.0065,0.0388,-0.0292,CATEGORY_B_DOWNWARD_EXPANSION
113487,113493,2022-01-30 17:40:00+00:00,2022-01-30 18:10:00+00:00,7,0.58,0.4372,0.5427,1.3898,0.5276,-0.0298,0.0155,0.0362,0.0098,CATEGORY_B_DOWNWARD_EXPANSION
113605,113610,2022-01-31 03:30:00+00:00,2022-01-31 03:55:00+00:00,6,0.5,0.5127,0.5716,0.9018,0.4918,-0.0045,0.0464,0.0081,0.0424,CATEGORY_A_UPWARD_EXPANSION
113618,113623,2022-01-31 04:35:00+00:00,2022-01-31 05:00:00+00:00,6,0.5,0.5956,0.6479,1.4795,0.4676,-0.0474,0.0492,0.0055,0.0446,CATEGORY_A_UPWARD_EXPANSION
113866,113871,2022-02-01 01:15:00+00:00,2022-02-01 01:40:00+00:00,6,0.5,0.3956,0.4818,1.0306,0.4528,0.0867,0.0256,0.0074,0.0032,CATEGORY_A_UPWARD_EXPANSION
113906,113911,2022-02-01 04:35:00+00:00,2022-02-01 05:00:00+00:00,6,0.5,0.4894,0.5095,0.7239,0.5364,-0.069,0.018,0.0148,-0.0024,CATEGORY_C_FALSE_OR_CHOP
114169,114177,2022-02-02 02:30:00+00:00,2022-02-02 03:10:00+00:00,9,0.75,0.4298,0.5225,1.2199,0.5177,0.0082,0.0013,0.0552,-0.046,CATEGORY_B_DOWNWARD_EXPANSION
114209,114214,2022-02-02 05:50:00+00:00,2022-02-02 06:15:00+00:00,6,0.5,0.3871,0.4983,1.6671,0.5967,0.0443,0.008,0.0488,-0.041,CATEGORY_B_DOWNWARD_EXPANSION
114253,114261,2022-02-02 09:30:00+00:00,2022-02-02 10:10:00+00:00,9,0.75,0.3764,0.5249,1.3624,0.5018,-0.1247,0.0086,0.0549,-0.052,CATEGORY_B_DOWNWARD_EXPANSION
114480,114489,2022-02-03 04:25:00+00:00,2022-02-03 05:10:00+00:00,10,0.83,0.4119,0.5194,1.1238,0.4877,-0.1073,0.0163,0.0164,0.0148,CATEGORY_C_FALSE_OR_CHOP
114521,114526,2022-02-03 07:50:00+00:00,2022-02-03 08:15:00+00:00,6,0.5,0.4536,0.5018,0.9788,0.4558,0.0233,0.0305,0.0226,0.0251,CATEGORY_A_UPWARD_EXPANSION
114726,114733,2022-02-04 00:55:00+00:00,2022-02-04 01:30:00+00:00,8,0.67,0.3848,0.464,0.4906,0.4268,-0.0667,0.1294,0.0023,0.1151,CATEGORY_A_UPWARD_EXPANSION
114764,114769,2022-02-04 04:05:00+00:00,2022-02-04 04:30:00+00:00,6,0.5,0.3347,0.3709,0.5645,0.4556,0.0921,0.1252,0.0,0.1149,CATEGORY_A_UPWARD_EXPANSION
114816,114831,2022-02-04 08:25:00+00:00,2022-02-04 09:40:00+00:00,16,1.33,0.4361,0.5502,1.0052,0.4668,-0.0114,0.1044,0.0174,0.0933,CATEGORY_A_UPWARD_EXPANSION
115030,115042,2022-02-05 02:15:00+00:00,2022-02-05 03:15:00+00:00,13,1.08,0.1875,0.3321,0.7943,0.4894,-0.1171,0.0109,0.0146,0.0002,CATEGORY_C_FALSE_OR_CHOP
115044,115050,2022-02-05 03:25:00+00:00,2022-02-05 03:55:00+00:00,7,0.58,0.4536,0.4692,1.1908,0.4978,0.051,0.0109,0.0146,-0.0001,CATEGORY_C_FALSE_OR_CHOP
115140,115147,2022-02-05 11:25:00+00:00,2022-02-05 12:00:00+00:00,8,0.67,0.3994,0.4158,4.6428,0.5906,0.2545,0.0107,0.0147,0.0016,CATEGORY_C_FALSE_OR_CHOP
115269,115275,2022-02-05 22:10:00+00:00,2022-02-05 22:40:00+00:00,7,0.58,0.4398,0.505,0.8598,0.4597,0.033,0.0131,0.0121,0.0019,CATEGORY_C_FALSE_OR_CHOP
115314,115320,2022-02-06 01:55:00+00:00,2022-02-06 02:25:00+00:00,7,0.58,0.4896,0.5703,1.1206,0.4484,0.0056,0.0261,0.0109,0.02,CATEGORY_A_UPWARD_EXPANSION
115355,115360,2022-02-06 05:20:00+00:00,2022-02-06 05:45:00+00:00,6,0.5,0.4005,0.4478,1.0579,0.5123,0.0379,0.0344,0.0109,0.0289,CATEGORY_A_UPWARD_EXPANSION
115406,115411,2022-02-06 09:35:00+00:00,2022-02-06 10:00:00+00:00,6,0.5,0.4881,0.5791,1.5536,0.4945,-0.0362,0.0315,0.0137,0.0182,CATEGORY_A_UPWARD_EXPANSION
115652,115661,2022-02-07 06:05:00+00:00,2022-02-07 06:50:00+00:00,10,0.83,0.4916,0.5171,0.8903,0.5169,-0.0598,0.0655,0.0108,0.0485,CATEGORY_A_UPWARD_EXPANSION
115881,115887,2022-02-08 01:10:00+00:00,2022-02-08 01:40:00+00:00,7,0.58,0.4545,0.591,1.5515,0.4811,-0.0358,0.0339,0.0303,0.0008,CATEGORY_C_FALSE_OR_CHOP
115889,115894,2022-02-08 01:50:00+00:00,2022-02-08 02:15:00+00:00,6,0.5,0.4134,0.4411,1.4036,0.473,-0.092,0.0344,0.0298,-0.0139,CATEGORY_C_FALSE_OR_CHOP
116150,116159,2022-02-08 23:35:00+00:00,2022-02-09 00:20:00+00:00,10,0.83,0.5687,0.6238,1.3034,0.4558,0.07,0.0142,0.0239,-0.0032,CATEGORY_B_DOWNWARD_EXPANSION
116193,116200,2022-02-09 03:10:00+00:00,2022-02-09 03:45:00+00:00,8,0.67,0.4977,0.6031,1.1818,0.4856,-0.0321,0.0325,0.0061,0.0088,CATEGORY_A_UPWARD_EXPANSION
116202,116211,2022-02-09 03:55:00+00:00,2022-02-09 04:40:00+00:00,10,0.83,0.3404,0.407,0.7977,0.5533,0.0312,0.031,0.0075,0.0053,CATEGORY_A_UPWARD_EXPANSION
116413,116420,2022-02-09 21:30:00+00:00,2022-02-09 22:05:00+00:00,8,0.67,0.4014,0.6073,1.5501,0.5313,-0.0752,0.0288,0.0306,-0.0157,CATEGORY_C_FALSE_OR_CHOP
116462,116467,2022-02-10 01:35:00+00:00,2022-02-10 02:00:00+00:00,6,0.5,0.6398,0.6726,0.8612,0.4334,0.032,0.0365,0.0364,-0.0255,CATEGORY_C_FALSE_OR_CHOP
116469,116475,2022-02-10 02:10:00+00:00,2022-02-10 02:40:00+00:00,7,0.58,0.5782,0.6719,0.7273,0.392,-0.0543,0.0358,0.037,-0.0266,CATEGORY_C_FALSE_OR_CHOP
116818,116824,2022-02-11 07:15:00+00:00,2022-02-11 07:45:00+00:00,7,0.58,0.4433,0.4593,0.8593,0.5448,0.0123,0.0136,0.0379,-0.0297,CATEGORY_B_DOWNWARD_EXPANSION
116862,116876,2022-02-11 10:55:00+00:00,2022-02-11 12:05:00+00:00,15,1.25,0.3533,0.4587,1.1056,0.4155,-0.03,0.0145,0.0371,-0.0216,CATEGORY_B_DOWNWARD_EXPANSION
116936,116949,2022-02-11 17:05:00+00:00,2022-02-11 18:10:00+00:00,14,1.17,0.5296,0.5816,0.7948,0.5296,-0.0011,0.0011,0.04,-0.0111,CATEGORY_B_DOWNWARD_EXPANSION
116994,116999,2022-02-11 21:55:00+00:00,2022-02-11 22:20:00+00:00,6,0.5,0.5148,0.5397,0.8664,0.4714,0.0478,0.0144,0.0183,-0.0122,CATEGORY_C_FALSE_OR_CHOP
117020,117027,2022-02-12 00:05:00+00:00,2022-02-12 00:40:00+00:00,8,0.67,0.4848,0.5427,0.7886,0.5577,-0.09,0.0192,0.0137,0.0051,CATEGORY_C_FALSE_OR_CHOP
117036,117049,2022-02-12 01:25:00+00:00,2022-02-12 02:30:00+00:00,14,1.17,0.2762,0.4641,0.7108,0.4647,0.0024,0.0174,0.0154,-0.0051,CATEGORY_C_FALSE_OR_CHOP
117069,117074,2022-02-12 04:10:00+00:00,2022-02-12 04:35:00+00:00,6,0.5,0.3493,0.4315,0.7113,0.4137,0.119,0.0159,0.0169,-0.0045,CATEGORY_C_FALSE_OR_CHOP
117138,117144,2022-02-12 09:55:00+00:00,2022-02-12 10:25:00+00:00,7,0.58,0.4397,0.4921,0.3348,0.4535,0.1697,0.0184,0.0142,0.0011,CATEGORY_C_FALSE_OR_CHOP
117176,117181,2022-02-12 13:05:00+00:00,2022-02-12 13:30:00+00:00,6,0.5,0.4019,0.4584,0.7906,0.4341,-0.0175,0.0187,0.0139,0.0059,CATEGORY_C_FALSE_OR_CHOP
117332,117337,2022-02-13 02:05:00+00:00,2022-02-13 02:30:00+00:00,6,0.5,0.371,0.3868,2.8096,0.4412,0.0729,0.0151,0.0136,-0.0092,CATEGORY_C_FALSE_OR_CHOP
117340,117350,2022-02-13 02:45:00+00:00,2022-02-13 03:35:00+00:00,11,0.92,0.3384,0.4545,1.0247,0.4743,-0.1385,0.0129,0.0157,-0.0067,CATEGORY_C_FALSE_OR_CHOP
117379,117384,2022-02-13 06:00:00+00:00,2022-02-13 06:25:00+00:00,6,0.5,0.4218,0.4549,0.7252,0.4961,-0.106,0.0116,0.017,-0.0095,CATEGORY_C_FALSE_OR_CHOP
117399,117404,2022-02-13 07:40:00+00:00,2022-02-13 08:05:00+00:00,6,0.5,0.496,0.5266,0.8117,0.503,-0.2502,0.0099,0.0186,0.0016,CATEGORY_C_FALSE_OR_CHOP
117648,117654,2022-02-14 04:25:00+00:00,2022-02-14 04:55:00+00:00,7,0.58,0.6138,0.6411,1.7464,0.4659,0.0245,0.0434,0.0054,0.0359,CATEGORY_A_UPWARD_EXPANSION
117921,117930,2022-02-15 03:10:00+00:00,2022-02-15 03:55:00+00:00,10,0.83,0.4822,0.6321,1.1749,0.4301,-0.0859,0.0272,0.0039,0.0093,CATEGORY_A_UPWARD_EXPANSION
117945,117955,2022-02-15 05:10:00+00:00,2022-02-15 06:00:00+00:00,11,0.92,0.3486,0.3791,0.8701,0.4488,-0.0741,0.027,0.0012,0.0115,CATEGORY_A_UPWARD_EXPANSION
118080,118089,2022-02-15 16:25:00+00:00,2022-02-15 17:10:00+00:00,10,0.83,0.5642,0.6332,0.5558,0.5376,-0.082,0.0144,0.0184,-0.0118,CATEGORY_C_FALSE_OR_CHOP
118423,118432,2022-02-16 21:00:00+00:00,2022-02-16 21:45:00+00:00,10,0.83,0.5778,0.6508,0.938,0.4381,-0.0872,0.0046,0.0886,-0.0781,CATEGORY_B_DOWNWARD_EXPANSION
118475,118483,2022-02-17 01:20:00+00:00,2022-02-17 02:00:00+00:00,9,0.75,0.578,0.6455,0.9771,0.3565,0.0068,0.0021,0.0893,-0.0722,CATEGORY_B_DOWNWARD_EXPANSION
118778,118785,2022-02-18 02:35:00+00:00,2022-02-18 03:10:00+00:00,8,0.67,0.5863,0.6037,0.826,0.4779,0.0201,0.0058,0.0313,-0.0137,CATEGORY_B_DOWNWARD_EXPANSION
118787,118800,2022-02-18 03:20:00+00:00,2022-02-18 04:25:00+00:00,14,1.17,0.322,0.4937,1.0497,0.4875,-0.0026,0.0061,0.031,-0.0123,CATEGORY_B_DOWNWARD_EXPANSION
118817,118824,2022-02-18 05:50:00+00:00,2022-02-18 06:25:00+00:00,8,0.67,0.5091,0.5279,0.7121,0.4024,0.1188,0.0079,0.0293,-0.0087,CATEGORY_B_DOWNWARD_EXPANSION
118828,118834,2022-02-18 06:45:00+00:00,2022-02-18 07:15:00+00:00,7,0.58,0.4002,0.4115,0.6881,0.5077,0.1372,0.0046,0.0325,-0.0112,CATEGORY_B_DOWNWARD_EXPANSION
118859,118864,2022-02-18 09:20:00+00:00,2022-02-18 09:45:00+00:00,6,0.5,0.3738,0.3898,1.0965,0.5,-0.0859,0.0002,0.0357,-0.0238,CATEGORY_B_DOWNWARD_EXPANSION
119028,119036,2022-02-18 23:25:00+00:00,2022-02-19 00:05:00+00:00,9,0.75,0.2923,0.4234,1.5301,0.4329,0.0761,0.0123,0.0078,0.0031,CATEGORY_C_FALSE_OR_CHOP
119043,119048,2022-02-19 00:40:00+00:00,2022-02-19 01:05:00+00:00,6,0.5,0.4918,0.5073,1.2671,0.4352,0.2861,0.0055,0.0145,-0.0091,CATEGORY_C_FALSE_OR_CHOP
119066,119072,2022-02-19 02:35:00+00:00,2022-02-19 03:05:00+00:00,7,0.58,0.2727,0.4357,1.8473,0.5134,-0.1521,0.0062,0.0138,-0.0079,CATEGORY_C_FALSE_OR_CHOP
119129,119135,2022-02-19 07:50:00+00:00,2022-02-19 08:20:00+00:00,7,0.58,0.2482,0.2824,0.8255,0.4618,0.0763,0.0021,0.047,-0.0461,CATEGORY_B_DOWNWARD_EXPANSION
119265,119271,2022-02-19 19:10:00+00:00,2022-02-19 19:40:00+00:00,7,0.58,0.6594,0.69,0.9835,0.4815,0.1412,0.0025,0.0509,-0.0415,CATEGORY_B_DOWNWARD_EXPANSION
119284,119289,2022-02-19 20:45:00+00:00,2022-02-19 21:10:00+00:00,6,0.5,0.4422,0.4709,1.1363,0.4205,0.0675,0.0035,0.05,-0.0454,CATEGORY_B_DOWNWARD_EXPANSION
119557,119562,2022-02-20 19:30:00+00:00,2022-02-20 19:55:00+00:00,6,0.5,0.4395,0.5043,1.2212,0.5411,0.1676,0.0286,0.0308,-0.0068,CATEGORY_C_FALSE_OR_CHOP
119570,119575,2022-02-20 20:35:00+00:00,2022-02-20 21:00:00+00:00,6,0.5,0.5072,0.5713,0.9315,0.542,-0.1208,0.0307,0.0288,-0.004,CATEGORY_C_FALSE_OR_CHOP
119688,119694,2022-02-21 06:25:00+00:00,2022-02-21 06:55:00+00:00,7,0.58,0.3725,0.462,1.0109,0.5404,-0.089,0.004,0.0728,-0.0597,CATEGORY_B_DOWNWARD_EXPANSION
119953,119963,2022-02-22 04:30:00+00:00,2022-02-22 05:20:00+00:00,11,0.92,0.3706,0.4281,0.668,0.4746,0.0918,0.0468,0.0054,0.031,CATEGORY_A_UPWARD_EXPANSION
119998,120004,2022-02-22 08:15:00+00:00,2022-02-22 08:45:00+00:00,7,0.58,0.4493,0.4579,0.5967,0.5462,-0.079,0.0486,0.0002,0.0437,CATEGORY_A_UPWARD_EXPANSION
120006,120012,2022-02-22 08:55:00+00:00,2022-02-22 09:25:00+00:00,7,0.58,0.4238,0.4448,0.8682,0.4914,-0.0122,0.0523,0.0,0.0472,CATEGORY_A_UPWARD_EXPANSION
120151,120179,2022-02-22 21:00:00+00:00,2022-02-22 23:20:00+00:00,29,2.42,0.4889,0.5757,0.7044,0.5232,-0.0072,0.032,0.0262,-0.0196,CATEGORY_C_FALSE_OR_CHOP
120206,120212,2022-02-23 01:35:00+00:00,2022-02-23 02:05:00+00:00,7,0.58,0.2595,0.3228,0.8118,0.5121,0.026,0.0304,0.0382,-0.0315,CATEGORY_C_FALSE_OR_CHOP
120229,120234,2022-02-23 03:30:00+00:00,2022-02-23 03:55:00+00:00,6,0.5,0.4067,0.4626,1.4092,0.4467,-0.1494,0.0397,0.0803,-0.0745,CATEGORY_B_DOWNWARD_EXPANSION
120264,120270,2022-02-23 06:25:00+00:00,2022-02-23 06:55:00+00:00,7,0.58,0.374,0.4208,0.9649,0.5409,0.0224,0.0332,0.0965,-0.0813,CATEGORY_B_DOWNWARD_EXPANSION
120272,120277,2022-02-23 07:05:00+00:00,2022-02-23 07:30:00+00:00,6,0.5,0.3973,0.4102,0.5857,0.4795,-0.0706,0.031,0.0985,-0.0957,CATEGORY_B_DOWNWARD_EXPANSION
120311,120320,2022-02-23 10:20:00+00:00,2022-02-23 11:05:00+00:00,10,0.83,0.5502,0.5969,0.5905,0.4872,-0.0238,0.0111,0.1159,-0.0987,CATEGORY_B_DOWNWARD_EXPANSION
120791,120801,2022-02-25 02:20:00+00:00,2022-02-25 03:10:00+00:00,11,0.92,0.2546,0.2973,0.764,0.4722,0.0592,0.0411,0.0191,0.015,CATEGORY_A_UPWARD_EXPANSION
120811,120819,2022-02-25 04:00:00+00:00,2022-02-25 04:40:00+00:00,9,0.75,0.3254,0.4477,0.6861,0.4147,-0.0151,0.0423,0.018,0.0181,CATEGORY_A_UPWARD_EXPANSION
120852,120857,2022-02-25 07:25:00+00:00,2022-02-25 07:50:00+00:00,6,0.5,0.3424,0.3802,0.4318,0.688,-0.0789,0.0472,0.0134,0.0168,CATEGORY_A_UPWARD_EXPANSION
121007,121012,2022-02-25 20:20:00+00:00,2022-02-25 20:45:00+00:00,6,0.5,0.4557,0.5282,1.5821,0.4945,0.086,0.037,0.0087,0.0119,CATEGORY_A_UPWARD_EXPANSION
121025,121034,2022-02-25 21:50:00+00:00,2022-02-25 22:35:00+00:00,10,0.83,0.3835,0.5298,0.6391,0.5938,-0.0292,0.035,0.0106,0.0065,CATEGORY_A_UPWARD_EXPANSION
121070,121080,2022-02-26 01:35:00+00:00,2022-02-26 02:25:00+00:00,11,0.92,0.411,0.5114,1.075,0.4885,0.0712,0.001,0.037,-0.0295,CATEGORY_B_DOWNWARD_EXPANSION
121082,121088,2022-02-26 02:35:00+00:00,2022-02-26 03:05:00+00:00,7,0.58,0.621,0.6489,0.9845,0.4833,-0.1494,0.0049,0.0333,-0.0233,CATEGORY_B_DOWNWARD_EXPANSION
121093,121100,2022-02-26 03:30:00+00:00,2022-02-26 04:05:00+00:00,8,0.67,0.5796,0.611,1.0933,0.4984,-0.202,0.0072,0.0311,-0.0212,CATEGORY_B_DOWNWARD_EXPANSION
121143,121148,2022-02-26 07:40:00+00:00,2022-02-26 08:05:00+00:00,6,0.5,0.4639,0.5399,0.5241,0.555,-0.2829,0.0128,0.0258,-0.012,CATEGORY_B_DOWNWARD_EXPANSION
121174,121180,2022-02-26 10:15:00+00:00,2022-02-26 10:45:00+00:00,7,0.58,0.5448,0.5832,0.4247,0.4176,0.1031,0.0201,0.0187,0.0117,CATEGORY_C_FALSE_OR_CHOP
121239,121248,2022-02-26 15:40:00+00:00,2022-02-26 16:25:00+00:00,10,0.83,0.4529,0.5402,1.1281,0.5233,0.1271,0.0168,0.0257,-0.0047,CATEGORY_B_DOWNWARD_EXPANSION
121253,121261,2022-02-26 16:50:00+00:00,2022-02-26 17:30:00+00:00,9,0.75,0.4354,0.5482,1.0031,0.4447,-0.076,0.0188,0.0238,-0.0012,CATEGORY_C_FALSE_OR_CHOP
121263,121269,2022-02-26 17:40:00+00:00,2022-02-26 18:10:00+00:00,7,0.58,0.5524,0.5907,1.0342,0.4545,-0.0297,0.0189,0.0237,-0.0038,CATEGORY_C_FALSE_OR_CHOP
121374,121386,2022-02-27 02:55:00+00:00,2022-02-27 03:55:00+00:00,13,1.08,0.43,0.4864,1.1214,0.5002,-0.0898,0.0323,0.0416,-0.0211,CATEGORY_C_FALSE_OR_CHOP
121548,121554,2022-02-27 17:25:00+00:00,2022-02-27 17:55:00+00:00,7,0.58,0.5351,0.5864,1.4314,0.4212,-0.113,0.063,0.0505,0.063,CATEGORY_C_FALSE_OR_CHOP
121694,121699,2022-02-28 05:35:00+00:00,2022-02-28 06:00:00+00:00,6,0.5,0.5308,0.5469,1.3551,0.4944,0.1555,0.1678,0.0111,0.1406,CATEGORY_A_UPWARD_EXPANSION
121740,121745,2022-02-28 09:25:00+00:00,2022-02-28 09:50:00+00:00,6,0.5,0.5178,0.557,1.0775,0.4898,-0.0497,0.1524,0.0115,0.128,CATEGORY_A_UPWARD_EXPANSION
121835,121841,2022-02-28 17:20:00+00:00,2022-02-28 17:50:00+00:00,7,0.58,0.4125,0.5098,0.7699,0.5111,-0.0457,0.0967,0.0001,0.0661,CATEGORY_A_UPWARD_EXPANSION
121936,121941,2022-03-01 01:45:00+00:00,2022-03-01 02:10:00+00:00,6,0.5,0.3558,0.4245,2.017,0.4382,-0.083,0.0433,0.0064,0.0231,CATEGORY_A_UPWARD_EXPANSION
121945,121952,2022-03-01 02:30:00+00:00,2022-03-01 03:05:00+00:00,8,0.67,0.3928,0.4219,0.9094,0.5712,0.0283,0.0444,0.0053,0.0278,CATEGORY_A_UPWARD_EXPANSION
121977,121982,2022-03-01 05:10:00+00:00,2022-03-01 05:35:00+00:00,6,0.5,0.3022,0.3298,0.863,0.3797,0.0738,0.0401,0.0094,0.022,CATEGORY_A_UPWARD_EXPANSION
122140,122145,2022-03-01 18:45:00+00:00,2022-03-01 19:10:00+00:00,6,0.5,0.3631,0.3898,0.7426,0.5289,-0.0426,0.0385,0.0087,-0.0013,CATEGORY_A_UPWARD_EXPANSION
122331,122336,2022-03-02 10:40:00+00:00,2022-03-02 11:05:00+00:00,6,0.5,0.5337,0.5891,1.1681,0.4692,-0.0824,0.03,0.0263,-0.0151,CATEGORY_C_FALSE_OR_CHOP
122344,122349,2022-03-02 11:45:00+00:00,2022-03-02 12:10:00+00:00,6,0.5,0.5962,0.6308,1.0988,0.5002,-0.0108,0.0268,0.0294,-0.0182,CATEGORY_C_FALSE_OR_CHOP
122405,122415,2022-03-02 16:50:00+00:00,2022-03-02 17:40:00+00:00,11,0.92,0.3866,0.4441,1.1307,0.4809,-0.0646,0.0058,0.0468,-0.0376,CATEGORY_B_DOWNWARD_EXPANSION
122459,122464,2022-03-02 21:20:00+00:00,2022-03-02 21:45:00+00:00,6,0.5,0.3459,0.398,0.7002,0.4771,-0.0161,0.0126,0.0455,-0.0416,CATEGORY_B_DOWNWARD_EXPANSION
122498,122504,2022-03-03 00:35:00+00:00,2022-03-03 01:05:00+00:00,7,0.58,0.4513,0.553,0.6268,0.4673,0.1074,0.0037,0.0632,-0.062,CATEGORY_B_DOWNWARD_EXPANSION
122528,122533,2022-03-03 03:05:00+00:00,2022-03-03 03:30:00+00:00,6,0.5,0.4964,0.5673,0.8423,0.5967,0.0774,0.0076,0.0616,-0.0552,CATEGORY_B_DOWNWARD_EXPANSION
122607,122613,2022-03-03 09:40:00+00:00,2022-03-03 10:10:00+00:00,7,0.58,0.4049,0.4568,1.5648,0.5462,-0.0599,0.0214,0.0536,-0.0354,CATEGORY_B_DOWNWARD_EXPANSION
122839,122847,2022-03-04 05:00:00+00:00,2022-03-04 05:40:00+00:00,9,0.75,0.4646,0.5434,1.5929,0.4337,-0.1032,0.0144,0.0703,-0.0588,CATEGORY_B_DOWNWARD_EXPANSION
122853,122859,2022-03-04 06:10:00+00:00,2022-03-04 06:40:00+00:00,7,0.58,0.528,0.577,0.7109,0.4616,0.0182,0.0132,0.0714,-0.0567,CATEGORY_B_DOWNWARD_EXPANSION
122913,122920,2022-03-04 11:10:00+00:00,2022-03-04 11:45:00+00:00,8,0.67,0.344,0.4143,1.4005,0.5014,0.0904,0.0037,0.08,-0.063,CATEGORY_B_DOWNWARD_EXPANSION
123094,123102,2022-03-05 02:15:00+00:00,2022-03-05 02:55:00+00:00,9,0.75,0.4654,0.5673,0.8177,0.508,0.0489,0.0213,0.0118,0.0165,CATEGORY_A_UPWARD_EXPANSION
123142,123152,2022-03-05 06:15:00+00:00,2022-03-05 07:05:00+00:00,11,0.92,0.3743,0.4775,0.8807,0.4836,-0.0168,0.0182,0.0051,0.0114,CATEGORY_C_FALSE_OR_CHOP
123155,123160,2022-03-05 07:20:00+00:00,2022-03-05 07:45:00+00:00,6,0.5,0.3758,0.3989,0.8192,0.477,0.0505,0.0151,0.0082,0.0087,CATEGORY_C_FALSE_OR_CHOP
123162,123167,2022-03-05 07:55:00+00:00,2022-03-05 08:20:00+00:00,6,0.5,0.3152,0.3911,0.7758,0.4118,-0.0839,0.0177,0.0056,0.0068,CATEGORY_C_FALSE_OR_CHOP
123206,123211,2022-03-05 11:35:00+00:00,2022-03-05 12:00:00+00:00,6,0.5,0.5828,0.5958,1.3065,0.5322,0.0265,0.0132,0.0277,-0.0193,CATEGORY_B_DOWNWARD_EXPANSION
123242,123247,2022-03-05 14:35:00+00:00,2022-03-05 15:00:00+00:00,6,0.5,0.5816,0.5956,1.0976,0.5283,0.0137,0.014,0.027,-0.0092,CATEGORY_B_DOWNWARD_EXPANSION
123249,123259,2022-03-05 15:10:00+00:00,2022-03-05 16:00:00+00:00,11,0.92,0.3318,0.3859,0.7425,0.545,0.0146,0.0129,0.0281,-0.0067,CATEGORY_B_DOWNWARD_EXPANSION
123289,123297,2022-03-05 18:30:00+00:00,2022-03-05 19:10:00+00:00,9,0.75,0.4319,0.5391,0.908,0.5638,-0.0097,0.0066,0.0341,-0.016,CATEGORY_B_DOWNWARD_EXPANSION
123299,123306,2022-03-05 19:20:00+00:00,2022-03-05 19:55:00+00:00,8,0.67,0.4103,0.4657,1.1315,0.5167,0.1618,0.0066,0.0341,-0.0194,CATEGORY_B_DOWNWARD_EXPANSION
123695,123705,2022-03-07 04:20:00+00:00,2022-03-07 05:10:00+00:00,11,0.92,0.4906,0.5075,1.0704,0.541,0.0038,0.0429,0.0202,0.0124,CATEGORY_A_UPWARD_EXPANSION
123985,123991,2022-03-08 04:30:00+00:00,2022-03-08 05:00:00+00:00,7,0.58,0.4948,0.5921,1.0141,0.5092,-0.0022,0.0861,0.0146,0.0783,CATEGORY_A_UPWARD_EXPANSION
124053,124058,2022-03-08 10:10:00+00:00,2022-03-08 10:35:00+00:00,6,0.5,0.5853,0.6326,1.1647,0.5577,0.0969,0.0892,0.0212,0.0799,CATEGORY_A_UPWARD_EXPANSION
124063,124069,2022-03-08 11:00:00+00:00,2022-03-08 11:30:00+00:00,7,0.58,0.5009,0.5623,1.2934,0.5088,0.0609,0.0903,0.0201,0.0818,CATEGORY_A_UPWARD_EXPANSION
124161,124172,2022-03-08 19:10:00+00:00,2022-03-08 20:05:00+00:00,12,1.0,0.605,0.7311,0.8058,0.5293,-0.0196,0.097,0.0113,0.0876,CATEGORY_A_UPWARD_EXPANSION
124183,124198,2022-03-08 21:00:00+00:00,2022-03-08 22:15:00+00:00,16,1.33,0.4569,0.5661,0.8578,0.4547,0.0098,0.1056,0.0001,0.0893,CATEGORY_A_UPWARD_EXPANSION
124200,124206,2022-03-08 22:25:00+00:00,2022-03-08 22:55:00+00:00,7,0.58,0.5425,0.5977,0.901,0.4965,-0.0043,0.1048,0.0006,0.0866,CATEGORY_A_UPWARD_EXPANSION
124208,124218,2022-03-08 23:05:00+00:00,2022-03-08 23:55:00+00:00,11,0.92,0.3986,0.5652,1.2667,0.5219,0.0046,0.0998,0.0019,0.0829,CATEGORY_A_UPWARD_EXPANSION
124284,124289,2022-03-09 05:25:00+00:00,2022-03-09 05:50:00+00:00,6,0.5,0.4577,0.5207,1.3503,0.5424,0.1068,0.0279,0.0625,-0.0545,CATEGORY_B_DOWNWARD_EXPANSION
124291,124304,2022-03-09 06:00:00+00:00,2022-03-09 07:05:00+00:00,14,1.17,0.3253,0.4161,1.2275,0.5023,0.0612,0.0236,0.0664,-0.0564,CATEGORY_B_DOWNWARD_EXPANSION
124309,124314,2022-03-09 07:30:00+00:00,2022-03-09 07:55:00+00:00,6,0.5,0.3969,0.4305,0.6758,0.5453,0.0226,0.0192,0.0704,-0.0611,CATEGORY_B_DOWNWARD_EXPANSION
124343,124350,2022-03-09 10:20:00+00:00,2022-03-09 10:55:00+00:00,8,0.67,0.3453,0.4366,1.3525,0.5196,0.0755,0.009,0.0813,-0.0749,CATEGORY_B_DOWNWARD_EXPANSION
124400,124406,2022-03-09 15:05:00+00:00,2022-03-09 15:35:00+00:00,7,0.58,0.4202,0.4434,1.2112,0.5122,0.1043,0.0081,0.0878,-0.0747,CATEGORY_B_DOWNWARD_EXPANSION
124428,124434,2022-03-09 17:25:00+00:00,2022-03-09 17:55:00+00:00,7,0.58,0.337,0.4176,0.7313,0.4658,-0.0898,0.0002,0.0893,-0.0746,CATEGORY_B_DOWNWARD_EXPANSION
124628,124633,2022-03-10 10:05:00+00:00,2022-03-10 10:30:00+00:00,6,0.5,0.5335,0.6177,0.7915,0.4593,0.0336,0.0272,0.0255,-0.0035,CATEGORY_C_FALSE_OR_CHOP
124661,124668,2022-03-10 12:50:00+00:00,2022-03-10 13:25:00+00:00,8,0.67,0.6224,0.6515,1.0285,0.4907,0.0713,0.0245,0.0281,0.0075,CATEGORY_C_FALSE_OR_CHOP
124709,124717,2022-03-10 16:50:00+00:00,2022-03-10 17:30:00+00:00,9,0.75,0.4805,0.4979,1.2884,0.4881,-0.0676,0.0263,0.025,-0.0133,CATEGORY_C_FALSE_OR_CHOP
124864,124871,2022-03-11 05:45:00+00:00,2022-03-11 06:20:00+00:00,8,0.67,0.3959,0.4042,0.9479,0.5032,-0.0015,0.0389,0.0108,0.0131,CATEGORY_A_UPWARD_EXPANSION
125031,125036,2022-03-11 19:40:00+00:00,2022-03-11 20:05:00+00:00,6,0.5,0.4443,0.492,0.6561,0.5267,-0.02,0.0167,0.0137,0.0051,CATEGORY_C_FALSE_OR_CHOP
125071,125077,2022-03-11 23:00:00+00:00,2022-03-11 23:30:00+00:00,7,0.58,0.6056,0.624,0.7073,0.5274,0.1,0.0148,0.0064,0.0033,CATEGORY_C_FALSE_OR_CHOP
125103,125112,2022-03-12 01:40:00+00:00,2022-03-12 02:25:00+00:00,10,0.83,0.3005,0.4466,0.8797,0.438,0.0278,0.0077,0.0129,-0.0015,CATEGORY_C_FALSE_OR_CHOP
125144,125149,2022-03-12 05:05:00+00:00,2022-03-12 05:30:00+00:00,6,0.5,0.4092,0.4257,1.4183,0.5166,0.0439,0.0091,0.0115,0.0005,CATEGORY_C_FALSE_OR_CHOP
125334,125345,2022-03-12 20:55:00+00:00,2022-03-12 21:50:00+00:00,12,1.0,0.4143,0.477,0.4085,0.4391,-0.0066,0.0053,0.0187,-0.0093,CATEGORY_C_FALSE_OR_CHOP
125408,125419,2022-03-13 03:05:00+00:00,2022-03-13 04:00:00+00:00,12,1.0,0.4357,0.5421,0.7272,0.507,0.0219,0.0024,0.0424,-0.0257,CATEGORY_B_DOWNWARD_EXPANSION
125432,125441,2022-03-13 05:05:00+00:00,2022-03-13 05:50:00+00:00,10,0.83,0.3467,0.4836,1.3249,0.4981,-0.0174,0.0011,0.0409,-0.0174,CATEGORY_B_DOWNWARD_EXPANSION
125458,125465,2022-03-13 07:15:00+00:00,2022-03-13 07:50:00+00:00,8,0.67,0.3896,0.4413,1.4849,0.4233,-0.0047,0.0008,0.0401,-0.0029,CATEGORY_B_DOWNWARD_EXPANSION
125913,125919,2022-03-14 21:10:00+00:00,2022-03-14 21:40:00+00:00,7,0.58,0.5151,0.5341,1.2775,0.429,0.0214,0.033,0.0148,0.0219,CATEGORY_A_UPWARD_EXPANSION
125983,125990,2022-03-15 03:00:00+00:00,2022-03-15 03:35:00+00:00,8,0.67,0.3321,0.506,0.9993,0.4154,0.0647,0.0725,0.0205,0.0115,CATEGORY_A_UPWARD_EXPANSION
126014,126021,2022-03-15 05:35:00+00:00,2022-03-15 06:10:00+00:00,8,0.67,0.3934,0.4229,0.7851,0.4921,0.0316,0.0748,0.0184,0.014,CATEGORY_A_UPWARD_EXPANSION
126155,126160,2022-03-15 17:20:00+00:00,2022-03-15 17:45:00+00:00,6,0.5,0.5426,0.5578,1.1544,0.4649,0.1192,0.064,0.0097,0.0327,CATEGORY_A_UPWARD_EXPANSION
126166,126171,2022-03-15 18:15:00+00:00,2022-03-15 18:40:00+00:00,6,0.5,0.506,0.5261,0.9458,0.4553,0.0534,0.0637,0.01,0.0193,CATEGORY_A_UPWARD_EXPANSION
126207,126212,2022-03-15 21:40:00+00:00,2022-03-15 22:05:00+00:00,6,0.5,0.3033,0.3699,1.5209,0.5634,-0.0809,0.0496,0.0231,0.0354,CATEGORY_A_UPWARD_EXPANSION
126516,126523,2022-03-16 23:25:00+00:00,2022-03-17 00:00:00+00:00,8,0.67,0.3487,0.3717,1.2401,0.4789,0.1073,0.0097,0.0141,-0.0048,CATEGORY_C_FALSE_OR_CHOP
126556,126566,2022-03-17 02:45:00+00:00,2022-03-17 03:35:00+00:00,11,0.92,0.3563,0.4103,1.0344,0.5084,0.0696,0.0085,0.0222,-0.0164,CATEGORY_B_DOWNWARD_EXPANSION
126574,126580,2022-03-17 04:15:00+00:00,2022-03-17 04:45:00+00:00,7,0.58,0.4539,0.5053,0.9566,0.4668,0.0974,0.0099,0.0208,-0.0117,CATEGORY_B_DOWNWARD_EXPANSION
126627,126634,2022-03-17 08:40:00+00:00,2022-03-17 09:15:00+00:00,8,0.67,0.3919,0.4255,1.2203,0.5802,-0.0157,0.0108,0.0141,-0.0065,CATEGORY_C_FALSE_OR_CHOP
126636,126641,2022-03-17 09:25:00+00:00,2022-03-17 09:50:00+00:00,6,0.5,0.4598,0.4712,1.1959,0.4986,0.0264,0.0109,0.0141,-0.0072,CATEGORY_C_FALSE_OR_CHOP
126736,126752,2022-03-17 17:45:00+00:00,2022-03-17 19:05:00+00:00,17,1.42,0.3718,0.4932,0.9179,0.4734,-0.0221,0.0241,0.0178,0.0211,CATEGORY_A_UPWARD_EXPANSION
126754,126760,2022-03-17 19:15:00+00:00,2022-03-17 19:45:00+00:00,7,0.58,0.5022,0.5232,1.2511,0.5235,0.0317,0.0242,0.0178,0.0227,CATEGORY_A_UPWARD_EXPANSION
126800,126805,2022-03-17 23:05:00+00:00,2022-03-17 23:30:00+00:00,6,0.5,0.6251,0.6558,1.0354,0.4326,-0.105,0.0348,0.0187,0.0225,CATEGORY_A_UPWARD_EXPANSION
126843,126851,2022-03-18 02:40:00+00:00,2022-03-18 03:20:00+00:00,9,0.75,0.6317,0.6947,1.0736,0.4308,-0.048,0.0458,0.0083,0.0301,CATEGORY_A_UPWARD_EXPANSION
126864,126870,2022-03-18 04:25:00+00:00,2022-03-18 04:55:00+00:00,7,0.58,0.5043,0.5747,0.5853,0.5051,0.0311,0.042,0.0119,0.0291,CATEGORY_A_UPWARD_EXPANSION
126928,126940,2022-03-18 09:45:00+00:00,2022-03-18 10:45:00+00:00,13,1.08,0.4014,0.5176,0.7629,0.519,-0.0062,0.0425,0.0114,0.027,CATEGORY_A_UPWARD_EXPANSION
127076,127082,2022-03-18 22:05:00+00:00,2022-03-18 22:35:00+00:00,7,0.58,0.4944,0.6019,1.0281,0.4437,0.0762,0.0178,0.0038,0.0032,CATEGORY_C_FALSE_OR_CHOP
127088,127095,2022-03-18 23:05:00+00:00,2022-03-18 23:40:00+00:00,8,0.67,0.5401,0.5699,1.1001,0.4966,-0.0038,0.0137,0.0078,0.0075,CATEGORY_C_FALSE_OR_CHOP
127121,127134,2022-03-19 01:50:00+00:00,2022-03-19 02:55:00+00:00,14,1.17,0.3971,0.5108,0.7659,0.4487,0.0326,0.0152,0.0064,0.0012,CATEGORY_C_FALSE_OR_CHOP
127138,127143,2022-03-19 03:15:00+00:00,2022-03-19 03:40:00+00:00,6,0.5,0.5808,0.5951,0.5355,0.4464,-0.0064,0.0176,0.004,0.0069,CATEGORY_C_FALSE_OR_CHOP
127159,127164,2022-03-19 05:00:00+00:00,2022-03-19 05:25:00+00:00,6,0.5,0.4724,0.4898,1.1303,0.5062,0.1885,0.0155,0.0052,0.0016,CATEGORY_C_FALSE_OR_CHOP
127169,127184,2022-03-19 05:50:00+00:00,2022-03-19 07:05:00+00:00,16,1.33,0.2832,0.3751,1.2986,0.4452,-0.0195,0.0165,0.0042,0.0055,CATEGORY_C_FALSE_OR_CHOP
127485,127490,2022-03-20 08:10:00+00:00,2022-03-20 08:35:00+00:00,6,0.5,0.6137,0.6618,0.7621,0.4269,-0.1521,0.0,0.0348,-0.0162,CATEGORY_B_DOWNWARD_EXPANSION
127619,127626,2022-03-20 19:20:00+00:00,2022-03-20 19:55:00+00:00,8,0.67,0.6234,0.673,1.1503,0.5308,0.0126,0.0072,0.022,-0.0048,CATEGORY_B_DOWNWARD_EXPANSION
127735,127741,2022-03-21 05:00:00+00:00,2022-03-21 05:30:00+00:00,7,0.58,0.5192,0.567,0.9568,0.5189,-0.139,0.0611,0.0031,0.0513,CATEGORY_A_UPWARD_EXPANSION
127900,127908,2022-03-21 18:45:00+00:00,2022-03-21 19:25:00+00:00,9,0.75,0.5777,0.6059,0.7862,0.5139,0.1119,0.0581,0.0025,0.0393,CATEGORY_A_UPWARD_EXPANSION
128151,128158,2022-03-22 15:40:00+00:00,2022-03-22 16:15:00+00:00,8,0.67,0.4311,0.4794,0.7831,0.4626,0.1488,0.005,0.0213,0.0,CATEGORY_B_DOWNWARD_EXPANSION
128160,128166,2022-03-22 16:25:00+00:00,2022-03-22 16:55:00+00:00,7,0.58,0.4997,0.5166,1.244,0.487,0.0931,0.0084,0.018,0.0015,CATEGORY_C_FALSE_OR_CHOP
128171,128177,2022-03-22 17:20:00+00:00,2022-03-22 17:50:00+00:00,7,0.58,0.5053,0.5173,1.262,0.4736,0.0351,0.0078,0.0185,-0.01,CATEGORY_C_FALSE_OR_CHOP
128291,128299,2022-03-23 03:20:00+00:00,2022-03-23 04:00:00+00:00,9,0.75,0.594,0.6338,1.5626,0.4147,-0.0035,0.0276,0.0086,0.0152,CATEGORY_A_UPWARD_EXPANSION
128321,128328,2022-03-23 05:50:00+00:00,2022-03-23 06:25:00+00:00,8,0.67,0.4727,0.6197,0.8733,0.5123,0.0092,0.0326,0.0053,0.0261,CATEGORY_A_UPWARD_EXPANSION
128376,128383,2022-03-23 10:25:00+00:00,2022-03-23 11:00:00+00:00,8,0.67,0.4856,0.6377,0.8996,0.495,0.1292,0.031,0.0069,0.0195,CATEGORY_A_UPWARD_EXPANSION
128502,128517,2022-03-23 20:55:00+00:00,2022-03-23 22:10:00+00:00,16,1.33,0.4271,0.5361,1.3208,0.4558,0.0098,0.0437,0.0001,0.0385,CATEGORY_A_UPWARD_EXPANSION
128576,128582,2022-03-24 03:05:00+00:00,2022-03-24 03:35:00+00:00,7,0.58,0.5668,0.6296,1.1633,0.4062,-0.0271,0.0372,0.0057,0.0277,CATEGORY_A_UPWARD_EXPANSION
128584,128590,2022-03-24 03:45:00+00:00,2022-03-24 04:15:00+00:00,7,0.58,0.6016,0.6586,0.6053,0.4132,-0.0241,0.0374,0.0055,0.0266,CATEGORY_A_UPWARD_EXPANSION
128646,128653,2022-03-24 08:55:00+00:00,2022-03-24 09:30:00+00:00,8,0.67,0.5452,0.6668,1.1821,0.5343,-0.1371,0.0301,0.0126,0.0222,CATEGORY_A_UPWARD_EXPANSION
128787,128794,2022-03-24 20:40:00+00:00,2022-03-24 21:15:00+00:00,8,0.67,0.3587,0.5034,1.3591,0.4446,-0.0071,0.0293,0.0053,0.0146,CATEGORY_A_UPWARD_EXPANSION
128869,128878,2022-03-25 03:30:00+00:00,2022-03-25 04:15:00+00:00,10,0.83,0.4889,0.5578,0.8083,0.4537,0.0436,0.0264,0.0081,0.0102,CATEGORY_A_UPWARD_EXPANSION
128943,128949,2022-03-25 09:40:00+00:00,2022-03-25 10:10:00+00:00,7,0.58,0.4297,0.5507,0.6483,0.5335,-0.0105,0.022,0.0025,0.0071,CATEGORY_A_UPWARD_EXPANSION
129115,129123,2022-03-26 00:00:00+00:00,2022-03-26 00:40:00+00:00,9,0.75,0.4394,0.4839,0.6583,0.5141,-0.0314,0.0096,0.0066,0.0063,CATEGORY_C_FALSE_OR_CHOP
129140,129148,2022-03-26 02:05:00+00:00,2022-03-26 02:45:00+00:00,9,0.75,0.4125,0.5592,0.532,0.4054,-0.0425,0.0149,0.0033,0.0086,CATEGORY_C_FALSE_OR_CHOP
129152,129157,2022-03-26 03:05:00+00:00,2022-03-26 03:30:00+00:00,6,0.5,0.5467,0.5951,0.6567,0.4317,0.0868,0.0127,0.0055,0.0062,CATEGORY_C_FALSE_OR_CHOP
129159,129165,2022-03-26 03:40:00+00:00,2022-03-26 04:10:00+00:00,7,0.58,0.5499,0.6108,1.4356,0.526,0.1461,0.0118,0.0064,0.0065,CATEGORY_C_FALSE_OR_CHOP
129169,129176,2022-03-26 04:30:00+00:00,2022-03-26 05:05:00+00:00,8,0.67,0.5631,0.6031,1.103,0.5146,0.0137,0.013,0.0052,0.0054,CATEGORY_C_FALSE_OR_CHOP
129190,129195,2022-03-26 06:15:00+00:00,2022-03-26 06:40:00+00:00,6,0.5,0.5779,0.6171,1.0512,0.4899,-0.0674,0.0116,0.0066,0.0053,CATEGORY_C_FALSE_OR_CHOP
129295,129300,2022-03-26 15:00:00+00:00,2022-03-26 15:25:00+00:00,6,0.5,0.5692,0.6153,0.892,0.5402,-0.0608,0.0162,0.0021,0.0133,CATEGORY_C_FALSE_OR_CHOP
129325,129332,2022-03-26 17:30:00+00:00,2022-03-26 18:05:00+00:00,8,0.67,0.6224,0.671,1.1516,0.5365,0.0726,0.0144,0.0032,0.0124,CATEGORY_C_FALSE_OR_CHOP
129388,129393,2022-03-26 22:45:00+00:00,2022-03-26 23:10:00+00:00,6,0.5,0.5481,0.5751,0.926,0.5255,0.1575,0.0587,0.0,0.0496,CATEGORY_A_UPWARD_EXPANSION
129470,129475,2022-03-27 05:35:00+00:00,2022-03-27 06:00:00+00:00,6,0.5,0.6191,0.6414,1.2571,0.4477,-0.0716,0.0675,0.0048,0.0531,CATEGORY_A_UPWARD_EXPANSION
129481,129489,2022-03-27 06:30:00+00:00,2022-03-27 07:10:00+00:00,9,0.75,0.457,0.4989,0.8492,0.463,-0.0442,0.0663,0.0059,0.0533,CATEGORY_A_UPWARD_EXPANSION
129491,129496,2022-03-27 07:20:00+00:00,2022-03-27 07:45:00+00:00,6,0.5,0.4829,0.4997,0.7569,0.4127,0.0019,0.0665,0.0058,0.0514,CATEGORY_A_UPWARD_EXPANSION
129526,129531,2022-03-27 10:15:00+00:00,2022-03-27 10:40:00+00:00,6,0.5,0.606,0.6242,1.1521,0.4948,0.0727,0.0692,0.0033,0.059,CATEGORY_A_UPWARD_EXPANSION
130012,130023,2022-03-29 02:45:00+00:00,2022-03-29 03:40:00+00:00,12,1.0,0.3623,0.4862,0.9417,0.4393,0.1722,0.0147,0.0201,-0.002,CATEGORY_B_DOWNWARD_EXPANSION
130104,130110,2022-03-29 10:25:00+00:00,2022-03-29 10:55:00+00:00,7,0.58,0.3598,0.4226,0.9057,0.4906,0.0404,0.0104,0.0243,-0.007,CATEGORY_B_DOWNWARD_EXPANSION
130222,130227,2022-03-29 20:15:00+00:00,2022-03-29 20:40:00+00:00,6,0.5,0.3859,0.4429,0.7749,0.4662,0.0166,0.0029,0.0235,-0.009,CATEGORY_B_DOWNWARD_EXPANSION
130389,130400,2022-03-30 10:10:00+00:00,2022-03-30 11:05:00+00:00,12,1.0,0.2446,0.4834,0.9701,0.5342,0.0449,0.0086,0.0097,-0.0016,CATEGORY_C_FALSE_OR_CHOP
130511,130518,2022-03-30 20:20:00+00:00,2022-03-30 20:55:00+00:00,8,0.67,0.557,0.6923,1.9199,0.5435,0.0814,0.0072,0.0372,-0.032,CATEGORY_B_DOWNWARD_EXPANSION
130520,130526,2022-03-30 21:05:00+00:00,2022-03-30 21:35:00+00:00,7,0.58,0.625,0.6572,0.585,0.5023,0.1502,0.0076,0.0369,-0.0314,CATEGORY_B_DOWNWARD_EXPANSION
130545,130553,2022-03-30 23:10:00+00:00,2022-03-30 23:50:00+00:00,9,0.75,0.5384,0.6344,0.8579,0.4156,-0.0821,0.0106,0.0403,-0.0336,CATEGORY_B_DOWNWARD_EXPANSION
130558,130565,2022-03-31 00:15:00+00:00,2022-03-31 00:50:00+00:00,8,0.67,0.7245,0.7338,1.5538,0.4981,-0.0158,0.0076,0.0432,-0.0357,CATEGORY_B_DOWNWARD_EXPANSION
130631,130650,2022-03-31 06:20:00+00:00,2022-03-31 07:55:00+00:00,20,1.67,0.4047,0.4588,0.9822,0.5405,-0.0077,0.0093,0.0628,-0.0455,CATEGORY_B_DOWNWARD_EXPANSION
130682,130689,2022-03-31 10:35:00+00:00,2022-03-31 11:10:00+00:00,8,0.67,0.5506,0.5759,1.0216,0.4668,-0.0035,0.0081,0.0639,-0.0425,CATEGORY_B_DOWNWARD_EXPANSION
130907,130917,2022-04-01 05:20:00+00:00,2022-04-01 06:10:00+00:00,11,0.92,0.5,0.5153,0.7551,0.4776,-0.0725,0.0591,0.0,0.0435,CATEGORY_A_UPWARD_EXPANSION
130967,130976,2022-04-01 10:20:00+00:00,2022-04-01 11:05:00+00:00,10,0.83,0.415,0.4849,1.4561,0.5407,0.0515,0.046,0.0096,0.0336,CATEGORY_A_UPWARD_EXPANSION
131180,131198,2022-04-02 04:05:00+00:00,2022-04-02 05:35:00+00:00,19,1.58,0.3308,0.4365,1.073,0.5177,0.0402,0.0091,0.0212,-0.0038,CATEGORY_B_DOWNWARD_EXPANSION
131236,131244,2022-04-02 08:45:00+00:00,2022-04-02 09:25:00+00:00,9,0.75,0.436,0.4619,0.7502,0.5174,-0.0176,0.0075,0.0228,-0.005,CATEGORY_B_DOWNWARD_EXPANSION
131268,131274,2022-04-02 11:25:00+00:00,2022-04-02 11:55:00+00:00,7,0.58,0.4107,0.5006,0.9176,0.4579,-0.1857,0.0086,0.0217,-0.0062,CATEGORY_B_DOWNWARD_EXPANSION
131303,131311,2022-04-02 14:20:00+00:00,2022-04-02 15:00:00+00:00,9,0.75,0.3818,0.4744,1.0554,0.4906,0.0156,0.0036,0.022,0.0026,CATEGORY_B_DOWNWARD_EXPANSION
131336,131345,2022-04-02 17:05:00+00:00,2022-04-02 17:50:00+00:00,10,0.83,0.2939,0.4898,1.2016,0.4718,-0.1729,0.007,0.0187,-0.0009,CATEGORY_C_FALSE_OR_CHOP
131591,131597,2022-04-03 14:20:00+00:00,2022-04-03 14:50:00+00:00,7,0.58,0.3978,0.4868,1.2537,0.5326,0.0494,0.0219,0.0147,-0.011,CATEGORY_A_UPWARD_EXPANSION
131628,131643,2022-04-03 17:25:00+00:00,2022-04-03 18:40:00+00:00,16,1.33,0.3952,0.5006,0.658,0.4651,0.0349,0.0234,0.0268,-0.0207,CATEGORY_C_FALSE_OR_CHOP
131662,131670,2022-04-03 20:15:00+00:00,2022-04-03 20:55:00+00:00,9,0.75,0.4611,0.5216,1.1541,0.4887,-0.0001,0.0233,0.0269,-0.0012,CATEGORY_C_FALSE_OR_CHOP
131744,131754,2022-04-04 03:05:00+00:00,2022-04-04 03:55:00+00:00,11,0.92,0.3268,0.4287,0.9139,0.4832,-0.0782,0.0192,0.0193,0.0139,CATEGORY_C_FALSE_OR_CHOP
131781,131787,2022-04-04 06:10:00+00:00,2022-04-04 06:40:00+00:00,7,0.58,0.2427,0.2664,1.2711,0.5295,-0.0934,0.014,0.0243,0.0087,CATEGORY_B_DOWNWARD_EXPANSION
132002,132015,2022-04-05 00:35:00+00:00,2022-04-05 01:40:00+00:00,14,1.17,0.5229,0.6623,0.6182,0.5631,0.0673,0.0131,0.0468,-0.0305,CATEGORY_B_DOWNWARD_EXPANSION
132059,132070,2022-04-05 05:20:00+00:00,2022-04-05 06:15:00+00:00,12,1.0,0.3871,0.567,1.2086,0.5206,-0.0551,0.0098,0.0498,-0.031,CATEGORY_B_DOWNWARD_EXPANSION
132310,132321,2022-04-06 02:15:00+00:00,2022-04-06 03:10:00+00:00,12,1.0,0.4836,0.5281,0.939,0.5204,-0.1175,0.0074,0.0541,-0.0421,CATEGORY_B_DOWNWARD_EXPANSION
132323,132330,2022-04-06 03:20:00+00:00,2022-04-06 03:55:00+00:00,8,0.67,0.4292,0.4814,0.8388,0.5328,-0.1307,0.0064,0.055,-0.0425,CATEGORY_B_DOWNWARD_EXPANSION
132393,132399,2022-04-06 09:10:00+00:00,2022-04-06 09:40:00+00:00,7,0.58,0.4866,0.5215,0.7871,0.4501,0.0526,0.0032,0.0569,-0.041,CATEGORY_B_DOWNWARD_EXPANSION
132641,132646,2022-04-07 05:50:00+00:00,2022-04-07 06:15:00+00:00,6,0.5,0.517,0.5407,0.8184,0.4925,-0.2069,0.0127,0.0075,0.0064,CATEGORY_C_FALSE_OR_CHOP
132653,132659,2022-04-07 06:50:00+00:00,2022-04-07 07:20:00+00:00,7,0.58,0.3459,0.3707,1.1534,0.5267,0.3406,0.0089,0.0113,0.001,CATEGORY_C_FALSE_OR_CHOP
132810,132817,2022-04-07 19:55:00+00:00,2022-04-07 20:30:00+00:00,8,0.67,0.3975,0.4451,0.9042,0.5782,0.0912,0.0111,0.0247,-0.0158,CATEGORY_B_DOWNWARD_EXPANSION
132845,132850,2022-04-07 22:50:00+00:00,2022-04-07 23:15:00+00:00,6,0.5,0.5098,0.5621,1.4265,0.5456,0.1592,0.0055,0.0371,-0.0352,CATEGORY_B_DOWNWARD_EXPANSION
132883,132905,2022-04-08 02:00:00+00:00,2022-04-08 03:50:00+00:00,23,1.92,0.3882,0.4711,0.7147,0.4379,-0.0733,0.0092,0.0336,-0.0263,CATEGORY_B_DOWNWARD_EXPANSION
132922,132929,2022-04-08 05:15:00+00:00,2022-04-08 05:50:00+00:00,8,0.67,0.4193,0.5049,1.451,0.4802,-0.0576,0.0076,0.0351,-0.025,CATEGORY_B_DOWNWARD_EXPANSION
133209,133217,2022-04-09 05:10:00+00:00,2022-04-09 05:50:00+00:00,9,0.75,0.3755,0.5025,0.6621,0.5694,-0.0068,0.0082,0.0092,0.0034,CATEGORY_C_FALSE_OR_CHOP
133254,133263,2022-04-09 08:55:00+00:00,2022-04-09 09:40:00+00:00,10,0.83,0.4297,0.5274,1.2944,0.4351,0.0574,0.0116,0.0058,0.0039,CATEGORY_C_FALSE_OR_CHOP
133285,133292,2022-04-09 11:30:00+00:00,2022-04-09 12:05:00+00:00,8,0.67,0.3641,0.4705,1.3266,0.4462,-0.0124,0.0113,0.0061,0.0096,CATEGORY_C_FALSE_OR_CHOP
133303,133312,2022-04-09 13:00:00+00:00,2022-04-09 13:45:00+00:00,10,0.83,0.3445,0.3979,0.7559,0.4695,0.1126,0.0093,0.0081,0.0027,CATEGORY_C_FALSE_OR_CHOP
133350,133356,2022-04-09 16:55:00+00:00,2022-04-09 17:25:00+00:00,7,0.58,0.3932,0.4168,1.1763,0.3922,-0.1062,0.0156,0.0022,0.013,CATEGORY_C_FALSE_OR_CHOP
133448,133468,2022-04-10 01:05:00+00:00,2022-04-10 02:45:00+00:00,21,1.75,0.4663,0.5932,0.8626,0.5303,0.011,0.0144,0.0242,-0.0194,CATEGORY_B_DOWNWARD_EXPANSION
133567,133575,2022-04-10 11:00:00+00:00,2022-04-10 11:40:00+00:00,9,0.75,0.6346,0.6769,0.9501,0.4805,-0.1637,0.0207,0.0367,-0.0313,CATEGORY_B_DOWNWARD_EXPANSION
133782,133797,2022-04-11 04:55:00+00:00,2022-04-11 06:10:00+00:00,16,1.33,0.4578,0.5008,0.8306,0.5096,-0.1173,0.0019,0.0726,-0.0504,CATEGORY_B_DOWNWARD_EXPANSION
134101,134106,2022-04-12 07:30:00+00:00,2022-04-12 07:55:00+00:00,6,0.5,0.4776,0.5504,1.2675,0.4862,0.1294,0.0128,0.0231,-0.0013,CATEGORY_B_DOWNWARD_EXPANSION
134220,134228,2022-04-12 17:25:00+00:00,2022-04-12 18:05:00+00:00,9,0.75,0.3944,0.5391,0.9044,0.509,0.0498,0.0355,0.0184,0.0278,CATEGORY_A_UPWARD_EXPANSION
134346,134355,2022-04-13 03:55:00+00:00,2022-04-13 04:40:00+00:00,10,0.83,0.368,0.5539,0.808,0.4257,-0.0183,0.0395,0.009,0.0328,CATEGORY_A_UPWARD_EXPANSION
134359,134364,2022-04-13 05:00:00+00:00,2022-04-13 05:25:00+00:00,6,0.5,0.6287,0.6554,0.507,0.5502,0.0306,0.0366,0.0118,0.0297,CATEGORY_A_UPWARD_EXPANSION
134370,134377,2022-04-13 05:55:00+00:00,2022-04-13 06:30:00+00:00,8,0.67,0.4064,0.5648,1.0728,0.4587,-0.0448,0.0372,0.0112,0.0283,CATEGORY_A_UPWARD_EXPANSION
134408,134416,2022-04-13 09:05:00+00:00,2022-04-13 09:45:00+00:00,9,0.75,0.4266,0.444,0.9837,0.4672,-0.0263,0.0367,0.0117,0.0256,CATEGORY_A_UPWARD_EXPANSION
134588,134593,2022-04-14 00:05:00+00:00,2022-04-14 00:30:00+00:00,6,0.5,0.3826,0.4542,1.395,0.6045,0.0866,0.0057,0.0415,-0.0305,CATEGORY_B_DOWNWARD_EXPANSION
134637,134642,2022-04-14 04:10:00+00:00,2022-04-14 04:35:00+00:00,6,0.5,0.4209,0.4655,0.668,0.4831,-0.0545,0.0,0.0439,-0.0295,CATEGORY_B_DOWNWARD_EXPANSION
134666,134671,2022-04-14 06:35:00+00:00,2022-04-14 07:00:00+00:00,6,0.5,0.4345,0.456,0.8683,0.4218,-0.0799,0.0036,0.0402,-0.0287,CATEGORY_B_DOWNWARD_EXPANSION
134906,134911,2022-04-15 02:35:00+00:00,2022-04-15 03:00:00+00:00,6,0.5,0.3692,0.4556,1.1783,0.4077,-0.0232,0.0205,0.0037,0.0106,CATEGORY_A_UPWARD_EXPANSION
135016,135027,2022-04-15 11:45:00+00:00,2022-04-15 12:40:00+00:00,12,1.0,0.3736,0.4308,1.0007,0.5249,0.0489,0.0167,0.0075,0.0052,CATEGORY_C_FALSE_OR_CHOP
135105,135114,2022-04-15 19:10:00+00:00,2022-04-15 19:55:00+00:00,10,0.83,0.5132,0.5417,1.0409,0.4706,0.0489,0.0098,0.008,-0.0026,CATEGORY_C_FALSE_OR_CHOP
135166,135177,2022-04-16 00:15:00+00:00,2022-04-16 01:10:00+00:00,12,1.0,0.3009,0.4552,1.444,0.4648,-0.0401,0.0037,0.014,-0.0049,CATEGORY_C_FALSE_OR_CHOP
135220,135226,2022-04-16 04:45:00+00:00,2022-04-16 05:15:00+00:00,7,0.58,0.3897,0.4163,0.473,0.4578,-0.3032,0.0046,0.0128,-0.0051,CATEGORY_C_FALSE_OR_CHOP
135367,135374,2022-04-16 17:00:00+00:00,2022-04-16 17:35:00+00:00,8,0.67,0.6035,0.6463,0.5878,0.4348,-0.0596,0.013,0.002,0.0001,CATEGORY_C_FALSE_OR_CHOP
135378,135387,2022-04-16 17:55:00+00:00,2022-04-16 18:40:00+00:00,10,0.83,0.4961,0.6342,0.9007,0.4599,-0.0071,0.014,0.0076,-0.0007,CATEGORY_C_FALSE_OR_CHOP
135471,135479,2022-04-17 01:40:00+00:00,2022-04-17 02:20:00+00:00,9,0.75,0.4745,0.604,1.4783,0.4187,0.0161,0.0063,0.0197,-0.0144,CATEGORY_C_FALSE_OR_CHOP
135510,135516,2022-04-17 04:55:00+00:00,2022-04-17 05:25:00+00:00,7,0.58,0.4937,0.5139,1.1925,0.479,0.0613,0.0072,0.0439,-0.0332,CATEGORY_B_DOWNWARD_EXPANSION
135577,135583,2022-04-17 10:30:00+00:00,2022-04-17 11:00:00+00:00,7,0.58,0.5489,0.578,1.7987,0.5305,-0.0371,0.0045,0.0465,-0.0362,CATEGORY_B_DOWNWARD_EXPANSION
135767,135775,2022-04-18 02:20:00+00:00,2022-04-18 03:00:00+00:00,9,0.75,0.3587,0.419,0.8163,0.5686,-0.0524,0.0362,0.0323,0.0213,CATEGORY_C_FALSE_OR_CHOP
136051,136063,2022-04-19 02:00:00+00:00,2022-04-19 03:00:00+00:00,13,1.08,0.2173,0.3146,1.3592,0.4418,0.0578,0.0267,0.0025,0.0169,CATEGORY_A_UPWARD_EXPANSION
136078,136084,2022-04-19 04:15:00+00:00,2022-04-19 04:45:00+00:00,7,0.58,0.2816,0.3641,0.8414,0.5103,0.125,0.024,0.0052,0.0133,CATEGORY_A_UPWARD_EXPANSION
136097,136103,2022-04-19 05:50:00+00:00,2022-04-19 06:20:00+00:00,7,0.58,0.3427,0.5121,0.6623,0.4409,0.2076,0.025,0.0042,0.0162,CATEGORY_A_UPWARD_EXPANSION
136159,136168,2022-04-19 11:00:00+00:00,2022-04-19 11:45:00+00:00,10,0.83,0.3421,0.3881,1.0304,0.4854,-0.0497,0.0332,0.0034,0.032,CATEGORY_A_UPWARD_EXPANSION
136301,136306,2022-04-19 22:50:00+00:00,2022-04-19 23:15:00+00:00,6,0.5,0.6694,0.6912,0.6597,0.4585,-0.1801,0.0182,0.0151,-0.0014,CATEGORY_C_FALSE_OR_CHOP
136341,136357,2022-04-20 02:10:00+00:00,2022-04-20 03:30:00+00:00,17,1.42,0.3991,0.436,0.8291,0.4667,-0.0125,0.0195,0.0138,0.0051,CATEGORY_C_FALSE_OR_CHOP
136676,136681,2022-04-21 06:05:00+00:00,2022-04-21 06:30:00+00:00,6,0.5,0.3639,0.4089,0.8787,0.5135,0.027,0.0353,0.0424,-0.0192,CATEGORY_C_FALSE_OR_CHOP
136918,136933,2022-04-22 02:15:00+00:00,2022-04-22 03:30:00+00:00,16,1.33,0.3591,0.4087,0.4945,0.5247,0.0447,0.0083,0.0317,-0.0233,CATEGORY_B_DOWNWARD_EXPANSION
136953,136963,2022-04-22 05:10:00+00:00,2022-04-22 06:00:00+00:00,11,0.92,0.1473,0.1805,0.629,0.4884,-0.0829,0.0022,0.0375,-0.0282,CATEGORY_B_DOWNWARD_EXPANSION
137193,137198,2022-04-23 01:10:00+00:00,2022-04-23 01:35:00+00:00,6,0.5,0.4357,0.4538,0.9815,0.526,0.0006,0.0088,0.0087,-0.0017,CATEGORY_C_FALSE_OR_CHOP
137205,137212,2022-04-23 02:10:00+00:00,2022-04-23 02:45:00+00:00,8,0.67,0.4119,0.4693,0.642,0.4502,0.0251,0.0123,0.0053,0.0022,CATEGORY_C_FALSE_OR_CHOP
137243,137252,2022-04-23 05:20:00+00:00,2022-04-23 06:05:00+00:00,10,0.83,0.3455,0.4053,1.1642,0.5563,-0.0193,0.01,0.0064,0.0027,CATEGORY_C_FALSE_OR_CHOP
137254,137265,2022-04-23 06:15:00+00:00,2022-04-23 07:10:00+00:00,12,1.0,0.2873,0.4338,0.9399,0.5305,0.0768,0.0091,0.0074,0.0042,CATEGORY_C_FALSE_OR_CHOP
137288,137294,2022-04-23 09:05:00+00:00,2022-04-23 09:35:00+00:00,7,0.58,0.4602,0.5151,0.6812,0.3344,-0.0305,0.01,0.0065,0.0041,CATEGORY_C_FALSE_OR_CHOP
137296,137304,2022-04-23 09:45:00+00:00,2022-04-23 10:25:00+00:00,9,0.75,0.4508,0.4905,1.251,0.4805,0.0764,0.0104,0.0061,0.0028,CATEGORY_C_FALSE_OR_CHOP
137353,137359,2022-04-23 14:30:00+00:00,2022-04-23 15:00:00+00:00,7,0.58,0.4327,0.4799,0.9422,0.4784,-0.0063,0.0074,0.009,0.0023,CATEGORY_C_FALSE_OR_CHOP
137392,137400,2022-04-23 17:45:00+00:00,2022-04-23 18:25:00+00:00,9,0.75,0.4625,0.5389,0.4826,0.4922,0.0057,0.0039,0.0217,-0.0044,CATEGORY_B_DOWNWARD_EXPANSION
137405,137410,2022-04-23 18:50:00+00:00,2022-04-23 19:15:00+00:00,6,0.5,0.5593,0.6027,0.8329,0.4598,0.1078,0.006,0.0197,0.0005,CATEGORY_C_FALSE_OR_CHOP
137484,137491,2022-04-24 01:25:00+00:00,2022-04-24 02:00:00+00:00,8,0.67,0.5926,0.6322,1.1327,0.421,0.109,0.0117,0.0204,-0.009,CATEGORY_B_DOWNWARD_EXPANSION
137529,137538,2022-04-24 05:10:00+00:00,2022-04-24 05:55:00+00:00,10,0.83,0.4697,0.5882,0.6272,0.4308,0.0718,0.0069,0.025,-0.0174,CATEGORY_B_DOWNWARD_EXPANSION
138058,138073,2022-04-26 01:15:00+00:00,2022-04-26 02:30:00+00:00,16,1.33,0.2811,0.3445,0.794,0.4787,0.0365,0.0063,0.07,-0.0534,CATEGORY_B_DOWNWARD_EXPANSION
138077,138083,2022-04-26 02:50:00+00:00,2022-04-26 03:20:00+00:00,7,0.58,0.3889,0.3958,0.901,0.517,0.0635,0.0054,0.0709,-0.0531,CATEGORY_B_DOWNWARD_EXPANSION
138362,138367,2022-04-27 02:35:00+00:00,2022-04-27 03:00:00+00:00,6,0.5,0.3495,0.3745,1.5708,0.5897,0.0886,0.0334,0.0025,0.0252,CATEGORY_A_UPWARD_EXPANSION
138382,138391,2022-04-27 04:15:00+00:00,2022-04-27 05:00:00+00:00,10,0.83,0.2548,0.3096,0.7711,0.5581,-0.101,0.0329,0.0014,0.0242,CATEGORY_A_UPWARD_EXPANSION
138452,138457,2022-04-27 10:05:00+00:00,2022-04-27 10:30:00+00:00,6,0.5,0.3359,0.4074,0.7482,0.4596,0.1173,0.0216,0.0155,0.017,CATEGORY_A_UPWARD_EXPANSION
138604,138612,2022-04-27 22:45:00+00:00,2022-04-27 23:25:00+00:00,9,0.75,0.5042,0.5385,0.7823,0.4658,0.1052,0.0308,0.0073,0.0156,CATEGORY_A_UPWARD_EXPANSION
138667,138678,2022-04-28 04:00:00+00:00,2022-04-28 04:55:00+00:00,12,1.0,0.2961,0.4042,0.8547,0.5112,-0.0344,0.025,0.0129,0.0039,CATEGORY_A_UPWARD_EXPANSION
138755,138763,2022-04-28 11:20:00+00:00,2022-04-28 12:00:00+00:00,9,0.75,0.3961,0.4447,1.107,0.5152,0.0931,0.017,0.0272,-0.0248,CATEGORY_B_DOWNWARD_EXPANSION
138902,138908,2022-04-28 23:35:00+00:00,2022-04-29 00:05:00+00:00,7,0.58,0.3949,0.4273,1.4137,0.4867,-0.0818,0.0042,0.0399,-0.0281,CATEGORY_B_DOWNWARD_EXPANSION
138983,138988,2022-04-29 06:20:00+00:00,2022-04-29 06:45:00+00:00,6,0.5,0.2665,0.3617,0.9778,0.4863,-0.0258,0.0023,0.0346,-0.0213,CATEGORY_B_DOWNWARD_EXPANSION
138998,139003,2022-04-29 07:35:00+00:00,2022-04-29 08:00:00+00:00,6,0.5,0.3452,0.4002,1.4501,0.4721,0.0831,0.0003,0.0363,-0.0242,CATEGORY_B_DOWNWARD_EXPANSION
139158,139167,2022-04-29 20:55:00+00:00,2022-04-29 21:40:00+00:00,10,0.83,0.4702,0.5376,0.9629,0.4337,-0.0177,0.006,0.0105,-0.0055,CATEGORY_C_FALSE_OR_CHOP
139215,139226,2022-04-30 01:40:00+00:00,2022-04-30 02:35:00+00:00,12,1.0,0.4445,0.5216,1.0278,0.516,-0.0595,0.0019,0.0341,-0.0212,CATEGORY_B_DOWNWARD_EXPANSION
139238,139245,2022-04-30 03:35:00+00:00,2022-04-30 04:10:00+00:00,8,0.67,0.2629,0.2989,1.678,0.4974,-0.0709,0.0028,0.0333,-0.0174,CATEGORY_B_DOWNWARD_EXPANSION
139312,139319,2022-04-30 09:45:00+00:00,2022-04-30 10:20:00+00:00,8,0.67,0.4154,0.4548,1.0258,0.5073,-0.0447,0.0018,0.0312,-0.0137,CATEGORY_B_DOWNWARD_EXPANSION
139449,139454,2022-04-30 21:10:00+00:00,2022-04-30 21:35:00+00:00,6,0.5,0.5791,0.6656,0.9678,0.4683,0.0905,0.0096,0.024,-0.0016,CATEGORY_B_DOWNWARD_EXPANSION
139535,139541,2022-05-01 04:20:00+00:00,2022-05-01 04:50:00+00:00,7,0.58,0.4585,0.5055,1.1659,0.4578,0.0323,0.0324,0.0055,0.0304,CATEGORY_A_UPWARD_EXPANSION
139572,139577,2022-05-01 07:25:00+00:00,2022-05-01 07:50:00+00:00,6,0.5,0.3719,0.4197,1.0718,0.5832,-0.0243,0.0324,0.0067,0.0273,CATEGORY_A_UPWARD_EXPANSION
139858,139865,2022-05-02 07:15:00+00:00,2022-05-02 07:50:00+00:00,8,0.67,0.4681,0.4965,0.7559,0.4905,-0.0101,0.0046,0.0237,-0.0108,CATEGORY_B_DOWNWARD_EXPANSION
140060,140071,2022-05-03 00:05:00+00:00,2022-05-03 01:00:00+00:00,12,1.0,0.3678,0.4724,0.8349,0.4984,0.0302,0.0056,0.0239,-0.0138,CATEGORY_B_DOWNWARD_EXPANSION
140108,140116,2022-05-03 04:05:00+00:00,2022-05-03 04:45:00+00:00,9,0.75,0.3423,0.4059,0.9819,0.545,0.0133,0.004,0.0255,-0.0138,CATEGORY_B_DOWNWARD_EXPANSION
140165,140172,2022-05-03 08:50:00+00:00,2022-05-03 09:25:00+00:00,8,0.67,0.3652,0.4452,1.1836,0.5082,-0.0014,0.0154,0.0257,0.0109,CATEGORY_B_DOWNWARD_EXPANSION
140364,140374,2022-05-04 01:25:00+00:00,2022-05-04 02:15:00+00:00,11,0.92,0.3451,0.4017,0.8368,0.5331,0.1029,0.0549,0.0,0.0462,CATEGORY_A_UPWARD_EXPANSION
140401,140409,2022-05-04 04:30:00+00:00,2022-05-04 05:10:00+00:00,9,0.75,0.3878,0.534,1.3065,0.5764,0.1838,0.0527,0.0013,0.0461,CATEGORY_A_UPWARD_EXPANSION
140485,140491,2022-05-04 11:30:00+00:00,2022-05-04 12:00:00+00:00,7,0.58,0.5131,0.5859,0.9494,0.4279,0.0049,0.0257,0.0111,0.0115,CATEGORY_A_UPWARD_EXPANSION
140619,140624,2022-05-04 22:40:00+00:00,2022-05-04 23:05:00+00:00,6,0.5,0.2325,0.241,0.9779,0.5104,-0.032,0.0045,0.1032,-0.0825,CATEGORY_B_DOWNWARD_EXPANSION
140626,140631,2022-05-04 23:15:00+00:00,2022-05-04 23:40:00+00:00,6,0.5,0.2542,0.2912,0.5269,0.5104,0.0006,0.0052,0.1026,-0.0787,CATEGORY_B_DOWNWARD_EXPANSION
140671,140676,2022-05-05 03:00:00+00:00,2022-05-05 03:25:00+00:00,6,0.5,0.329,0.3456,0.977,0.3816,0.0484,0.0024,0.1051,-0.0847,CATEGORY_B_DOWNWARD_EXPANSION
141175,141181,2022-05-06 21:00:00+00:00,2022-05-06 21:30:00+00:00,7,0.58,0.5163,0.5378,0.5348,0.5047,-0.0486,0.0033,0.0253,-0.0159,CATEGORY_B_DOWNWARD_EXPANSION
141229,141239,2022-05-07 01:30:00+00:00,2022-05-07 02:20:00+00:00,11,0.92,0.3572,0.3982,1.4656,0.4687,-0.0417,0.0054,0.0434,-0.0349,CATEGORY_B_DOWNWARD_EXPANSION
141244,141251,2022-05-07 02:45:00+00:00,2022-05-07 03:20:00+00:00,8,0.67,0.3691,0.4236,1.0343,0.5112,-0.0734,0.0066,0.0474,-0.0386,CATEGORY_B_DOWNWARD_EXPANSION
141287,141292,2022-05-07 06:20:00+00:00,2022-05-07 06:45:00+00:00,6,0.5,0.3312,0.4014,0.7726,0.4479,0.0303,0.0083,0.0458,-0.0293,CATEGORY_B_DOWNWARD_EXPANSION
141353,141362,2022-05-07 11:50:00+00:00,2022-05-07 12:35:00+00:00,10,0.83,0.2864,0.3623,1.0796,0.4496,0.0465,0.0011,0.0509,-0.0391,CATEGORY_B_DOWNWARD_EXPANSION
141383,141388,2022-05-07 14:20:00+00:00,2022-05-07 14:45:00+00:00,6,0.5,0.3597,0.4032,0.8249,0.5235,-0.0587,0.0042,0.048,-0.043,CATEGORY_B_DOWNWARD_EXPANSION
141736,141746,2022-05-08 19:45:00+00:00,2022-05-08 20:35:00+00:00,11,0.92,0.3337,0.4703,1.6913,0.4107,-0.0198,0.0008,0.1203,-0.1042,CATEGORY_B_DOWNWARD_EXPANSION
142179,142186,2022-05-10 08:40:00+00:00,2022-05-10 09:15:00+00:00,8,0.67,0.3924,0.5462,1.2116,0.4215,0.0459,0.018,0.0523,-0.0195,CATEGORY_B_DOWNWARD_EXPANSION
142280,142293,2022-05-10 17:05:00+00:00,2022-05-10 18:10:00+00:00,14,1.17,0.4671,0.5307,0.6321,0.5043,-0.0,0.0146,0.0839,-0.0555,CATEGORY_B_DOWNWARD_EXPANSION
142874,142881,2022-05-12 18:35:00+00:00,2022-05-12 19:10:00+00:00,8,0.67,0.4669,0.5624,0.9227,0.4635,-0.0463,0.0969,0.0119,0.0596,CATEGORY_A_UPWARD_EXPANSION
142885,142905,2022-05-12 19:30:00+00:00,2022-05-12 21:10:00+00:00,21,1.75,0.4131,0.5712,0.8069,0.4819,0.0193,0.0902,0.0179,0.0463,CATEGORY_A_UPWARD_EXPANSION
142934,142939,2022-05-12 23:35:00+00:00,2022-05-13 00:00:00+00:00,6,0.5,0.4989,0.5399,1.0699,0.4923,-0.0221,0.0715,0.0089,0.0106,CATEGORY_A_UPWARD_EXPANSION
142994,142999,2022-05-13 04:35:00+00:00,2022-05-13 05:00:00+00:00,6,0.5,0.4355,0.4807,0.6091,0.5327,-0.0835,0.0214,0.0405,-0.0353,CATEGORY_B_DOWNWARD_EXPANSION
143032,143042,2022-05-13 07:45:00+00:00,2022-05-13 08:35:00+00:00,11,0.92,0.4176,0.5111,0.5406,0.5072,-0.0247,0.0243,0.0362,-0.0255,CATEGORY_B_DOWNWARD_EXPANSION
143177,143196,2022-05-13 19:50:00+00:00,2022-05-13 21:25:00+00:00,20,1.67,0.4453,0.566,0.8139,0.5021,0.0266,0.0084,0.042,-0.0111,CATEGORY_B_DOWNWARD_EXPANSION
143200,143206,2022-05-13 21:45:00+00:00,2022-05-13 22:15:00+00:00,7,0.58,0.52,0.5392,1.5626,0.4798,-0.0172,0.0,0.047,-0.0116,CATEGORY_B_DOWNWARD_EXPANSION
143255,143263,2022-05-14 02:20:00+00:00,2022-05-14 03:00:00+00:00,9,0.75,0.4139,0.4735,0.7241,0.4807,-0.079,0.0275,0.0305,0.0119,CATEGORY_C_FALSE_OR_CHOP
143274,143280,2022-05-14 03:55:00+00:00,2022-05-14 04:25:00+00:00,7,0.58,0.3962,0.469,0.7741,0.5107,-0.0005,0.0281,0.03,0.0074,CATEGORY_C_FALSE_OR_CHOP
143296,143304,2022-05-14 05:45:00+00:00,2022-05-14 06:25:00+00:00,9,0.75,0.3405,0.4367,1.3112,0.5175,0.0495,0.0288,0.0293,0.0116,CATEGORY_C_FALSE_OR_CHOP
143306,143318,2022-05-14 06:35:00+00:00,2022-05-14 07:35:00+00:00,13,1.08,0.3861,0.4588,1.0232,0.4919,0.0214,0.0279,0.0302,0.013,CATEGORY_C_FALSE_OR_CHOP
143730,143736,2022-05-15 17:55:00+00:00,2022-05-15 18:25:00+00:00,7,0.58,0.5151,0.6293,1.0304,0.4776,0.0309,0.0471,0.0319,-0.0039,CATEGORY_A_UPWARD_EXPANSION
144025,144040,2022-05-16 18:30:00+00:00,2022-05-16 19:45:00+00:00,16,1.33,0.3736,0.5225,0.7569,0.4729,0.03,0.0347,0.0102,0.0096,CATEGORY_A_UPWARD_EXPANSION
144076,144081,2022-05-16 22:45:00+00:00,2022-05-16 23:10:00+00:00,6,0.5,0.359,0.5017,0.8883,0.49,0.0619,0.0257,0.0189,0.016,CATEGORY_A_UPWARD_EXPANSION
144149,144157,2022-05-17 04:50:00+00:00,2022-05-17 05:30:00+00:00,9,0.75,0.394,0.488,1.0417,0.4837,-0.0684,0.0161,0.028,-0.0089,CATEGORY_B_DOWNWARD_EXPANSION
144164,144171,2022-05-17 06:05:00+00:00,2022-05-17 06:40:00+00:00,8,0.67,0.4494,0.4666,0.8478,0.5243,0.0253,0.0115,0.0325,-0.0156,CATEGORY_B_DOWNWARD_EXPANSION
144204,144210,2022-05-17 09:25:00+00:00,2022-05-17 09:55:00+00:00,7,0.58,0.4791,0.5432,0.9345,0.4649,0.0019,0.0034,0.0389,-0.0224,CATEGORY_B_DOWNWARD_EXPANSION
144722,144739,2022-05-19 04:35:00+00:00,2022-05-19 06:00:00+00:00,18,1.5,0.4511,0.5425,1.456,0.4943,-0.0292,0.0573,0.0088,0.037,CATEGORY_A_UPWARD_EXPANSION
144874,144879,2022-05-19 17:15:00+00:00,2022-05-19 17:40:00+00:00,6,0.5,0.5908,0.6145,0.7299,0.5349,0.0369,0.022,0.046,-0.0398,CATEGORY_B_DOWNWARD_EXPANSION
144908,144917,2022-05-19 20:05:00+00:00,2022-05-19 20:50:00+00:00,10,0.83,0.451,0.506,1.537,0.4917,0.0261,0.0192,0.0486,-0.0342,CATEGORY_B_DOWNWARD_EXPANSION
144933,144941,2022-05-19 22:10:00+00:00,2022-05-19 22:50:00+00:00,9,0.75,0.4592,0.5235,0.866,0.4997,0.0228,0.0198,0.0481,-0.0332,CATEGORY_B_DOWNWARD_EXPANSION
144994,145005,2022-05-20 03:15:00+00:00,2022-05-20 04:10:00+00:00,12,1.0,0.4355,0.4972,1.0357,0.538,-0.0362,0.0108,0.049,-0.0312,CATEGORY_B_DOWNWARD_EXPANSION
145216,145222,2022-05-20 21:45:00+00:00,2022-05-20 22:15:00+00:00,7,0.58,0.5541,0.6075,1.0943,0.462,0.0164,0.0156,0.0087,0.0048,CATEGORY_C_FALSE_OR_CHOP
145278,145288,2022-05-21 02:55:00+00:00,2022-05-21 03:45:00+00:00,11,0.92,0.4809,0.5735,0.8352,0.5171,0.0939,0.0156,0.0011,0.005,CATEGORY_C_FALSE_OR_CHOP
145295,145304,2022-05-21 04:20:00+00:00,2022-05-21 05:05:00+00:00,10,0.83,0.2904,0.3645,1.351,0.4377,-0.0544,0.0146,0.0021,0.0039,CATEGORY_C_FALSE_OR_CHOP
145349,145355,2022-05-21 08:50:00+00:00,2022-05-21 09:20:00+00:00,7,0.58,0.3846,0.4744,0.7287,0.4868,0.0334,0.0107,0.0059,0.0076,CATEGORY_C_FALSE_OR_CHOP
145410,145415,2022-05-21 13:55:00+00:00,2022-05-21 14:20:00+00:00,6,0.5,0.3684,0.4191,0.6721,0.4246,-0.0566,0.035,0.0011,0.0248,CATEGORY_A_UPWARD_EXPANSION
145515,145523,2022-05-21 22:40:00+00:00,2022-05-21 23:20:00+00:00,9,0.75,0.4333,0.5071,1.576,0.4596,-0.0445,0.0357,0.0061,0.0327,CATEGORY_A_UPWARD_EXPANSION
145550,145557,2022-05-22 01:35:00+00:00,2022-05-22 02:10:00+00:00,8,0.67,0.5004,0.5373,1.5295,0.5066,-0.0483,0.0331,0.0087,0.0199,CATEGORY_A_UPWARD_EXPANSION
145606,145619,2022-05-22 06:15:00+00:00,2022-05-22 07:20:00+00:00,14,1.17,0.4104,0.4922,0.9349,0.4376,-0.0777,0.0427,0.0014,0.0399,CATEGORY_A_UPWARD_EXPANSION
146037,146042,2022-05-23 18:10:00+00:00,2022-05-23 18:35:00+00:00,6,0.5,0.5401,0.5964,1.7377,0.493,0.0091,0.0015,0.048,-0.0229,CATEGORY_B_DOWNWARD_EXPANSION
146137,146142,2022-05-24 02:30:00+00:00,2022-05-24 02:55:00+00:00,6,0.5,0.4651,0.5496,1.5693,0.5263,-0.028,0.0312,0.0204,0.029,CATEGORY_A_UPWARD_EXPANSION
146180,146185,2022-05-24 06:05:00+00:00,2022-05-24 06:30:00+00:00,6,0.5,0.3898,0.4141,0.9451,0.5852,-0.0406,0.0293,0.0236,0.0148,CATEGORY_C_FALSE_OR_CHOP
146377,146383,2022-05-24 22:30:00+00:00,2022-05-24 23:00:00+00:00,7,0.58,0.4215,0.5062,0.874,0.4402,-0.0635,0.0215,0.0099,0.0051,CATEGORY_A_UPWARD_EXPANSION
146451,146460,2022-05-25 04:40:00+00:00,2022-05-25 05:25:00+00:00,10,0.83,0.3616,0.4734,0.7664,0.5058,0.0248,0.0,0.0261,-0.0112,CATEGORY_B_DOWNWARD_EXPANSION
146646,146658,2022-05-25 20:55:00+00:00,2022-05-25 21:55:00+00:00,13,1.08,0.4965,0.5874,0.7783,0.4821,0.042,0.0021,0.0605,-0.0083,CATEGORY_B_DOWNWARD_EXPANSION
146660,146665,2022-05-25 22:05:00+00:00,2022-05-25 22:30:00+00:00,6,0.5,0.345,0.452,0.8968,0.4314,0.021,0.0032,0.0595,-0.0081,CATEGORY_B_DOWNWARD_EXPANSION
146710,146716,2022-05-26 02:15:00+00:00,2022-05-26 02:45:00+00:00,7,0.58,0.5172,0.679,1.0706,0.4906,0.0682,0.0031,0.0595,-0.0299,CATEGORY_B_DOWNWARD_EXPANSION
146733,146739,2022-05-26 04:10:00+00:00,2022-05-26 04:40:00+00:00,7,0.58,0.4667,0.6294,1.7967,0.5168,-0.1097,0.0007,0.0606,-0.0308,CATEGORY_B_DOWNWARD_EXPANSION
147084,147094,2022-05-27 09:25:00+00:00,2022-05-27 10:15:00+00:00,11,0.92,0.4692,0.4991,1.1226,0.5546,0.0688,0.0126,0.0258,-0.0087,CATEGORY_B_DOWNWARD_EXPANSION
147096,147101,2022-05-27 10:25:00+00:00,2022-05-27 10:50:00+00:00,6,0.5,0.4309,0.5261,0.8674,0.4835,0.083,0.0184,0.0202,-0.0015,CATEGORY_C_FALSE_OR_CHOP
147225,147233,2022-05-27 21:10:00+00:00,2022-05-27 21:50:00+00:00,9,0.75,0.4943,0.5562,0.561,0.5038,-0.0603,0.0168,0.0115,0.0084,CATEGORY_C_FALSE_OR_CHOP
147237,147246,2022-05-27 22:10:00+00:00,2022-05-27 22:55:00+00:00,10,0.83,0.5367,0.6144,1.063,0.4922,-0.0331,0.0154,0.0129,0.0059,CATEGORY_C_FALSE_OR_CHOP
147332,147337,2022-05-28 06:05:00+00:00,2022-05-28 06:30:00+00:00,6,0.5,0.4442,0.4769,0.7896,0.4956,0.0491,0.0137,0.0036,0.0046,CATEGORY_C_FALSE_OR_CHOP
147339,147347,2022-05-28 06:40:00+00:00,2022-05-28 07:20:00+00:00,9,0.75,0.3078,0.3695,1.1987,0.4285,-0.0256,0.0153,0.0021,0.0063,CATEGORY_C_FALSE_OR_CHOP
147377,147382,2022-05-28 09:50:00+00:00,2022-05-28 10:15:00+00:00,6,0.5,0.3372,0.3826,1.1357,0.4957,0.0511,0.0169,0.0003,0.0132,CATEGORY_C_FALSE_OR_CHOP
147384,147391,2022-05-28 10:25:00+00:00,2022-05-28 11:00:00+00:00,8,0.67,0.3802,0.4065,1.491,0.4594,-0.0106,0.0167,0.0,0.0139,CATEGORY_C_FALSE_OR_CHOP
147430,147435,2022-05-28 14:15:00+00:00,2022-05-28 14:40:00+00:00,6,0.5,0.5271,0.5625,0.5879,0.4336,0.0704,0.017,0.0073,0.0112,CATEGORY_C_FALSE_OR_CHOP
147478,147495,2022-05-28 18:15:00+00:00,2022-05-28 19:40:00+00:00,18,1.5,0.2817,0.3584,0.8747,0.441,-0.0386,0.0173,0.0051,0.0043,CATEGORY_C_FALSE_OR_CHOP
147551,147558,2022-05-29 00:20:00+00:00,2022-05-29 00:55:00+00:00,8,0.67,0.5603,0.5946,1.5414,0.3616,0.0161,0.0201,0.0057,0.0109,CATEGORY_A_UPWARD_EXPANSION
147577,147584,2022-05-29 02:30:00+00:00,2022-05-29 03:05:00+00:00,8,0.67,0.4517,0.5181,1.6163,0.5409,-0.0978,0.0521,0.0,0.048,CATEGORY_A_UPWARD_EXPANSION
147601,147609,2022-05-29 04:30:00+00:00,2022-05-29 05:10:00+00:00,9,0.75,0.5415,0.6028,0.8465,0.4865,-0.0999,0.0512,0.0,0.0493,CATEGORY_A_UPWARD_EXPANSION
147629,147635,2022-05-29 06:50:00+00:00,2022-05-29 07:20:00+00:00,7,0.58,0.4416,0.526,1.3725,0.4738,-0.1679,0.0662,0.0019,0.0556,CATEGORY_A_UPWARD_EXPANSION
148247,148254,2022-05-31 10:20:00+00:00,2022-05-31 10:55:00+00:00,8,0.67,0.3496,0.4067,1.3048,0.4837,0.0134,0.023,0.0148,-0.0037,CATEGORY_A_UPWARD_EXPANSION
148399,148404,2022-05-31 23:00:00+00:00,2022-05-31 23:25:00+00:00,6,0.5,0.3435,0.4365,0.7928,0.5118,0.0219,0.0033,0.0808,-0.0615,CATEGORY_B_DOWNWARD_EXPANSION
148516,148522,2022-06-01 08:45:00+00:00,2022-06-01 09:15:00+00:00,7,0.58,0.256,0.3076,0.6484,0.5416,-0.0295,0.0089,0.0733,-0.0518,CATEGORY_B_DOWNWARD_EXPANSION
148524,148530,2022-06-01 09:25:00+00:00,2022-06-01 09:55:00+00:00,7,0.58,0.3159,0.3321,0.7685,0.5303,-0.0625,0.0065,0.0756,-0.0556,CATEGORY_B_DOWNWARD_EXPANSION
148720,148737,2022-06-02 01:45:00+00:00,2022-06-02 03:10:00+00:00,18,1.5,0.2844,0.4128,1.1792,0.5183,-0.0482,0.031,0.006,0.0248,CATEGORY_A_UPWARD_EXPANSION
148801,148813,2022-06-02 08:30:00+00:00,2022-06-02 09:30:00+00:00,13,1.08,0.2765,0.3636,1.2286,0.4999,0.05,0.0241,0.0127,0.0082,CATEGORY_A_UPWARD_EXPANSION
149021,149030,2022-06-03 02:50:00+00:00,2022-06-03 03:35:00+00:00,10,0.83,0.3505,0.4037,1.1976,0.5349,0.0543,0.0017,0.0402,-0.03,CATEGORY_B_DOWNWARD_EXPANSION
149038,149043,2022-06-03 04:15:00+00:00,2022-06-03 04:40:00+00:00,6,0.5,0.3341,0.3693,0.9344,0.5202,-0.0619,0.0021,0.0398,-0.0269,CATEGORY_B_DOWNWARD_EXPANSION
149211,149219,2022-06-03 18:40:00+00:00,2022-06-03 19:20:00+00:00,9,0.75,0.4134,0.5138,1.3393,0.5144,0.014,0.0162,0.0009,0.0071,CATEGORY_C_FALSE_OR_CHOP
149261,149271,2022-06-03 22:50:00+00:00,2022-06-03 23:40:00+00:00,11,0.92,0.4152,0.5041,1.183,0.4615,0.0027,0.01,0.007,0.0035,CATEGORY_C_FALSE_OR_CHOP
149312,149322,2022-06-04 03:05:00+00:00,2022-06-04 03:55:00+00:00,11,0.92,0.33,0.3803,0.4093,0.5467,-0.0994,0.0145,0.0025,0.007,CATEGORY_C_FALSE_OR_CHOP
149337,149347,2022-06-04 05:10:00+00:00,2022-06-04 06:00:00+00:00,11,0.92,0.1924,0.3234,0.9644,0.5433,-0.0693,0.0102,0.0068,0.0033,CATEGORY_C_FALSE_OR_CHOP
149356,149364,2022-06-04 06:45:00+00:00,2022-06-04 07:25:00+00:00,9,0.75,0.3106,0.4138,0.9346,0.4573,0.0059,0.0108,0.0062,0.0047,CATEGORY_C_FALSE_OR_CHOP
149402,149409,2022-06-04 10:35:00+00:00,2022-06-04 11:10:00+00:00,8,0.67,0.2911,0.4013,0.4808,0.497,0.0329,0.0084,0.0085,-0.0046,CATEGORY_C_FALSE_OR_CHOP
149600,149606,2022-06-05 03:05:00+00:00,2022-06-05 03:35:00+00:00,7,0.58,0.4611,0.5172,1.4626,0.4601,-0.0954,0.0481,0.0085,0.0438,CATEGORY_A_UPWARD_EXPANSION
149633,149638,2022-06-05 05:50:00+00:00,2022-06-05 06:15:00+00:00,6,0.5,0.4871,0.5297,0.4522,0.4139,-0.0819,0.0527,0.0086,0.0481,CATEGORY_A_UPWARD_EXPANSION
150110,150123,2022-06-06 21:35:00+00:00,2022-06-06 22:40:00+00:00,14,1.17,0.4928,0.5954,1.1064,0.4877,-0.0536,0.005,0.0704,-0.0094,CATEGORY_B_DOWNWARD_EXPANSION
150222,150241,2022-06-07 06:55:00+00:00,2022-06-07 08:30:00+00:00,20,1.67,0.2326,0.3387,1.1772,0.5008,-0.0137,0.0668,0.009,0.0298,CATEGORY_A_UPWARD_EXPANSION
150255,150261,2022-06-07 09:40:00+00:00,2022-06-07 10:10:00+00:00,7,0.58,0.3938,0.4569,0.6453,0.4873,0.138,0.0665,0.0093,0.0269,CATEGORY_A_UPWARD_EXPANSION
150340,150355,2022-06-07 16:45:00+00:00,2022-06-07 18:00:00+00:00,16,1.33,0.3511,0.4445,0.663,0.4784,-0.0327,0.0548,0.0035,0.014,CATEGORY_A_UPWARD_EXPANSION
150566,150574,2022-06-08 11:35:00+00:00,2022-06-08 12:15:00+00:00,9,0.75,0.3187,0.3403,0.9987,0.3886,0.1163,0.0166,0.0159,-0.0084,CATEGORY_C_FALSE_OR_CHOP
150616,150622,2022-06-08 15:45:00+00:00,2022-06-08 16:15:00+00:00,7,0.58,0.3726,0.4087,1.0583,0.5488,0.0054,0.0052,0.0204,-0.0112,CATEGORY_B_DOWNWARD_EXPANSION
150640,150645,2022-06-08 17:45:00+00:00,2022-06-08 18:10:00+00:00,6,0.5,0.3616,0.3952,1.1716,0.4993,0.0408,0.0121,0.0138,-0.0005,CATEGORY_C_FALSE_OR_CHOP
150667,150673,2022-06-08 20:00:00+00:00,2022-06-08 20:30:00+00:00,7,0.58,0.3376,0.4112,0.7829,0.5031,-0.0493,0.016,0.009,-0.0026,CATEGORY_C_FALSE_OR_CHOP
150692,150698,2022-06-08 22:05:00+00:00,2022-06-08 22:35:00+00:00,7,0.58,0.3759,0.3851,0.8694,0.4777,0.0008,0.0132,0.0118,-0.0085,CATEGORY_C_FALSE_OR_CHOP
150739,150750,2022-06-09 02:00:00+00:00,2022-06-09 02:55:00+00:00,12,1.0,0.27,0.5308,0.7551,0.5432,-0.0355,0.0165,0.0207,-0.0059,CATEGORY_C_FALSE_OR_CHOP
150756,150775,2022-06-09 03:25:00+00:00,2022-06-09 05:00:00+00:00,20,1.67,0.2449,0.3325,0.9805,0.4979,-0.0158,0.0147,0.0224,-0.0035,CATEGORY_B_DOWNWARD_EXPANSION
150788,150796,2022-06-09 06:05:00+00:00,2022-06-09 06:45:00+00:00,9,0.75,0.276,0.3241,0.8097,0.4416,0.096,0.013,0.024,-0.0069,CATEGORY_B_DOWNWARD_EXPANSION
150927,150932,2022-06-09 17:40:00+00:00,2022-06-09 18:05:00+00:00,6,0.5,0.5599,0.6729,0.9239,0.5344,-0.1062,0.0035,0.0471,-0.0389,CATEGORY_B_DOWNWARD_EXPANSION
151031,151038,2022-06-10 02:20:00+00:00,2022-06-10 02:55:00+00:00,8,0.67,0.5482,0.6052,0.8435,0.5447,0.1063,0.012,0.0391,-0.0251,CATEGORY_B_DOWNWARD_EXPANSION
151052,151062,2022-06-10 04:05:00+00:00,2022-06-10 04:55:00+00:00,11,0.92,0.5183,0.5423,1.1035,0.5518,0.0484,0.0044,0.0413,-0.0236,CATEGORY_B_DOWNWARD_EXPANSION
151064,151076,2022-06-10 05:05:00+00:00,2022-06-10 06:05:00+00:00,13,1.08,0.323,0.4393,1.2575,0.4877,0.0211,0.004,0.0418,-0.0272,CATEGORY_B_DOWNWARD_EXPANSION
151084,151090,2022-06-10 06:45:00+00:00,2022-06-10 07:15:00+00:00,7,0.58,0.4159,0.5618,1.0219,0.49,0.0345,0.0028,0.0415,-0.0258,CATEGORY_B_DOWNWARD_EXPANSION
151092,151098,2022-06-10 07:25:00+00:00,2022-06-10 07:55:00+00:00,7,0.58,0.392,0.4427,1.02,0.4611,-0.1579,0.0044,0.04,-0.0241,CATEGORY_B_DOWNWARD_EXPANSION
151132,151140,2022-06-10 10:45:00+00:00,2022-06-10 11:25:00+00:00,9,0.75,0.2854,0.3631,1.0718,0.5183,0.016,0.0069,0.0412,-0.0395,CATEGORY_B_DOWNWARD_EXPANSION
151255,151264,2022-06-10 21:00:00+00:00,2022-06-10 21:45:00+00:00,10,0.83,0.3151,0.3535,1.073,0.5256,0.035,0.0071,0.0388,-0.0222,CATEGORY_B_DOWNWARD_EXPANSION
151299,151307,2022-06-11 00:40:00+00:00,2022-06-11 01:20:00+00:00,9,0.75,0.3717,0.4187,0.9433,0.4774,-0.0584,0.0075,0.0383,-0.0307,CATEGORY_B_DOWNWARD_EXPANSION
151311,151318,2022-06-11 01:40:00+00:00,2022-06-11 02:15:00+00:00,8,0.67,0.2,0.2253,1.1197,0.4973,0.0271,0.0073,0.0385,-0.0338,CATEGORY_B_DOWNWARD_EXPANSION
151341,151351,2022-06-11 04:10:00+00:00,2022-06-11 05:00:00+00:00,11,0.92,0.2743,0.2871,1.374,0.5724,0.0481,0.0015,0.073,-0.0687,CATEGORY_B_DOWNWARD_EXPANSION
151380,151386,2022-06-11 07:25:00+00:00,2022-06-11 07:55:00+00:00,7,0.58,0.2875,0.3065,0.9048,0.5107,-0.0235,0.0006,0.0729,-0.0573,CATEGORY_B_DOWNWARD_EXPANSION
151662,151669,2022-06-12 06:55:00+00:00,2022-06-12 07:30:00+00:00,8,0.67,0.36,0.477,0.8495,0.4736,0.0127,0.0341,0.0917,-0.0826,CATEGORY_B_DOWNWARD_EXPANSION
152091,152097,2022-06-13 18:40:00+00:00,2022-06-13 19:10:00+00:00,7,0.58,0.6121,0.6977,1.4236,0.5042,0.0662,0.0225,0.1039,-0.0488,CATEGORY_B_DOWNWARD_EXPANSION
152252,152257,2022-06-14 08:05:00+00:00,2022-06-14 08:30:00+00:00,6,0.5,0.568,0.6597,0.6578,0.516,-0.0833,0.0059,0.1104,-0.098,CATEGORY_B_DOWNWARD_EXPANSION
152259,152267,2022-06-14 08:40:00+00:00,2022-06-14 09:20:00+00:00,9,0.75,0.3797,0.4019,0.9958,0.5215,0.017,0.0069,0.1107,-0.107,CATEGORY_B_DOWNWARD_EXPANSION
152269,152277,2022-06-14 09:30:00+00:00,2022-06-14 10:10:00+00:00,9,0.75,0.4505,0.4837,1.142,0.4831,-0.0273,0.0207,0.0997,-0.0922,CATEGORY_B_DOWNWARD_EXPANSION
152454,152462,2022-06-15 00:55:00+00:00,2022-06-15 01:35:00+00:00,9,0.75,0.5689,0.6053,1.0437,0.5169,-0.0887,0.0428,0.088,0.0231,CATEGORY_B_DOWNWARD_EXPANSION
152697,152703,2022-06-15 21:10:00+00:00,2022-06-15 21:40:00+00:00,7,0.58,0.4381,0.492,1.6436,0.5482,-0.0939,0.0444,0.0689,-0.0556,CATEGORY_B_DOWNWARD_EXPANSION
152732,152738,2022-06-16 00:05:00+00:00,2022-06-16 00:35:00+00:00,7,0.58,0.52,0.5726,0.7347,0.4891,0.0372,0.0153,0.1068,-0.1042,CATEGORY_B_DOWNWARD_EXPANSION
152776,152786,2022-06-16 03:45:00+00:00,2022-06-16 04:35:00+00:00,11,0.92,0.3671,0.4397,0.6765,0.4633,0.0109,0.0004,0.0919,-0.0769,CATEGORY_B_DOWNWARD_EXPANSION
152911,152916,2022-06-16 15:00:00+00:00,2022-06-16 15:25:00+00:00,6,0.5,0.4733,0.4971,0.8442,0.4992,-0.0053,0.0138,0.046,-0.0267,CATEGORY_B_DOWNWARD_EXPANSION
153075,153080,2022-06-17 04:40:00+00:00,2022-06-17 05:05:00+00:00,6,0.5,0.3735,0.4467,0.7623,0.5222,0.0523,0.0377,0.0129,-0.008,CATEGORY_A_UPWARD_EXPANSION
153128,153133,2022-06-17 09:05:00+00:00,2022-06-17 09:30:00+00:00,6,0.5,0.6394,0.6804,0.7409,0.4572,-0.0201,0.0081,0.1095,-0.0892,CATEGORY_B_DOWNWARD_EXPANSION
153136,153145,2022-06-17 09:45:00+00:00,2022-06-17 10:30:00+00:00,10,0.83,0.6255,0.6714,0.5968,0.5313,-0.0879,0.016,0.1025,-0.0709,CATEGORY_B_DOWNWARD_EXPANSION
153212,153220,2022-06-17 16:05:00+00:00,2022-06-17 16:45:00+00:00,9,0.75,0.6389,0.7201,0.6927,0.5183,-0.0017,0.0036,0.0953,-0.0898,CATEGORY_B_DOWNWARD_EXPANSION
153233,153242,2022-06-17 17:50:00+00:00,2022-06-17 18:35:00+00:00,10,0.83,0.3719,0.4994,0.8482,0.5011,-0.0654,0.0113,0.1182,-0.1113,CATEGORY_B_DOWNWARD_EXPANSION
153250,153258,2022-06-17 19:15:00+00:00,2022-06-17 19:55:00+00:00,9,0.75,0.4025,0.4356,1.1463,0.46,0.031,0.0135,0.1211,-0.1193,CATEGORY_B_DOWNWARD_EXPANSION
153345,153351,2022-06-18 03:10:00+00:00,2022-06-18 03:40:00+00:00,7,0.58,0.5448,0.6244,1.328,0.5627,-0.08,0.0061,0.1368,-0.0951,CATEGORY_B_DOWNWARD_EXPANSION
153355,153361,2022-06-18 04:00:00+00:00,2022-06-18 04:30:00+00:00,7,0.58,0.3557,0.4056,1.3055,0.613,-0.0173,0.0049,0.1377,-0.0892,CATEGORY_B_DOWNWARD_EXPANSION
153369,153377,2022-06-18 05:10:00+00:00,2022-06-18 05:50:00+00:00,9,0.75,0.5158,0.5447,0.8813,0.5498,-0.0173,0.0026,0.1359,-0.1095,CATEGORY_B_DOWNWARD_EXPANSION
153379,153385,2022-06-18 06:00:00+00:00,2022-06-18 06:30:00+00:00,7,0.58,0.3376,0.3965,1.2752,0.5636,-0.0275,0.0011,0.1363,-0.101,CATEGORY_B_DOWNWARD_EXPANSION
153774,153780,2022-06-19 14:55:00+00:00,2022-06-19 15:25:00+00:00,7,0.58,0.296,0.4097,1.0206,0.4962,0.0469,0.086,0.0036,0.065,CATEGORY_A_UPWARD_EXPANSION
153815,153820,2022-06-19 18:20:00+00:00,2022-06-19 18:45:00+00:00,6,0.5,0.4203,0.4644,1.5926,0.4777,-0.006,0.0736,0.0013,0.0179,CATEGORY_A_UPWARD_EXPANSION
153873,153882,2022-06-19 23:10:00+00:00,2022-06-19 23:55:00+00:00,10,0.83,0.6064,0.664,1.0076,0.5055,0.0231,0.0251,0.0455,-0.0,CATEGORY_B_DOWNWARD_EXPANSION
153929,153941,2022-06-20 03:50:00+00:00,2022-06-20 04:50:00+00:00,13,1.08,0.4616,0.5118,0.8465,0.4852,-0.0582,0.0575,0.0083,0.0345,CATEGORY_A_UPWARD_EXPANSION
154222,154227,2022-06-21 04:15:00+00:00,2022-06-21 04:40:00+00:00,6,0.5,0.5946,0.6821,0.797,0.4568,0.07,0.0582,0.0134,-0.0074,CATEGORY_A_UPWARD_EXPANSION
154296,154303,2022-06-21 10:25:00+00:00,2022-06-21 11:00:00+00:00,8,0.67,0.3882,0.4798,0.6421,0.5219,-0.1602,0.0207,0.0626,-0.039,CATEGORY_B_DOWNWARD_EXPANSION
154352,154357,2022-06-21 15:05:00+00:00,2022-06-21 15:30:00+00:00,6,0.5,0.6104,0.6442,0.7569,0.4986,-0.0024,0.0015,0.0746,-0.0489,CATEGORY_B_DOWNWARD_EXPANSION
154373,154380,2022-06-21 16:50:00+00:00,2022-06-21 17:25:00+00:00,8,0.67,0.6163,0.7205,0.781,0.4413,0.053,0.0022,0.0733,-0.0509,CATEGORY_B_DOWNWARD_EXPANSION
154734,154740,2022-06-22 22:55:00+00:00,2022-06-22 23:25:00+00:00,7,0.58,0.549,0.6378,0.8221,0.4625,-0.1379,0.0574,0.0095,0.0533,CATEGORY_A_UPWARD_EXPANSION
154784,154790,2022-06-23 03:05:00+00:00,2022-06-23 03:35:00+00:00,7,0.58,0.6593,0.6983,0.954,0.515,0.0382,0.0532,0.006,0.0403,CATEGORY_A_UPWARD_EXPANSION
154945,154950,2022-06-23 16:30:00+00:00,2022-06-23 16:55:00+00:00,6,0.5,0.5989,0.661,1.2025,0.5068,0.0113,0.0578,0.0056,0.0375,CATEGORY_A_UPWARD_EXPANSION
155090,155095,2022-06-24 04:35:00+00:00,2022-06-24 05:00:00+00:00,6,0.5,0.6547,0.6692,0.8595,0.4754,-0.0394,0.0248,0.0142,0.0099,CATEGORY_A_UPWARD_EXPANSION
155313,155319,2022-06-24 23:10:00+00:00,2022-06-24 23:40:00+00:00,7,0.58,0.4514,0.5614,1.116,0.5018,-0.0453,0.012,0.0211,0.0055,CATEGORY_B_DOWNWARD_EXPANSION
155341,155347,2022-06-25 01:30:00+00:00,2022-06-25 02:00:00+00:00,7,0.58,0.489,0.6361,1.3071,0.4765,-0.049,0.0145,0.0187,0.0044,CATEGORY_C_FALSE_OR_CHOP
155351,155356,2022-06-25 02:20:00+00:00,2022-06-25 02:45:00+00:00,6,0.5,0.3996,0.4506,0.6463,0.5008,-0.0638,0.0174,0.0159,0.003,CATEGORY_C_FALSE_OR_CHOP
155386,155393,2022-06-25 05:15:00+00:00,2022-06-25 05:50:00+00:00,8,0.67,0.4835,0.5902,0.7568,0.4445,-0.0098,0.015,0.0183,0.0055,CATEGORY_C_FALSE_OR_CHOP
155428,155434,2022-06-25 08:45:00+00:00,2022-06-25 09:15:00+00:00,7,0.58,0.6247,0.6419,0.9829,0.4966,-0.0206,0.0085,0.0234,-0.0009,CATEGORY_B_DOWNWARD_EXPANSION
155594,155599,2022-06-25 22:35:00+00:00,2022-06-25 23:00:00+00:00,6,0.5,0.5213,0.6488,0.8064,0.5596,0.0911,0.0204,0.0226,-0.0116,CATEGORY_C_FALSE_OR_CHOP
155601,155607,2022-06-25 23:10:00+00:00,2022-06-25 23:40:00+00:00,7,0.58,0.4821,0.4956,0.7774,0.4572,0.0359,0.0192,0.0238,-0.0222,CATEGORY_C_FALSE_OR_CHOP
155738,155748,2022-06-26 10:35:00+00:00,2022-06-26 11:25:00+00:00,11,0.92,0.5191,0.6504,0.7792,0.4949,-0.0846,0.0221,0.0228,-0.0018,CATEGORY_C_FALSE_OR_CHOP
155841,155846,2022-06-26 19:10:00+00:00,2022-06-26 19:35:00+00:00,6,0.5,0.6173,0.6376,0.8305,0.4845,0.017,0.0128,0.0356,-0.0205,CATEGORY_B_DOWNWARD_EXPANSION
155941,155949,2022-06-27 03:30:00+00:00,2022-06-27 04:10:00+00:00,9,0.75,0.3458,0.4911,1.1737,0.5205,0.0769,0.0171,0.0315,-0.0217,CATEGORY_B_DOWNWARD_EXPANSION
156110,156115,2022-06-27 17:35:00+00:00,2022-06-27 18:00:00+00:00,6,0.5,0.3937,0.4051,0.8407,0.4979,0.0604,0.0223,0.0116,-0.007,CATEGORY_A_UPWARD_EXPANSION
156147,156158,2022-06-27 20:40:00+00:00,2022-06-27 21:35:00+00:00,12,1.0,0.2822,0.3756,0.8655,0.4984,0.0655,0.0169,0.0315,-0.025,CATEGORY_B_DOWNWARD_EXPANSION
156242,156249,2022-06-28 04:35:00+00:00,2022-06-28 05:10:00+00:00,8,0.67,0.5114,0.5346,0.7639,0.4775,-0.0756,0.0222,0.0289,-0.0229,CATEGORY_B_DOWNWARD_EXPANSION
156425,156432,2022-06-28 19:50:00+00:00,2022-06-28 20:25:00+00:00,8,0.67,0.5741,0.6392,0.8915,0.5082,0.0121,0.0081,0.0218,-0.0015,CATEGORY_B_DOWNWARD_EXPANSION
156497,156504,2022-06-29 01:50:00+00:00,2022-06-29 02:25:00+00:00,8,0.67,0.4449,0.5516,1.4374,0.5059,-0.0068,0.0063,0.0222,-0.0112,CATEGORY_B_DOWNWARD_EXPANSION
156506,156511,2022-06-29 02:35:00+00:00,2022-06-29 03:00:00+00:00,6,0.5,0.5322,0.551,0.8995,0.4858,-0.1056,0.0048,0.0236,-0.013,CATEGORY_B_DOWNWARD_EXPANSION
156572,156578,2022-06-29 08:05:00+00:00,2022-06-29 08:35:00+00:00,7,0.58,0.4835,0.5902,0.929,0.4623,-0.0294,0.0179,0.0415,-0.0391,CATEGORY_B_DOWNWARD_EXPANSION
156658,156663,2022-06-29 15:15:00+00:00,2022-06-29 15:40:00+00:00,6,0.5,0.5995,0.6689,0.4763,0.4559,0.0959,0.0186,0.0649,-0.0437,CATEGORY_B_DOWNWARD_EXPANSION
156665,156670,2022-06-29 15:50:00+00:00,2022-06-29 16:15:00+00:00,6,0.5,0.6104,0.6402,0.9362,0.452,0.1212,0.0182,0.0653,-0.0479,CATEGORY_B_DOWNWARD_EXPANSION
156794,156802,2022-06-30 02:35:00+00:00,2022-06-30 03:15:00+00:00,9,0.75,0.3942,0.4978,0.9188,0.4989,0.0348,0.0415,0.0726,0.005,CATEGORY_B_DOWNWARD_EXPANSION
157129,157135,2022-07-01 06:30:00+00:00,2022-07-01 07:00:00+00:00,7,0.58,0.4171,0.4651,1.4186,0.504,-0.1095,0.0246,0.0192,-0.0062,CATEGORY_C_FALSE_OR_CHOP
157191,157197,2022-07-01 11:40:00+00:00,2022-07-01 12:10:00+00:00,7,0.58,0.2302,0.3342,1.0389,0.4701,0.0207,0.0248,0.0121,0.0023,CATEGORY_A_UPWARD_EXPANSION
157359,157364,2022-07-02 01:40:00+00:00,2022-07-02 02:05:00+00:00,6,0.5,0.4944,0.5968,1.0518,0.4654,-0.0254,0.0125,0.013,-0.0014,CATEGORY_C_FALSE_OR_CHOP
157374,157380,2022-07-02 02:55:00+00:00,2022-07-02 03:25:00+00:00,7,0.58,0.4848,0.5321,1.0216,0.4991,0.0045,0.0164,0.0092,0.0057,CATEGORY_C_FALSE_OR_CHOP
157385,157392,2022-07-02 03:50:00+00:00,2022-07-02 04:25:00+00:00,8,0.67,0.3638,0.4732,0.8729,0.5074,-0.0322,0.0147,0.0109,0.0051,CATEGORY_C_FALSE_OR_CHOP
157394,157400,2022-07-02 04:35:00+00:00,2022-07-02 05:05:00+00:00,7,0.58,0.3509,0.4143,0.7725,0.4886,0.0121,0.0134,0.0223,0.0021,CATEGORY_B_DOWNWARD_EXPANSION
157409,157417,2022-07-02 05:50:00+00:00,2022-07-02 06:30:00+00:00,9,0.75,0.3899,0.4287,0.917,0.5034,-0.0351,0.0124,0.0233,-0.0043,CATEGORY_B_DOWNWARD_EXPANSION
157517,157522,2022-07-02 14:50:00+00:00,2022-07-02 15:15:00+00:00,6,0.5,0.4679,0.4891,0.8443,0.4608,-0.0748,0.0083,0.0243,-0.0094,CATEGORY_B_DOWNWARD_EXPANSION
157548,157556,2022-07-02 17:25:00+00:00,2022-07-02 18:05:00+00:00,9,0.75,0.4492,0.4921,0.9629,0.4797,0.0277,0.0059,0.0266,-0.0025,CATEGORY_B_DOWNWARD_EXPANSION
157558,157563,2022-07-02 18:15:00+00:00,2022-07-02 18:40:00+00:00,6,0.5,0.3055,0.3674,0.7689,0.507,-0.0569,0.0072,0.0253,-0.0023,CATEGORY_B_DOWNWARD_EXPANSION
157585,157591,2022-07-02 20:30:00+00:00,2022-07-02 21:00:00+00:00,7,0.58,0.3929,0.4618,1.6832,0.5107,0.0151,0.0196,0.0254,0.0096,CATEGORY_C_FALSE_OR_CHOP
157593,157599,2022-07-02 21:10:00+00:00,2022-07-02 21:40:00+00:00,7,0.58,0.3913,0.4208,0.7727,0.5617,0.0568,0.0178,0.0271,0.0001,CATEGORY_B_DOWNWARD_EXPANSION
157605,157611,2022-07-02 22:10:00+00:00,2022-07-02 22:40:00+00:00,7,0.58,0.4609,0.4724,0.8144,0.4854,-0.1456,0.0154,0.0294,-0.0034,CATEGORY_B_DOWNWARD_EXPANSION
157613,157618,2022-07-02 22:50:00+00:00,2022-07-02 23:15:00+00:00,6,0.5,0.3418,0.4237,0.8387,0.5166,0.0702,0.018,0.0269,0.0007,CATEGORY_B_DOWNWARD_EXPANSION
157649,157656,2022-07-03 01:50:00+00:00,2022-07-03 02:25:00+00:00,8,0.67,0.4186,0.4564,0.7254,0.5319,0.0319,0.0211,0.024,-0.002,CATEGORY_C_FALSE_OR_CHOP
157960,157965,2022-07-04 03:45:00+00:00,2022-07-04 04:10:00+00:00,6,0.5,0.2958,0.3231,1.4025,0.474,-0.0738,0.0728,0.0003,0.0605,CATEGORY_A_UPWARD_EXPANSION
157978,157983,2022-07-04 05:15:00+00:00,2022-07-04 05:40:00+00:00,6,0.5,0.1984,0.2916,0.9287,0.432,-0.0611,0.0705,0.0024,0.0651,CATEGORY_A_UPWARD_EXPANSION
158020,158025,2022-07-04 08:45:00+00:00,2022-07-04 09:10:00+00:00,6,0.5,0.3005,0.3188,0.723,0.4951,0.1108,0.069,0.0002,0.0386,CATEGORY_A_UPWARD_EXPANSION
158530,158536,2022-07-06 03:15:00+00:00,2022-07-06 03:45:00+00:00,7,0.58,0.4215,0.5006,0.9364,0.5106,0.0229,0.0399,0.0009,0.0291,CATEGORY_A_UPWARD_EXPANSION
158673,158678,2022-07-06 15:10:00+00:00,2022-07-06 15:35:00+00:00,6,0.5,0.4734,0.5386,1.1051,0.4969,-0.0686,0.0467,0.0018,0.0367,CATEGORY_A_UPWARD_EXPANSION
158681,158689,2022-07-06 15:50:00+00:00,2022-07-06 16:30:00+00:00,9,0.75,0.4399,0.4728,1.4255,0.5217,0.0536,0.0423,0.0,0.0375,CATEGORY_A_UPWARD_EXPANSION
158698,158706,2022-07-06 17:15:00+00:00,2022-07-06 17:55:00+00:00,9,0.75,0.3917,0.4909,0.656,0.4801,0.0533,0.0461,0.004,0.0318,CATEGORY_A_UPWARD_EXPANSION
158733,158740,2022-07-06 20:10:00+00:00,2022-07-06 20:45:00+00:00,8,0.67,0.5553,0.586,1.2198,0.4959,0.0589,0.0744,0.0036,0.0632,CATEGORY_A_UPWARD_EXPANSION
158742,158749,2022-07-06 20:55:00+00:00,2022-07-06 21:30:00+00:00,8,0.67,0.5802,0.6043,0.557,0.4864,-0.0625,0.0721,0.0058,0.0612,CATEGORY_A_UPWARD_EXPANSION
158780,158800,2022-07-07 00:05:00+00:00,2022-07-07 01:45:00+00:00,21,1.75,0.4569,0.5337,0.7789,0.5272,-0.0195,0.0971,0.0137,0.0757,CATEGORY_A_UPWARD_EXPANSION
158813,158822,2022-07-07 02:50:00+00:00,2022-07-07 03:35:00+00:00,10,0.83,0.2736,0.3568,0.6894,0.4454,0.028,0.1026,0.0087,0.0828,CATEGORY_A_UPWARD_EXPANSION
158825,158830,2022-07-07 03:50:00+00:00,2022-07-07 04:15:00+00:00,6,0.5,0.3212,0.3374,1.3467,0.4486,-0.0103,0.1007,0.0105,0.0846,CATEGORY_A_UPWARD_EXPANSION
158862,158868,2022-07-07 06:55:00+00:00,2022-07-07 07:25:00+00:00,7,0.58,0.4004,0.4219,1.153,0.4211,-0.1058,0.1066,0.0,0.0715,CATEGORY_A_UPWARD_EXPANSION
158901,158907,2022-07-07 10:10:00+00:00,2022-07-07 10:40:00+00:00,7,0.58,0.6087,0.6195,0.8553,0.5013,-0.0324,0.0974,0.0073,0.0544,CATEGORY_A_UPWARD_EXPANSION
159160,159167,2022-07-08 07:45:00+00:00,2022-07-08 08:20:00+00:00,8,0.67,0.2974,0.359,0.8577,0.5143,0.0634,0.0171,0.0261,-0.0048,CATEGORY_B_DOWNWARD_EXPANSION
159380,159392,2022-07-09 02:05:00+00:00,2022-07-09 03:05:00+00:00,13,1.08,0.4437,0.5709,0.9034,0.5023,-0.0122,0.0178,0.0233,-0.0143,CATEGORY_B_DOWNWARD_EXPANSION
159423,159439,2022-07-09 05:40:00+00:00,2022-07-09 07:00:00+00:00,17,1.42,0.219,0.3304,1.0118,0.5007,0.0174,0.0187,0.0224,-0.0136,CATEGORY_C_FALSE_OR_CHOP
159514,159519,2022-07-09 13:15:00+00:00,2022-07-09 13:40:00+00:00,6,0.5,0.4642,0.4985,1.4081,0.5148,0.014,0.0186,0.0291,-0.0234,CATEGORY_B_DOWNWARD_EXPANSION
159545,159550,2022-07-09 15:50:00+00:00,2022-07-09 16:15:00+00:00,6,0.5,0.42,0.5054,0.841,0.5405,-0.0428,0.018,0.0433,-0.038,CATEGORY_B_DOWNWARD_EXPANSION
159597,159607,2022-07-09 20:10:00+00:00,2022-07-09 21:00:00+00:00,11,0.92,0.2265,0.3092,1.0154,0.4971,0.0127,0.0031,0.0476,-0.0269,CATEGORY_B_DOWNWARD_EXPANSION
159711,159716,2022-07-10 05:40:00+00:00,2022-07-10 06:05:00+00:00,6,0.5,0.3744,0.3883,0.9236,0.5066,-0.0468,0.0042,0.0426,-0.0407,CATEGORY_B_DOWNWARD_EXPANSION
160020,160026,2022-07-11 07:25:00+00:00,2022-07-11 07:55:00+00:00,7,0.58,0.4739,0.5669,0.9927,0.4906,-0.0421,0.0158,0.0401,-0.0347,CATEGORY_B_DOWNWARD_EXPANSION
160149,160154,2022-07-11 18:10:00+00:00,2022-07-11 18:35:00+00:00,6,0.5,0.4816,0.5062,0.8596,0.4911,0.0538,0.0054,0.0508,-0.0386,CATEGORY_B_DOWNWARD_EXPANSION
160260,160271,2022-07-12 03:25:00+00:00,2022-07-12 04:20:00+00:00,12,1.0,0.329,0.4034,1.0191,0.5156,0.031,0.0033,0.0377,-0.0235,CATEGORY_B_DOWNWARD_EXPANSION
160410,160429,2022-07-12 15:55:00+00:00,2022-07-12 17:30:00+00:00,20,1.67,0.4645,0.5852,0.9781,0.4794,-0.0168,0.014,0.0473,-0.0038,CATEGORY_B_DOWNWARD_EXPANSION
160534,160543,2022-07-13 02:15:00+00:00,2022-07-13 03:00:00+00:00,10,0.83,0.5265,0.6228,1.0028,0.4801,0.0298,0.0477,0.0305,0.0416,CATEGORY_A_UPWARD_EXPANSION
160552,160561,2022-07-13 03:45:00+00:00,2022-07-13 04:30:00+00:00,10,0.83,0.4771,0.5777,0.871,0.4941,-0.0011,0.0483,0.0299,0.0356,CATEGORY_A_UPWARD_EXPANSION
160633,160639,2022-07-13 10:30:00+00:00,2022-07-13 11:00:00+00:00,7,0.58,0.5028,0.593,0.5149,0.5111,-0.0741,0.0336,0.0435,-0.0005,CATEGORY_C_FALSE_OR_CHOP
160818,160826,2022-07-14 01:55:00+00:00,2022-07-14 02:35:00+00:00,9,0.75,0.2592,0.3125,0.8217,0.5052,0.0171,0.0297,0.0336,0.0155,CATEGORY_C_FALSE_OR_CHOP
161069,161075,2022-07-14 22:50:00+00:00,2022-07-14 23:20:00+00:00,7,0.58,0.4365,0.4934,1.0108,0.5156,-0.0227,0.0329,0.007,0.0136,CATEGORY_A_UPWARD_EXPANSION
161206,161211,2022-07-15 10:15:00+00:00,2022-07-15 10:40:00+00:00,6,0.5,0.4456,0.4893,0.8616,0.4618,0.0151,0.0176,0.017,-0.0095,CATEGORY_C_FALSE_OR_CHOP
161263,161273,2022-07-15 15:00:00+00:00,2022-07-15 15:50:00+00:00,11,0.92,0.5533,0.6113,1.102,0.4923,-0.0111,0.0177,0.0169,0.0037,CATEGORY_C_FALSE_OR_CHOP
161400,161414,2022-07-16 02:25:00+00:00,2022-07-16 03:35:00+00:00,15,1.25,0.3604,0.5957,0.9485,0.5103,-0.0094,0.0421,0.0115,0.0326,CATEGORY_A_UPWARD_EXPANSION
161422,161427,2022-07-16 04:15:00+00:00,2022-07-16 04:40:00+00:00,6,0.5,0.5394,0.596,1.5732,0.4847,0.0271,0.0429,0.0107,0.0277,CATEGORY_A_UPWARD_EXPANSION
161457,161462,2022-07-16 07:10:00+00:00,2022-07-16 07:35:00+00:00,6,0.5,0.4068,0.4753,0.7224,0.532,-0.0624,0.0531,0.0044,0.0466,CATEGORY_A_UPWARD_EXPANSION
161477,161489,2022-07-16 08:50:00+00:00,2022-07-16 09:50:00+00:00,13,1.08,0.4338,0.5926,0.7867,0.4941,-0.0523,0.0532,0.0002,0.0373,CATEGORY_A_UPWARD_EXPANSION
161498,161508,2022-07-16 10:35:00+00:00,2022-07-16 11:25:00+00:00,11,0.92,0.583,0.6151,0.9414,0.5077,-0.0053,0.0496,0.0035,0.0356,CATEGORY_A_UPWARD_EXPANSION
161515,161523,2022-07-16 12:00:00+00:00,2022-07-16 12:40:00+00:00,9,0.75,0.4254,0.4733,0.7481,0.5072,-0.0433,0.0514,0.0012,0.0373,CATEGORY_A_UPWARD_EXPANSION
161689,161695,2022-07-17 02:30:00+00:00,2022-07-17 03:00:00+00:00,7,0.58,0.4629,0.4879,0.7445,0.5025,-0.021,0.0242,0.02,0.0075,CATEGORY_C_FALSE_OR_CHOP
161897,161910,2022-07-17 19:50:00+00:00,2022-07-17 20:55:00+00:00,14,1.17,0.2814,0.5107,0.942,0.5215,0.04,0.088,0.0089,0.0266,CATEGORY_A_UPWARD_EXPANSION
161966,161978,2022-07-18 01:35:00+00:00,2022-07-18 02:35:00+00:00,13,1.08,0.3579,0.5768,1.2362,0.5145,0.0169,0.0909,0.0011,0.051,CATEGORY_A_UPWARD_EXPANSION
162266,162278,2022-07-19 02:35:00+00:00,2022-07-19 03:35:00+00:00,13,1.08,0.5549,0.6469,1.2096,0.5088,0.0471,0.0742,0.0261,0.0598,CATEGORY_A_UPWARD_EXPANSION
162300,162305,2022-07-19 05:25:00+00:00,2022-07-19 05:50:00+00:00,6,0.5,0.6281,0.6633,0.7246,0.512,-0.0137,0.0771,0.0234,0.0628,CATEGORY_A_UPWARD_EXPANSION
162508,162513,2022-07-19 22:45:00+00:00,2022-07-19 23:10:00+00:00,6,0.5,0.5142,0.558,1.4819,0.5099,-0.0171,0.0289,0.0292,-0.0155,CATEGORY_C_FALSE_OR_CHOP
162565,162571,2022-07-20 03:30:00+00:00,2022-07-20 04:00:00+00:00,7,0.58,0.636,0.6654,0.7292,0.5348,0.001,0.0372,0.0316,-0.0273,CATEGORY_C_FALSE_OR_CHOP
162866,162877,2022-07-21 04:35:00+00:00,2022-07-21 05:30:00+00:00,12,1.0,0.5178,0.6278,0.7053,0.5113,-0.0105,0.0216,0.0227,0.0121,CATEGORY_C_FALSE_OR_CHOP
162883,162888,2022-07-21 06:00:00+00:00,2022-07-21 06:25:00+00:00,6,0.5,0.4975,0.536,0.9956,0.5169,-0.0207,0.0205,0.0237,0.0098,CATEGORY_C_FALSE_OR_CHOP
163081,163088,2022-07-21 22:30:00+00:00,2022-07-21 23:05:00+00:00,8,0.67,0.3839,0.6169,0.8509,0.4854,-0.0182,0.0311,0.0234,-0.0126,CATEGORY_A_UPWARD_EXPANSION
163218,163226,2022-07-22 09:55:00+00:00,2022-07-22 10:35:00+00:00,9,0.75,0.4662,0.5744,1.2924,0.496,0.0087,0.0094,0.048,-0.0454,CATEGORY_B_DOWNWARD_EXPANSION
163247,163252,2022-07-22 12:20:00+00:00,2022-07-22 12:45:00+00:00,6,0.5,0.5329,0.552,0.9498,0.5213,0.0545,0.0041,0.0665,-0.0585,CATEGORY_B_DOWNWARD_EXPANSION
163322,163332,2022-07-22 18:35:00+00:00,2022-07-22 19:25:00+00:00,11,0.92,0.5355,0.6131,1.0528,0.5205,-0.0076,0.0003,0.0512,-0.0409,CATEGORY_B_DOWNWARD_EXPANSION
163460,163466,2022-07-23 06:05:00+00:00,2022-07-23 06:35:00+00:00,7,0.58,0.3936,0.4321,1.0052,0.4825,-0.0018,0.0026,0.0412,-0.0101,CATEGORY_B_DOWNWARD_EXPANSION
163543,163555,2022-07-23 13:00:00+00:00,2022-07-23 14:00:00+00:00,13,1.08,0.4627,0.5388,1.0031,0.5066,-0.0238,0.0243,0.0163,0.0119,CATEGORY_A_UPWARD_EXPANSION
163642,163651,2022-07-23 21:15:00+00:00,2022-07-23 22:00:00+00:00,10,0.83,0.4783,0.6041,1.0148,0.4894,-0.0474,0.0288,0.0009,0.0226,CATEGORY_A_UPWARD_EXPANSION
163687,163693,2022-07-24 01:00:00+00:00,2022-07-24 01:30:00+00:00,7,0.58,0.4877,0.5267,1.1802,0.4934,-0.0103,0.0231,0.013,-0.0109,CATEGORY_A_UPWARD_EXPANSION
163726,163732,2022-07-24 04:15:00+00:00,2022-07-24 04:45:00+00:00,7,0.58,0.4256,0.4661,1.2254,0.5279,-0.0306,0.0279,0.0291,-0.0252,CATEGORY_C_FALSE_OR_CHOP
163791,163797,2022-07-24 09:40:00+00:00,2022-07-24 10:10:00+00:00,7,0.58,0.5585,0.6155,0.8422,0.4755,0.0188,0.0173,0.0392,-0.0285,CATEGORY_B_DOWNWARD_EXPANSION
163899,163904,2022-07-24 18:40:00+00:00,2022-07-24 19:05:00+00:00,6,0.5,0.5609,0.6319,0.9888,0.4786,-0.016,0.0136,0.0481,-0.0467,CATEGORY_B_DOWNWARD_EXPANSION
164033,164038,2022-07-25 05:50:00+00:00,2022-07-25 06:15:00+00:00,6,0.5,0.6,0.6555,1.2221,0.5128,-0.0162,0.0154,0.0487,-0.037,CATEGORY_B_DOWNWARD_EXPANSION
164053,164058,2022-07-25 07:30:00+00:00,2022-07-25 07:55:00+00:00,6,0.5,0.5938,0.6436,0.8935,0.4936,-0.0242,0.0136,0.0504,-0.0408,CATEGORY_B_DOWNWARD_EXPANSION
164277,164288,2022-07-26 02:10:00+00:00,2022-07-26 03:05:00+00:00,12,1.0,0.3952,0.5213,0.7416,0.4793,0.0015,0.0103,0.0178,0.0013,CATEGORY_C_FALSE_OR_CHOP
164307,164317,2022-07-26 04:40:00+00:00,2022-07-26 05:30:00+00:00,11,0.92,0.4498,0.5572,0.847,0.4788,0.011,0.0105,0.0177,0.0067,CATEGORY_C_FALSE_OR_CHOP
164352,164359,2022-07-26 08:25:00+00:00,2022-07-26 09:00:00+00:00,8,0.67,0.3169,0.3594,0.8275,0.5265,-0.0317,0.017,0.0183,0.0127,CATEGORY_C_FALSE_OR_CHOP
164361,164371,2022-07-26 09:10:00+00:00,2022-07-26 10:00:00+00:00,11,0.92,0.2845,0.3069,0.8633,0.4975,0.0068,0.0151,0.0201,0.0081,CATEGORY_B_DOWNWARD_EXPANSION
164643,164648,2022-07-27 08:40:00+00:00,2022-07-27 09:05:00+00:00,6,0.5,0.5149,0.6034,1.2457,0.4798,-0.0341,0.1001,0.0092,0.0756,CATEGORY_A_UPWARD_EXPANSION
164652,164662,2022-07-27 09:25:00+00:00,2022-07-27 10:15:00+00:00,11,0.92,0.436,0.5727,0.9288,0.4737,-0.0561,0.1025,0.007,0.0788,CATEGORY_A_UPWARD_EXPANSION
164669,164679,2022-07-27 10:50:00+00:00,2022-07-27 11:40:00+00:00,11,0.92,0.5808,0.6381,0.9359,0.5087,0.0113,0.101,0.0084,0.0836,CATEGORY_A_UPWARD_EXPANSION
164960,164965,2022-07-28 11:05:00+00:00,2022-07-28 11:30:00+00:00,6,0.5,0.3348,0.4364,1.1787,0.4926,0.0298,0.0615,0.0193,0.0318,CATEGORY_A_UPWARD_EXPANSION
165056,165061,2022-07-28 19:05:00+00:00,2022-07-28 19:30:00+00:00,6,0.5,0.4075,0.4359,0.8696,0.5413,0.0148,0.0254,0.0178,0.0019,CATEGORY_A_UPWARD_EXPANSION
165155,165166,2022-07-29 03:20:00+00:00,2022-07-29 04:15:00+00:00,12,1.0,0.2762,0.3901,1.0594,0.5142,-0.0244,0.0224,0.0207,-0.0057,CATEGORY_C_FALSE_OR_CHOP
165385,165390,2022-07-29 22:30:00+00:00,2022-07-29 22:55:00+00:00,6,0.5,0.5495,0.5815,0.7926,0.5354,-0.0287,0.0303,0.0184,-0.0101,CATEGORY_A_UPWARD_EXPANSION
165443,165454,2022-07-30 03:20:00+00:00,2022-07-30 04:15:00+00:00,12,1.0,0.4845,0.5471,1.2564,0.4988,0.0021,0.0377,0.0113,-0.0004,CATEGORY_A_UPWARD_EXPANSION
165457,165479,2022-07-30 04:30:00+00:00,2022-07-30 06:20:00+00:00,23,1.92,0.2756,0.3872,0.7057,0.5202,-0.0003,0.0368,0.0122,-0.0017,CATEGORY_A_UPWARD_EXPANSION
165512,165517,2022-07-30 09:05:00+00:00,2022-07-30 09:30:00+00:00,6,0.5,0.3561,0.3831,0.9133,0.5115,-0.0066,0.0322,0.0166,-0.0092,CATEGORY_A_UPWARD_EXPANSION
165612,165621,2022-07-30 17:25:00+00:00,2022-07-30 18:10:00+00:00,10,0.83,0.4992,0.5642,0.8057,0.5034,0.0008,0.0025,0.041,-0.0156,CATEGORY_B_DOWNWARD_EXPANSION
165623,165631,2022-07-30 18:20:00+00:00,2022-07-30 19:00:00+00:00,9,0.75,0.2687,0.3346,1.2553,0.5057,-0.0302,0.0,0.0444,-0.0239,CATEGORY_B_DOWNWARD_EXPANSION
165734,165743,2022-07-31 03:35:00+00:00,2022-07-31 04:20:00+00:00,10,0.83,0.294,0.3848,0.9569,0.5141,-0.0071,0.0182,0.0225,-0.0151,CATEGORY_C_FALSE_OR_CHOP
165746,165751,2022-07-31 04:35:00+00:00,2022-07-31 05:00:00+00:00,6,0.5,0.4789,0.4934,0.9515,0.5011,-0.0051,0.0161,0.0245,-0.0174,CATEGORY_B_DOWNWARD_EXPANSION
165767,165773,2022-07-31 06:20:00+00:00,2022-07-31 06:50:00+00:00,7,0.58,0.3832,0.4438,0.9076,0.5182,0.0485,0.0177,0.0263,-0.0235,CATEGORY_B_DOWNWARD_EXPANSION
165938,165949,2022-07-31 20:35:00+00:00,2022-07-31 21:30:00+00:00,12,1.0,0.3349,0.4106,0.9325,0.503,-0.0207,0.0003,0.0368,-0.0283,CATEGORY_B_DOWNWARD_EXPANSION
165989,166001,2022-08-01 00:50:00+00:00,2022-08-01 01:50:00+00:00,13,1.08,0.3585,0.417,0.977,0.4983,0.0045,0.0049,0.0233,-0.0176,CATEGORY_B_DOWNWARD_EXPANSION
166006,166012,2022-08-01 02:15:00+00:00,2022-08-01 02:45:00+00:00,7,0.58,0.4172,0.4348,1.138,0.4981,-0.0212,0.0058,0.0235,-0.0202,CATEGORY_B_DOWNWARD_EXPANSION
166332,166338,2022-08-02 05:25:00+00:00,2022-08-02 05:55:00+00:00,7,0.58,0.4809,0.621,1.0488,0.4953,0.0007,0.0266,0.0087,0.0028,CATEGORY_A_UPWARD_EXPANSION
166584,166592,2022-08-03 02:25:00+00:00,2022-08-03 03:05:00+00:00,9,0.75,0.5474,0.5888,0.9134,0.4862,-0.018,0.0369,0.0037,0.0127,CATEGORY_A_UPWARD_EXPANSION
166595,166601,2022-08-03 03:20:00+00:00,2022-08-03 03:50:00+00:00,7,0.58,0.5526,0.5886,1.0903,0.5029,0.0252,0.0351,0.0055,0.0099,CATEGORY_A_UPWARD_EXPANSION
166614,166620,2022-08-03 04:55:00+00:00,2022-08-03 05:25:00+00:00,7,0.58,0.3549,0.3722,1.0965,0.5144,0.0502,0.0338,0.0067,0.0084,CATEGORY_A_UPWARD_EXPANSION
166629,166635,2022-08-03 06:10:00+00:00,2022-08-03 06:40:00+00:00,7,0.58,0.4085,0.476,0.8632,0.4921,-0.0088,0.0275,0.0128,-0.0035,CATEGORY_A_UPWARD_EXPANSION
166877,166883,2022-08-04 02:50:00+00:00,2022-08-04 03:20:00+00:00,7,0.58,0.6434,0.6776,1.0442,0.4711,-0.0236,0.0042,0.0298,0.0004,CATEGORY_B_DOWNWARD_EXPANSION
166905,166914,2022-08-04 05:10:00+00:00,2022-08-04 05:55:00+00:00,10,0.83,0.3756,0.4957,0.9098,0.4941,0.0042,0.0054,0.0313,0.0029,CATEGORY_B_DOWNWARD_EXPANSION
166933,166939,2022-08-04 07:30:00+00:00,2022-08-04 08:00:00+00:00,7,0.58,0.5573,0.5977,1.06,0.4659,-0.0337,0.0223,0.0227,0.012,CATEGORY_C_FALSE_OR_CHOP
166980,166986,2022-08-04 11:25:00+00:00,2022-08-04 11:55:00+00:00,7,0.58,0.5298,0.621,0.7806,0.4897,-0.0034,0.0243,0.0212,0.0227,CATEGORY_C_FALSE_OR_CHOP
167093,167106,2022-08-04 20:50:00+00:00,2022-08-04 21:55:00+00:00,14,1.17,0.5395,0.5966,0.5235,0.4771,-0.0058,0.0435,0.002,0.0272,CATEGORY_A_UPWARD_EXPANSION
167134,167139,2022-08-05 00:15:00+00:00,2022-08-05 00:40:00+00:00,6,0.5,0.5203,0.5481,0.896,0.4983,-0.0216,0.0365,0.0015,0.0291,CATEGORY_A_UPWARD_EXPANSION
167193,167199,2022-08-05 05:10:00+00:00,2022-08-05 05:40:00+00:00,7,0.58,0.4312,0.4595,0.6287,0.4972,0.0159,0.0166,0.0145,0.0038,CATEGORY_C_FALSE_OR_CHOP
167217,167227,2022-08-05 07:10:00+00:00,2022-08-05 08:00:00+00:00,11,0.92,0.3064,0.4417,0.7513,0.4969,0.0212,0.012,0.019,-0.0002,CATEGORY_C_FALSE_OR_CHOP
167243,167251,2022-08-05 09:20:00+00:00,2022-08-05 10:00:00+00:00,9,0.75,0.3903,0.4664,1.0329,0.496,0.0119,0.0151,0.016,0.0024,CATEGORY_C_FALSE_OR_CHOP
167447,167454,2022-08-06 02:20:00+00:00,2022-08-06 02:55:00+00:00,8,0.67,0.5283,0.6318,1.1522,0.5073,-0.0063,0.0008,0.0181,-0.0116,CATEGORY_C_FALSE_OR_CHOP
167463,167471,2022-08-06 03:40:00+00:00,2022-08-06 04:20:00+00:00,9,0.75,0.3618,0.4295,0.6641,0.4974,0.0376,0.0015,0.0163,-0.0095,CATEGORY_C_FALSE_OR_CHOP
167473,167478,2022-08-06 04:30:00+00:00,2022-08-06 04:55:00+00:00,6,0.5,0.3456,0.3802,1.1056,0.4939,0.0118,0.0022,0.0157,-0.0111,CATEGORY_C_FALSE_OR_CHOP
167537,167553,2022-08-06 09:50:00+00:00,2022-08-06 11:10:00+00:00,17,1.42,0.2573,0.3356,1.1579,0.496,-0.0264,0.003,0.0148,-0.0082,CATEGORY_C_FALSE_OR_CHOP
167592,167597,2022-08-06 14:25:00+00:00,2022-08-06 14:50:00+00:00,6,0.5,0.5172,0.5202,0.9492,0.524,0.0053,0.0021,0.0156,-0.0036,CATEGORY_C_FALSE_OR_CHOP
167615,167620,2022-08-06 16:20:00+00:00,2022-08-06 16:45:00+00:00,6,0.5,0.359,0.3777,1.0372,0.5086,-0.0441,0.002,0.0158,-0.0049,CATEGORY_C_FALSE_OR_CHOP
167674,167682,2022-08-06 21:15:00+00:00,2022-08-06 21:55:00+00:00,9,0.75,0.3914,0.4378,1.2234,0.5193,-0.0469,0.0096,0.0144,0.0057,CATEGORY_C_FALSE_OR_CHOP
167793,167799,2022-08-07 07:10:00+00:00,2022-08-07 07:40:00+00:00,7,0.58,0.354,0.3876,1.0142,0.5145,0.0068,0.036,0.0053,0.0336,CATEGORY_A_UPWARD_EXPANSION
167927,167947,2022-08-07 18:20:00+00:00,2022-08-07 20:00:00+00:00,21,1.75,0.3985,0.5169,0.9003,0.4751,0.0062,0.046,0.0055,0.0326,CATEGORY_A_UPWARD_EXPANSION
168047,168053,2022-08-08 04:20:00+00:00,2022-08-08 04:50:00+00:00,7,0.58,0.3993,0.4527,1.1285,0.516,0.0276,0.0382,0.0013,0.0225,CATEGORY_A_UPWARD_EXPANSION
168320,168325,2022-08-09 03:05:00+00:00,2022-08-09 03:30:00+00:00,6,0.5,0.4069,0.4629,0.9934,0.4959,0.0062,0.0046,0.0486,-0.0387,CATEGORY_B_DOWNWARD_EXPANSION
168631,168640,2022-08-10 05:00:00+00:00,2022-08-10 05:45:00+00:00,10,0.83,0.2705,0.5081,0.9931,0.5054,-0.0351,0.0766,0.0032,0.076,CATEGORY_A_UPWARD_EXPANSION
168967,168979,2022-08-11 09:00:00+00:00,2022-08-11 10:00:00+00:00,13,1.08,0.3516,0.4166,1.3682,0.4821,-0.0031,0.0188,0.0285,-0.0215,CATEGORY_B_DOWNWARD_EXPANSION
168989,168996,2022-08-11 10:50:00+00:00,2022-08-11 11:25:00+00:00,8,0.67,0.3758,0.4231,0.8669,0.5105,0.0183,0.0153,0.034,-0.0331,CATEGORY_B_DOWNWARD_EXPANSION
169205,169210,2022-08-12 04:50:00+00:00,2022-08-12 05:15:00+00:00,6,0.5,0.441,0.4672,1.3743,0.5152,0.0359,0.0347,0.0176,0.0302,CATEGORY_A_UPWARD_EXPANSION
169297,169302,2022-08-12 12:30:00+00:00,2022-08-12 12:55:00+00:00,6,0.5,0.5806,0.6186,0.8763,0.5204,-0.0487,0.0465,0.0033,0.0277,CATEGORY_A_UPWARD_EXPANSION
169356,169368,2022-08-12 17:25:00+00:00,2022-08-12 18:25:00+00:00,13,1.08,0.4534,0.5737,1.0535,0.5103,-0.0078,0.0357,0.0002,0.0198,CATEGORY_A_UPWARD_EXPANSION
169499,169506,2022-08-13 05:20:00+00:00,2022-08-13 05:55:00+00:00,8,0.67,0.5145,0.5763,0.7479,0.4823,0.0146,0.0072,0.017,-0.0049,CATEGORY_C_FALSE_OR_CHOP
169640,169645,2022-08-13 17:05:00+00:00,2022-08-13 17:30:00+00:00,6,0.5,0.5829,0.625,0.9069,0.5402,-0.0306,0.021,0.0146,-0.0101,CATEGORY_A_UPWARD_EXPANSION
169648,169653,2022-08-13 17:45:00+00:00,2022-08-13 18:10:00+00:00,6,0.5,0.3755,0.4717,1.1284,0.5101,-0.0182,0.0192,0.0176,-0.014,CATEGORY_C_FALSE_OR_CHOP
169761,169773,2022-08-14 03:10:00+00:00,2022-08-14 04:10:00+00:00,13,1.08,0.48,0.5741,0.9356,0.4971,0.0112,0.025,0.0184,0.008,CATEGORY_A_UPWARD_EXPANSION
169792,169799,2022-08-14 05:45:00+00:00,2022-08-14 06:20:00+00:00,8,0.67,0.5666,0.6068,1.0772,0.5112,0.0302,0.0245,0.0189,-0.0052,CATEGORY_C_FALSE_OR_CHOP
169898,169903,2022-08-14 14:35:00+00:00,2022-08-14 15:00:00+00:00,6,0.5,0.4391,0.555,1.029,0.4928,0.0224,0.0279,0.0269,-0.0176,CATEGORY_C_FALSE_OR_CHOP
169951,169964,2022-08-14 19:00:00+00:00,2022-08-14 20:05:00+00:00,14,1.17,0.4271,0.5025,0.7801,0.4862,0.0053,0.0393,0.016,-0.0099,CATEGORY_A_UPWARD_EXPANSION
169968,169973,2022-08-14 20:25:00+00:00,2022-08-14 20:50:00+00:00,6,0.5,0.6421,0.666,0.8097,0.4996,0.0046,0.0363,0.0189,-0.0115,CATEGORY_A_UPWARD_EXPANSION
170115,170127,2022-08-15 08:40:00+00:00,2022-08-15 09:40:00+00:00,13,1.08,0.331,0.4663,0.8617,0.5028,0.0095,0.0103,0.0121,0.002,CATEGORY_C_FALSE_OR_CHOP
170381,170390,2022-08-16 06:50:00+00:00,2022-08-16 07:35:00+00:00,10,0.83,0.3947,0.5057,0.8096,0.5142,0.0056,0.0169,0.0153,-0.0062,CATEGORY_C_FALSE_OR_CHOP
170413,170418,2022-08-16 09:30:00+00:00,2022-08-16 09:55:00+00:00,6,0.5,0.5479,0.5769,0.7508,0.5197,-0.001,0.0151,0.0171,-0.0103,CATEGORY_C_FALSE_OR_CHOP
170539,170555,2022-08-16 20:00:00+00:00,2022-08-16 21:20:00+00:00,17,1.42,0.398,0.5686,0.9582,0.5015,-0.0207,0.0226,0.0304,-0.0266,CATEGORY_B_DOWNWARD_EXPANSION
170634,170643,2022-08-17 03:55:00+00:00,2022-08-17 04:40:00+00:00,10,0.83,0.3138,0.4365,1.2239,0.5153,0.0267,0.0175,0.0352,-0.0281,CATEGORY_B_DOWNWARD_EXPANSION
170699,170708,2022-08-17 09:20:00+00:00,2022-08-17 10:05:00+00:00,10,0.83,0.4385,0.528,0.6999,0.5134,-0.0079,0.0018,0.0254,-0.0105,CATEGORY_B_DOWNWARD_EXPANSION
170777,170785,2022-08-17 15:50:00+00:00,2022-08-17 16:30:00+00:00,9,0.75,0.5433,0.5979,0.9677,0.4939,-0.0085,0.0106,0.009,-0.0032,CATEGORY_C_FALSE_OR_CHOP
170865,170872,2022-08-17 23:10:00+00:00,2022-08-17 23:45:00+00:00,8,0.67,0.4808,0.5403,0.9176,0.4878,0.0402,0.0108,0.0102,-0.005,CATEGORY_C_FALSE_OR_CHOP
170910,170918,2022-08-18 02:55:00+00:00,2022-08-18 03:35:00+00:00,9,0.75,0.3026,0.5251,0.9083,0.4988,-0.0132,0.0055,0.0324,-0.0288,CATEGORY_B_DOWNWARD_EXPANSION
170921,170926,2022-08-18 03:50:00+00:00,2022-08-18 04:15:00+00:00,6,0.5,0.2679,0.2945,0.9553,0.449,0.0595,0.0074,0.0305,-0.0273,CATEGORY_B_DOWNWARD_EXPANSION
170985,170991,2022-08-18 09:10:00+00:00,2022-08-18 09:40:00+00:00,7,0.58,0.553,0.6655,1.19,0.5128,0.0015,0.0049,0.0868,-0.0747,CATEGORY_B_DOWNWARD_EXPANSION
170998,171010,2022-08-18 10:15:00+00:00,2022-08-18 11:15:00+00:00,13,1.08,0.3895,0.522,0.8459,0.496,-0.0267,0.0054,0.0904,-0.0845,CATEGORY_B_DOWNWARD_EXPANSION
171210,171223,2022-08-19 03:55:00+00:00,2022-08-19 05:00:00+00:00,14,1.17,0.5773,0.6344,0.8383,0.499,-0.0002,0.0022,0.0879,-0.0718,CATEGORY_B_DOWNWARD_EXPANSION
171225,171230,2022-08-19 05:10:00+00:00,2022-08-19 05:35:00+00:00,6,0.5,0.4573,0.5199,0.9853,0.4874,-0.0061,0.0005,0.089,-0.0705,CATEGORY_B_DOWNWARD_EXPANSION
171489,171495,2022-08-20 03:10:00+00:00,2022-08-20 03:40:00+00:00,7,0.58,0.4172,0.4404,0.9887,0.4818,0.0261,0.0127,0.0167,0.0037,CATEGORY_C_FALSE_OR_CHOP
171503,171509,2022-08-20 04:20:00+00:00,2022-08-20 04:50:00+00:00,7,0.58,0.3416,0.4009,0.7366,0.5163,0.0408,0.0112,0.0181,0.0031,CATEGORY_C_FALSE_OR_CHOP
171564,171571,2022-08-20 09:25:00+00:00,2022-08-20 10:00:00+00:00,8,0.67,0.3589,0.3864,0.7454,0.4981,0.0223,0.0138,0.021,0.0103,CATEGORY_B_DOWNWARD_EXPANSION
171590,171597,2022-08-20 11:35:00+00:00,2022-08-20 12:10:00+00:00,8,0.67,0.5156,0.6147,1.3626,0.4994,0.0113,0.016,0.0229,0.0151,CATEGORY_B_DOWNWARD_EXPANSION
171611,171616,2022-08-20 13:20:00+00:00,2022-08-20 13:45:00+00:00,6,0.5,0.3858,0.4551,1.1938,0.5068,-0.0081,0.0146,0.0242,0.0063,CATEGORY_B_DOWNWARD_EXPANSION
171620,171625,2022-08-20 14:05:00+00:00,2022-08-20 14:30:00+00:00,6,0.5,0.4518,0.4617,0.7404,0.4858,-0.0907,0.0144,0.0244,0.0046,CATEGORY_B_DOWNWARD_EXPANSION
171634,171639,2022-08-20 15:15:00+00:00,2022-08-20 15:40:00+00:00,6,0.5,0.3809,0.4343,0.8314,0.5133,0.0062,0.0155,0.0233,0.0082,CATEGORY_B_DOWNWARD_EXPANSION
171760,171765,2022-08-21 01:45:00+00:00,2022-08-21 02:10:00+00:00,6,0.5,0.6659,0.7019,0.8157,0.5074,0.017,0.0253,0.0091,0.0079,CATEGORY_A_UPWARD_EXPANSION
171784,171791,2022-08-21 03:45:00+00:00,2022-08-21 04:20:00+00:00,8,0.67,0.5347,0.5652,0.983,0.5122,0.0363,0.0278,0.0066,0.0099,CATEGORY_A_UPWARD_EXPANSION
171866,171878,2022-08-21 10:35:00+00:00,2022-08-21 11:35:00+00:00,13,1.08,0.3162,0.5213,1.0683,0.5019,0.0104,0.0169,0.0256,-0.0094,CATEGORY_B_DOWNWARD_EXPANSION
172341,172347,2022-08-23 02:10:00+00:00,2022-08-23 02:40:00+00:00,7,0.58,0.3629,0.5042,0.8088,0.4919,0.0088,0.0178,0.0195,-0.0058,CATEGORY_C_FALSE_OR_CHOP
172355,172361,2022-08-23 03:20:00+00:00,2022-08-23 03:50:00+00:00,7,0.58,0.409,0.5516,1.1117,0.4813,-0.024,0.0185,0.0188,-0.001,CATEGORY_C_FALSE_OR_CHOP
172445,172455,2022-08-23 10:50:00+00:00,2022-08-23 11:40:00+00:00,11,0.92,0.5795,0.6651,0.8215,0.5178,0.0287,0.0126,0.0127,0.0004,CATEGORY_C_FALSE_OR_CHOP
172548,172559,2022-08-23 19:25:00+00:00,2022-08-23 20:20:00+00:00,12,1.0,0.4288,0.5158,0.851,0.502,0.0507,0.0162,0.0188,0.0082,CATEGORY_C_FALSE_OR_CHOP
172569,172578,2022-08-23 21:10:00+00:00,2022-08-23 21:55:00+00:00,10,0.83,0.4312,0.5702,0.8791,0.5481,-0.0059,0.0191,0.016,0.0048,CATEGORY_C_FALSE_OR_CHOP
172650,172658,2022-08-24 03:55:00+00:00,2022-08-24 04:35:00+00:00,9,0.75,0.4343,0.5223,1.2522,0.5082,-0.003,0.0295,0.0014,0.0127,CATEGORY_A_UPWARD_EXPANSION
172718,172726,2022-08-24 09:35:00+00:00,2022-08-24 10:15:00+00:00,9,0.75,0.4204,0.5368,0.8439,0.4978,0.0097,0.0262,0.0037,0.0166,CATEGORY_A_UPWARD_EXPANSION
172758,172764,2022-08-24 12:55:00+00:00,2022-08-24 13:25:00+00:00,7,0.58,0.541,0.5619,0.965,0.4675,-0.0574,0.0215,0.0061,0.0088,CATEGORY_A_UPWARD_EXPANSION
172849,172857,2022-08-24 20:30:00+00:00,2022-08-24 21:10:00+00:00,9,0.75,0.4616,0.5881,1.0943,0.4891,-0.0363,0.0067,0.0168,-0.0022,CATEGORY_C_FALSE_OR_CHOP
172921,172927,2022-08-25 02:30:00+00:00,2022-08-25 03:00:00+00:00,7,0.58,0.3918,0.5109,0.8029,0.5048,0.008,0.014,0.0044,0.003,CATEGORY_C_FALSE_OR_CHOP
172946,172956,2022-08-25 04:35:00+00:00,2022-08-25 05:25:00+00:00,11,0.92,0.5798,0.6065,1.0453,0.4964,-0.0144,0.0134,0.0087,-0.008,CATEGORY_C_FALSE_OR_CHOP
172991,173006,2022-08-25 08:20:00+00:00,2022-08-25 09:35:00+00:00,16,1.33,0.4225,0.5132,0.9785,0.4821,0.0061,0.006,0.0149,-0.0099,CATEGORY_C_FALSE_OR_CHOP
173200,173205,2022-08-26 01:45:00+00:00,2022-08-26 02:10:00+00:00,6,0.5,0.4907,0.5136,1.3101,0.5117,0.0161,0.0146,0.0679,-0.0607,CATEGORY_B_DOWNWARD_EXPANSION
173207,173213,2022-08-26 02:20:00+00:00,2022-08-26 02:50:00+00:00,7,0.58,0.485,0.5148,0.8816,0.4782,0.013,0.0149,0.0676,-0.062,CATEGORY_B_DOWNWARD_EXPANSION
173217,173225,2022-08-26 03:10:00+00:00,2022-08-26 03:50:00+00:00,9,0.75,0.5668,0.6263,0.8249,0.5253,-0.0146,0.0144,0.068,-0.0619,CATEGORY_B_DOWNWARD_EXPANSION
173276,173284,2022-08-26 08:05:00+00:00,2022-08-26 08:45:00+00:00,9,0.75,0.585,0.6268,1.2719,0.5065,-0.0325,0.0208,0.0709,-0.0562,CATEGORY_B_DOWNWARD_EXPANSION
173292,173301,2022-08-26 09:25:00+00:00,2022-08-26 10:10:00+00:00,10,0.83,0.5482,0.6056,0.8767,0.4983,0.0113,0.022,0.0698,-0.0565,CATEGORY_B_DOWNWARD_EXPANSION
173549,173554,2022-08-27 06:50:00+00:00,2022-08-27 07:15:00+00:00,6,0.5,0.3998,0.4147,1.4003,0.4845,-0.0278,0.007,0.0168,-0.0034,CATEGORY_C_FALSE_OR_CHOP
173565,173580,2022-08-27 08:10:00+00:00,2022-08-27 09:25:00+00:00,16,1.33,0.1294,0.2785,1.234,0.4881,-0.0094,0.0053,0.0173,-0.0059,CATEGORY_C_FALSE_OR_CHOP
173582,173587,2022-08-27 09:35:00+00:00,2022-08-27 10:00:00+00:00,6,0.5,0.203,0.2245,0.8352,0.4826,-0.0074,0.0042,0.0184,-0.0072,CATEGORY_C_FALSE_OR_CHOP
173611,173624,2022-08-27 12:00:00+00:00,2022-08-27 13:05:00+00:00,14,1.17,0.2013,0.3278,0.7661,0.5059,-0.0194,0.0023,0.0194,-0.0122,CATEGORY_C_FALSE_OR_CHOP
173692,173697,2022-08-27 18:45:00+00:00,2022-08-27 19:10:00+00:00,6,0.5,0.2801,0.3077,1.067,0.5067,-0.006,0.0105,0.0076,0.0046,CATEGORY_C_FALSE_OR_CHOP
173810,173818,2022-08-28 04:35:00+00:00,2022-08-28 05:15:00+00:00,9,0.75,0.4844,0.5716,0.9147,0.4956,0.0207,0.0081,0.0237,-0.009,CATEGORY_B_DOWNWARD_EXPANSION
173864,173871,2022-08-28 09:05:00+00:00,2022-08-28 09:40:00+00:00,8,0.67,0.4975,0.6581,0.8352,0.5085,-0.0006,0.0063,0.0254,-0.0101,CATEGORY_B_DOWNWARD_EXPANSION
174005,174013,2022-08-28 20:50:00+00:00,2022-08-28 21:30:00+00:00,9,0.75,0.5893,0.6526,0.6337,0.5201,-0.0112,0.0206,0.025,0.0082,CATEGORY_C_FALSE_OR_CHOP
174289,174301,2022-08-29 20:30:00+00:00,2022-08-29 21:30:00+00:00,13,1.08,0.3272,0.4842,0.7337,0.503,-0.0265,0.0194,0.0319,-0.0118,CATEGORY_B_DOWNWARD_EXPANSION
174363,174370,2022-08-30 02:40:00+00:00,2022-08-30 03:15:00+00:00,8,0.67,0.4223,0.454,0.8959,0.4934,-0.0166,0.0198,0.0315,0.009,CATEGORY_B_DOWNWARD_EXPANSION
174376,174381,2022-08-30 03:45:00+00:00,2022-08-30 04:10:00+00:00,6,0.5,0.5094,0.5821,1.0778,0.5041,-0.001,0.0137,0.0373,0.0048,CATEGORY_B_DOWNWARD_EXPANSION
174439,174448,2022-08-30 09:00:00+00:00,2022-08-30 09:45:00+00:00,10,0.83,0.3871,0.4718,1.0891,0.4891,0.021,0.0051,0.0425,-0.01,CATEGORY_B_DOWNWARD_EXPANSION
174675,174690,2022-08-31 04:40:00+00:00,2022-08-31 05:55:00+00:00,16,1.33,0.4204,0.5297,0.8803,0.5043,0.023,0.0067,0.0237,-0.0154,CATEGORY_B_DOWNWARD_EXPANSION
174868,174874,2022-08-31 20:45:00+00:00,2022-08-31 21:15:00+00:00,7,0.58,0.5333,0.5823,0.9726,0.5047,-0.0151,0.004,0.0324,-0.0061,CATEGORY_B_DOWNWARD_EXPANSION
174930,174937,2022-09-01 01:55:00+00:00,2022-09-01 02:30:00+00:00,8,0.67,0.3848,0.5036,0.8593,0.5114,-0.0187,0.0003,0.0306,-0.0097,CATEGORY_B_DOWNWARD_EXPANSION
175177,175187,2022-09-01 22:30:00+00:00,2022-09-01 23:20:00+00:00,11,0.92,0.2838,0.6186,0.8896,0.4774,0.0429,0.0183,0.0159,-0.0061,CATEGORY_C_FALSE_OR_CHOP
175200,175205,2022-09-02 00:25:00+00:00,2022-09-02 00:50:00+00:00,6,0.5,0.4389,0.5596,0.8579,0.5011,0.0272,0.0189,0.0153,-0.0013,CATEGORY_C_FALSE_OR_CHOP
175213,175218,2022-09-02 01:30:00+00:00,2022-09-02 01:55:00+00:00,6,0.5,0.5245,0.535,0.955,0.5059,0.0175,0.0195,0.0147,-0.0048,CATEGORY_C_FALSE_OR_CHOP
175284,175290,2022-09-02 07:25:00+00:00,2022-09-02 07:55:00+00:00,7,0.58,0.5363,0.5798,0.8871,0.4984,-0.0069,0.0164,0.0177,-0.0147,CATEGORY_C_FALSE_OR_CHOP
175292,175299,2022-09-02 08:05:00+00:00,2022-09-02 08:40:00+00:00,8,0.67,0.337,0.4026,0.8677,0.4649,0.0046,0.0175,0.0167,-0.0133,CATEGORY_C_FALSE_OR_CHOP
175301,175306,2022-09-02 08:50:00+00:00,2022-09-02 09:15:00+00:00,6,0.5,0.295,0.3205,0.8316,0.507,-0.0575,0.0177,0.0179,-0.0145,CATEGORY_C_FALSE_OR_CHOP
175476,175481,2022-09-02 23:25:00+00:00,2022-09-02 23:50:00+00:00,6,0.5,0.3753,0.4979,0.765,0.4833,0.0181,0.0065,0.0138,-0.0047,CATEGORY_C_FALSE_OR_CHOP
175532,175538,2022-09-03 04:05:00+00:00,2022-09-03 04:35:00+00:00,7,0.58,0.3579,0.4621,0.9553,0.4928,-0.0003,0.0027,0.0131,-0.0072,CATEGORY_C_FALSE_OR_CHOP
175544,175552,2022-09-03 05:05:00+00:00,2022-09-03 05:45:00+00:00,9,0.75,0.4142,0.4732,0.9782,0.532,-0.0011,0.0002,0.0156,-0.0093,CATEGORY_C_FALSE_OR_CHOP
175609,175617,2022-09-03 10:30:00+00:00,2022-09-03 11:10:00+00:00,9,0.75,0.3398,0.441,0.9567,0.5167,0.0366,0.0028,0.0134,-0.0061,CATEGORY_C_FALSE_OR_CHOP
175694,175699,2022-09-03 17:35:00+00:00,2022-09-03 18:00:00+00:00,6,0.5,0.3618,0.4558,1.1651,0.5158,0.0171,0.0076,0.0113,0.0011,CATEGORY_C_FALSE_OR_CHOP
175702,175708,2022-09-03 18:15:00+00:00,2022-09-03 18:45:00+00:00,7,0.58,0.4753,0.521,0.9142,0.496,0.0157,0.0075,0.0114,0.0014,CATEGORY_C_FALSE_OR_CHOP
175741,175746,2022-09-03 21:30:00+00:00,2022-09-03 21:55:00+00:00,6,0.5,0.5212,0.6585,1.5599,0.4802,-0.0606,0.0104,0.0085,0.0056,CATEGORY_C_FALSE_OR_CHOP
175751,175757,2022-09-03 22:20:00+00:00,2022-09-03 22:50:00+00:00,7,0.58,0.6591,0.7381,0.7116,0.4918,-0.0333,0.0075,0.0114,0.0015,CATEGORY_C_FALSE_OR_CHOP
175780,175786,2022-09-04 00:45:00+00:00,2022-09-04 01:15:00+00:00,7,0.58,0.3828,0.5161,1.3599,0.4775,-0.0096,0.0135,0.0105,0.0069,CATEGORY_C_FALSE_OR_CHOP
175797,175806,2022-09-04 02:10:00+00:00,2022-09-04 02:55:00+00:00,10,0.83,0.4585,0.5662,1.101,0.5011,0.0165,0.0134,0.0106,0.0031,CATEGORY_C_FALSE_OR_CHOP
175813,175818,2022-09-04 03:30:00+00:00,2022-09-04 03:55:00+00:00,6,0.5,0.6811,0.6969,0.7111,0.5054,-0.0004,0.0144,0.0096,0.0057,CATEGORY_C_FALSE_OR_CHOP
175834,175839,2022-09-04 05:15:00+00:00,2022-09-04 05:40:00+00:00,6,0.5,0.5213,0.6069,0.8743,0.48,-0.0214,0.0135,0.0105,-0.0041,CATEGORY_C_FALSE_OR_CHOP
176222,176227,2022-09-05 13:35:00+00:00,2022-09-05 14:00:00+00:00,6,0.5,0.6954,0.7076,0.8223,0.5128,-0.0103,0.0222,0.0036,-0.0008,CATEGORY_A_UPWARD_EXPANSION
176232,176237,2022-09-05 14:25:00+00:00,2022-09-05 14:50:00+00:00,6,0.5,0.6025,0.6186,0.8716,0.49,-0.0584,0.0204,0.0057,0.0019,CATEGORY_A_UPWARD_EXPANSION
176292,176297,2022-09-05 19:25:00+00:00,2022-09-05 19:50:00+00:00,6,0.5,0.4078,0.4688,0.9653,0.5128,-0.033,0.0227,0.0506,-0.0455,CATEGORY_B_DOWNWARD_EXPANSION
176687,176695,2022-09-07 04:20:00+00:00,2022-09-07 05:00:00+00:00,9,0.75,0.3635,0.4584,0.953,0.4871,-0.0036,0.0393,0.0029,0.0328,CATEGORY_A_UPWARD_EXPANSION
176697,176705,2022-09-07 05:10:00+00:00,2022-09-07 05:50:00+00:00,9,0.75,0.3446,0.4418,0.7119,0.4861,0.0067,0.0363,0.0058,0.0275,CATEGORY_A_UPWARD_EXPANSION
176710,176715,2022-09-07 06:15:00+00:00,2022-09-07 06:40:00+00:00,6,0.5,0.5528,0.5589,0.9339,0.467,0.0329,0.0354,0.0066,0.0254,CATEGORY_A_UPWARD_EXPANSION
176745,176755,2022-09-07 09:10:00+00:00,2022-09-07 10:00:00+00:00,11,0.92,0.304,0.3877,0.8955,0.4991,-0.0099,0.0364,0.0057,0.0216,CATEGORY_A_UPWARD_EXPANSION
176955,176963,2022-09-08 02:40:00+00:00,2022-09-08 03:20:00+00:00,9,0.75,0.4096,0.4574,1.0825,0.5001,0.0083,0.012,0.0113,0.0108,CATEGORY_C_FALSE_OR_CHOP
176965,176971,2022-09-08 03:30:00+00:00,2022-09-08 04:00:00+00:00,7,0.58,0.367,0.4294,1.0861,0.5067,0.0387,0.0561,0.0109,0.0502,CATEGORY_A_UPWARD_EXPANSION
176989,176994,2022-09-08 05:30:00+00:00,2022-09-08 05:55:00+00:00,6,0.5,0.296,0.3439,0.9756,0.4639,0.0208,0.0718,0.0151,0.0638,CATEGORY_A_UPWARD_EXPANSION
177141,177146,2022-09-08 18:10:00+00:00,2022-09-08 18:35:00+00:00,6,0.5,0.4139,0.4676,1.0319,0.5044,-0.0129,0.1144,0.0033,0.1015,CATEGORY_A_UPWARD_EXPANSION
177190,177202,2022-09-08 22:15:00+00:00,2022-09-08 23:15:00+00:00,13,1.08,0.4167,0.5195,0.7731,0.5195,0.0378,0.1186,0.0014,0.1066,CATEGORY_A_UPWARD_EXPANSION
177516,177532,2022-09-10 01:25:00+00:00,2022-09-10 02:45:00+00:00,17,1.42,0.3757,0.4569,0.918,0.4958,-0.0154,0.0274,0.0055,0.0122,CATEGORY_A_UPWARD_EXPANSION
177606,177616,2022-09-10 08:55:00+00:00,2022-09-10 09:45:00+00:00,11,0.92,0.4138,0.5271,0.9128,0.5066,0.0193,0.0209,0.0119,0.012,CATEGORY_A_UPWARD_EXPANSION
177856,177862,2022-09-11 05:45:00+00:00,2022-09-11 06:15:00+00:00,7,0.58,0.4951,0.5243,0.8829,0.5143,0.0449,0.0346,0.0128,0.0039,CATEGORY_A_UPWARD_EXPANSION
177900,177905,2022-09-11 09:25:00+00:00,2022-09-11 09:50:00+00:00,6,0.5,0.4479,0.519,0.7025,0.4972,-0.0171,0.0345,0.008,0.0238,CATEGORY_A_UPWARD_EXPANSION
177907,177912,2022-09-11 10:00:00+00:00,2022-09-11 10:25:00+00:00,6,0.5,0.4681,0.505,1.0493,0.5093,0.0011,0.035,0.0075,0.0223,CATEGORY_A_UPWARD_EXPANSION
177951,177957,2022-09-11 13:40:00+00:00,2022-09-11 14:10:00+00:00,7,0.58,0.2925,0.4374,0.9759,0.5221,-0.0021,0.0422,0.005,0.0396,CATEGORY_A_UPWARD_EXPANSION
178141,178148,2022-09-12 05:30:00+00:00,2022-09-12 06:05:00+00:00,8,0.67,0.5028,0.5267,0.9276,0.5001,0.0014,0.0333,0.003,0.0309,CATEGORY_A_UPWARD_EXPANSION
178306,178314,2022-09-12 19:15:00+00:00,2022-09-12 19:55:00+00:00,9,0.75,0.3942,0.5192,0.9589,0.5089,-0.0002,0.0166,0.1068,-0.0955,CATEGORY_B_DOWNWARD_EXPANSION
178319,178324,2022-09-12 20:20:00+00:00,2022-09-12 20:45:00+00:00,6,0.5,0.4276,0.4514,1.4541,0.5183,0.0412,0.0164,0.1071,-0.0941,CATEGORY_B_DOWNWARD_EXPANSION
178433,178442,2022-09-13 05:50:00+00:00,2022-09-13 06:35:00+00:00,10,0.83,0.4596,0.7113,0.8206,0.5139,-0.025,0.0161,0.1149,-0.0956,CATEGORY_B_DOWNWARD_EXPANSION
178636,178641,2022-09-13 22:45:00+00:00,2022-09-13 23:10:00+00:00,6,0.5,0.3851,0.42,0.8213,0.489,-0.0503,0.0183,0.0275,0.0059,CATEGORY_B_DOWNWARD_EXPANSION
178644,178651,2022-09-13 23:25:00+00:00,2022-09-14 00:00:00+00:00,8,0.67,0.4039,0.4221,1.1869,0.5109,0.0181,0.0199,0.026,0.0035,CATEGORY_B_DOWNWARD_EXPANSION
178667,178677,2022-09-14 01:20:00+00:00,2022-09-14 02:10:00+00:00,11,0.92,0.3096,0.3633,1.022,0.514,0.031,0.0089,0.0365,-0.0114,CATEGORY_B_DOWNWARD_EXPANSION
178697,178702,2022-09-14 03:50:00+00:00,2022-09-14 04:15:00+00:00,6,0.5,0.3253,0.3606,0.8664,0.5065,0.027,0.0037,0.0357,-0.0165,CATEGORY_B_DOWNWARD_EXPANSION
178706,178716,2022-09-14 04:35:00+00:00,2022-09-14 05:25:00+00:00,11,0.92,0.4008,0.4424,0.7679,0.5189,0.0031,0.0033,0.0361,-0.0121,CATEGORY_B_DOWNWARD_EXPANSION
178766,178784,2022-09-14 09:35:00+00:00,2022-09-14 11:05:00+00:00,19,1.58,0.2296,0.3084,1.0584,0.495,-0.0002,0.0025,0.0357,-0.0115,CATEGORY_B_DOWNWARD_EXPANSION
178841,178847,2022-09-14 15:50:00+00:00,2022-09-14 16:20:00+00:00,7,0.58,0.5352,0.575,0.9818,0.4959,0.0237,0.0099,0.0345,-0.0186,CATEGORY_B_DOWNWARD_EXPANSION
179077,179082,2022-09-15 11:30:00+00:00,2022-09-15 11:55:00+00:00,6,0.5,0.4757,0.491,0.9426,0.4758,0.007,0.0023,0.0323,-0.0139,CATEGORY_B_DOWNWARD_EXPANSION
179148,179154,2022-09-15 17:25:00+00:00,2022-09-15 17:55:00+00:00,7,0.58,0.5496,0.5784,0.7206,0.4831,0.024,0.0033,0.0257,-0.0196,CATEGORY_B_DOWNWARD_EXPANSION
179191,179196,2022-09-15 21:00:00+00:00,2022-09-15 21:25:00+00:00,6,0.5,0.6187,0.6472,0.9098,0.5081,0.051,0.0002,0.0287,-0.0067,CATEGORY_B_DOWNWARD_EXPANSION
179243,179257,2022-09-16 01:20:00+00:00,2022-09-16 02:30:00+00:00,15,1.25,0.3482,0.4198,1.0312,0.4882,0.0189,0.0156,0.0224,0.007,CATEGORY_B_DOWNWARD_EXPANSION
179314,179319,2022-09-16 07:15:00+00:00,2022-09-16 07:40:00+00:00,6,0.5,0.5048,0.5498,0.949,0.4738,-0.0011,0.015,0.023,0.0023,CATEGORY_B_DOWNWARD_EXPANSION
179345,179353,2022-09-16 09:50:00+00:00,2022-09-16 10:30:00+00:00,9,0.75,0.4373,0.4944,1.071,0.5133,0.037,0.0142,0.0238,0.0024,CATEGORY_B_DOWNWARD_EXPANSION
179357,179362,2022-09-16 10:50:00+00:00,2022-09-16 11:15:00+00:00,6,0.5,0.5265,0.5481,0.9985,0.4907,0.0313,0.0135,0.0245,0.0017,CATEGORY_B_DOWNWARD_EXPANSION
179499,179508,2022-09-16 22:40:00+00:00,2022-09-16 23:25:00+00:00,10,0.83,0.2483,0.3533,0.7205,0.4903,-0.008,0.0236,0.0016,0.02,CATEGORY_A_UPWARD_EXPANSION
179545,179565,2022-09-17 02:30:00+00:00,2022-09-17 04:10:00+00:00,21,1.75,0.358,0.4454,0.9331,0.4888,0.0305,0.0146,0.0076,0.0038,CATEGORY_C_FALSE_OR_CHOP
179597,179607,2022-09-17 06:50:00+00:00,2022-09-17 07:40:00+00:00,11,0.92,0.3573,0.408,1.0549,0.5017,0.0011,0.0185,0.0037,0.0123,CATEGORY_C_FALSE_OR_CHOP
179834,179839,2022-09-18 02:35:00+00:00,2022-09-18 03:00:00+00:00,6,0.5,0.4049,0.4705,0.921,0.4866,-0.0443,0.004,0.0675,-0.0637,CATEGORY_B_DOWNWARD_EXPANSION
180045,180051,2022-09-18 20:10:00+00:00,2022-09-18 20:40:00+00:00,7,0.58,0.3164,0.3752,1.0555,0.5054,-0.0009,0.0006,0.076,-0.0102,CATEGORY_B_DOWNWARD_EXPANSION
180194,180201,2022-09-19 08:35:00+00:00,2022-09-19 09:10:00+00:00,8,0.67,0.3134,0.3824,1.266,0.4627,0.0058,0.0693,0.0023,0.0479,CATEGORY_A_UPWARD_EXPANSION
180204,180214,2022-09-19 09:25:00+00:00,2022-09-19 10:15:00+00:00,11,0.92,0.2977,0.3673,0.8662,0.5161,-0.0127,0.066,0.0001,0.0422,CATEGORY_A_UPWARD_EXPANSION
180396,180417,2022-09-20 01:25:00+00:00,2022-09-20 03:10:00+00:00,22,1.83,0.3927,0.4799,0.8661,0.5116,-0.0116,0.007,0.0381,-0.0238,CATEGORY_B_DOWNWARD_EXPANSION
180484,180491,2022-09-20 08:45:00+00:00,2022-09-20 09:20:00+00:00,8,0.67,0.6797,0.7125,0.9428,0.4809,0.0399,0.0043,0.0286,-0.0214,CATEGORY_B_DOWNWARD_EXPANSION
180504,180509,2022-09-20 10:25:00+00:00,2022-09-20 10:50:00+00:00,6,0.5,0.414,0.5082,0.9277,0.5156,-0.0318,0.0031,0.0298,-0.0085,CATEGORY_B_DOWNWARD_EXPANSION
180511,180516,2022-09-20 11:00:00+00:00,2022-09-20 11:25:00+00:00,6,0.5,0.3777,0.4454,0.6623,0.4876,-0.0125,0.003,0.0299,-0.0092,CATEGORY_B_DOWNWARD_EXPANSION
180704,180715,2022-09-21 03:05:00+00:00,2022-09-21 04:00:00+00:00,12,1.0,0.3523,0.3942,0.8183,0.4931,-0.0054,0.049,0.0472,-0.0143,CATEGORY_C_FALSE_OR_CHOP
180772,180780,2022-09-21 08:45:00+00:00,2022-09-21 09:25:00+00:00,9,0.75,0.505,0.5647,1.0344,0.4985,0.0271,0.0572,0.0397,0.0159,CATEGORY_A_UPWARD_EXPANSION
181166,181176,2022-09-22 17:35:00+00:00,2022-09-22 18:25:00+00:00,11,0.92,0.403,0.4984,0.9174,0.4919,0.0088,0.0269,0.0266,-0.0162,CATEGORY_C_FALSE_OR_CHOP
181205,181214,2022-09-22 20:50:00+00:00,2022-09-22 21:35:00+00:00,10,0.83,0.4504,0.5037,0.8361,0.5003,0.0312,0.0182,0.0349,-0.0159,CATEGORY_B_DOWNWARD_EXPANSION
181249,181257,2022-09-23 00:30:00+00:00,2022-09-23 01:10:00+00:00,9,0.75,0.5407,0.6117,0.9545,0.4898,0.0337,0.0093,0.0408,-0.0051,CATEGORY_B_DOWNWARD_EXPANSION
181266,181272,2022-09-23 01:55:00+00:00,2022-09-23 02:25:00+00:00,7,0.58,0.5034,0.6635,0.9799,0.503,-0.0107,0.0114,0.0388,-0.0056,CATEGORY_B_DOWNWARD_EXPANSION
181306,181314,2022-09-23 05:15:00+00:00,2022-09-23 05:55:00+00:00,9,0.75,0.5239,0.6461,0.8226,0.4978,-0.0017,0.0031,0.0427,-0.0114,CATEGORY_B_DOWNWARD_EXPANSION
181590,181596,2022-09-24 04:55:00+00:00,2022-09-24 05:25:00+00:00,7,0.58,0.5947,0.6381,0.9801,0.4973,-0.0226,0.0066,0.0154,-0.0075,CATEGORY_C_FALSE_OR_CHOP
181647,181654,2022-09-24 09:40:00+00:00,2022-09-24 10:15:00+00:00,8,0.67,0.5491,0.6257,1.1048,0.5116,0.036,0.0106,0.0115,-0.0015,CATEGORY_C_FALSE_OR_CHOP
181674,181680,2022-09-24 11:55:00+00:00,2022-09-24 12:25:00+00:00,7,0.58,0.3175,0.5303,1.1309,0.5267,0.0095,0.008,0.014,0.001,CATEGORY_C_FALSE_OR_CHOP
181739,181744,2022-09-24 17:20:00+00:00,2022-09-24 17:45:00+00:00,6,0.5,0.4397,0.5348,1.0472,0.4908,0.0219,0.0037,0.016,-0.0068,CATEGORY_C_FALSE_OR_CHOP
181746,181753,2022-09-24 17:55:00+00:00,2022-09-24 18:30:00+00:00,8,0.67,0.6121,0.637,0.8123,0.4995,0.0319,0.0055,0.0141,-0.0053,CATEGORY_C_FALSE_OR_CHOP
181827,181836,2022-09-25 00:40:00+00:00,2022-09-25 01:25:00+00:00,10,0.83,0.4466,0.5873,0.8551,0.5173,0.0028,0.0119,0.0172,-0.0086,CATEGORY_C_FALSE_OR_CHOP
181838,181843,2022-09-25 01:35:00+00:00,2022-09-25 02:00:00+00:00,6,0.5,0.5918,0.609,0.8887,0.5126,-0.0122,0.0113,0.0177,-0.0027,CATEGORY_C_FALSE_OR_CHOP
181849,181854,2022-09-25 02:30:00+00:00,2022-09-25 02:55:00+00:00,6,0.5,0.4003,0.4062,1.0664,0.507,-0.0109,0.0122,0.0169,-0.005,CATEGORY_C_FALSE_OR_CHOP
181870,181880,2022-09-25 04:15:00+00:00,2022-09-25 05:05:00+00:00,11,0.92,0.1469,0.2869,0.9036,0.4882,-0.0104,0.0088,0.0201,-0.0117,CATEGORY_B_DOWNWARD_EXPANSION
181897,181904,2022-09-25 06:30:00+00:00,2022-09-25 07:05:00+00:00,8,0.67,0.5019,0.539,0.9556,0.4902,0.0265,0.008,0.0209,-0.0124,CATEGORY_B_DOWNWARD_EXPANSION
181925,181934,2022-09-25 08:50:00+00:00,2022-09-25 09:35:00+00:00,10,0.83,0.3101,0.3382,1.006,0.4867,-0.0238,0.0136,0.0226,0.0037,CATEGORY_B_DOWNWARD_EXPANSION
182348,182353,2022-09-26 20:05:00+00:00,2022-09-26 20:30:00+00:00,6,0.5,0.5967,0.6311,0.7484,0.499,0.0203,0.0654,0.0166,-0.0062,CATEGORY_A_UPWARD_EXPANSION
182355,182363,2022-09-26 20:40:00+00:00,2022-09-26 21:20:00+00:00,9,0.75,0.4055,0.488,0.5879,0.467,-0.013,0.0676,0.0146,-0.006,CATEGORY_A_UPWARD_EXPANSION
182379,182385,2022-09-26 22:40:00+00:00,2022-09-26 23:10:00+00:00,7,0.58,0.531,0.5527,1.1153,0.5046,0.0,0.0658,0.0162,0.0015,CATEGORY_A_UPWARD_EXPANSION
182485,182497,2022-09-27 07:30:00+00:00,2022-09-27 08:30:00+00:00,13,1.08,0.5935,0.6357,0.8135,0.5133,0.0369,0.0094,0.0854,-0.0728,CATEGORY_B_DOWNWARD_EXPANSION
182678,182683,2022-09-27 23:35:00+00:00,2022-09-28 00:00:00+00:00,6,0.5,0.4029,0.5269,0.957,0.4811,-0.0022,0.0364,0.0326,0.0182,CATEGORY_C_FALSE_OR_CHOP
182730,182743,2022-09-28 03:55:00+00:00,2022-09-28 05:00:00+00:00,14,1.17,0.5138,0.599,1.098,0.501,-0.0118,0.0546,0.0107,0.0426,CATEGORY_A_UPWARD_EXPANSION
182785,182791,2022-09-28 08:30:00+00:00,2022-09-28 09:00:00+00:00,7,0.58,0.5044,0.5281,0.8253,0.508,0.014,0.0562,0.0092,0.034,CATEGORY_A_UPWARD_EXPANSION
183017,183028,2022-09-29 03:50:00+00:00,2022-09-29 04:45:00+00:00,12,1.0,0.2822,0.5235,0.9175,0.5217,-0.0085,0.0069,0.0369,-0.0057,CATEGORY_B_DOWNWARD_EXPANSION
183030,183036,2022-09-29 04:55:00+00:00,2022-09-29 05:25:00+00:00,7,0.58,0.3422,0.3856,0.6751,0.4742,0.013,0.0083,0.0356,-0.003,CATEGORY_B_DOWNWARD_EXPANSION
183095,183100,2022-09-29 10:20:00+00:00,2022-09-29 10:45:00+00:00,6,0.5,0.4335,0.5588,0.9234,0.5015,-0.0055,0.013,0.0311,0.0021,CATEGORY_B_DOWNWARD_EXPANSION
183211,183232,2022-09-29 20:00:00+00:00,2022-09-29 21:45:00+00:00,22,1.83,0.2597,0.4674,0.5905,0.4896,-0.0498,0.0363,0.0165,-0.0045,CATEGORY_A_UPWARD_EXPANSION
183289,183294,2022-09-30 02:30:00+00:00,2022-09-30 02:55:00+00:00,6,0.5,0.4903,0.5116,0.7779,0.4757,0.0014,0.0426,0.0106,0.0028,CATEGORY_A_UPWARD_EXPANSION
183296,183303,2022-09-30 03:05:00+00:00,2022-09-30 03:40:00+00:00,8,0.67,0.3916,0.4639,0.7253,0.525,-0.0129,0.0412,0.0119,0.0008,CATEGORY_A_UPWARD_EXPANSION
183309,183316,2022-09-30 04:10:00+00:00,2022-09-30 04:45:00+00:00,8,0.67,0.3079,0.342,0.946,0.4983,0.0261,0.0376,0.0153,-0.0033,CATEGORY_A_UPWARD_EXPANSION
183323,183330,2022-09-30 05:20:00+00:00,2022-09-30 05:55:00+00:00,8,0.67,0.3047,0.3517,1.1256,0.4957,0.0139,0.038,0.0149,-0.0066,CATEGORY_A_UPWARD_EXPANSION
183570,183583,2022-10-01 01:55:00+00:00,2022-10-01 03:00:00+00:00,14,1.17,0.2731,0.3297,0.9775,0.4797,0.0155,0.0003,0.0139,-0.0062,CATEGORY_C_FALSE_OR_CHOP
183641,183654,2022-10-01 07:50:00+00:00,2022-10-01 08:55:00+00:00,14,1.17,0.1549,0.2963,0.7968,0.5021,0.0043,0.0034,0.0091,-0.0027,CATEGORY_C_FALSE_OR_CHOP
183732,183739,2022-10-01 15:25:00+00:00,2022-10-01 16:00:00+00:00,8,0.67,0.4019,0.416,1.2402,0.4861,0.028,0.0031,0.0155,-0.01,CATEGORY_C_FALSE_OR_CHOP
183817,183822,2022-10-01 22:30:00+00:00,2022-10-01 22:55:00+00:00,6,0.5,0.4894,0.5162,1.0429,0.5365,0.0314,0.0037,0.0149,-0.008,CATEGORY_C_FALSE_OR_CHOP
183829,183835,2022-10-01 23:30:00+00:00,2022-10-02 00:00:00+00:00,7,0.58,0.5574,0.6392,1.2993,0.5054,-0.0057,0.0048,0.0198,-0.0137,CATEGORY_C_FALSE_OR_CHOP
183878,183887,2022-10-02 03:35:00+00:00,2022-10-02 04:20:00+00:00,10,0.83,0.4075,0.5138,1.2119,0.5047,-0.0363,0.0047,0.02,-0.0099,CATEGORY_C_FALSE_OR_CHOP
183933,183938,2022-10-02 08:10:00+00:00,2022-10-02 08:35:00+00:00,6,0.5,0.5329,0.5563,0.7566,0.4937,0.0043,0.0031,0.0187,-0.0044,CATEGORY_C_FALSE_OR_CHOP
183940,183948,2022-10-02 08:45:00+00:00,2022-10-02 09:25:00+00:00,9,0.75,0.5383,0.5737,0.8635,0.5102,-0.0263,0.0035,0.0183,-0.0049,CATEGORY_C_FALSE_OR_CHOP
184367,184384,2022-10-03 20:20:00+00:00,2022-10-03 21:45:00+00:00,18,1.5,0.4512,0.5436,0.5086,0.5149,0.0178,0.0464,0.0039,0.0367,CATEGORY_A_UPWARD_EXPANSION
184436,184444,2022-10-04 02:05:00+00:00,2022-10-04 02:45:00+00:00,9,0.75,0.5776,0.609,0.9178,0.5034,0.0066,0.0488,0.0,0.035,CATEGORY_A_UPWARD_EXPANSION
184675,184683,2022-10-04 22:00:00+00:00,2022-10-04 22:40:00+00:00,9,0.75,0.5084,0.5646,1.0566,0.5132,-0.0167,0.0046,0.0276,-0.0089,CATEGORY_B_DOWNWARD_EXPANSION
184720,184734,2022-10-05 01:45:00+00:00,2022-10-05 02:55:00+00:00,15,1.25,0.3332,0.4397,0.966,0.4732,-0.0049,0.0126,0.0229,0.0067,CATEGORY_B_DOWNWARD_EXPANSION
184829,184837,2022-10-05 10:50:00+00:00,2022-10-05 11:30:00+00:00,9,0.75,0.5445,0.6249,1.0376,0.4756,-0.0159,0.0188,0.0174,0.0047,CATEGORY_C_FALSE_OR_CHOP
185099,185105,2022-10-06 09:20:00+00:00,2022-10-06 09:50:00+00:00,7,0.58,0.4414,0.5521,0.9673,0.5225,-0.0244,0.0089,0.0166,-0.0085,CATEGORY_C_FALSE_OR_CHOP
185218,185239,2022-10-06 19:15:00+00:00,2022-10-06 21:00:00+00:00,22,1.83,0.3313,0.458,0.5988,0.5164,0.0241,0.0021,0.0352,-0.0238,CATEGORY_B_DOWNWARD_EXPANSION
185268,185275,2022-10-06 23:25:00+00:00,2022-10-07 00:00:00+00:00,8,0.67,0.5576,0.5947,0.9323,0.5086,-0.0181,0.0057,0.0319,-0.021,CATEGORY_B_DOWNWARD_EXPANSION
185282,185292,2022-10-07 00:35:00+00:00,2022-10-07 01:25:00+00:00,11,0.92,0.4831,0.5645,1.0689,0.4937,0.0105,0.0029,0.0346,-0.022,CATEGORY_B_DOWNWARD_EXPANSION
185307,185314,2022-10-07 02:40:00+00:00,2022-10-07 03:15:00+00:00,8,0.67,0.415,0.4686,0.9489,0.5037,0.0418,0.0033,0.0341,-0.0235,CATEGORY_B_DOWNWARD_EXPANSION
185379,185387,2022-10-07 08:40:00+00:00,2022-10-07 09:20:00+00:00,9,0.75,0.5083,0.5408,1.005,0.4928,0.0157,0.0033,0.0342,-0.0253,CATEGORY_B_DOWNWARD_EXPANSION
185544,185550,2022-10-07 22:25:00+00:00,2022-10-07 22:55:00+00:00,7,0.58,0.4349,0.466,0.7083,0.4731,0.0392,0.004,0.016,-0.0097,CATEGORY_C_FALSE_OR_CHOP
185581,185595,2022-10-08 01:30:00+00:00,2022-10-08 02:40:00+00:00,15,1.25,0.2115,0.3154,0.9583,0.5137,-0.0104,0.0003,0.0174,-0.0106,CATEGORY_C_FALSE_OR_CHOP
185647,185652,2022-10-08 07:00:00+00:00,2022-10-08 07:25:00+00:00,6,0.5,0.3435,0.4263,0.6855,0.4856,0.0393,0.0015,0.0144,-0.0055,CATEGORY_C_FALSE_OR_CHOP
185749,185754,2022-10-08 15:30:00+00:00,2022-10-08 15:55:00+00:00,6,0.5,0.4503,0.5793,1.2467,0.4877,0.0191,0.0036,0.0129,0.0025,CATEGORY_C_FALSE_OR_CHOP
186056,186064,2022-10-09 17:05:00+00:00,2022-10-09 17:45:00+00:00,9,0.75,0.4753,0.5406,0.9915,0.5091,0.0122,0.0026,0.02,-0.0092,CATEGORY_C_FALSE_OR_CHOP
186069,186076,2022-10-09 18:10:00+00:00,2022-10-09 18:45:00+00:00,8,0.67,0.4381,0.4716,1.1547,0.5244,0.0902,0.002,0.0205,-0.014,CATEGORY_B_DOWNWARD_EXPANSION
186103,186114,2022-10-09 21:00:00+00:00,2022-10-09 21:55:00+00:00,12,1.0,0.4853,0.5513,1.0673,0.5059,0.074,0.0024,0.0195,-0.012,CATEGORY_C_FALSE_OR_CHOP
186170,186180,2022-10-10 02:35:00+00:00,2022-10-10 03:25:00+00:00,11,0.92,0.3809,0.4864,0.8367,0.4869,-0.0043,0.001,0.0261,-0.0204,CATEGORY_B_DOWNWARD_EXPANSION
186482,186487,2022-10-11 04:35:00+00:00,2022-10-11 05:00:00+00:00,6,0.5,0.609,0.6276,1.3531,0.4735,0.0539,0.0123,0.0092,0.0024,CATEGORY_C_FALSE_OR_CHOP
186671,186685,2022-10-11 20:20:00+00:00,2022-10-11 21:30:00+00:00,15,1.25,0.5001,0.5763,0.6271,0.4966,-0.0096,0.0106,0.0019,0.009,CATEGORY_C_FALSE_OR_CHOP
186733,186741,2022-10-12 01:30:00+00:00,2022-10-12 02:10:00+00:00,9,0.75,0.4205,0.5259,0.7984,0.4948,0.0012,0.0095,0.0048,0.0013,CATEGORY_C_FALSE_OR_CHOP
186752,186762,2022-10-12 03:05:00+00:00,2022-10-12 03:55:00+00:00,11,0.92,0.3773,0.4999,1.0313,0.4762,-0.0083,0.01,0.0043,0.0021,CATEGORY_C_FALSE_OR_CHOP
186902,186907,2022-10-12 15:35:00+00:00,2022-10-12 16:00:00+00:00,6,0.5,0.5387,0.6224,0.8582,0.5265,-0.0338,0.0059,0.0489,-0.0054,CATEGORY_B_DOWNWARD_EXPANSION
186915,186924,2022-10-12 16:40:00+00:00,2022-10-12 17:25:00+00:00,10,0.83,0.5315,0.5768,0.6759,0.4887,-0.0036,0.0066,0.0482,0.0002,CATEGORY_B_DOWNWARD_EXPANSION
186955,186965,2022-10-12 20:00:00+00:00,2022-10-12 20:50:00+00:00,11,0.92,0.4325,0.5348,0.8156,0.492,-0.0034,0.019,0.0501,0.0123,CATEGORY_B_DOWNWARD_EXPANSION
186993,187002,2022-10-12 23:10:00+00:00,2022-10-12 23:55:00+00:00,10,0.83,0.2883,0.3775,1.1394,0.4919,0.0001,0.0187,0.0504,0.0115,CATEGORY_B_DOWNWARD_EXPANSION
187117,187122,2022-10-13 09:30:00+00:00,2022-10-13 09:55:00+00:00,6,0.5,0.4781,0.5278,1.278,0.4868,-0.0414,0.0505,0.0423,0.0345,CATEGORY_C_FALSE_OR_CHOP
187344,187354,2022-10-14 04:25:00+00:00,2022-10-14 05:15:00+00:00,11,0.92,0.2162,0.2693,0.8325,0.4986,-0.0072,0.0018,0.0378,-0.0327,CATEGORY_B_DOWNWARD_EXPANSION
187502,187509,2022-10-14 17:35:00+00:00,2022-10-14 18:10:00+00:00,8,0.67,0.4565,0.5197,1.0882,0.4821,-0.0081,0.0007,0.0137,-0.0099,CATEGORY_C_FALSE_OR_CHOP
187542,187551,2022-10-14 20:55:00+00:00,2022-10-14 21:40:00+00:00,10,0.83,0.3418,0.457,1.3344,0.5048,0.0311,0.0027,0.0072,-0.0043,CATEGORY_C_FALSE_OR_CHOP
187570,187579,2022-10-14 23:15:00+00:00,2022-10-15 00:00:00+00:00,10,0.83,0.3168,0.3576,1.1185,0.5,0.0159,0.002,0.0111,-0.0043,CATEGORY_C_FALSE_OR_CHOP
187581,187596,2022-10-15 00:10:00+00:00,2022-10-15 01:25:00+00:00,16,1.33,0.3066,0.3829,0.8715,0.4959,-0.0152,0.0013,0.0113,-0.0028,CATEGORY_C_FALSE_OR_CHOP
187610,187622,2022-10-15 02:35:00+00:00,2022-10-15 03:35:00+00:00,13,1.08,0.2592,0.3943,0.6888,0.5038,-0.0218,0.0014,0.0112,-0.0033,CATEGORY_C_FALSE_OR_CHOP
187626,187640,2022-10-15 03:55:00+00:00,2022-10-15 05:05:00+00:00,15,1.25,0.1815,0.3329,0.7945,0.4925,0.0441,0.0007,0.011,-0.0021,CATEGORY_C_FALSE_OR_CHOP
187647,187652,2022-10-15 05:40:00+00:00,2022-10-15 06:05:00+00:00,6,0.5,0.3166,0.3197,1.2581,0.5068,0.0001,0.0013,0.0104,-0.0015,CATEGORY_C_FALSE_OR_CHOP
187698,187703,2022-10-15 09:55:00+00:00,2022-10-15 10:20:00+00:00,6,0.5,0.3315,0.371,1.1235,0.5075,-0.0076,0.0034,0.0083,0.0008,CATEGORY_C_FALSE_OR_CHOP
187762,187767,2022-10-15 15:15:00+00:00,2022-10-15 15:40:00+00:00,6,0.5,0.4872,0.5172,0.95,0.4887,-0.0461,0.0031,0.0084,0.0015,CATEGORY_C_FALSE_OR_CHOP
187834,187839,2022-10-15 21:15:00+00:00,2022-10-15 21:40:00+00:00,6,0.5,0.4876,0.5542,1.035,0.5392,-0.0167,0.0174,0.0062,0.0091,CATEGORY_C_FALSE_OR_CHOP
187947,187953,2022-10-16 06:40:00+00:00,2022-10-16 07:10:00+00:00,7,0.58,0.512,0.5454,1.0596,0.5118,0.068,0.0155,0.0022,0.0073,CATEGORY_C_FALSE_OR_CHOP
188081,188091,2022-10-16 17:50:00+00:00,2022-10-16 18:40:00+00:00,11,0.92,0.321,0.4449,0.6217,0.4783,-0.0011,0.0288,0.0013,0.0196,CATEGORY_A_UPWARD_EXPANSION
188402,188416,2022-10-17 20:35:00+00:00,2022-10-17 21:45:00+00:00,15,1.25,0.4412,0.5222,0.6144,0.4938,0.0116,0.0096,0.022,-0.0106,CATEGORY_B_DOWNWARD_EXPANSION
188470,188475,2022-10-18 02:15:00+00:00,2022-10-18 02:40:00+00:00,6,0.5,0.4905,0.5251,0.8128,0.4838,-0.0212,0.01,0.0216,-0.013,CATEGORY_B_DOWNWARD_EXPANSION
188714,188719,2022-10-18 22:35:00+00:00,2022-10-18 23:00:00+00:00,6,0.5,0.6697,0.6858,1.0347,0.5008,-0.0065,0.003,0.0128,-0.0092,CATEGORY_C_FALSE_OR_CHOP
188787,188792,2022-10-19 04:40:00+00:00,2022-10-19 05:05:00+00:00,6,0.5,0.5388,0.5571,0.9882,0.5134,-0.0153,0.0014,0.0198,-0.0064,CATEGORY_C_FALSE_OR_CHOP
188840,188846,2022-10-19 09:05:00+00:00,2022-10-19 09:35:00+00:00,7,0.58,0.5054,0.5664,0.8874,0.4949,-0.0173,0.004,0.0169,-0.0042,CATEGORY_C_FALSE_OR_CHOP
188949,188959,2022-10-19 18:10:00+00:00,2022-10-19 19:00:00+00:00,11,0.92,0.4922,0.5785,0.9623,0.495,-0.0222,0.0087,0.0146,-0.0053,CATEGORY_C_FALSE_OR_CHOP
189056,189069,2022-10-20 03:05:00+00:00,2022-10-20 04:10:00+00:00,14,1.17,0.4361,0.5495,1.1503,0.5071,0.0451,0.0157,0.0063,0.0003,CATEGORY_C_FALSE_OR_CHOP
189094,189102,2022-10-20 06:15:00+00:00,2022-10-20 06:55:00+00:00,9,0.75,0.4467,0.5041,1.0437,0.5028,0.0464,0.0112,0.0106,-0.005,CATEGORY_C_FALSE_OR_CHOP
189126,189132,2022-10-20 08:55:00+00:00,2022-10-20 09:25:00+00:00,7,0.58,0.3987,0.4546,0.7387,0.5249,0.0377,0.0109,0.0125,-0.0081,CATEGORY_C_FALSE_OR_CHOP
189297,189308,2022-10-20 23:10:00+00:00,2022-10-21 00:05:00+00:00,12,1.0,0.4396,0.6618,0.9614,0.5051,-0.0224,0.0108,0.0207,0.0061,CATEGORY_B_DOWNWARD_EXPANSION
189329,189334,2022-10-21 01:50:00+00:00,2022-10-21 02:15:00+00:00,6,0.5,0.5189,0.5697,0.8868,0.515,0.0299,0.0087,0.0227,0.004,CATEGORY_B_DOWNWARD_EXPANSION
189339,189347,2022-10-21 02:40:00+00:00,2022-10-21 03:20:00+00:00,9,0.75,0.4735,0.5057,0.9897,0.4982,0.0115,0.0078,0.0236,0.0019,CATEGORY_B_DOWNWARD_EXPANSION
189367,189373,2022-10-21 05:00:00+00:00,2022-10-21 05:30:00+00:00,7,0.58,0.493,0.5635,0.7602,0.4996,-0.0089,0.0115,0.02,0.0062,CATEGORY_C_FALSE_OR_CHOP
189559,189571,2022-10-21 21:00:00+00:00,2022-10-21 22:00:00+00:00,13,1.08,0.3579,0.4189,0.7418,0.486,0.04,0.005,0.0026,0.0018,CATEGORY_C_FALSE_OR_CHOP
189573,189581,2022-10-21 22:10:00+00:00,2022-10-21 22:50:00+00:00,9,0.75,0.526,0.5471,0.7791,0.4876,0.007,0.0042,0.0033,0.0006,CATEGORY_C_FALSE_OR_CHOP
189609,189626,2022-10-22 01:10:00+00:00,2022-10-22 02:35:00+00:00,18,1.5,0.1012,0.1568,0.816,0.4966,-0.0088,0.0051,0.0025,0.0021,CATEGORY_C_FALSE_OR_CHOP
189644,189650,2022-10-22 04:05:00+00:00,2022-10-22 04:35:00+00:00,7,0.58,0.1886,0.2119,0.8955,0.4949,-0.039,0.0056,0.0009,0.0034,CATEGORY_C_FALSE_OR_CHOP
189670,189676,2022-10-22 06:15:00+00:00,2022-10-22 06:45:00+00:00,7,0.58,0.193,0.1991,0.8194,0.5097,0.023,0.0062,0.0003,0.0016,CATEGORY_C_FALSE_OR_CHOP
189875,189880,2022-10-22 23:20:00+00:00,2022-10-22 23:45:00+00:00,6,0.5,0.4819,0.5266,0.7198,0.4797,0.0099,0.0256,0.0069,0.0187,CATEGORY_A_UPWARD_EXPANSION
189926,189935,2022-10-23 03:35:00+00:00,2022-10-23 04:20:00+00:00,10,0.83,0.4945,0.541,0.9157,0.4955,-0.0268,0.0256,0.0069,0.0061,CATEGORY_A_UPWARD_EXPANSION
189982,190003,2022-10-23 08:15:00+00:00,2022-10-23 10:00:00+00:00,22,1.83,0.4067,0.5253,1.0468,0.5069,-0.0006,0.0266,0.006,0.0105,CATEGORY_A_UPWARD_EXPANSION
190276,190284,2022-10-24 08:45:00+00:00,2022-10-24 09:25:00+00:00,9,0.75,0.3742,0.4481,0.9092,0.4996,0.0203,0.0059,0.0093,-0.003,CATEGORY_C_FALSE_OR_CHOP
190375,190381,2022-10-24 17:00:00+00:00,2022-10-24 17:30:00+00:00,7,0.58,0.5384,0.5774,1.0583,0.4819,0.021,0.0486,0.001,0.0381,CATEGORY_A_UPWARD_EXPANSION
190383,190389,2022-10-24 17:40:00+00:00,2022-10-24 18:10:00+00:00,7,0.58,0.623,0.6421,0.6591,0.5116,-0.0165,0.046,0.0035,0.0423,CATEGORY_A_UPWARD_EXPANSION
190485,190495,2022-10-25 02:10:00+00:00,2022-10-25 03:00:00+00:00,11,0.92,0.3896,0.4873,1.1469,0.5147,-0.0154,0.0573,0.0037,0.0457,CATEGORY_A_UPWARD_EXPANSION
190510,190519,2022-10-25 04:15:00+00:00,2022-10-25 05:00:00+00:00,10,0.83,0.2777,0.3822,1.0417,0.477,0.0296,0.0557,0.0053,0.0455,CATEGORY_A_UPWARD_EXPANSION
191001,191010,2022-10-26 21:10:00+00:00,2022-10-26 21:55:00+00:00,10,0.83,0.2969,0.3739,0.8982,0.5157,0.041,0.0081,0.025,-0.016,CATEGORY_B_DOWNWARD_EXPANSION
191055,191062,2022-10-27 01:40:00+00:00,2022-10-27 02:15:00+00:00,8,0.67,0.5546,0.5679,1.4986,0.5081,0.033,0.0044,0.0299,-0.0249,CATEGORY_B_DOWNWARD_EXPANSION
191084,191091,2022-10-27 04:05:00+00:00,2022-10-27 04:40:00+00:00,8,0.67,0.2719,0.3302,1.1648,0.5022,-0.0074,0.0044,0.0299,-0.0241,CATEGORY_B_DOWNWARD_EXPANSION
191129,191138,2022-10-27 07:50:00+00:00,2022-10-27 08:35:00+00:00,10,0.83,0.4164,0.4603,0.7275,0.4964,-0.0118,0.0028,0.0336,-0.027,CATEGORY_B_DOWNWARD_EXPANSION
191244,191262,2022-10-27 17:25:00+00:00,2022-10-27 18:55:00+00:00,19,1.58,0.4247,0.4651,0.7886,0.5051,0.0081,0.0081,0.0283,0.0022,CATEGORY_B_DOWNWARD_EXPANSION
191361,191368,2022-10-28 03:10:00+00:00,2022-10-28 03:45:00+00:00,8,0.67,0.4281,0.5789,0.7538,0.5091,-0.0265,0.0278,0.0128,0.0236,CATEGORY_A_UPWARD_EXPANSION
191370,191379,2022-10-28 03:55:00+00:00,2022-10-28 04:40:00+00:00,10,0.83,0.3784,0.4141,0.8774,0.5012,0.0443,0.0267,0.0139,0.0189,CATEGORY_A_UPWARD_EXPANSION
191397,191403,2022-10-28 06:10:00+00:00,2022-10-28 06:40:00+00:00,7,0.58,0.4917,0.5244,0.998,0.5014,0.0077,0.0266,0.014,0.02,CATEGORY_A_UPWARD_EXPANSION
191596,191606,2022-10-28 22:45:00+00:00,2022-10-28 23:35:00+00:00,11,0.92,0.4039,0.4853,0.8466,0.4914,-0.0247,0.0235,0.0023,0.0095,CATEGORY_A_UPWARD_EXPANSION
191665,191675,2022-10-29 04:30:00+00:00,2022-10-29 05:20:00+00:00,11,0.92,0.3975,0.4793,0.6793,0.4906,0.0118,0.0203,0.0021,0.0055,CATEGORY_A_UPWARD_EXPANSION
191692,191698,2022-10-29 06:45:00+00:00,2022-10-29 07:15:00+00:00,7,0.58,0.4706,0.5044,1.5812,0.5003,-0.0172,0.0183,0.0027,0.01,CATEGORY_C_FALSE_OR_CHOP
191904,191910,2022-10-30 00:25:00+00:00,2022-10-30 00:55:00+00:00,7,0.58,0.4607,0.5102,0.8575,0.4986,0.0348,0.0107,0.0094,-0.0081,CATEGORY_C_FALSE_OR_CHOP
191914,191919,2022-10-30 01:15:00+00:00,2022-10-30 01:40:00+00:00,6,0.5,0.3957,0.4599,0.9749,0.5125,0.0132,0.0081,0.0149,-0.0139,CATEGORY_C_FALSE_OR_CHOP
191924,191929,2022-10-30 02:05:00+00:00,2022-10-30 02:30:00+00:00,6,0.5,0.4935,0.533,0.711,0.491,-0.022,0.0086,0.0157,-0.0133,CATEGORY_C_FALSE_OR_CHOP
191945,191950,2022-10-30 03:50:00+00:00,2022-10-30 04:15:00+00:00,6,0.5,0.3656,0.4217,1.1071,0.4924,-0.0119,0.0082,0.0161,-0.0109,CATEGORY_C_FALSE_OR_CHOP
192114,192121,2022-10-30 17:55:00+00:00,2022-10-30 18:30:00+00:00,8,0.67,0.5732,0.6023,1.1723,0.5143,0.0563,0.0089,0.0205,-0.0122,CATEGORY_B_DOWNWARD_EXPANSION
192229,192241,2022-10-31 03:30:00+00:00,2022-10-31 04:30:00+00:00,13,1.08,0.5385,0.5996,0.8859,0.5057,-0.0132,0.0162,0.0134,-0.0011,CATEGORY_C_FALSE_OR_CHOP
192445,192450,2022-10-31 21:30:00+00:00,2022-10-31 21:55:00+00:00,6,0.5,0.432,0.4529,0.7555,0.5246,-0.0651,0.0144,0.0037,0.0024,CATEGORY_C_FALSE_OR_CHOP
192483,192489,2022-11-01 00:40:00+00:00,2022-11-01 01:10:00+00:00,7,0.58,0.4178,0.4655,0.7693,0.5052,0.0526,0.0107,0.0073,0.0023,CATEGORY_C_FALSE_OR_CHOP
192576,192583,2022-11-01 08:25:00+00:00,2022-11-01 09:00:00+00:00,8,0.67,0.2481,0.3919,0.8827,0.4755,0.0017,0.0058,0.0121,-0.0032,CATEGORY_C_FALSE_OR_CHOP
192687,192695,2022-11-01 17:40:00+00:00,2022-11-01 18:20:00+00:00,9,0.75,0.5107,0.6014,0.9975,0.5014,-0.0128,0.0158,0.0146,0.0114,CATEGORY_C_FALSE_OR_CHOP
192722,192730,2022-11-01 20:35:00+00:00,2022-11-01 21:15:00+00:00,9,0.75,0.677,0.6934,1.0426,0.5174,-0.019,0.0153,0.0214,-0.016,CATEGORY_B_DOWNWARD_EXPANSION
192789,192795,2022-11-02 02:10:00+00:00,2022-11-02 02:40:00+00:00,7,0.58,0.6062,0.6357,1.1383,0.5014,0.0161,0.0142,0.0224,-0.0092,CATEGORY_B_DOWNWARD_EXPANSION
192838,192844,2022-11-02 06:15:00+00:00,2022-11-02 06:45:00+00:00,7,0.58,0.4395,0.5487,0.7752,0.5086,0.0189,0.0158,0.0209,-0.0069,CATEGORY_B_DOWNWARD_EXPANSION
192955,192962,2022-11-02 16:00:00+00:00,2022-11-02 16:35:00+00:00,8,0.67,0.6262,0.6868,1.1639,0.479,0.0042,0.0199,0.0178,-0.007,CATEGORY_C_FALSE_OR_CHOP
193125,193132,2022-11-03 06:10:00+00:00,2022-11-03 06:45:00+00:00,8,0.67,0.3024,0.347,0.8511,0.5014,0.0296,0.0174,0.0149,0.0121,CATEGORY_C_FALSE_OR_CHOP
193279,193284,2022-11-03 19:00:00+00:00,2022-11-03 19:25:00+00:00,6,0.5,0.3518,0.4897,0.9784,0.5011,0.0037,0.0516,0.0049,0.0345,CATEGORY_A_UPWARD_EXPANSION
193302,193309,2022-11-03 20:55:00+00:00,2022-11-03 21:30:00+00:00,8,0.67,0.4315,0.5056,0.6026,0.5174,0.0061,0.0524,0.0042,0.042,CATEGORY_A_UPWARD_EXPANSION
193394,193400,2022-11-04 04:35:00+00:00,2022-11-04 05:05:00+00:00,7,0.58,0.5247,0.5543,0.985,0.4939,0.0272,0.0562,0.0003,0.0524,CATEGORY_A_UPWARD_EXPANSION
193654,193665,2022-11-05 02:15:00+00:00,2022-11-05 03:10:00+00:00,12,1.0,0.3488,0.4026,1.047,0.4954,-0.0006,0.004,0.0096,-0.0083,CATEGORY_C_FALSE_OR_CHOP
193689,193698,2022-11-05 05:10:00+00:00,2022-11-05 05:55:00+00:00,10,0.83,0.377,0.4498,1.4261,0.499,-0.0034,0.0025,0.0115,-0.011,CATEGORY_C_FALSE_OR_CHOP
193707,193713,2022-11-05 06:40:00+00:00,2022-11-05 07:10:00+00:00,7,0.58,0.2774,0.3004,0.9427,0.4764,-0.0431,0.0017,0.0116,-0.0101,CATEGORY_C_FALSE_OR_CHOP
193717,193722,2022-11-05 07:30:00+00:00,2022-11-05 07:55:00+00:00,6,0.5,0.2383,0.2542,0.947,0.5071,-0.0762,0.002,0.0113,-0.0089,CATEGORY_C_FALSE_OR_CHOP
193745,193758,2022-11-05 09:50:00+00:00,2022-11-05 10:55:00+00:00,14,1.17,0.2582,0.3419,0.7651,0.513,-0.0372,0.0051,0.0082,-0.0026,CATEGORY_C_FALSE_OR_CHOP
193816,193821,2022-11-05 15:45:00+00:00,2022-11-05 16:10:00+00:00,6,0.5,0.5295,0.5402,1.0663,0.4901,0.0413,0.0033,0.0078,-0.0044,CATEGORY_C_FALSE_OR_CHOP
193823,193830,2022-11-05 16:20:00+00:00,2022-11-05 16:55:00+00:00,8,0.67,0.4239,0.4773,0.5858,0.504,-0.0204,0.0026,0.0085,-0.0032,CATEGORY_C_FALSE_OR_CHOP
193877,193890,2022-11-05 20:50:00+00:00,2022-11-05 21:55:00+00:00,14,1.17,0.4246,0.5093,0.6138,0.4839,0.0004,0.0014,0.0105,-0.0098,CATEGORY_C_FALSE_OR_CHOP
193960,193968,2022-11-06 03:45:00+00:00,2022-11-06 04:25:00+00:00,9,0.75,0.4781,0.6459,1.0754,0.487,0.0381,0.0038,0.0193,-0.017,CATEGORY_C_FALSE_OR_CHOP
193970,193976,2022-11-06 04:35:00+00:00,2022-11-06 05:05:00+00:00,7,0.58,0.6284,0.6628,1.0819,0.4846,0.0188,0.0033,0.0199,-0.0169,CATEGORY_C_FALSE_OR_CHOP
193998,194010,2022-11-06 06:55:00+00:00,2022-11-06 07:55:00+00:00,13,1.08,0.5927,0.638,1.5077,0.5102,0.0033,0.0055,0.0275,-0.0264,CATEGORY_B_DOWNWARD_EXPANSION
194138,194143,2022-11-06 18:35:00+00:00,2022-11-06 19:00:00+00:00,6,0.5,0.6762,0.6888,0.66,0.504,-0.0063,0.0007,0.0307,-0.0234,CATEGORY_B_DOWNWARD_EXPANSION
194417,194433,2022-11-07 17:50:00+00:00,2022-11-07 19:10:00+00:00,17,1.42,0.3637,0.4989,1.0402,0.4983,-0.0256,0.0079,0.113,-0.1082,CATEGORY_B_DOWNWARD_EXPANSION
194863,194869,2022-11-09 07:00:00+00:00,2022-11-09 07:30:00+00:00,7,0.58,0.3495,0.3529,1.1851,0.5036,-0.0096,0.0007,0.1482,-0.0763,CATEGORY_B_DOWNWARD_EXPANSION
195091,195096,2022-11-10 02:00:00+00:00,2022-11-10 02:25:00+00:00,6,0.5,0.4788,0.5142,0.7452,0.4987,-0.0072,0.1278,0.0023,0.0641,CATEGORY_A_UPWARD_EXPANSION
195290,195297,2022-11-10 18:35:00+00:00,2022-11-10 19:10:00+00:00,8,0.67,0.5715,0.6114,0.9904,0.51,-0.0173,0.0488,0.0571,-0.0324,CATEGORY_C_FALSE_OR_CHOP
195305,195316,2022-11-10 19:50:00+00:00,2022-11-10 20:45:00+00:00,12,1.0,0.2424,0.4402,0.874,0.5031,0.0081,0.0388,0.0661,-0.047,CATEGORY_B_DOWNWARD_EXPANSION
195333,195344,2022-11-10 22:10:00+00:00,2022-11-10 23:05:00+00:00,12,1.0,0.3564,0.4857,0.6717,0.5055,-0.0557,0.0007,0.083,-0.0532,CATEGORY_B_DOWNWARD_EXPANSION
195367,195372,2022-11-11 01:00:00+00:00,2022-11-11 01:25:00+00:00,6,0.5,0.3307,0.4922,0.9887,0.5119,-0.045,0.0012,0.0693,-0.0399,CATEGORY_B_DOWNWARD_EXPANSION
195386,195391,2022-11-11 02:35:00+00:00,2022-11-11 03:00:00+00:00,6,0.5,0.5895,0.6107,0.854,0.506,-0.0055,0.0221,0.0469,-0.0152,CATEGORY_B_DOWNWARD_EXPANSION
195407,195414,2022-11-11 04:20:00+00:00,2022-11-11 04:55:00+00:00,8,0.67,0.4818,0.5177,0.9701,0.5061,0.022,0.027,0.0423,-0.0186,CATEGORY_B_DOWNWARD_EXPANSION
195443,195450,2022-11-11 07:20:00+00:00,2022-11-11 07:55:00+00:00,8,0.67,0.342,0.3537,1.2107,0.4925,-0.017,0.0081,0.0599,-0.0334,CATEGORY_B_DOWNWARD_EXPANSION
195463,195470,2022-11-11 09:00:00+00:00,2022-11-11 09:35:00+00:00,8,0.67,0.3178,0.3875,0.9357,0.4844,0.0689,0.0071,0.0608,-0.0317,CATEGORY_B_DOWNWARD_EXPANSION
195502,195508,2022-11-11 12:15:00+00:00,2022-11-11 12:45:00+00:00,7,0.58,0.2755,0.3281,0.7452,0.5087,0.0388,0.0128,0.0555,-0.0265,CATEGORY_B_DOWNWARD_EXPANSION
195573,195578,2022-11-11 18:10:00+00:00,2022-11-11 18:35:00+00:00,6,0.5,0.5015,0.5362,0.7125,0.4852,-0.0509,0.0141,0.0209,-0.0036,CATEGORY_B_DOWNWARD_EXPANSION
195614,195619,2022-11-11 21:35:00+00:00,2022-11-11 22:00:00+00:00,6,0.5,0.3379,0.4965,1.0359,0.5067,0.0151,0.0202,0.0106,0.0003,CATEGORY_A_UPWARD_EXPANSION
195621,195626,2022-11-11 22:10:00+00:00,2022-11-11 22:35:00+00:00,6,0.5,0.287,0.3241,0.9325,0.5113,-0.033,0.0171,0.0136,-0.0013,CATEGORY_C_FALSE_OR_CHOP
195631,195637,2022-11-11 23:00:00+00:00,2022-11-11 23:30:00+00:00,7,0.58,0.3961,0.4992,1.2178,0.4813,0.0157,0.0159,0.0148,-0.0065,CATEGORY_C_FALSE_OR_CHOP
195654,195669,2022-11-12 00:55:00+00:00,2022-11-12 02:10:00+00:00,16,1.33,0.4395,0.5184,0.9881,0.5044,-0.0234,0.0056,0.0164,-0.0022,CATEGORY_C_FALSE_OR_CHOP
195733,195742,2022-11-12 07:30:00+00:00,2022-11-12 08:15:00+00:00,10,0.83,0.2758,0.3709,0.845,0.4776,0.0151,0.0119,0.0139,-0.0042,CATEGORY_C_FALSE_OR_CHOP
195788,195799,2022-11-12 12:05:00+00:00,2022-11-12 13:00:00+00:00,12,1.0,0.313,0.3648,1.1433,0.478,0.0421,0.0093,0.0241,-0.0144,CATEGORY_B_DOWNWARD_EXPANSION
195839,195848,2022-11-12 16:20:00+00:00,2022-11-12 17:05:00+00:00,10,0.83,0.4825,0.5118,1.0131,0.4958,0.0113,0.0046,0.0262,-0.0179,CATEGORY_B_DOWNWARD_EXPANSION
195853,195860,2022-11-12 17:30:00+00:00,2022-11-12 18:05:00+00:00,8,0.67,0.3804,0.4239,0.6944,0.4896,-0.0199,0.0048,0.026,-0.0199,CATEGORY_B_DOWNWARD_EXPANSION
195869,195879,2022-11-12 18:50:00+00:00,2022-11-12 19:40:00+00:00,11,0.92,0.2983,0.347,1.0209,0.5075,0.0166,0.0042,0.0266,-0.02,CATEGORY_B_DOWNWARD_EXPANSION
195911,195923,2022-11-12 22:20:00+00:00,2022-11-12 23:20:00+00:00,13,1.08,0.2973,0.4169,1.1345,0.5028,-0.0523,0.0071,0.036,-0.026,CATEGORY_B_DOWNWARD_EXPANSION
195944,195950,2022-11-13 01:05:00+00:00,2022-11-13 01:35:00+00:00,7,0.58,0.4332,0.467,1.1559,0.5013,0.0111,0.005,0.0485,-0.0458,CATEGORY_B_DOWNWARD_EXPANSION
195978,195986,2022-11-13 03:55:00+00:00,2022-11-13 04:35:00+00:00,9,0.75,0.5204,0.5746,1.0682,0.482,-0.0171,0.0009,0.0606,-0.054,CATEGORY_B_DOWNWARD_EXPANSION
195988,195996,2022-11-13 04:45:00+00:00,2022-11-13 05:25:00+00:00,9,0.75,0.3653,0.3905,0.8364,0.4859,0.008,0.0014,0.0591,-0.0535,CATEGORY_B_DOWNWARD_EXPANSION
195998,196007,2022-11-13 05:35:00+00:00,2022-11-13 06:20:00+00:00,10,0.83,0.3382,0.3998,1.1705,0.496,-0.0028,0.0003,0.0615,-0.0533,CATEGORY_B_DOWNWARD_EXPANSION
196082,196087,2022-11-13 12:35:00+00:00,2022-11-13 13:00:00+00:00,6,0.5,0.3843,0.4267,1.0534,0.4989,0.0058,0.0203,0.0472,0.0144,CATEGORY_B_DOWNWARD_EXPANSION
196431,196439,2022-11-14 17:40:00+00:00,2022-11-14 18:20:00+00:00,9,0.75,0.2595,0.3076,0.8096,0.5013,0.0083,0.0335,0.024,0.0202,CATEGORY_A_UPWARD_EXPANSION
196441,196447,2022-11-14 18:30:00+00:00,2022-11-14 19:00:00+00:00,7,0.58,0.2993,0.3145,0.7907,0.5031,-0.0166,0.031,0.0263,0.0007,CATEGORY_C_FALSE_OR_CHOP
196484,196491,2022-11-14 22:05:00+00:00,2022-11-14 22:40:00+00:00,8,0.67,0.303,0.3364,1.2434,0.4775,-0.0183,0.0471,0.0004,0.0296,CATEGORY_A_UPWARD_EXPANSION
196519,196526,2022-11-15 01:00:00+00:00,2022-11-15 01:35:00+00:00,8,0.67,0.3156,0.3328,0.8848,0.5109,0.0052,0.0283,0.0029,0.0102,CATEGORY_A_UPWARD_EXPANSION
196561,196567,2022-11-15 04:30:00+00:00,2022-11-15 05:00:00+00:00,7,0.58,0.2854,0.3211,0.7684,0.4894,0.0183,0.0209,0.0101,0.0072,CATEGORY_A_UPWARD_EXPANSION
196772,196780,2022-11-15 22:05:00+00:00,2022-11-15 22:45:00+00:00,9,0.75,0.5416,0.5673,0.7419,0.501,0.0279,0.0087,0.0291,-0.0183,CATEGORY_B_DOWNWARD_EXPANSION
196849,196855,2022-11-16 04:30:00+00:00,2022-11-16 05:00:00+00:00,7,0.58,0.5343,0.5629,1.2135,0.4894,0.0144,0.0032,0.0311,-0.0213,CATEGORY_B_DOWNWARD_EXPANSION
197051,197059,2022-11-16 21:20:00+00:00,2022-11-16 22:00:00+00:00,9,0.75,0.4232,0.4813,0.6957,0.4661,-0.0052,0.0133,0.0086,0.0081,CATEGORY_C_FALSE_OR_CHOP
197109,197115,2022-11-17 02:10:00+00:00,2022-11-17 02:40:00+00:00,7,0.58,0.4699,0.5144,0.9029,0.5114,0.0317,0.0199,0.0161,0.0169,CATEGORY_C_FALSE_OR_CHOP
197146,197153,2022-11-17 05:15:00+00:00,2022-11-17 05:50:00+00:00,8,0.67,0.6307,0.677,0.897,0.4981,0.0143,0.0267,0.0083,0.0142,CATEGORY_A_UPWARD_EXPANSION
197305,197311,2022-11-17 18:30:00+00:00,2022-11-17 19:00:00+00:00,7,0.58,0.38,0.5782,0.8478,0.496,-0.0068,0.0197,0.0082,-0.0047,CATEGORY_C_FALSE_OR_CHOP
197315,197321,2022-11-17 19:20:00+00:00,2022-11-17 19:50:00+00:00,7,0.58,0.5247,0.5471,0.9915,0.5048,-0.0129,0.0228,0.0052,-0.0017,CATEGORY_A_UPWARD_EXPANSION
197415,197420,2022-11-18 03:40:00+00:00,2022-11-18 04:05:00+00:00,6,0.5,0.3905,0.4643,1.141,0.4693,0.0046,0.0008,0.0176,-0.0133,CATEGORY_C_FALSE_OR_CHOP
197455,197460,2022-11-18 07:00:00+00:00,2022-11-18 07:25:00+00:00,6,0.5,0.4281,0.5108,0.5945,0.4905,-0.009,0.0041,0.0142,-0.0105,CATEGORY_C_FALSE_OR_CHOP
197479,197484,2022-11-18 09:00:00+00:00,2022-11-18 09:25:00+00:00,6,0.5,0.5175,0.5695,0.8771,0.5029,-0.0188,0.0066,0.0118,-0.0067,CATEGORY_C_FALSE_OR_CHOP
197516,197530,2022-11-18 12:05:00+00:00,2022-11-18 13:15:00+00:00,15,1.25,0.348,0.4764,0.8711,0.5102,0.0095,0.0019,0.0143,-0.0085,CATEGORY_C_FALSE_OR_CHOP
197630,197640,2022-11-18 21:35:00+00:00,2022-11-18 22:25:00+00:00,11,0.92,0.5311,0.5776,0.8768,0.5,-0.0169,0.0091,0.0061,0.0079,CATEGORY_C_FALSE_OR_CHOP
197659,197664,2022-11-19 00:00:00+00:00,2022-11-19 00:25:00+00:00,6,0.5,0.6414,0.6825,0.7131,0.4838,-0.0193,0.0079,0.0082,0.0019,CATEGORY_C_FALSE_OR_CHOP
197666,197676,2022-11-19 00:35:00+00:00,2022-11-19 01:25:00+00:00,11,0.92,0.4099,0.4709,1.0216,0.474,0.0022,0.0088,0.0073,0.0021,CATEGORY_C_FALSE_OR_CHOP
197712,197719,2022-11-19 04:25:00+00:00,2022-11-19 05:00:00+00:00,8,0.67,0.5779,0.6144,1.1337,0.4927,0.0124,0.0115,0.0046,0.0034,CATEGORY_C_FALSE_OR_CHOP
197746,197754,2022-11-19 07:15:00+00:00,2022-11-19 07:55:00+00:00,9,0.75,0.2042,0.3454,1.0284,0.4864,0.0254,0.0134,0.0012,0.0074,CATEGORY_C_FALSE_OR_CHOP
197783,197790,2022-11-19 10:20:00+00:00,2022-11-19 10:55:00+00:00,8,0.67,0.322,0.3433,0.8495,0.5017,0.0003,0.0112,0.0045,-0.0006,CATEGORY_C_FALSE_OR_CHOP
197831,197838,2022-11-19 14:20:00+00:00,2022-11-19 14:55:00+00:00,8,0.67,0.3367,0.3997,1.2455,0.4708,0.0478,0.0102,0.0115,-0.0061,CATEGORY_C_FALSE_OR_CHOP
197860,197865,2022-11-19 16:45:00+00:00,2022-11-19 17:10:00+00:00,6,0.5,0.4778,0.5218,1.0869,0.4767,0.0266,0.0107,0.011,-0.0043,CATEGORY_C_FALSE_OR_CHOP
198002,198008,2022-11-20 04:35:00+00:00,2022-11-20 05:05:00+00:00,7,0.58,0.4019,0.4587,1.2724,0.4964,-0.0529,0.0034,0.0471,-0.0295,CATEGORY_B_DOWNWARD_EXPANSION
198542,198547,2022-11-22 01:35:00+00:00,2022-11-22 02:00:00+00:00,6,0.5,0.3466,0.3597,0.8739,0.4898,0.026,0.0315,0.0126,0.0263,CATEGORY_A_UPWARD_EXPANSION
198574,198580,2022-11-22 04:15:00+00:00,2022-11-22 04:45:00+00:00,7,0.58,0.3353,0.3541,0.9181,0.5012,0.0213,0.0475,0.0142,0.0411,CATEGORY_A_UPWARD_EXPANSION
198636,198642,2022-11-22 09:25:00+00:00,2022-11-22 09:55:00+00:00,7,0.58,0.5028,0.5674,1.1391,0.4844,-0.041,0.0621,0.0017,0.056,CATEGORY_A_UPWARD_EXPANSION
198761,198774,2022-11-22 19:50:00+00:00,2022-11-22 20:55:00+00:00,14,1.17,0.3075,0.4195,1.0153,0.4954,-0.0224,0.0353,0.0031,0.0298,CATEGORY_A_UPWARD_EXPANSION
198827,198834,2022-11-23 01:20:00+00:00,2022-11-23 01:55:00+00:00,8,0.67,0.5016,0.5553,0.7599,0.5307,-0.0175,0.0357,0.0005,0.0325,CATEGORY_A_UPWARD_EXPANSION
198870,198878,2022-11-23 04:55:00+00:00,2022-11-23 05:35:00+00:00,9,0.75,0.2787,0.3272,1.0523,0.4942,0.0133,0.0193,0.0106,0.0115,CATEGORY_C_FALSE_OR_CHOP
198893,198898,2022-11-23 06:50:00+00:00,2022-11-23 07:15:00+00:00,6,0.5,0.486,0.5123,1.0199,0.4814,-0.0278,0.0202,0.0097,0.0127,CATEGORY_A_UPWARD_EXPANSION
199164,199169,2022-11-24 05:25:00+00:00,2022-11-24 05:50:00+00:00,6,0.5,0.2904,0.365,0.8492,0.5413,-0.0459,0.0029,0.0194,-0.0166,CATEGORY_C_FALSE_OR_CHOP
199218,199224,2022-11-24 09:55:00+00:00,2022-11-24 10:25:00+00:00,7,0.58,0.4094,0.5694,1.3128,0.4761,-0.0166,0.0056,0.0145,-0.0066,CATEGORY_C_FALSE_OR_CHOP
199243,199248,2022-11-24 12:00:00+00:00,2022-11-24 12:25:00+00:00,6,0.5,0.3253,0.4483,0.8773,0.4848,0.0052,0.0077,0.0124,0.0014,CATEGORY_C_FALSE_OR_CHOP
199310,199322,2022-11-24 17:35:00+00:00,2022-11-24 18:35:00+00:00,13,1.08,0.3541,0.4437,0.905,0.4993,0.0342,0.0031,0.0147,-0.0047,CATEGORY_C_FALSE_OR_CHOP
199335,199342,2022-11-24 19:40:00+00:00,2022-11-24 20:15:00+00:00,8,0.67,0.3362,0.4215,1.2354,0.5077,0.0255,0.0029,0.015,-0.003,CATEGORY_C_FALSE_OR_CHOP
199470,199482,2022-11-25 06:55:00+00:00,2022-11-25 07:55:00+00:00,13,1.08,0.3382,0.4396,1.4767,0.486,0.0039,0.0146,0.0033,0.0074,CATEGORY_C_FALSE_OR_CHOP
199647,199652,2022-11-25 21:40:00+00:00,2022-11-25 22:05:00+00:00,6,0.5,0.667,0.7329,1.0311,0.4773,0.0023,0.0116,0.0055,0.0001,CATEGORY_C_FALSE_OR_CHOP
199722,199727,2022-11-26 03:55:00+00:00,2022-11-26 04:20:00+00:00,6,0.5,0.6137,0.6826,0.9555,0.4787,0.0741,0.0032,0.0146,-0.0053,CATEGORY_C_FALSE_OR_CHOP
199777,199783,2022-11-26 08:30:00+00:00,2022-11-26 09:00:00+00:00,7,0.58,0.4552,0.5462,1.0833,0.4979,0.0463,0.0061,0.0117,-0.0025,CATEGORY_C_FALSE_OR_CHOP
199876,199896,2022-11-26 16:45:00+00:00,2022-11-26 18:25:00+00:00,21,1.75,0.3682,0.526,0.7191,0.4997,0.0048,0.0054,0.0076,0.0027,CATEGORY_C_FALSE_OR_CHOP
199915,199921,2022-11-26 20:00:00+00:00,2022-11-26 20:30:00+00:00,7,0.58,0.5345,0.6285,0.7764,0.5131,0.0093,0.0064,0.0067,0.0043,CATEGORY_C_FALSE_OR_CHOP
200049,200060,2022-11-27 07:10:00+00:00,2022-11-27 08:05:00+00:00,12,1.0,0.3752,0.4458,0.901,0.5036,-0.0085,0.0021,0.0308,-0.0211,CATEGORY_B_DOWNWARD_EXPANSION
200104,200112,2022-11-27 11:45:00+00:00,2022-11-27 12:25:00+00:00,9,0.75,0.5484,0.5971,1.0041,0.4906,-0.027,0.0025,0.0304,-0.0197,CATEGORY_B_DOWNWARD_EXPANSION
200115,200126,2022-11-27 12:40:00+00:00,2022-11-27 13:35:00+00:00,12,1.0,0.5065,0.6424,0.9772,0.4796,0.0175,0.0029,0.03,-0.0211,CATEGORY_B_DOWNWARD_EXPANSION
200172,200183,2022-11-27 17:25:00+00:00,2022-11-27 18:20:00+00:00,12,1.0,0.2902,0.557,0.9745,0.4904,-0.0035,0.0036,0.0328,-0.0211,CATEGORY_B_DOWNWARD_EXPANSION
200192,200197,2022-11-27 19:05:00+00:00,2022-11-27 19:30:00+00:00,6,0.5,0.4707,0.6539,0.7931,0.497,0.0251,0.0022,0.0342,-0.0227,CATEGORY_B_DOWNWARD_EXPANSION
200617,200622,2022-11-29 06:30:00+00:00,2022-11-29 06:55:00+00:00,6,0.5,0.5126,0.5271,1.0176,0.5065,-0.0284,0.0425,0.0081,0.0242,CATEGORY_A_UPWARD_EXPANSION
200628,200634,2022-11-29 07:25:00+00:00,2022-11-29 07:55:00+00:00,7,0.58,0.3747,0.4114,0.9215,0.4993,0.0213,0.0425,0.0082,0.0256,CATEGORY_A_UPWARD_EXPANSION
200669,200674,2022-11-29 10:50:00+00:00,2022-11-29 11:15:00+00:00,6,0.5,0.339,0.4456,0.9834,0.5,0.0126,0.0397,0.0108,0.0236,CATEGORY_A_UPWARD_EXPANSION
200690,200695,2022-11-29 12:35:00+00:00,2022-11-29 13:00:00+00:00,6,0.5,0.4557,0.4736,0.8039,0.5089,-0.0026,0.0413,0.0093,0.0203,CATEGORY_A_UPWARD_EXPANSION
200795,200804,2022-11-29 21:20:00+00:00,2022-11-29 22:05:00+00:00,10,0.83,0.4107,0.5694,1.1487,0.4808,0.0178,0.0419,0.0028,0.0384,CATEGORY_A_UPWARD_EXPANSION
200915,200920,2022-11-30 07:20:00+00:00,2022-11-30 07:45:00+00:00,6,0.5,0.2791,0.344,1.1851,0.4935,0.0091,0.0212,0.011,0.0133,CATEGORY_A_UPWARD_EXPANSION
200952,200957,2022-11-30 10:25:00+00:00,2022-11-30 10:50:00+00:00,6,0.5,0.2369,0.2751,1.0525,0.4925,-0.0293,0.0222,0.0101,0.0133,CATEGORY_A_UPWARD_EXPANSION
200959,200967,2022-11-30 11:00:00+00:00,2022-11-30 11:40:00+00:00,9,0.75,0.3052,0.3294,0.9151,0.5107,-0.0572,0.0217,0.0106,0.0119,CATEGORY_A_UPWARD_EXPANSION
201137,201144,2022-12-01 01:50:00+00:00,2022-12-01 02:25:00+00:00,8,0.67,0.2451,0.3543,1.2024,0.5048,-0.0483,0.0122,0.0152,-0.0116,CATEGORY_C_FALSE_OR_CHOP
201155,201162,2022-12-01 03:20:00+00:00,2022-12-01 03:55:00+00:00,8,0.67,0.3413,0.3827,0.8307,0.4967,0.0135,0.0101,0.0173,-0.0145,CATEGORY_C_FALSE_OR_CHOP
201233,201238,2022-12-01 09:50:00+00:00,2022-12-01 10:15:00+00:00,6,0.5,0.2774,0.3246,0.7134,0.4884,-0.0221,0.013,0.0144,-0.0077,CATEGORY_C_FALSE_OR_CHOP
201450,201478,2022-12-02 03:55:00+00:00,2022-12-02 06:15:00+00:00,29,2.42,0.2744,0.3862,0.7216,0.5009,-0.0077,0.0151,0.0086,0.0013,CATEGORY_C_FALSE_OR_CHOP
201503,201514,2022-12-02 08:20:00+00:00,2022-12-02 09:15:00+00:00,12,1.0,0.2522,0.3423,1.0546,0.509,-0.0095,0.0127,0.0109,-0.001,CATEGORY_C_FALSE_OR_CHOP
201521,201526,2022-12-02 09:50:00+00:00,2022-12-02 10:15:00+00:00,6,0.5,0.3146,0.3409,0.8165,0.502,0.0033,0.0129,0.0108,0.0005,CATEGORY_C_FALSE_OR_CHOP
201529,201534,2022-12-02 10:30:00+00:00,2022-12-02 10:55:00+00:00,6,0.5,0.3485,0.3635,1.0805,0.52,0.1038,0.013,0.0107,-0.0003,CATEGORY_C_FALSE_OR_CHOP
201628,201634,2022-12-02 18:45:00+00:00,2022-12-02 19:15:00+00:00,7,0.58,0.2454,0.2756,1.1896,0.4692,-0.0156,0.0146,0.0036,0.0014,CATEGORY_C_FALSE_OR_CHOP
201732,201739,2022-12-03 03:25:00+00:00,2022-12-03 04:00:00+00:00,8,0.67,0.2596,0.2807,1.0161,0.488,0.0409,0.0019,0.0093,-0.0032,CATEGORY_C_FALSE_OR_CHOP
201746,201753,2022-12-03 04:35:00+00:00,2022-12-03 05:10:00+00:00,8,0.67,0.3089,0.3202,0.7701,0.4852,0.0041,0.003,0.0093,0.0025,CATEGORY_C_FALSE_OR_CHOP
201810,201816,2022-12-03 09:55:00+00:00,2022-12-03 10:25:00+00:00,7,0.58,0.2693,0.3554,0.9341,0.5152,0.017,0.0051,0.0072,0.0013,CATEGORY_C_FALSE_OR_CHOP
201856,201862,2022-12-03 13:45:00+00:00,2022-12-03 14:15:00+00:00,7,0.58,0.5362,0.5715,0.7896,0.4877,0.0245,0.0068,0.0056,-0.0009,CATEGORY_C_FALSE_OR_CHOP
201880,201893,2022-12-03 15:45:00+00:00,2022-12-03 16:50:00+00:00,14,1.17,0.322,0.4288,1.1227,0.4668,-0.0298,0.0087,0.0055,0.0034,CATEGORY_C_FALSE_OR_CHOP
201918,201923,2022-12-03 18:55:00+00:00,2022-12-03 19:20:00+00:00,6,0.5,0.3995,0.4303,1.1587,0.4757,0.0388,0.0115,0.0062,0.0055,CATEGORY_C_FALSE_OR_CHOP
202066,202077,2022-12-04 07:15:00+00:00,2022-12-04 08:10:00+00:00,12,1.0,0.4693,0.5746,0.7597,0.4755,-0.0229,0.0254,0.0051,0.0189,CATEGORY_A_UPWARD_EXPANSION
202400,202410,2022-12-05 11:05:00+00:00,2022-12-05 11:55:00+00:00,11,0.92,0.3898,0.4643,1.1898,0.4944,0.0047,0.0002,0.0256,-0.0189,CATEGORY_B_DOWNWARD_EXPANSION
202517,202531,2022-12-05 20:50:00+00:00,2022-12-05 22:00:00+00:00,15,1.25,0.3071,0.4146,1.0299,0.4976,-0.0452,0.0078,0.0037,0.0007,CATEGORY_C_FALSE_OR_CHOP
202533,202539,2022-12-05 22:10:00+00:00,2022-12-05 22:40:00+00:00,7,0.58,0.514,0.5362,0.8882,0.5274,-0.0248,0.0078,0.0038,0.0012,CATEGORY_C_FALSE_OR_CHOP
202598,202604,2022-12-06 03:35:00+00:00,2022-12-06 04:05:00+00:00,7,0.58,0.4519,0.5002,1.5628,0.4713,-0.0187,0.0079,0.006,0.0009,CATEGORY_C_FALSE_OR_CHOP
202610,202620,2022-12-06 04:35:00+00:00,2022-12-06 05:25:00+00:00,11,0.92,0.4571,0.6025,0.8571,0.494,-0.0039,0.0084,0.0055,-0.0003,CATEGORY_C_FALSE_OR_CHOP
202797,202802,2022-12-06 20:10:00+00:00,2022-12-06 20:35:00+00:00,6,0.5,0.591,0.6857,0.9135,0.4998,0.057,0.0099,0.0174,-0.0083,CATEGORY_C_FALSE_OR_CHOP
202815,202827,2022-12-06 21:40:00+00:00,2022-12-06 22:40:00+00:00,13,1.08,0.4002,0.5888,0.8677,0.5238,-0.008,0.0088,0.0185,-0.009,CATEGORY_C_FALSE_OR_CHOP
202876,202897,2022-12-07 02:45:00+00:00,2022-12-07 04:30:00+00:00,22,1.83,0.2506,0.442,0.9048,0.4882,0.018,0.001,0.0206,-0.0122,CATEGORY_B_DOWNWARD_EXPANSION
203049,203054,2022-12-07 17:10:00+00:00,2022-12-07 17:35:00+00:00,6,0.5,0.4095,0.4918,1.1635,0.4816,-0.0237,0.0104,0.0041,0.0081,CATEGORY_C_FALSE_OR_CHOP
203100,203110,2022-12-07 21:25:00+00:00,2022-12-07 22:15:00+00:00,11,0.92,0.3464,0.3936,1.0058,0.5203,-0.0616,0.028,0.0056,0.0239,CATEGORY_A_UPWARD_EXPANSION
203183,203188,2022-12-08 04:20:00+00:00,2022-12-08 04:45:00+00:00,6,0.5,0.4941,0.5387,0.4541,0.494,0.0053,0.0285,0.0052,0.0225,CATEGORY_A_UPWARD_EXPANSION
203192,203198,2022-12-08 05:05:00+00:00,2022-12-08 05:35:00+00:00,7,0.58,0.2356,0.3287,0.7515,0.4958,-0.0158,0.0289,0.0048,0.0236,CATEGORY_A_UPWARD_EXPANSION
203226,203236,2022-12-08 07:55:00+00:00,2022-12-08 08:45:00+00:00,11,0.92,0.3207,0.5816,0.8781,0.4948,0.0173,0.0283,0.0053,0.0228,CATEGORY_A_UPWARD_EXPANSION
203464,203470,2022-12-09 03:45:00+00:00,2022-12-09 04:15:00+00:00,7,0.58,0.3111,0.3913,0.9697,0.4892,-0.0116,0.0095,0.0081,-0.0032,CATEGORY_C_FALSE_OR_CHOP
203510,203527,2022-12-09 07:35:00+00:00,2022-12-09 09:00:00+00:00,18,1.5,0.1615,0.3156,1.0497,0.4916,0.0204,0.0087,0.0088,-0.004,CATEGORY_C_FALSE_OR_CHOP
203620,203628,2022-12-09 16:45:00+00:00,2022-12-09 17:25:00+00:00,9,0.75,0.4121,0.4387,0.717,0.4867,0.024,0.0042,0.0052,0.0018,CATEGORY_C_FALSE_OR_CHOP
203690,203700,2022-12-09 22:35:00+00:00,2022-12-09 23:25:00+00:00,11,0.92,0.3375,0.4609,1.6583,0.4945,-0.0533,0.0051,0.0016,-0.001,CATEGORY_C_FALSE_OR_CHOP
203727,203733,2022-12-10 01:40:00+00:00,2022-12-10 02:10:00+00:00,7,0.58,0.4433,0.5168,0.6633,0.4832,0.0438,0.0044,0.0035,-0.0001,CATEGORY_C_FALSE_OR_CHOP
203743,203748,2022-12-10 03:00:00+00:00,2022-12-10 03:25:00+00:00,6,0.5,0.5386,0.5591,1.0078,0.501,0.0442,0.0047,0.0032,0.0005,CATEGORY_C_FALSE_OR_CHOP
203846,203851,2022-12-10 11:35:00+00:00,2022-12-10 12:00:00+00:00,6,0.5,0.4285,0.4489,1.0706,0.4705,0.0171,0.0035,0.0044,-0.0008,CATEGORY_C_FALSE_OR_CHOP
203955,203962,2022-12-10 20:40:00+00:00,2022-12-10 21:15:00+00:00,8,0.67,0.5914,0.6223,0.964,0.4913,-0.012,0.0058,0.0049,-0.003,CATEGORY_C_FALSE_OR_CHOP
204108,204118,2022-12-11 09:25:00+00:00,2022-12-11 10:15:00+00:00,11,0.92,0.4493,0.5864,0.9292,0.4956,0.0068,0.0065,0.0167,-0.011,CATEGORY_C_FALSE_OR_CHOP
204177,204183,2022-12-11 15:10:00+00:00,2022-12-11 15:40:00+00:00,7,0.58,0.6209,0.7014,0.7942,0.5077,-0.0651,0.0074,0.0159,-0.0074,CATEGORY_C_FALSE_OR_CHOP
204185,204193,2022-12-11 15:50:00+00:00,2022-12-11 16:30:00+00:00,9,0.75,0.6617,0.7205,0.7721,0.4979,0.0413,0.0069,0.0164,-0.008,CATEGORY_C_FALSE_OR_CHOP
204215,204220,2022-12-11 18:20:00+00:00,2022-12-11 18:45:00+00:00,6,0.5,0.3614,0.5295,1.0852,0.5033,0.0176,0.0058,0.0175,-0.009,CATEGORY_C_FALSE_OR_CHOP
204350,204365,2022-12-12 05:35:00+00:00,2022-12-12 06:50:00+00:00,16,1.33,0.2623,0.3499,0.9225,0.4959,0.0043,0.0183,0.0016,0.0128,CATEGORY_C_FALSE_OR_CHOP
204675,204681,2022-12-13 08:40:00+00:00,2022-12-13 09:10:00+00:00,7,0.58,0.5726,0.6187,1.036,0.4904,0.0514,0.0478,0.0,0.0385,CATEGORY_A_UPWARD_EXPANSION
204882,204892,2022-12-14 01:55:00+00:00,2022-12-14 02:45:00+00:00,11,0.92,0.2471,0.2805,0.8117,0.5138,0.0336,0.0344,0.0121,-0.0046,CATEGORY_A_UPWARD_EXPANSION
204911,204916,2022-12-14 04:20:00+00:00,2022-12-14 04:45:00+00:00,6,0.5,0.2884,0.3082,1.2611,0.4996,-0.0144,0.0352,0.0114,-0.004,CATEGORY_A_UPWARD_EXPANSION
204963,204970,2022-12-14 08:40:00+00:00,2022-12-14 09:15:00+00:00,8,0.67,0.3288,0.3344,0.6112,0.4625,0.0097,0.031,0.0154,-0.0091,CATEGORY_A_UPWARD_EXPANSION
204985,204990,2022-12-14 10:30:00+00:00,2022-12-14 10:55:00+00:00,6,0.5,0.4407,0.4546,0.8384,0.492,0.0245,0.0314,0.015,-0.0091,CATEGORY_A_UPWARD_EXPANSION
204993,205003,2022-12-14 11:10:00+00:00,2022-12-14 12:00:00+00:00,11,0.92,0.2717,0.2939,1.2159,0.4799,0.0089,0.0313,0.0151,-0.0062,CATEGORY_A_UPWARD_EXPANSION
205186,205191,2022-12-15 03:15:00+00:00,2022-12-15 03:40:00+00:00,6,0.5,0.3069,0.3595,1.08,0.5046,0.0328,0.0003,0.0266,-0.0188,CATEGORY_B_DOWNWARD_EXPANSION
205210,205217,2022-12-15 05:15:00+00:00,2022-12-15 05:50:00+00:00,8,0.67,0.2267,0.2714,1.1547,0.4978,0.0363,0.0013,0.0252,-0.0177,CATEGORY_B_DOWNWARD_EXPANSION
205267,205275,2022-12-15 10:00:00+00:00,2022-12-15 10:40:00+00:00,9,0.75,0.258,0.3124,0.931,0.4894,-0.0427,0.0039,0.0418,-0.0362,CATEGORY_B_DOWNWARD_EXPANSION
205277,205282,2022-12-15 10:50:00+00:00,2022-12-15 11:15:00+00:00,6,0.5,0.2704,0.2765,0.5736,0.5056,-0.074,0.0033,0.0424,-0.0367,CATEGORY_B_DOWNWARD_EXPANSION
205460,205468,2022-12-16 02:05:00+00:00,2022-12-16 02:45:00+00:00,9,0.75,0.4617,0.5185,1.1651,0.4996,0.0235,0.0068,0.0508,-0.0435,CATEGORY_B_DOWNWARD_EXPANSION
205470,205493,2022-12-16 02:55:00+00:00,2022-12-16 04:50:00+00:00,24,2.0,0.3389,0.5079,0.8216,0.473,-0.0016,0.0076,0.0501,-0.0393,CATEGORY_B_DOWNWARD_EXPANSION
205824,205834,2022-12-17 08:25:00+00:00,2022-12-17 09:15:00+00:00,11,0.92,0.3685,0.4859,0.8047,0.4984,0.0219,0.0048,0.0049,0.0009,CATEGORY_C_FALSE_OR_CHOP
205839,205845,2022-12-17 09:40:00+00:00,2022-12-17 10:10:00+00:00,7,0.58,0.5884,0.5927,0.8123,0.5291,-0.0454,0.0066,0.0032,0.0009,CATEGORY_C_FALSE_OR_CHOP
205866,205872,2022-12-17 11:55:00+00:00,2022-12-17 12:25:00+00:00,7,0.58,0.4867,0.515,0.5999,0.5057,0.0009,0.0059,0.0038,0.0002,CATEGORY_C_FALSE_OR_CHOP
205915,205933,2022-12-17 16:00:00+00:00,2022-12-17 17:30:00+00:00,19,1.58,0.3794,0.4101,0.8527,0.4891,0.0228,0.0072,0.0023,0.0007,CATEGORY_C_FALSE_OR_CHOP
205956,205968,2022-12-17 19:25:00+00:00,2022-12-17 20:25:00+00:00,13,1.08,0.3127,0.3807,0.9936,0.5149,0.0406,0.0071,0.0014,0.0044,CATEGORY_C_FALSE_OR_CHOP
205987,205993,2022-12-17 22:00:00+00:00,2022-12-17 22:30:00+00:00,7,0.58,0.3794,0.429,0.6989,0.5189,0.0736,0.0055,0.003,0.0035,CATEGORY_C_FALSE_OR_CHOP
206036,206057,2022-12-18 02:05:00+00:00,2022-12-18 03:50:00+00:00,22,1.83,0.2496,0.3799,0.9885,0.4973,-0.0148,0.0077,0.0064,-0.0032,CATEGORY_C_FALSE_OR_CHOP
206113,206121,2022-12-18 08:30:00+00:00,2022-12-18 09:10:00+00:00,9,0.75,0.5343,0.5807,1.2002,0.4908,-0.0586,0.0074,0.0067,0.0002,CATEGORY_C_FALSE_OR_CHOP
206149,206155,2022-12-18 11:30:00+00:00,2022-12-18 12:00:00+00:00,7,0.58,0.4989,0.5611,1.3552,0.4873,-0.0021,0.0087,0.0054,0.0008,CATEGORY_C_FALSE_OR_CHOP
206434,206439,2022-12-19 11:15:00+00:00,2022-12-19 11:40:00+00:00,6,0.5,0.5401,0.5563,0.6147,0.4859,0.0264,0.0077,0.0296,0.0041,CATEGORY_B_DOWNWARD_EXPANSION
206751,206756,2022-12-20 13:40:00+00:00,2022-12-20 14:05:00+00:00,6,0.5,0.4908,0.5038,0.9323,0.4935,-0.0072,0.0152,0.0057,0.0025,CATEGORY_C_FALSE_OR_CHOP
206827,206832,2022-12-20 20:00:00+00:00,2022-12-20 20:25:00+00:00,6,0.5,0.4152,0.4257,1.384,0.5021,0.0175,0.0001,0.0119,-0.0101,CATEGORY_C_FALSE_OR_CHOP
206893,206902,2022-12-21 01:30:00+00:00,2022-12-21 02:15:00+00:00,10,0.83,0.4414,0.4847,0.9952,0.4861,-0.0376,0.0028,0.0086,-0.0023,CATEGORY_C_FALSE_OR_CHOP
206953,206959,2022-12-21 06:30:00+00:00,2022-12-21 07:00:00+00:00,7,0.58,0.2767,0.3583,0.7696,0.4783,-0.0506,0.005,0.0064,-0.0022,CATEGORY_C_FALSE_OR_CHOP
206993,206998,2022-12-21 09:50:00+00:00,2022-12-21 10:15:00+00:00,6,0.5,0.4052,0.4636,0.8546,0.4924,0.0515,0.0031,0.0083,-0.0016,CATEGORY_C_FALSE_OR_CHOP
207007,207017,2022-12-21 11:00:00+00:00,2022-12-21 11:50:00+00:00,11,0.92,0.2901,0.3964,1.0491,0.4991,0.0566,0.0021,0.0093,-0.003,CATEGORY_C_FALSE_OR_CHOP
207090,207095,2022-12-21 17:55:00+00:00,2022-12-21 18:20:00+00:00,6,0.5,0.4622,0.5373,0.8696,0.4944,-0.0642,0.0039,0.0145,-0.0126,CATEGORY_C_FALSE_OR_CHOP
207207,207212,2022-12-22 03:40:00+00:00,2022-12-22 04:05:00+00:00,6,0.5,0.5591,0.5879,1.2987,0.5146,0.0078,0.0024,0.0175,-0.0015,CATEGORY_C_FALSE_OR_CHOP
207292,207297,2022-12-22 10:45:00+00:00,2022-12-22 11:10:00+00:00,6,0.5,0.4463,0.6037,1.0011,0.4818,0.0354,0.0039,0.016,0.0011,CATEGORY_C_FALSE_OR_CHOP
207512,207521,2022-12-23 05:05:00+00:00,2022-12-23 05:50:00+00:00,10,0.83,0.3683,0.4426,0.9894,0.4921,0.0345,0.0072,0.0061,-0.0007,CATEGORY_C_FALSE_OR_CHOP
207564,207572,2022-12-23 09:25:00+00:00,2022-12-23 10:05:00+00:00,9,0.75,0.3634,0.401,0.7719,0.5048,0.0066,0.0068,0.0065,-0.0004,CATEGORY_C_FALSE_OR_CHOP
207677,207691,2022-12-23 18:50:00+00:00,2022-12-23 20:00:00+00:00,15,1.25,0.3223,0.3892,0.8638,0.5038,-0.002,0.0014,0.0045,0.0001,CATEGORY_C_FALSE_OR_CHOP
207779,207785,2022-12-24 03:20:00+00:00,2022-12-24 03:50:00+00:00,7,0.58,0.3375,0.4103,0.9698,0.4944,0.0005,0.0018,0.0021,-0.0005,CATEGORY_C_FALSE_OR_CHOP
207793,207798,2022-12-24 04:30:00+00:00,2022-12-24 04:55:00+00:00,6,0.5,0.5167,0.5308,0.952,0.4906,-0.0148,0.0025,0.0014,-0.0004,CATEGORY_C_FALSE_OR_CHOP
207816,207826,2022-12-24 06:25:00+00:00,2022-12-24 07:15:00+00:00,11,0.92,0.3061,0.3906,0.8261,0.5082,0.0157,0.0031,0.001,0.0003,CATEGORY_C_FALSE_OR_CHOP
207860,207874,2022-12-24 10:05:00+00:00,2022-12-24 11:15:00+00:00,15,1.25,0.1394,0.2935,1.1751,0.4884,-0.004,0.0028,0.0012,-0.0002,CATEGORY_C_FALSE_OR_CHOP
207898,207909,2022-12-24 13:15:00+00:00,2022-12-24 14:10:00+00:00,12,1.0,0.1997,0.2294,0.9789,0.4894,0.0022,0.003,0.0012,-0.0008,CATEGORY_C_FALSE_OR_CHOP
207945,207951,2022-12-24 17:10:00+00:00,2022-12-24 17:40:00+00:00,7,0.58,0.2761,0.3156,1.063,0.4927,-0.0025,0.0022,0.0066,-0.0015,CATEGORY_C_FALSE_OR_CHOP
207984,207995,2022-12-24 20:25:00+00:00,2022-12-24 21:20:00+00:00,12,1.0,0.3563,0.5432,1.0397,0.5152,0.0123,0.0014,0.0075,-0.0031,CATEGORY_C_FALSE_OR_CHOP
208047,208055,2022-12-25 01:40:00+00:00,2022-12-25 02:20:00+00:00,9,0.75,0.4774,0.5496,0.973,0.4984,-0.0306,0.0037,0.0069,0.0021,CATEGORY_C_FALSE_OR_CHOP
208073,208081,2022-12-25 03:50:00+00:00,2022-12-25 04:30:00+00:00,9,0.75,0.371,0.5316,0.9548,0.4961,0.0263,0.0056,0.0065,0.0027,CATEGORY_C_FALSE_OR_CHOP
208133,208144,2022-12-25 08:50:00+00:00,2022-12-25 09:45:00+00:00,12,1.0,0.3323,0.44,0.8948,0.4966,-0.0301,0.0057,0.0063,0.0012,CATEGORY_C_FALSE_OR_CHOP
208463,208471,2022-12-26 12:20:00+00:00,2022-12-26 13:00:00+00:00,9,0.75,0.2709,0.432,0.6197,0.5079,0.0055,0.0068,0.004,-0.0023,CATEGORY_C_FALSE_OR_CHOP
208492,208498,2022-12-26 14:45:00+00:00,2022-12-26 15:15:00+00:00,7,0.58,0.6315,0.6643,0.9797,0.5067,-0.0158,0.0084,0.0058,-0.001,CATEGORY_C_FALSE_OR_CHOP
208514,208523,2022-12-26 16:35:00+00:00,2022-12-26 17:20:00+00:00,10,0.83,0.4714,0.5244,1.03,0.4908,-0.0083,0.0084,0.0058,-0.0044,CATEGORY_C_FALSE_OR_CHOP
208525,208530,2022-12-26 17:30:00+00:00,2022-12-26 17:55:00+00:00,6,0.5,0.4932,0.5359,1.2922,0.5001,-0.02,0.0082,0.0128,-0.0092,CATEGORY_C_FALSE_OR_CHOP
208539,208544,2022-12-26 18:40:00+00:00,2022-12-26 19:05:00+00:00,6,0.5,0.4319,0.5522,0.9697,0.4896,0.0169,0.0091,0.0123,-0.0107,CATEGORY_C_FALSE_OR_CHOP
208856,208864,2022-12-27 21:05:00+00:00,2022-12-27 21:45:00+00:00,9,0.75,0.3637,0.4298,1.1312,0.5206,-0.0144,0.007,0.0122,-0.0094,CATEGORY_C_FALSE_OR_CHOP
208979,208986,2022-12-28 07:20:00+00:00,2022-12-28 07:55:00+00:00,8,0.67,0.4817,0.5223,0.8721,0.4979,0.0136,0.0083,0.0109,-0.0055,CATEGORY_C_FALSE_OR_CHOP
208999,209004,2022-12-28 09:00:00+00:00,2022-12-28 09:25:00+00:00,6,0.5,0.3788,0.4552,0.9833,0.4841,-0.015,0.0086,0.0106,-0.0034,CATEGORY_C_FALSE_OR_CHOP
209057,209062,2022-12-28 13:50:00+00:00,2022-12-28 14:15:00+00:00,6,0.5,0.3872,0.4252,0.7998,0.4949,0.0169,0.0076,0.0116,-0.0029,CATEGORY_C_FALSE_OR_CHOP
209113,209119,2022-12-28 18:30:00+00:00,2022-12-28 19:00:00+00:00,7,0.58,0.4889,0.5202,0.7542,0.5045,0.0232,0.0014,0.0106,-0.0003,CATEGORY_C_FALSE_OR_CHOP
209176,209185,2022-12-28 23:45:00+00:00,2022-12-29 00:30:00+00:00,10,0.83,0.3622,0.4237,1.0485,0.4797,-0.0495,0.0068,0.0038,0.0052,CATEGORY_C_FALSE_OR_CHOP
209239,209244,2022-12-29 05:00:00+00:00,2022-12-29 05:25:00+00:00,6,0.5,0.4927,0.5174,0.7303,0.494,-0.0503,0.0063,0.0025,0.0022,CATEGORY_C_FALSE_OR_CHOP
209250,209255,2022-12-29 05:55:00+00:00,2022-12-29 06:20:00+00:00,6,0.5,0.4701,0.5122,0.9735,0.47,0.0006,0.0057,0.0032,-0.0014,CATEGORY_C_FALSE_OR_CHOP
209442,209448,2022-12-29 21:55:00+00:00,2022-12-29 22:25:00+00:00,7,0.58,0.6076,0.6581,0.9325,0.5225,0.0114,0.0037,0.017,-0.0019,CATEGORY_C_FALSE_OR_CHOP
209487,209494,2022-12-30 01:40:00+00:00,2022-12-30 02:15:00+00:00,8,0.67,0.5686,0.606,0.9422,0.492,-0.0185,0.0044,0.0163,-0.0022,CATEGORY_C_FALSE_OR_CHOP
209508,209514,2022-12-30 03:25:00+00:00,2022-12-30 03:55:00+00:00,7,0.58,0.3278,0.5041,0.9447,0.4954,-0.02,0.0047,0.016,-0.0028,CATEGORY_C_FALSE_OR_CHOP
209516,209521,2022-12-30 04:05:00+00:00,2022-12-30 04:30:00+00:00,6,0.5,0.3104,0.3401,1.0108,0.4806,-0.0036,0.0049,0.0159,-0.003,CATEGORY_C_FALSE_OR_CHOP
209523,209529,2022-12-30 04:40:00+00:00,2022-12-30 05:10:00+00:00,7,0.58,0.6653,0.7058,0.9699,0.4801,-0.0261,0.0046,0.0162,-0.0025,CATEGORY_C_FALSE_OR_CHOP
209737,209742,2022-12-30 22:30:00+00:00,2022-12-30 22:55:00+00:00,6,0.5,0.2998,0.4411,0.9663,0.4836,-0.0299,0.0037,0.0068,-0.0038,CATEGORY_C_FALSE_OR_CHOP
209772,209777,2022-12-31 01:25:00+00:00,2022-12-31 01:50:00+00:00,6,0.5,0.4433,0.4865,0.9798,0.5032,-0.0275,0.0043,0.0062,-0.0016,CATEGORY_C_FALSE_OR_CHOP
209786,209794,2022-12-31 02:35:00+00:00,2022-12-31 03:15:00+00:00,9,0.75,0.1821,0.2222,1.07,0.4854,-0.0225,0.0045,0.006,-0.0029,CATEGORY_C_FALSE_OR_CHOP
210107,210113,2023-01-01 05:20:00+00:00,2023-01-01 05:50:00+00:00,7,0.58,0.5189,0.5845,0.8265,0.532,0.0265,0.0112,0.0014,0.0077,CATEGORY_C_FALSE_OR_CHOP
210150,210156,2023-01-01 08:55:00+00:00,2023-01-01 09:25:00+00:00,7,0.58,0.4826,0.575,0.9066,0.5131,0.0028,0.0156,0.0,0.0127,CATEGORY_C_FALSE_OR_CHOP
210214,210221,2023-01-01 14:15:00+00:00,2023-01-01 14:50:00+00:00,8,0.67,0.585,0.6362,1.3696,0.5109,-0.0267,0.0135,0.0009,0.009,CATEGORY_C_FALSE_OR_CHOP
210357,210372,2023-01-02 02:10:00+00:00,2023-01-02 03:25:00+00:00,16,1.33,0.5252,0.658,0.9802,0.4975,-0.0234,0.013,0.0001,0.0061,CATEGORY_C_FALSE_OR_CHOP
210545,210555,2023-01-02 17:50:00+00:00,2023-01-02 18:40:00+00:00,11,0.92,0.1952,0.3026,1.031,0.5175,-0.0086,0.0054,0.0062,-0.0038,CATEGORY_C_FALSE_OR_CHOP
210672,210677,2023-01-03 04:25:00+00:00,2023-01-03 04:50:00+00:00,6,0.5,0.388,0.4531,0.8436,0.4938,-0.0063,0.0136,0.0047,0.0107,CATEGORY_C_FALSE_OR_CHOP
210751,210756,2023-01-03 11:00:00+00:00,2023-01-03 11:25:00+00:00,6,0.5,0.4881,0.5108,0.9047,0.4771,-0.0059,0.0115,0.0073,0.0072,CATEGORY_C_FALSE_OR_CHOP
210879,210884,2023-01-03 21:40:00+00:00,2023-01-03 22:05:00+00:00,6,0.5,0.3826,0.4258,1.0527,0.5141,-0.0428,0.0198,0.0008,0.0099,CATEGORY_C_FALSE_OR_CHOP
210974,210989,2023-01-04 05:35:00+00:00,2023-01-04 06:50:00+00:00,16,1.33,0.4433,0.4947,1.0089,0.4941,-0.0117,0.0073,0.0061,-0.0028,CATEGORY_C_FALSE_OR_CHOP
211037,211048,2023-01-04 10:50:00+00:00,2023-01-04 11:45:00+00:00,12,1.0,0.3183,0.3591,0.7907,0.4955,0.001,0.0088,0.0047,-0.001,CATEGORY_C_FALSE_OR_CHOP
211168,211178,2023-01-04 21:45:00+00:00,2023-01-04 22:35:00+00:00,11,0.92,0.3387,0.4037,1.2166,0.5109,0.0063,0.0028,0.0048,0.0006,CATEGORY_C_FALSE_OR_CHOP
211221,211244,2023-01-05 02:10:00+00:00,2023-01-05 04:05:00+00:00,24,2.0,0.3036,0.4175,1.1786,0.498,0.0004,0.0032,0.0043,0.0004,CATEGORY_C_FALSE_OR_CHOP
211463,211469,2023-01-05 22:20:00+00:00,2023-01-05 22:50:00+00:00,7,0.58,0.4643,0.5213,1.3709,0.4656,-0.0131,0.012,0.0095,0.0068,CATEGORY_C_FALSE_OR_CHOP
211524,211529,2023-01-06 03:25:00+00:00,2023-01-06 03:50:00+00:00,6,0.5,0.5272,0.5329,0.9207,0.4747,0.0332,0.012,0.0095,0.0067,CATEGORY_C_FALSE_OR_CHOP
211583,211591,2023-01-06 08:20:00+00:00,2023-01-06 09:00:00+00:00,9,0.75,0.565,0.5923,0.9852,0.4945,-0.013,0.0144,0.0071,0.0077,CATEGORY_C_FALSE_OR_CHOP
211798,211804,2023-01-07 02:15:00+00:00,2023-01-07 02:45:00+00:00,7,0.58,0.3166,0.4284,0.7027,0.4895,0.0169,0.0006,0.0024,-0.0013,CATEGORY_C_FALSE_OR_CHOP
211809,211814,2023-01-07 03:10:00+00:00,2023-01-07 03:35:00+00:00,6,0.5,0.5022,0.5194,0.8649,0.5007,-0.0022,0.0002,0.0026,-0.0009,CATEGORY_C_FALSE_OR_CHOP
211826,211837,2023-01-07 04:35:00+00:00,2023-01-07 05:30:00+00:00,12,1.0,0.1453,0.2111,0.9402,0.494,0.0165,0.001,0.0018,0.0,CATEGORY_C_FALSE_OR_CHOP
211850,211858,2023-01-07 06:35:00+00:00,2023-01-07 07:15:00+00:00,9,0.75,0.1927,0.2809,0.953,0.5138,-0.0203,0.0012,0.0016,0.0006,CATEGORY_C_FALSE_OR_CHOP
211861,211866,2023-01-07 07:30:00+00:00,2023-01-07 07:55:00+00:00,6,0.5,0.3159,0.324,1.0535,0.5049,0.0198,0.0005,0.0024,0.0003,CATEGORY_C_FALSE_OR_CHOP
211996,212002,2023-01-07 18:45:00+00:00,2023-01-07 19:15:00+00:00,7,0.58,0.2491,0.3321,0.7419,0.4938,0.0063,0.005,0.0016,-0.0003,CATEGORY_C_FALSE_OR_CHOP
212106,212116,2023-01-08 03:55:00+00:00,2023-01-08 04:45:00+00:00,11,0.92,0.5676,0.7032,0.8256,0.487,-0.0139,0.0187,0.0012,0.0175,CATEGORY_C_FALSE_OR_CHOP
212188,212200,2023-01-08 10:45:00+00:00,2023-01-08 11:45:00+00:00,13,1.08,0.2826,0.5035,0.9146,0.4964,-0.0442,0.0204,0.0014,0.019,CATEGORY_A_UPWARD_EXPANSION
212220,212229,2023-01-08 13:25:00+00:00,2023-01-08 14:10:00+00:00,10,0.83,0.5251,0.5508,1.0401,0.4944,0.0186,0.0212,0.0012,0.0174,CATEGORY_A_UPWARD_EXPANSION
212678,212703,2023-01-10 03:35:00+00:00,2023-01-10 05:40:00+00:00,26,2.17,0.2888,0.3975,1.2132,0.4918,0.004,0.0167,0.002,0.0122,CATEGORY_C_FALSE_OR_CHOP
212764,212770,2023-01-10 10:45:00+00:00,2023-01-10 11:15:00+00:00,7,0.58,0.4356,0.4779,1.0357,0.5079,-0.0248,0.0141,0.0032,0.0099,CATEGORY_C_FALSE_OR_CHOP
212775,212781,2023-01-10 11:40:00+00:00,2023-01-10 12:10:00+00:00,7,0.58,0.4547,0.4746,0.9983,0.4804,0.0335,0.0149,0.0024,0.0098,CATEGORY_C_FALSE_OR_CHOP
213046,213052,2023-01-11 10:15:00+00:00,2023-01-11 10:45:00+00:00,7,0.58,0.4787,0.5564,1.2307,0.4651,0.0057,0.054,0.0074,0.0428,CATEGORY_A_UPWARD_EXPANSION
213054,213059,2023-01-11 10:55:00+00:00,2023-01-11 11:20:00+00:00,6,0.5,0.3345,0.3808,0.9015,0.463,-0.0012,0.0546,0.0068,0.0426,CATEGORY_A_UPWARD_EXPANSION
213077,213082,2023-01-11 12:50:00+00:00,2023-01-11 13:15:00+00:00,6,0.5,0.4357,0.5671,0.7551,0.4554,0.07,0.055,0.0064,0.0474,CATEGORY_A_UPWARD_EXPANSION
213178,213184,2023-01-11 21:15:00+00:00,2023-01-11 21:45:00+00:00,7,0.58,0.5354,0.6137,0.9786,0.4805,-0.015,0.0882,0.003,0.0733,CATEGORY_A_UPWARD_EXPANSION
213261,213268,2023-01-12 04:10:00+00:00,2023-01-12 04:45:00+00:00,8,0.67,0.1949,0.2452,1.239,0.4919,0.0498,0.0495,0.0178,0.035,CATEGORY_A_UPWARD_EXPANSION
213532,213540,2023-01-13 02:45:00+00:00,2023-01-13 03:25:00+00:00,9,0.75,0.2168,0.2635,0.905,0.4901,-0.0007,0.1287,0.003,0.1087,CATEGORY_A_UPWARD_EXPANSION
213551,213557,2023-01-13 04:20:00+00:00,2023-01-13 04:50:00+00:00,7,0.58,0.2636,0.2892,0.9373,0.459,-0.0147,0.1274,0.0041,0.1104,CATEGORY_A_UPWARD_EXPANSION
213869,213877,2023-01-14 06:50:00+00:00,2023-01-14 07:30:00+00:00,9,0.75,0.2578,0.2972,0.7441,0.4831,0.0235,0.0122,0.0344,-0.0108,CATEGORY_B_DOWNWARD_EXPANSION
213881,213886,2023-01-14 07:50:00+00:00,2023-01-14 08:15:00+00:00,6,0.5,0.3282,0.337,0.8601,0.5346,0.0137,0.0136,0.033,-0.0098,CATEGORY_B_DOWNWARD_EXPANSION
213987,213994,2023-01-14 16:40:00+00:00,2023-01-14 17:15:00+00:00,8,0.67,0.4034,0.4175,0.7335,0.5032,-0.0172,0.0124,0.0127,0.0043,CATEGORY_C_FALSE_OR_CHOP
214031,214037,2023-01-14 20:20:00+00:00,2023-01-14 20:50:00+00:00,7,0.58,0.2001,0.3722,1.3102,0.5162,0.0098,0.0112,0.0138,0.0038,CATEGORY_C_FALSE_OR_CHOP
214052,214057,2023-01-14 22:05:00+00:00,2023-01-14 22:30:00+00:00,6,0.5,0.373,0.3931,0.7155,0.4925,0.0381,0.0084,0.0166,-0.007,CATEGORY_C_FALSE_OR_CHOP
214100,214105,2023-01-15 02:05:00+00:00,2023-01-15 02:30:00+00:00,6,0.5,0.4129,0.4482,0.7535,0.511,0.0085,0.0324,0.0103,0.0252,CATEGORY_A_UPWARD_EXPANSION
214124,214130,2023-01-15 04:05:00+00:00,2023-01-15 04:35:00+00:00,7,0.58,0.1675,0.3063,1.3881,0.5187,-0.026,0.0335,0.0083,0.0183,CATEGORY_A_UPWARD_EXPANSION
214144,214155,2023-01-15 05:45:00+00:00,2023-01-15 06:40:00+00:00,12,1.0,0.2097,0.2933,1.2732,0.5013,0.0394,0.0338,0.0079,0.0216,CATEGORY_A_UPWARD_EXPANSION
214165,214173,2023-01-15 07:30:00+00:00,2023-01-15 08:10:00+00:00,9,0.75,0.2027,0.2588,0.8804,0.5177,-0.051,0.034,0.0078,0.0031,CATEGORY_A_UPWARD_EXPANSION
214209,214224,2023-01-15 11:10:00+00:00,2023-01-15 12:25:00+00:00,16,1.33,0.3361,0.3884,1.1049,0.4857,-0.0047,0.036,0.0021,0.0066,CATEGORY_A_UPWARD_EXPANSION
214244,214249,2023-01-15 14:05:00+00:00,2023-01-15 14:30:00+00:00,6,0.5,0.3862,0.4051,0.9408,0.4747,0.0221,0.0347,0.0027,0.0072,CATEGORY_A_UPWARD_EXPANSION
214307,214326,2023-01-15 19:20:00+00:00,2023-01-15 20:55:00+00:00,20,1.67,0.305,0.3949,1.0705,0.4983,0.0009,0.0272,0.0141,0.0185,CATEGORY_A_UPWARD_EXPANSION
214677,214702,2023-01-17 02:10:00+00:00,2023-01-17 04:15:00+00:00,26,2.17,0.2925,0.396,0.9191,0.5033,-0.0003,0.0245,0.0047,0.007,CATEGORY_A_UPWARD_EXPANSION
214915,214920,2023-01-17 22:00:00+00:00,2023-01-17 22:25:00+00:00,6,0.5,0.4922,0.511,0.7487,0.4781,0.0265,0.0161,0.0422,-0.0267,CATEGORY_B_DOWNWARD_EXPANSION
214991,215008,2023-01-18 04:20:00+00:00,2023-01-18 05:45:00+00:00,18,1.5,0.4147,0.4758,1.1899,0.5015,0.0106,0.017,0.0414,-0.0228,CATEGORY_B_DOWNWARD_EXPANSION
215021,215027,2023-01-18 06:50:00+00:00,2023-01-18 07:20:00+00:00,7,0.58,0.4328,0.4455,0.8896,0.5115,0.0144,0.0179,0.0405,-0.0212,CATEGORY_B_DOWNWARD_EXPANSION
215071,215084,2023-01-18 11:00:00+00:00,2023-01-18 12:05:00+00:00,14,1.17,0.2866,0.3735,1.0085,0.5057,-0.0025,0.021,0.0377,-0.0216,CATEGORY_B_DOWNWARD_EXPANSION
215287,215292,2023-01-19 05:00:00+00:00,2023-01-19 05:25:00+00:00,6,0.5,0.2861,0.3238,0.8176,0.4968,-0.0542,0.0191,0.0077,0.0077,CATEGORY_C_FALSE_OR_CHOP
215294,215299,2023-01-19 05:35:00+00:00,2023-01-19 06:00:00+00:00,6,0.5,0.2313,0.2526,0.8293,0.5018,0.0117,0.0195,0.0073,0.0078,CATEGORY_C_FALSE_OR_CHOP
215592,215598,2023-01-20 06:25:00+00:00,2023-01-20 06:55:00+00:00,7,0.58,0.7164,0.7533,0.9117,0.4787,-0.0084,0.0883,0.0039,0.0801,CATEGORY_A_UPWARD_EXPANSION
215620,215626,2023-01-20 08:45:00+00:00,2023-01-20 09:15:00+00:00,7,0.58,0.7149,0.7435,1.185,0.4776,-0.0366,0.0895,0.0003,0.0871,CATEGORY_A_UPWARD_EXPANSION
215640,215653,2023-01-20 10:25:00+00:00,2023-01-20 11:30:00+00:00,14,1.17,0.4973,0.645,0.9567,0.5005,-0.0417,0.1134,0.0004,0.0931,CATEGORY_A_UPWARD_EXPANSION
215863,215876,2023-01-21 05:00:00+00:00,2023-01-21 06:05:00+00:00,14,1.17,0.2984,0.3504,0.8694,0.4782,-0.0204,0.035,0.0006,0.0132,CATEGORY_A_UPWARD_EXPANSION
216135,216144,2023-01-22 03:40:00+00:00,2023-01-22 04:25:00+00:00,10,0.83,0.3423,0.3702,0.9528,0.4932,0.0287,0.0127,0.0218,-0.0044,CATEGORY_B_DOWNWARD_EXPANSION
216149,216166,2023-01-22 04:50:00+00:00,2023-01-22 06:15:00+00:00,18,1.5,0.1633,0.2835,0.7847,0.4986,0.0213,0.0084,0.0259,-0.0062,CATEGORY_B_DOWNWARD_EXPANSION
216182,216187,2023-01-22 07:35:00+00:00,2023-01-22 08:00:00+00:00,6,0.5,0.2322,0.241,1.0691,0.4724,-0.0282,0.0085,0.0259,-0.0078,CATEGORY_B_DOWNWARD_EXPANSION
216306,216312,2023-01-22 17:55:00+00:00,2023-01-22 18:25:00+00:00,7,0.58,0.3222,0.4025,0.7837,0.4747,-0.0294,0.0133,0.0255,0.01,CATEGORY_B_DOWNWARD_EXPANSION
216436,216444,2023-01-23 04:45:00+00:00,2023-01-23 05:25:00+00:00,9,0.75,0.4253,0.4641,0.6825,0.4989,-0.0086,0.0189,0.011,0.0141,CATEGORY_C_FALSE_OR_CHOP
216703,216718,2023-01-24 03:00:00+00:00,2023-01-24 04:15:00+00:00,16,1.33,0.307,0.3672,0.8188,0.5029,-0.0289,0.0037,0.0337,-0.0193,CATEGORY_B_DOWNWARD_EXPANSION
216720,216726,2023-01-24 04:25:00+00:00,2023-01-24 04:55:00+00:00,7,0.58,0.3727,0.397,0.7637,0.4827,-0.0008,0.0039,0.0335,-0.0194,CATEGORY_B_DOWNWARD_EXPANSION
216739,216744,2023-01-24 06:00:00+00:00,2023-01-24 06:25:00+00:00,6,0.5,0.4785,0.4924,0.7701,0.5013,0.0109,0.0001,0.036,-0.019,CATEGORY_B_DOWNWARD_EXPANSION
216802,216809,2023-01-24 11:15:00+00:00,2023-01-24 11:50:00+00:00,8,0.67,0.341,0.3819,1.0042,0.5075,-0.0661,0.0087,0.0254,-0.013,CATEGORY_B_DOWNWARD_EXPANSION
216897,216902,2023-01-24 19:10:00+00:00,2023-01-24 19:35:00+00:00,6,0.5,0.4146,0.4714,0.9263,0.5093,0.0145,0.0034,0.0305,-0.0132,CATEGORY_B_DOWNWARD_EXPANSION
217000,217018,2023-01-25 03:45:00+00:00,2023-01-25 05:15:00+00:00,19,1.58,0.2768,0.3888,0.9092,0.5005,-0.014,0.0526,0.0129,0.024,CATEGORY_A_UPWARD_EXPANSION
217475,217482,2023-01-26 19:20:00+00:00,2023-01-26 19:55:00+00:00,8,0.67,0.2893,0.3665,1.131,0.5087,-0.0047,0.0093,0.0232,0.0079,CATEGORY_B_DOWNWARD_EXPANSION
217574,217590,2023-01-27 03:35:00+00:00,2023-01-27 04:55:00+00:00,17,1.42,0.4651,0.5626,0.8692,0.4932,0.0074,0.0306,0.0003,0.0127,CATEGORY_A_UPWARD_EXPANSION
217762,217768,2023-01-27 19:15:00+00:00,2023-01-27 19:45:00+00:00,7,0.58,0.4374,0.5164,1.5205,0.5126,0.0111,0.0121,0.0146,-0.0076,CATEGORY_C_FALSE_OR_CHOP
217839,217848,2023-01-28 01:40:00+00:00,2023-01-28 02:25:00+00:00,10,0.83,0.461,0.5339,1.023,0.4883,-0.0194,0.018,0.0086,0.0029,CATEGORY_C_FALSE_OR_CHOP
217850,217862,2023-01-28 02:35:00+00:00,2023-01-28 03:35:00+00:00,13,1.08,0.4002,0.4636,0.9248,0.5016,0.0161,0.0172,0.0093,0.0023,CATEGORY_C_FALSE_OR_CHOP
217873,217878,2023-01-28 04:30:00+00:00,2023-01-28 04:55:00+00:00,6,0.5,0.3252,0.4021,1.3646,0.4852,-0.0099,0.0173,0.0093,0.0059,CATEGORY_C_FALSE_OR_CHOP
217988,217998,2023-01-28 14:05:00+00:00,2023-01-28 14:55:00+00:00,11,0.92,0.2516,0.3195,0.8371,0.4935,-0.0239,0.0312,0.0007,0.0257,CATEGORY_A_UPWARD_EXPANSION
218016,218023,2023-01-28 16:25:00+00:00,2023-01-28 17:00:00+00:00,8,0.67,0.484,0.5042,0.879,0.4962,0.0207,0.028,0.0035,0.025,CATEGORY_A_UPWARD_EXPANSION
218052,218062,2023-01-28 19:25:00+00:00,2023-01-28 20:15:00+00:00,11,0.92,0.3479,0.394,0.9993,0.4947,-0.0263,0.0404,0.0038,0.0333,CATEGORY_A_UPWARD_EXPANSION
218196,218202,2023-01-29 07:25:00+00:00,2023-01-29 07:55:00+00:00,7,0.58,0.3139,0.3913,0.7827,0.5288,-0.0173,0.0326,0.0022,0.0189,CATEGORY_A_UPWARD_EXPANSION
218434,218444,2023-01-30 03:15:00+00:00,2023-01-30 04:05:00+00:00,11,0.92,0.4893,0.5654,1.0862,0.5029,0.0049,0.0016,0.0519,-0.0383,CATEGORY_B_DOWNWARD_EXPANSION
218446,218459,2023-01-30 04:15:00+00:00,2023-01-30 05:20:00+00:00,14,1.17,0.3261,0.3843,1.0204,0.485,0.0269,0.0021,0.0504,-0.0355,CATEGORY_B_DOWNWARD_EXPANSION
218715,218725,2023-01-31 02:40:00+00:00,2023-01-31 03:30:00+00:00,11,0.92,0.2543,0.4226,0.7,0.4704,0.0126,0.0204,0.0048,0.0098,CATEGORY_A_UPWARD_EXPANSION
218727,218736,2023-01-31 03:40:00+00:00,2023-01-31 04:25:00+00:00,10,0.83,0.3384,0.3808,1.3272,0.5027,0.0106,0.021,0.0042,0.013,CATEGORY_A_UPWARD_EXPANSION
218746,218751,2023-01-31 05:15:00+00:00,2023-01-31 05:40:00+00:00,6,0.5,0.3492,0.3767,0.9799,0.4869,-0.0062,0.0213,0.0039,0.0133,CATEGORY_A_UPWARD_EXPANSION
218795,218806,2023-01-31 09:20:00+00:00,2023-01-31 10:15:00+00:00,12,1.0,0.3239,0.5198,1.2299,0.4862,-0.0138,0.0193,0.003,0.0052,CATEGORY_C_FALSE_OR_CHOP
218895,218902,2023-01-31 17:40:00+00:00,2023-01-31 18:15:00+00:00,8,0.67,0.3933,0.4458,0.8999,0.5039,-0.004,0.0078,0.0141,-0.0066,CATEGORY_C_FALSE_OR_CHOP
219002,219012,2023-02-01 02:35:00+00:00,2023-02-01 03:25:00+00:00,11,0.92,0.4184,0.4675,1.044,0.4824,-0.0436,0.0508,0.014,0.0351,CATEGORY_A_UPWARD_EXPANSION
219014,219022,2023-02-01 03:35:00+00:00,2023-02-01 04:15:00+00:00,9,0.75,0.3408,0.3919,0.9514,0.5269,-0.0357,0.049,0.0157,0.0328,CATEGORY_A_UPWARD_EXPANSION
219029,219034,2023-02-01 04:50:00+00:00,2023-02-01 05:15:00+00:00,6,0.5,0.3495,0.3729,1.2197,0.5234,0.0266,0.0478,0.0167,0.0315,CATEGORY_A_UPWARD_EXPANSION
219091,219106,2023-02-01 10:00:00+00:00,2023-02-01 11:15:00+00:00,16,1.33,0.3112,0.4517,1.0172,0.5037,0.0559,0.0531,0.0118,0.0338,CATEGORY_A_UPWARD_EXPANSION
219110,219115,2023-02-01 11:35:00+00:00,2023-02-01 12:00:00+00:00,6,0.5,0.5637,0.5762,1.0226,0.495,0.0656,0.0507,0.0141,0.0313,CATEGORY_A_UPWARD_EXPANSION
219354,219359,2023-02-02 07:55:00+00:00,2023-02-02 08:20:00+00:00,6,0.5,0.3399,0.4055,0.9516,0.5184,-0.0259,0.0135,0.021,-0.019,CATEGORY_B_DOWNWARD_EXPANSION
219378,219384,2023-02-02 09:55:00+00:00,2023-02-02 10:25:00+00:00,7,0.58,0.2884,0.3145,0.6719,0.4997,-0.0297,0.0144,0.0202,-0.0179,CATEGORY_B_DOWNWARD_EXPANSION
219598,219621,2023-02-03 04:15:00+00:00,2023-02-03 06:10:00+00:00,24,2.0,0.2756,0.3458,0.9904,0.5108,0.0101,0.0071,0.0146,-0.0109,CATEGORY_C_FALSE_OR_CHOP
219662,219670,2023-02-03 09:35:00+00:00,2023-02-03 10:15:00+00:00,9,0.75,0.2613,0.3815,1.098,0.5003,-0.0091,0.0129,0.0089,-0.0024,CATEGORY_C_FALSE_OR_CHOP
219802,219808,2023-02-03 21:15:00+00:00,2023-02-03 21:45:00+00:00,7,0.58,0.4535,0.4792,0.804,0.4805,-0.0449,0.011,0.0033,0.0032,CATEGORY_C_FALSE_OR_CHOP
219838,219844,2023-02-04 00:15:00+00:00,2023-02-04 00:45:00+00:00,7,0.58,0.3853,0.4396,1.331,0.523,-0.0247,0.0062,0.0081,-0.0054,CATEGORY_C_FALSE_OR_CHOP
219878,219886,2023-02-04 03:35:00+00:00,2023-02-04 04:15:00+00:00,9,0.75,0.2649,0.3562,1.1056,0.502,-0.0349,0.0104,0.0049,-0.0007,CATEGORY_C_FALSE_OR_CHOP
219890,219897,2023-02-04 04:35:00+00:00,2023-02-04 05:10:00+00:00,8,0.67,0.4159,0.4461,1.026,0.4793,-0.0148,0.0119,0.0034,0.0026,CATEGORY_C_FALSE_OR_CHOP
219972,219979,2023-02-04 11:25:00+00:00,2023-02-04 12:00:00+00:00,8,0.67,0.3032,0.3365,1.0642,0.475,-0.0274,0.0099,0.0054,0.0004,CATEGORY_C_FALSE_OR_CHOP
220059,220074,2023-02-04 18:40:00+00:00,2023-02-04 19:55:00+00:00,16,1.33,0.3346,0.4975,0.824,0.49,0.0081,0.001,0.0292,-0.0228,CATEGORY_B_DOWNWARD_EXPANSION
220096,220105,2023-02-04 21:45:00+00:00,2023-02-04 22:30:00+00:00,10,0.83,0.3865,0.4161,0.9451,0.4935,-0.0103,0.0013,0.0288,-0.0178,CATEGORY_B_DOWNWARD_EXPANSION
220145,220150,2023-02-05 01:50:00+00:00,2023-02-05 02:15:00+00:00,6,0.5,0.5961,0.6337,1.2988,0.5156,-0.0287,0.0037,0.0259,-0.0156,CATEGORY_B_DOWNWARD_EXPANSION
220152,220165,2023-02-05 02:25:00+00:00,2023-02-05 03:30:00+00:00,14,1.17,0.543,0.6152,1.2262,0.4971,0.0237,0.005,0.0246,-0.0183,CATEGORY_B_DOWNWARD_EXPANSION
220240,220245,2023-02-05 09:45:00+00:00,2023-02-05 10:10:00+00:00,6,0.5,0.35,0.3731,1.0847,0.5037,0.0057,0.0015,0.0317,-0.022,CATEGORY_B_DOWNWARD_EXPANSION
220666,220671,2023-02-06 21:15:00+00:00,2023-02-06 21:40:00+00:00,6,0.5,0.5557,0.597,0.8015,0.5056,-0.0155,0.0163,0.0147,0.0095,CATEGORY_C_FALSE_OR_CHOP
220720,220726,2023-02-07 01:45:00+00:00,2023-02-07 02:15:00+00:00,7,0.58,0.4225,0.4839,0.986,0.4947,-0.033,0.0273,0.0026,0.0197,CATEGORY_A_UPWARD_EXPANSION
220743,220750,2023-02-07 03:40:00+00:00,2023-02-07 04:15:00+00:00,8,0.67,0.3916,0.5068,0.7176,0.4969,0.0152,0.0253,0.0046,0.0169,CATEGORY_A_UPWARD_EXPANSION
220779,220786,2023-02-07 06:40:00+00:00,2023-02-07 07:15:00+00:00,8,0.67,0.5536,0.5777,1.1324,0.5057,0.0299,0.022,0.0078,0.0116,CATEGORY_A_UPWARD_EXPANSION
220798,220804,2023-02-07 08:15:00+00:00,2023-02-07 08:45:00+00:00,7,0.58,0.485,0.5222,0.8127,0.5008,0.0017,0.0246,0.0052,0.0135,CATEGORY_A_UPWARD_EXPANSION
221013,221036,2023-02-08 02:10:00+00:00,2023-02-08 04:05:00+00:00,24,2.0,0.2655,0.3438,0.9446,0.5092,0.0342,0.0001,0.0398,-0.0341,CATEGORY_B_DOWNWARD_EXPANSION
221073,221078,2023-02-08 07:10:00+00:00,2023-02-08 07:35:00+00:00,6,0.5,0.2478,0.3055,1.052,0.499,-0.0256,0.0012,0.037,-0.023,CATEGORY_B_DOWNWARD_EXPANSION
221350,221355,2023-02-09 06:15:00+00:00,2023-02-09 06:40:00+00:00,6,0.5,0.5093,0.5299,1.1222,0.5112,-0.0004,0.0098,0.0437,-0.0335,CATEGORY_B_DOWNWARD_EXPANSION
221584,221592,2023-02-10 01:45:00+00:00,2023-02-10 02:25:00+00:00,9,0.75,0.4448,0.5127,0.906,0.493,-0.0217,0.0033,0.019,-0.0091,CATEGORY_C_FALSE_OR_CHOP
221601,221606,2023-02-10 03:10:00+00:00,2023-02-10 03:35:00+00:00,6,0.5,0.3964,0.435,0.985,0.4821,0.0136,0.0025,0.0192,-0.0086,CATEGORY_C_FALSE_OR_CHOP
221643,221650,2023-02-10 06:40:00+00:00,2023-02-10 07:15:00+00:00,8,0.67,0.3595,0.3943,1.2934,0.4932,-0.0337,0.0031,0.0187,-0.0087,CATEGORY_C_FALSE_OR_CHOP
221652,221657,2023-02-10 07:25:00+00:00,2023-02-10 07:50:00+00:00,6,0.5,0.4115,0.4438,1.3139,0.509,-0.0027,0.0008,0.021,-0.0089,CATEGORY_B_DOWNWARD_EXPANSION
221660,221672,2023-02-10 08:05:00+00:00,2023-02-10 09:05:00+00:00,13,1.08,0.2514,0.4105,0.9239,0.4961,-0.0049,0.0005,0.0201,-0.0094,CATEGORY_B_DOWNWARD_EXPANSION
221881,221888,2023-02-11 02:30:00+00:00,2023-02-11 03:05:00+00:00,8,0.67,0.4595,0.5266,0.9654,0.4948,0.0212,0.0115,0.0018,0.0069,CATEGORY_C_FALSE_OR_CHOP
221904,221914,2023-02-11 04:25:00+00:00,2023-02-11 05:15:00+00:00,11,0.92,0.224,0.2674,0.957,0.4983,-0.0188,0.0103,0.003,0.0049,CATEGORY_C_FALSE_OR_CHOP
221956,221961,2023-02-11 08:45:00+00:00,2023-02-11 09:10:00+00:00,6,0.5,0.3056,0.3771,0.8055,0.4954,0.0486,0.01,0.0033,0.0066,CATEGORY_C_FALSE_OR_CHOP
221964,221975,2023-02-11 09:25:00+00:00,2023-02-11 10:20:00+00:00,12,1.0,0.2902,0.3306,1.1938,0.4855,-0.0245,0.0129,0.0029,0.008,CATEGORY_C_FALSE_OR_CHOP
221982,221993,2023-02-11 10:55:00+00:00,2023-02-11 11:50:00+00:00,12,1.0,0.1402,0.2277,0.8851,0.5112,0.0124,0.0127,0.0031,0.0093,CATEGORY_C_FALSE_OR_CHOP
222017,222028,2023-02-11 13:50:00+00:00,2023-02-11 14:45:00+00:00,12,1.0,0.2643,0.3674,0.9672,0.4965,-0.0169,0.0118,0.0056,0.0081,CATEGORY_C_FALSE_OR_CHOP
222030,222036,2023-02-11 14:55:00+00:00,2023-02-11 15:25:00+00:00,7,0.58,0.4617,0.4786,0.672,0.4886,-0.0391,0.0121,0.0053,0.0074,CATEGORY_C_FALSE_OR_CHOP
222040,222046,2023-02-11 15:45:00+00:00,2023-02-11 16:15:00+00:00,7,0.58,0.4101,0.4383,1.049,0.4813,-0.0332,0.0128,0.0046,0.0116,CATEGORY_C_FALSE_OR_CHOP
222203,222209,2023-02-12 05:20:00+00:00,2023-02-12 05:50:00+00:00,7,0.58,0.2926,0.4794,1.069,0.5133,-0.0126,0.0135,0.0079,0.0018,CATEGORY_C_FALSE_OR_CHOP
222211,222217,2023-02-12 06:00:00+00:00,2023-02-12 06:30:00+00:00,7,0.58,0.2638,0.2829,0.8219,0.5037,-0.0291,0.0135,0.0079,0.0018,CATEGORY_C_FALSE_OR_CHOP
222222,222228,2023-02-12 06:55:00+00:00,2023-02-12 07:25:00+00:00,7,0.58,0.535,0.5462,1.0136,0.4933,-0.0139,0.013,0.0085,0.0029,CATEGORY_C_FALSE_OR_CHOP
222235,222240,2023-02-12 08:00:00+00:00,2023-02-12 08:25:00+00:00,6,0.5,0.2117,0.2308,0.818,0.5144,-0.0441,0.0129,0.0085,-0.0014,CATEGORY_C_FALSE_OR_CHOP
222284,222289,2023-02-12 12:05:00+00:00,2023-02-12 12:30:00+00:00,6,0.5,0.4063,0.5329,1.1047,0.4919,0.0303,0.009,0.021,-0.0097,CATEGORY_B_DOWNWARD_EXPANSION
222497,222509,2023-02-13 05:50:00+00:00,2023-02-13 06:50:00+00:00,13,1.08,0.3241,0.4587,0.9809,0.5016,-0.0081,0.0039,0.021,-0.0032,CATEGORY_B_DOWNWARD_EXPANSION
222586,222591,2023-02-13 13:15:00+00:00,2023-02-13 13:40:00+00:00,6,0.5,0.4985,0.5656,1.0581,0.4886,-0.0188,0.0128,0.0125,0.0042,CATEGORY_C_FALSE_OR_CHOP
222680,222688,2023-02-13 21:05:00+00:00,2023-02-13 21:45:00+00:00,9,0.75,0.5379,0.5925,0.8838,0.4877,0.038,0.0338,0.0026,0.0292,CATEGORY_A_UPWARD_EXPANSION
222690,222699,2023-02-13 21:55:00+00:00,2023-02-13 22:40:00+00:00,10,0.83,0.4618,0.5159,1.25,0.5257,0.054,0.0311,0.0053,0.0247,CATEGORY_A_UPWARD_EXPANSION
222735,222744,2023-02-14 01:40:00+00:00,2023-02-14 02:25:00+00:00,10,0.83,0.5236,0.5565,1.3537,0.4989,-0.0101,0.0274,0.0088,0.0174,CATEGORY_A_UPWARD_EXPANSION
222746,222754,2023-02-14 02:35:00+00:00,2023-02-14 03:15:00+00:00,9,0.75,0.3644,0.3928,1.0615,0.5085,0.0209,0.0273,0.0089,0.0183,CATEGORY_A_UPWARD_EXPANSION
223022,223035,2023-02-15 01:35:00+00:00,2023-02-15 02:40:00+00:00,14,1.17,0.223,0.3296,0.9806,0.477,0.0003,0.1278,0.0016,0.1173,CATEGORY_A_UPWARD_EXPANSION
223054,223061,2023-02-15 04:15:00+00:00,2023-02-15 04:50:00+00:00,8,0.67,0.1782,0.2266,0.8864,0.5092,-0.0224,0.1266,0.0015,0.1155,CATEGORY_A_UPWARD_EXPANSION
223082,223088,2023-02-15 06:35:00+00:00,2023-02-15 07:05:00+00:00,7,0.58,0.1852,0.2427,1.2259,0.5007,-0.003,0.1254,0.0019,0.108,CATEGORY_A_UPWARD_EXPANSION
223107,223112,2023-02-15 08:40:00+00:00,2023-02-15 09:05:00+00:00,6,0.5,0.3872,0.3897,0.8863,0.4835,-0.0102,0.1267,0.0004,0.1112,CATEGORY_A_UPWARD_EXPANSION
223123,223129,2023-02-15 10:00:00+00:00,2023-02-15 10:30:00+00:00,7,0.58,0.3245,0.3392,0.9727,0.4982,0.0425,0.1228,0.0001,0.11,CATEGORY_A_UPWARD_EXPANSION
223410,223415,2023-02-16 09:55:00+00:00,2023-02-16 10:20:00+00:00,6,0.5,0.2467,0.2872,1.2652,0.5005,-0.0311,0.0259,0.0517,-0.0354,CATEGORY_B_DOWNWARD_EXPANSION
223418,223424,2023-02-16 10:35:00+00:00,2023-02-16 11:05:00+00:00,7,0.58,0.2868,0.3067,1.3309,0.4928,-0.0327,0.0255,0.0521,-0.0348,CATEGORY_B_DOWNWARD_EXPANSION
223705,223715,2023-02-17 10:30:00+00:00,2023-02-17 11:20:00+00:00,11,0.92,0.2548,0.294,0.989,0.5113,0.014,0.052,0.0031,0.0294,CATEGORY_A_UPWARD_EXPANSION
223724,223729,2023-02-17 12:05:00+00:00,2023-02-17 12:30:00+00:00,6,0.5,0.2044,0.2723,1.0517,0.5042,0.006,0.0503,0.0047,0.032,CATEGORY_A_UPWARD_EXPANSION
223918,223933,2023-02-18 04:15:00+00:00,2023-02-18 05:30:00+00:00,16,1.33,0.2107,0.2588,1.0855,0.4907,-0.0459,0.01,0.0081,0.0064,CATEGORY_C_FALSE_OR_CHOP
223976,223987,2023-02-18 09:05:00+00:00,2023-02-18 10:00:00+00:00,12,1.0,0.1644,0.2997,0.9597,0.4859,0.0069,0.0134,0.0045,0.0028,CATEGORY_C_FALSE_OR_CHOP
224025,224033,2023-02-18 13:10:00+00:00,2023-02-18 13:50:00+00:00,9,0.75,0.2508,0.2746,0.909,0.4798,-0.0054,0.0118,0.003,0.0037,CATEGORY_C_FALSE_OR_CHOP
224066,224073,2023-02-18 16:35:00+00:00,2023-02-18 17:10:00+00:00,8,0.67,0.2859,0.3587,0.7108,0.4988,0.0132,0.022,0.0091,-0.0047,CATEGORY_A_UPWARD_EXPANSION
224123,224134,2023-02-18 21:20:00+00:00,2023-02-18 22:15:00+00:00,12,1.0,0.3821,0.4168,1.1833,0.5063,0.021,0.0226,0.0155,-0.0049,CATEGORY_A_UPWARD_EXPANSION
224151,224158,2023-02-18 23:40:00+00:00,2023-02-19 00:15:00+00:00,8,0.67,0.458,0.5406,1.1301,0.5121,0.0181,0.0223,0.0182,-0.0103,CATEGORY_C_FALSE_OR_CHOP
224188,224208,2023-02-19 02:45:00+00:00,2023-02-19 04:25:00+00:00,21,1.75,0.4322,0.5144,1.0238,0.4985,-0.015,0.0209,0.0339,-0.0085,CATEGORY_B_DOWNWARD_EXPANSION
224254,224262,2023-02-19 08:15:00+00:00,2023-02-19 08:55:00+00:00,9,0.75,0.4906,0.5685,0.987,0.4707,-0.0207,0.0254,0.0296,-0.0045,CATEGORY_C_FALSE_OR_CHOP
224264,224271,2023-02-19 09:05:00+00:00,2023-02-19 09:40:00+00:00,8,0.67,0.5498,0.5937,0.7696,0.481,-0.0013,0.0245,0.0304,0.0073,CATEGORY_C_FALSE_OR_CHOP
224297,224306,2023-02-19 11:50:00+00:00,2023-02-19 12:35:00+00:00,10,0.83,0.4953,0.5258,0.9888,0.5019,-0.005,0.0211,0.0337,0.0059,CATEGORY_B_DOWNWARD_EXPANSION
224308,224314,2023-02-19 12:45:00+00:00,2023-02-19 13:15:00+00:00,7,0.58,0.4313,0.4387,0.978,0.5031,-0.0349,0.0194,0.0353,0.0061,CATEGORY_B_DOWNWARD_EXPANSION
224665,224684,2023-02-20 18:30:00+00:00,2023-02-20 20:05:00+00:00,20,1.67,0.2951,0.4139,0.9767,0.5033,-0.0093,0.0163,0.0228,-0.0099,CATEGORY_B_DOWNWARD_EXPANSION
224705,224710,2023-02-20 21:50:00+00:00,2023-02-20 22:15:00+00:00,6,0.5,0.5557,0.5595,0.6748,0.4797,-0.0054,0.0198,0.0247,-0.0193,CATEGORY_C_FALSE_OR_CHOP
224780,224802,2023-02-21 04:05:00+00:00,2023-02-21 05:55:00+00:00,23,1.92,0.4634,0.5438,0.9578,0.4939,0.0233,0.0122,0.0437,-0.0336,CATEGORY_B_DOWNWARD_EXPANSION
225012,225027,2023-02-21 23:25:00+00:00,2023-02-22 00:40:00+00:00,16,1.33,0.469,0.5623,1.3794,0.4917,-0.0267,0.0032,0.0321,-0.0083,CATEGORY_B_DOWNWARD_EXPANSION
225067,225075,2023-02-22 04:00:00+00:00,2023-02-22 04:40:00+00:00,9,0.75,0.5923,0.6694,1.2585,0.4843,-0.0033,0.0209,0.0216,0.0157,CATEGORY_C_FALSE_OR_CHOP
225148,225153,2023-02-22 10:45:00+00:00,2023-02-22 11:10:00+00:00,6,0.5,0.7243,0.7459,1.0776,0.4796,-0.059,0.0185,0.0239,0.0033,CATEGORY_C_FALSE_OR_CHOP
225239,225244,2023-02-22 18:20:00+00:00,2023-02-22 18:45:00+00:00,6,0.5,0.4985,0.5384,0.9831,0.4958,-0.0145,0.0339,0.0078,0.0044,CATEGORY_A_UPWARD_EXPANSION
225268,225283,2023-02-22 20:45:00+00:00,2023-02-22 22:00:00+00:00,16,1.33,0.4851,0.5487,0.7233,0.5034,-0.0014,0.0338,0.0079,0.0022,CATEGORY_A_UPWARD_EXPANSION
225314,225325,2023-02-23 00:35:00+00:00,2023-02-23 01:30:00+00:00,12,1.0,0.3495,0.5005,0.9374,0.5083,0.025,0.0182,0.0228,-0.0049,CATEGORY_C_FALSE_OR_CHOP
225360,225365,2023-02-23 04:25:00+00:00,2023-02-23 04:50:00+00:00,6,0.5,0.472,0.5776,1.0965,0.4967,-0.0032,0.0026,0.0349,-0.02,CATEGORY_B_DOWNWARD_EXPANSION
225636,225646,2023-02-24 03:25:00+00:00,2023-02-24 04:15:00+00:00,11,0.92,0.4434,0.4892,1.1186,0.5032,-0.0053,0.0031,0.0464,-0.0372,CATEGORY_B_DOWNWARD_EXPANSION
225648,225653,2023-02-24 04:25:00+00:00,2023-02-24 04:50:00+00:00,6,0.5,0.3805,0.4193,1.0585,0.4932,0.0563,0.0023,0.0472,-0.0353,CATEGORY_B_DOWNWARD_EXPANSION
225733,225739,2023-02-24 11:30:00+00:00,2023-02-24 12:00:00+00:00,7,0.58,0.4398,0.462,1.0232,0.5189,-0.0006,0.0056,0.044,-0.0378,CATEGORY_B_DOWNWARD_EXPANSION
225851,225858,2023-02-24 21:20:00+00:00,2023-02-24 21:55:00+00:00,8,0.67,0.3836,0.4828,1.8908,0.4898,-0.0327,0.005,0.0165,-0.0073,CATEGORY_C_FALSE_OR_CHOP
225881,225890,2023-02-24 23:50:00+00:00,2023-02-25 00:35:00+00:00,10,0.83,0.4306,0.521,1.114,0.5,0.008,0.0028,0.0187,-0.002,CATEGORY_C_FALSE_OR_CHOP
225900,225908,2023-02-25 01:25:00+00:00,2023-02-25 02:05:00+00:00,9,0.75,0.4125,0.4951,0.9353,0.5207,0.0084,0.0004,0.021,-0.0062,CATEGORY_B_DOWNWARD_EXPANSION
225938,225946,2023-02-25 04:35:00+00:00,2023-02-25 05:15:00+00:00,9,0.75,0.3651,0.4641,1.0398,0.4977,-0.0178,0.0061,0.0167,0.0034,CATEGORY_C_FALSE_OR_CHOP
225950,225958,2023-02-25 05:35:00+00:00,2023-02-25 06:15:00+00:00,9,0.75,0.5068,0.5344,0.6627,0.5082,0.0319,0.0078,0.0151,0.0027,CATEGORY_C_FALSE_OR_CHOP
225963,225975,2023-02-25 06:40:00+00:00,2023-02-25 07:40:00+00:00,13,1.08,0.1468,0.2223,1.3698,0.5078,-0.0099,0.0071,0.0157,0.0041,CATEGORY_C_FALSE_OR_CHOP
226028,226033,2023-02-25 12:05:00+00:00,2023-02-25 12:30:00+00:00,6,0.5,0.3474,0.4275,1.3568,0.4755,0.0368,0.0154,0.0095,0.012,CATEGORY_C_FALSE_OR_CHOP
226068,226073,2023-02-25 15:25:00+00:00,2023-02-25 15:50:00+00:00,6,0.5,0.4175,0.4742,1.205,0.4863,0.0198,0.0154,0.0111,0.0108,CATEGORY_C_FALSE_OR_CHOP
226096,226102,2023-02-25 17:45:00+00:00,2023-02-25 18:15:00+00:00,7,0.58,0.4594,0.4865,0.9893,0.5002,-0.0517,0.0132,0.0132,0.0099,CATEGORY_C_FALSE_OR_CHOP
226234,226241,2023-02-26 05:15:00+00:00,2023-02-26 05:50:00+00:00,8,0.67,0.4322,0.6269,0.9797,0.4891,0.0047,0.0232,0.0028,0.0104,CATEGORY_A_UPWARD_EXPANSION
226298,226309,2023-02-26 10:35:00+00:00,2023-02-26 11:30:00+00:00,12,1.0,0.4175,0.543,1.19,0.4943,0.0077,0.0201,0.0041,0.0088,CATEGORY_A_UPWARD_EXPANSION
226594,226602,2023-02-27 11:15:00+00:00,2023-02-27 11:55:00+00:00,9,0.75,0.4458,0.5457,0.9403,0.5189,-0.0156,0.02,0.0137,-0.0015,CATEGORY_A_UPWARD_EXPANSION
226718,226723,2023-02-27 21:35:00+00:00,2023-02-27 22:00:00+00:00,6,0.5,0.4239,0.5066,0.8796,0.5077,0.0249,0.0091,0.0156,-0.0095,CATEGORY_C_FALSE_OR_CHOP
226862,226874,2023-02-28 09:35:00+00:00,2023-02-28 10:35:00+00:00,13,1.08,0.3929,0.4683,1.1256,0.507,0.022,0.0294,0.0126,0.0188,CATEGORY_A_UPWARD_EXPANSION
226953,226960,2023-02-28 17:10:00+00:00,2023-02-28 17:45:00+00:00,8,0.67,0.6014,0.6505,0.8035,0.5056,-0.0058,0.0202,0.0215,0.0092,CATEGORY_C_FALSE_OR_CHOP
227134,227140,2023-03-01 08:15:00+00:00,2023-03-01 08:45:00+00:00,7,0.58,0.3804,0.4427,0.7402,0.4952,0.0245,0.0102,0.0193,-0.0126,CATEGORY_C_FALSE_OR_CHOP
227160,227177,2023-03-01 10:25:00+00:00,2023-03-01 11:50:00+00:00,18,1.5,0.3219,0.4019,1.0288,0.4925,-0.0259,0.0077,0.0171,-0.0118,CATEGORY_C_FALSE_OR_CHOP
227245,227255,2023-03-01 17:30:00+00:00,2023-03-01 18:20:00+00:00,11,0.92,0.4459,0.5406,0.9066,0.4969,-0.0322,0.0043,0.0211,-0.0168,CATEGORY_B_DOWNWARD_EXPANSION
227370,227384,2023-03-02 03:55:00+00:00,2023-03-02 05:05:00+00:00,15,1.25,0.2784,0.3565,1.06,0.4975,0.0022,0.0018,0.0661,-0.0487,CATEGORY_B_DOWNWARD_EXPANSION
227455,227461,2023-03-02 11:00:00+00:00,2023-03-02 11:30:00+00:00,7,0.58,0.4546,0.5018,0.857,0.5149,0.0017,0.0077,0.0606,-0.0446,CATEGORY_B_DOWNWARD_EXPANSION
227608,227615,2023-03-02 23:45:00+00:00,2023-03-03 00:20:00+00:00,8,0.67,0.6711,0.6827,1.4975,0.4769,-0.0585,0.0008,0.0627,-0.0458,CATEGORY_B_DOWNWARD_EXPANSION
227672,227682,2023-03-03 05:05:00+00:00,2023-03-03 05:55:00+00:00,11,0.92,0.3257,0.3648,0.794,0.506,-0.0076,0.007,0.0087,-0.0006,CATEGORY_C_FALSE_OR_CHOP
227684,227694,2023-03-03 06:05:00+00:00,2023-03-03 06:55:00+00:00,11,0.92,0.3527,0.3786,0.9207,0.5024,-0.0154,0.0054,0.0104,-0.0006,CATEGORY_C_FALSE_OR_CHOP
227752,227757,2023-03-03 11:45:00+00:00,2023-03-03 12:10:00+00:00,6,0.5,0.2528,0.3005,1.0424,0.5008,0.0459,0.0061,0.0096,-0.0003,CATEGORY_C_FALSE_OR_CHOP
227761,227769,2023-03-03 12:30:00+00:00,2023-03-03 13:10:00+00:00,9,0.75,0.247,0.2676,0.8738,0.4335,-0.0089,0.0077,0.0081,0.0018,CATEGORY_C_FALSE_OR_CHOP
227818,227825,2023-03-03 17:15:00+00:00,2023-03-03 17:50:00+00:00,8,0.67,0.2628,0.297,0.9111,0.5153,0.0192,0.0005,0.0129,-0.0057,CATEGORY_C_FALSE_OR_CHOP
227915,227944,2023-03-04 01:20:00+00:00,2023-03-04 03:45:00+00:00,30,2.5,0.272,0.3616,0.8701,0.4897,0.017,0.0143,0.0083,0.0031,CATEGORY_C_FALSE_OR_CHOP
227993,228000,2023-03-04 07:50:00+00:00,2023-03-04 08:25:00+00:00,8,0.67,0.3151,0.3822,0.9948,0.4744,0.0722,0.0139,0.0087,0.0009,CATEGORY_C_FALSE_OR_CHOP
228021,228026,2023-03-04 10:10:00+00:00,2023-03-04 10:35:00+00:00,6,0.5,0.2548,0.3337,1.0859,0.4508,-0.0207,0.0144,0.0082,0.003,CATEGORY_C_FALSE_OR_CHOP
228031,228036,2023-03-04 11:00:00+00:00,2023-03-04 11:25:00+00:00,6,0.5,0.4034,0.4206,1.2479,0.5228,0.0315,0.014,0.0086,0.0026,CATEGORY_C_FALSE_OR_CHOP
228110,228115,2023-03-04 17:35:00+00:00,2023-03-04 18:00:00+00:00,6,0.5,0.4288,0.456,0.9501,0.4601,0.0128,0.016,0.0066,0.0056,CATEGORY_C_FALSE_OR_CHOP
228366,228371,2023-03-05 14:55:00+00:00,2023-03-05 15:20:00+00:00,6,0.5,0.2711,0.29,1.1275,0.4927,0.0574,0.0052,0.0083,0.0006,CATEGORY_C_FALSE_OR_CHOP
228373,228387,2023-03-05 15:30:00+00:00,2023-03-05 16:40:00+00:00,15,1.25,0.2179,0.2803,1.172,0.4905,0.021,0.0071,0.0083,0.0022,CATEGORY_C_FALSE_OR_CHOP
228389,228397,2023-03-05 16:50:00+00:00,2023-03-05 17:30:00+00:00,9,0.75,0.2742,0.3112,0.8397,0.498,0.0006,0.0073,0.0081,0.0031,CATEGORY_C_FALSE_OR_CHOP
228607,228613,2023-03-06 11:00:00+00:00,2023-03-06 11:30:00+00:00,7,0.58,0.3229,0.3873,0.8947,0.4777,-0.0003,0.0096,0.003,-0.0006,CATEGORY_C_FALSE_OR_CHOP
228738,228750,2023-03-06 21:55:00+00:00,2023-03-06 22:55:00+00:00,13,1.08,0.4183,0.4761,1.018,0.5252,-0.0144,0.0055,0.0226,-0.0146,CATEGORY_B_DOWNWARD_EXPANSION
228752,228757,2023-03-06 23:05:00+00:00,2023-03-06 23:30:00+00:00,6,0.5,0.4002,0.4214,0.8267,0.5112,-0.0426,0.0055,0.0226,-0.0113,CATEGORY_B_DOWNWARD_EXPANSION
228811,228821,2023-03-07 04:00:00+00:00,2023-03-07 04:50:00+00:00,11,0.92,0.3516,0.4426,0.7927,0.5155,-0.0289,0.0012,0.0238,-0.0146,CATEGORY_B_DOWNWARD_EXPANSION
228823,228831,2023-03-07 05:00:00+00:00,2023-03-07 05:40:00+00:00,9,0.75,0.3285,0.379,0.9473,0.4911,0.054,0.0011,0.0278,-0.0238,CATEGORY_B_DOWNWARD_EXPANSION
229163,229168,2023-03-08 09:20:00+00:00,2023-03-08 09:45:00+00:00,6,0.5,0.3712,0.3955,0.8771,0.4846,0.0393,0.0104,0.0191,-0.0167,CATEGORY_C_FALSE_OR_CHOP
229193,229198,2023-03-08 11:50:00+00:00,2023-03-08 12:15:00+00:00,6,0.5,0.331,0.363,0.9849,0.5398,0.0696,0.006,0.0258,-0.0214,CATEGORY_B_DOWNWARD_EXPANSION
229385,229391,2023-03-09 03:50:00+00:00,2023-03-09 04:20:00+00:00,7,0.58,0.4096,0.4961,0.7884,0.4877,0.0283,0.0041,0.0905,-0.0816,CATEGORY_B_DOWNWARD_EXPANSION
229394,229401,2023-03-09 04:35:00+00:00,2023-03-09 05:10:00+00:00,8,0.67,0.2396,0.2904,1.0831,0.5115,-0.0105,0.0036,0.091,-0.086,CATEGORY_B_DOWNWARD_EXPANSION
229480,229485,2023-03-09 11:45:00+00:00,2023-03-09 12:10:00+00:00,6,0.5,0.4964,0.5158,1.0617,0.4979,-0.0064,0.0086,0.097,-0.0881,CATEGORY_B_DOWNWARD_EXPANSION
229735,229741,2023-03-10 09:00:00+00:00,2023-03-10 09:30:00+00:00,7,0.58,0.4844,0.4973,1.0155,0.4804,0.0242,0.0392,0.018,0.0069,CATEGORY_A_UPWARD_EXPANSION
229868,229878,2023-03-10 20:05:00+00:00,2023-03-10 20:55:00+00:00,11,0.92,0.4007,0.5181,0.7025,0.4931,-0.0011,0.0359,0.0102,0.019,CATEGORY_A_UPWARD_EXPANSION
230045,230052,2023-03-11 10:50:00+00:00,2023-03-11 11:25:00+00:00,8,0.67,0.6356,0.6515,1.1369,0.5097,0.02,0.0227,0.0051,0.0193,CATEGORY_A_UPWARD_EXPANSION
230065,230071,2023-03-11 12:30:00+00:00,2023-03-11 13:00:00+00:00,7,0.58,0.5152,0.5952,0.9722,0.4984,-0.0057,0.0231,0.0037,0.0153,CATEGORY_A_UPWARD_EXPANSION
230097,230104,2023-03-11 15:10:00+00:00,2023-03-11 15:45:00+00:00,8,0.67,0.3131,0.4061,0.922,0.5053,-0.0041,0.0223,0.0044,0.0137,CATEGORY_A_UPWARD_EXPANSION
230151,230158,2023-03-11 19:40:00+00:00,2023-03-11 20:15:00+00:00,8,0.67,0.3552,0.4398,1.4839,0.516,0.009,0.0543,0.0001,0.0306,CATEGORY_A_UPWARD_EXPANSION
230244,230251,2023-03-12 03:25:00+00:00,2023-03-12 04:00:00+00:00,8,0.67,0.4929,0.5119,0.845,0.4795,-0.0172,0.11,0.0044,0.0925,CATEGORY_A_UPWARD_EXPANSION
230271,230276,2023-03-12 05:40:00+00:00,2023-03-12 06:05:00+00:00,6,0.5,0.3811,0.4513,0.7196,0.4879,0.0288,0.1108,0.0037,0.0975,CATEGORY_A_UPWARD_EXPANSION
230332,230338,2023-03-12 10:45:00+00:00,2023-03-12 11:15:00+00:00,7,0.58,0.3317,0.3919,1.1356,0.5259,0.0432,0.1058,0.0075,0.0811,CATEGORY_A_UPWARD_EXPANSION
230405,230410,2023-03-12 16:50:00+00:00,2023-03-12 17:15:00+00:00,6,0.5,0.5729,0.6427,0.6007,0.5073,-0.0032,0.2022,0.0001,0.1752,CATEGORY_A_UPWARD_EXPANSION
230740,230747,2023-03-13 20:45:00+00:00,2023-03-13 21:20:00+00:00,8,0.67,0.3586,0.4223,0.7901,0.5111,-0.0061,0.0925,0.0089,0.0071,CATEGORY_A_UPWARD_EXPANSION
230749,230756,2023-03-13 21:30:00+00:00,2023-03-13 22:05:00+00:00,8,0.67,0.3757,0.4002,0.9094,0.5019,0.0004,0.0931,0.0083,0.0182,CATEGORY_A_UPWARD_EXPANSION
230758,230763,2023-03-13 22:15:00+00:00,2023-03-13 22:40:00+00:00,6,0.5,0.3276,0.3785,0.8922,0.5099,-0.0285,0.091,0.0103,0.0186,CATEGORY_A_UPWARD_EXPANSION
230815,230831,2023-03-14 03:00:00+00:00,2023-03-14 04:20:00+00:00,17,1.42,0.2829,0.3368,0.9824,0.4954,-0.0196,0.0823,0.0165,0.015,CATEGORY_A_UPWARD_EXPANSION
230894,230902,2023-03-14 09:35:00+00:00,2023-03-14 10:15:00+00:00,9,0.75,0.2644,0.282,0.9751,0.5146,-0.0182,0.0864,0.0129,0.0091,CATEGORY_A_UPWARD_EXPANSION
231096,231107,2023-03-15 02:25:00+00:00,2023-03-15 03:20:00+00:00,12,1.0,0.2638,0.3671,1.1861,0.4967,0.0107,0.0173,0.0352,-0.0187,CATEGORY_B_DOWNWARD_EXPANSION
231110,231116,2023-03-15 03:35:00+00:00,2023-03-15 04:05:00+00:00,7,0.58,0.432,0.4568,0.9822,0.4922,0.0411,0.0186,0.034,-0.0175,CATEGORY_B_DOWNWARD_EXPANSION
231168,231175,2023-03-15 08:25:00+00:00,2023-03-15 09:00:00+00:00,8,0.67,0.2291,0.292,0.7495,0.491,-0.0041,0.017,0.0355,-0.0081,CATEGORY_B_DOWNWARD_EXPANSION
231318,231324,2023-03-15 20:55:00+00:00,2023-03-15 21:25:00+00:00,7,0.58,0.481,0.5189,0.8219,0.4863,-0.0436,0.0351,0.0078,0.0218,CATEGORY_A_UPWARD_EXPANSION
231382,231392,2023-03-16 02:15:00+00:00,2023-03-16 03:05:00+00:00,11,0.92,0.3167,0.4793,0.9195,0.5064,-0.0175,0.0641,0.0063,0.0576,CATEGORY_A_UPWARD_EXPANSION
231394,231403,2023-03-16 03:15:00+00:00,2023-03-16 04:00:00+00:00,10,0.83,0.4678,0.4918,0.926,0.5037,0.0058,0.0683,0.0024,0.0622,CATEGORY_A_UPWARD_EXPANSION
231458,231463,2023-03-16 08:35:00+00:00,2023-03-16 09:00:00+00:00,6,0.5,0.448,0.4748,0.8941,0.4801,0.0416,0.0666,0.0082,0.0606,CATEGORY_A_UPWARD_EXPANSION
231563,231570,2023-03-16 17:20:00+00:00,2023-03-16 17:55:00+00:00,8,0.67,0.5446,0.5871,0.9601,0.4821,0.0146,0.0926,0.0026,0.073,CATEGORY_A_UPWARD_EXPANSION
231572,231581,2023-03-16 18:05:00+00:00,2023-03-16 18:50:00+00:00,10,0.83,0.5235,0.5643,0.8883,0.5019,-0.0368,0.092,0.003,0.0739,CATEGORY_A_UPWARD_EXPANSION
231643,231657,2023-03-17 00:00:00+00:00,2023-03-17 01:10:00+00:00,15,1.25,0.3736,0.4831,0.8306,0.5008,0.0081,0.1114,0.0001,0.1009,CATEGORY_A_UPWARD_EXPANSION
231895,231901,2023-03-17 21:00:00+00:00,2023-03-17 21:30:00+00:00,7,0.58,0.5711,0.6234,0.8473,0.5161,-0.0179,0.035,0.009,0.0176,CATEGORY_A_UPWARD_EXPANSION
231954,231959,2023-03-18 01:55:00+00:00,2023-03-18 02:20:00+00:00,6,0.5,0.5347,0.5797,1.5196,0.4919,0.0594,0.0066,0.032,-0.0126,CATEGORY_B_DOWNWARD_EXPANSION
231976,231981,2023-03-18 03:45:00+00:00,2023-03-18 04:10:00+00:00,6,0.5,0.3507,0.4616,1.0848,0.4994,-0.0267,0.0149,0.024,-0.0013,CATEGORY_B_DOWNWARD_EXPANSION
232010,232016,2023-03-18 06:35:00+00:00,2023-03-18 07:05:00+00:00,7,0.58,0.4055,0.5334,0.9437,0.5076,0.0018,0.0065,0.0321,-0.0211,CATEGORY_B_DOWNWARD_EXPANSION
232056,232061,2023-03-18 10:25:00+00:00,2023-03-18 10:50:00+00:00,6,0.5,0.4481,0.5225,0.7779,0.5052,-0.0011,0.0085,0.0301,-0.0129,CATEGORY_B_DOWNWARD_EXPANSION
232063,232068,2023-03-18 11:00:00+00:00,2023-03-18 11:25:00+00:00,6,0.5,0.429,0.491,0.8726,0.4909,-0.0318,0.0084,0.0303,-0.0132,CATEGORY_B_DOWNWARD_EXPANSION
232071,232076,2023-03-18 11:40:00+00:00,2023-03-18 12:05:00+00:00,6,0.5,0.361,0.3993,1.0903,0.5196,0.0012,0.009,0.0296,-0.0029,CATEGORY_B_DOWNWARD_EXPANSION
232152,232163,2023-03-18 18:25:00+00:00,2023-03-18 19:20:00+00:00,12,1.0,0.4229,0.4947,1.0244,0.5065,-0.0073,0.0398,0.0176,0.0339,CATEGORY_A_UPWARD_EXPANSION
232173,232179,2023-03-18 20:10:00+00:00,2023-03-18 20:40:00+00:00,7,0.58,0.4045,0.4998,0.9177,0.5262,0.0115,0.0368,0.0209,0.0184,CATEGORY_A_UPWARD_EXPANSION
232181,232190,2023-03-18 20:50:00+00:00,2023-03-18 21:35:00+00:00,10,0.83,0.2811,0.3435,0.8715,0.4856,-0.0228,0.041,0.0169,0.0273,CATEGORY_A_UPWARD_EXPANSION
232239,232257,2023-03-19 01:40:00+00:00,2023-03-19 03:10:00+00:00,19,1.58,0.3894,0.4576,0.9287,0.5059,0.0111,0.0469,0.0107,0.012,CATEGORY_A_UPWARD_EXPANSION
232260,232265,2023-03-19 03:25:00+00:00,2023-03-19 03:50:00+00:00,6,0.5,0.3853,0.4273,1.1464,0.5221,0.0566,0.0454,0.0122,0.0001,CATEGORY_A_UPWARD_EXPANSION
232271,232278,2023-03-19 04:20:00+00:00,2023-03-19 04:55:00+00:00,8,0.67,0.3812,0.4608,0.5265,0.5015,0.047,0.046,0.0116,0.0109,CATEGORY_A_UPWARD_EXPANSION
232345,232350,2023-03-19 10:30:00+00:00,2023-03-19 10:55:00+00:00,6,0.5,0.4217,0.4361,0.9164,0.4872,-0.0088,0.0525,0.0045,0.0388,CATEGORY_A_UPWARD_EXPANSION
232712,232722,2023-03-20 17:05:00+00:00,2023-03-20 17:55:00+00:00,11,0.92,0.5022,0.636,0.8093,0.5083,0.0021,0.0294,0.0117,0.0131,CATEGORY_A_UPWARD_EXPANSION
232816,232833,2023-03-21 01:45:00+00:00,2023-03-21 03:10:00+00:00,18,1.5,0.3997,0.544,0.9788,0.4919,-0.0057,0.0235,0.0173,0.0142,CATEGORY_A_UPWARD_EXPANSION
232835,232842,2023-03-21 03:20:00+00:00,2023-03-21 03:55:00+00:00,8,0.67,0.3491,0.3862,0.9211,0.5024,0.0227,0.0234,0.0174,0.0132,CATEGORY_A_UPWARD_EXPANSION
232936,232941,2023-03-21 11:45:00+00:00,2023-03-21 12:10:00+00:00,6,0.5,0.6723,0.695,0.8194,0.5033,-0.0083,0.0138,0.0114,0.0047,CATEGORY_C_FALSE_OR_CHOP
233026,233034,2023-03-21 19:15:00+00:00,2023-03-21 19:55:00+00:00,9,0.75,0.5659,0.6267,1.1676,0.4937,-0.002,0.0264,0.0525,-0.0519,CATEGORY_B_DOWNWARD_EXPANSION
233060,233065,2023-03-21 22:05:00+00:00,2023-03-21 22:30:00+00:00,6,0.5,0.6466,0.6623,0.9105,0.4946,-0.0251,0.0318,0.0492,-0.0311,CATEGORY_B_DOWNWARD_EXPANSION
233078,233088,2023-03-21 23:35:00+00:00,2023-03-22 00:25:00+00:00,11,0.92,0.3385,0.5087,3.031,0.5048,-0.0318,0.0281,0.0526,-0.0257,CATEGORY_B_DOWNWARD_EXPANSION
233140,233145,2023-03-22 04:45:00+00:00,2023-03-22 05:10:00+00:00,6,0.5,0.3215,0.3426,0.9925,0.4931,-0.0199,0.0237,0.0567,-0.0312,CATEGORY_B_DOWNWARD_EXPANSION
233151,233158,2023-03-22 05:40:00+00:00,2023-03-22 06:15:00+00:00,8,0.67,0.3142,0.3733,1.0854,0.4905,0.0257,0.0239,0.0565,-0.0207,CATEGORY_B_DOWNWARD_EXPANSION
233195,233200,2023-03-22 09:20:00+00:00,2023-03-22 09:45:00+00:00,6,0.5,0.4163,0.4744,0.7571,0.4945,-0.0868,0.0286,0.0522,-0.0166,CATEGORY_B_DOWNWARD_EXPANSION
233203,233209,2023-03-22 10:00:00+00:00,2023-03-22 10:30:00+00:00,7,0.58,0.4828,0.521,0.873,0.5135,0.0004,0.0254,0.0551,-0.0183,CATEGORY_B_DOWNWARD_EXPANSION
233211,233224,2023-03-22 10:40:00+00:00,2023-03-22 11:45:00+00:00,14,1.17,0.4451,0.6061,0.7067,0.5041,0.028,0.0254,0.0551,-0.023,CATEGORY_B_DOWNWARD_EXPANSION
233485,233492,2023-03-23 09:30:00+00:00,2023-03-23 10:05:00+00:00,8,0.67,0.172,0.2422,1.3242,0.4468,0.0583,0.0397,0.0136,0.012,CATEGORY_A_UPWARD_EXPANSION
233695,233701,2023-03-24 03:00:00+00:00,2023-03-24 03:30:00+00:00,7,0.58,0.3348,0.3619,0.9637,0.5309,-0.0077,0.0042,0.0431,-0.0241,CATEGORY_B_DOWNWARD_EXPANSION
233704,233713,2023-03-24 03:45:00+00:00,2023-03-24 04:30:00+00:00,10,0.83,0.2581,0.2932,1.3539,0.4654,-0.1056,0.0052,0.0422,-0.0277,CATEGORY_B_DOWNWARD_EXPANSION
233738,233744,2023-03-24 06:35:00+00:00,2023-03-24 07:05:00+00:00,7,0.58,0.4468,0.4555,1.0082,0.3949,0.0245,0.0026,0.0441,-0.0286,CATEGORY_B_DOWNWARD_EXPANSION
233804,233810,2023-03-24 12:05:00+00:00,2023-03-24 12:35:00+00:00,7,0.58,0.0,0.1468,1.0,0.5,0.0,0.0062,0.0385,-0.0183,CATEGORY_B_DOWNWARD_EXPANSION
233877,233883,2023-03-24 19:30:00+00:00,2023-03-24 20:00:00+00:00,7,0.58,0.4813,0.5283,0.8108,0.4989,0.0525,0.0,0.0298,-0.0218,CATEGORY_B_DOWNWARD_EXPANSION
233989,233997,2023-03-25 04:50:00+00:00,2023-03-25 05:30:00+00:00,9,0.75,0.2378,0.4013,1.0532,0.4968,0.0408,0.0102,0.0128,-0.0009,CATEGORY_C_FALSE_OR_CHOP
234208,234218,2023-03-25 23:05:00+00:00,2023-03-25 23:55:00+00:00,11,0.92,0.5704,0.6843,0.9422,0.5129,0.0319,0.0266,0.0016,0.0184,CATEGORY_A_UPWARD_EXPANSION
234248,234256,2023-03-26 02:25:00+00:00,2023-03-26 03:05:00+00:00,9,0.75,0.4933,0.6324,0.9342,0.4933,0.0875,0.0223,0.0042,0.0113,CATEGORY_A_UPWARD_EXPANSION
234270,234275,2023-03-26 04:15:00+00:00,2023-03-26 04:40:00+00:00,6,0.5,0.6354,0.7124,1.1941,0.5259,-0.1053,0.0257,0.0009,0.0145,CATEGORY_A_UPWARD_EXPANSION
234301,234307,2023-03-26 06:50:00+00:00,2023-03-26 07:20:00+00:00,7,0.58,0.427,0.6372,1.0906,0.5095,0.0111,0.0249,0.001,0.011,CATEGORY_A_UPWARD_EXPANSION
234311,234320,2023-03-26 07:40:00+00:00,2023-03-26 08:25:00+00:00,10,0.83,0.2924,0.329,0.8432,0.47,-0.0087,0.0246,0.0014,0.01,CATEGORY_A_UPWARD_EXPANSION
234342,234352,2023-03-26 10:15:00+00:00,2023-03-26 11:05:00+00:00,11,0.92,0.485,0.5893,0.8313,0.4748,0.0338,0.0182,0.002,0.0087,CATEGORY_C_FALSE_OR_CHOP
234779,234790,2023-03-27 22:40:00+00:00,2023-03-27 23:35:00+00:00,12,1.0,0.2327,0.3585,0.9449,0.5338,0.032,0.0129,0.0198,0.0033,CATEGORY_C_FALSE_OR_CHOP
234882,234889,2023-03-28 07:15:00+00:00,2023-03-28 07:50:00+00:00,8,0.67,0.3193,0.3382,0.7037,0.5217,-0.0285,0.0426,0.0142,0.0403,CATEGORY_A_UPWARD_EXPANSION
235080,235086,2023-03-28 23:45:00+00:00,2023-03-29 00:15:00+00:00,7,0.58,0.4243,0.4946,1.0292,0.5017,-0.0095,0.0498,0.0019,0.0409,CATEGORY_A_UPWARD_EXPANSION
235088,235096,2023-03-29 00:25:00+00:00,2023-03-29 01:05:00+00:00,9,0.75,0.4598,0.4725,0.9658,0.4833,-0.0035,0.0505,0.0,0.0369,CATEGORY_A_UPWARD_EXPANSION
235112,235117,2023-03-29 02:25:00+00:00,2023-03-29 02:50:00+00:00,6,0.5,0.4059,0.5164,1.0223,0.4984,-0.053,0.0663,0.0015,0.0575,CATEGORY_A_UPWARD_EXPANSION
235119,235134,2023-03-29 03:00:00+00:00,2023-03-29 04:15:00+00:00,16,1.33,0.3437,0.4083,0.8185,0.4571,0.0512,0.0661,0.0,0.0447,CATEGORY_A_UPWARD_EXPANSION
235314,235319,2023-03-29 19:15:00+00:00,2023-03-29 19:40:00+00:00,6,0.5,0.5579,0.5669,0.5457,0.5159,-0.076,0.0297,0.0232,-0.0124,CATEGORY_C_FALSE_OR_CHOP
235633,235641,2023-03-30 21:50:00+00:00,2023-03-30 22:30:00+00:00,9,0.75,0.4727,0.4855,0.9587,0.537,-0.1109,0.019,0.0217,0.015,CATEGORY_C_FALSE_OR_CHOP
235712,235719,2023-03-31 04:25:00+00:00,2023-03-31 05:00:00+00:00,8,0.67,0.5091,0.5338,0.7713,0.5187,-0.0838,0.023,0.0234,0.0143,CATEGORY_C_FALSE_OR_CHOP
235990,236018,2023-04-01 03:35:00+00:00,2023-04-01 05:55:00+00:00,29,2.42,0.2458,0.4209,0.927,0.5184,0.0142,0.0002,0.0123,-0.0035,CATEGORY_C_FALSE_OR_CHOP
236054,236061,2023-04-01 08:55:00+00:00,2023-04-01 09:30:00+00:00,8,0.67,0.2741,0.5008,0.7333,0.5344,-0.0134,0.0051,0.0074,-0.0012,CATEGORY_C_FALSE_OR_CHOP
236063,236068,2023-04-01 09:40:00+00:00,2023-04-01 10:05:00+00:00,6,0.5,0.3328,0.3406,0.9203,0.4151,-0.0327,0.0052,0.0074,-0.0015,CATEGORY_C_FALSE_OR_CHOP
236070,236076,2023-04-01 10:15:00+00:00,2023-04-01 10:45:00+00:00,7,0.58,0.3639,0.4051,0.8634,0.5904,0.0567,0.0051,0.0074,-0.0022,CATEGORY_C_FALSE_OR_CHOP
236154,236159,2023-04-01 17:15:00+00:00,2023-04-01 17:40:00+00:00,6,0.5,0.6387,0.6536,0.9865,0.4946,0.0777,0.0069,0.016,-0.0067,CATEGORY_C_FALSE_OR_CHOP
236180,236186,2023-04-01 19:25:00+00:00,2023-04-01 19:55:00+00:00,7,0.58,0.4224,0.4919,1.3375,0.5419,0.0527,0.0069,0.0185,-0.0154,CATEGORY_C_FALSE_OR_CHOP
236212,236217,2023-04-01 22:05:00+00:00,2023-04-01 22:30:00+00:00,6,0.5,0.2654,0.4324,1.9533,0.5809,-0.0088,0.0016,0.0229,-0.0199,CATEGORY_B_DOWNWARD_EXPANSION
236219,236226,2023-04-01 22:40:00+00:00,2023-04-01 23:15:00+00:00,8,0.67,0.3644,0.3833,1.167,0.4654,-0.0629,0.0005,0.024,-0.017,CATEGORY_B_DOWNWARD_EXPANSION
236638,236647,2023-04-03 09:35:00+00:00,2023-04-03 10:20:00+00:00,10,0.83,0.3676,0.5523,0.9505,0.4716,0.0789,0.0047,0.0412,-0.0036,CATEGORY_B_DOWNWARD_EXPANSION
236842,236850,2023-04-04 02:35:00+00:00,2023-04-04 03:15:00+00:00,9,0.75,0.4089,0.4684,0.6106,0.4878,-0.0012,0.0325,0.0034,0.0213,CATEGORY_A_UPWARD_EXPANSION
236854,236864,2023-04-04 03:35:00+00:00,2023-04-04 04:25:00+00:00,11,0.92,0.3202,0.4337,1.033,0.4948,-0.0601,0.0331,0.0028,0.0247,CATEGORY_A_UPWARD_EXPANSION
237063,237072,2023-04-04 21:00:00+00:00,2023-04-04 21:45:00+00:00,10,0.83,0.3471,0.4766,0.8395,0.4511,-0.0719,0.0204,0.014,-0.0015,CATEGORY_A_UPWARD_EXPANSION
237154,237163,2023-04-05 04:35:00+00:00,2023-04-05 05:20:00+00:00,10,0.83,0.491,0.6204,1.6994,0.5091,0.0353,0.006,0.027,-0.0175,CATEGORY_B_DOWNWARD_EXPANSION
237168,237178,2023-04-05 05:45:00+00:00,2023-04-05 06:35:00+00:00,11,0.92,0.317,0.4383,0.9881,0.483,-0.0365,0.0073,0.0258,-0.0169,CATEGORY_B_DOWNWARD_EXPANSION
237212,237228,2023-04-05 09:25:00+00:00,2023-04-05 10:45:00+00:00,17,1.42,0.2088,0.3818,0.8497,0.4242,0.0362,0.0087,0.0278,-0.0234,CATEGORY_B_DOWNWARD_EXPANSION
237360,237372,2023-04-05 21:45:00+00:00,2023-04-05 22:45:00+00:00,13,1.08,0.325,0.4139,1.0152,0.5268,0.0138,0.0019,0.0168,-0.0066,CATEGORY_C_FALSE_OR_CHOP
237467,237472,2023-04-06 06:40:00+00:00,2023-04-06 07:05:00+00:00,6,0.5,0.4148,0.4456,0.692,0.4454,0.037,0.0045,0.0123,-0.0037,CATEGORY_C_FALSE_OR_CHOP
237526,237534,2023-04-06 11:35:00+00:00,2023-04-06 12:15:00+00:00,9,0.75,0.3584,0.4042,0.8936,0.4669,-0.1122,0.0106,0.0049,-0.0002,CATEGORY_C_FALSE_OR_CHOP
237591,237599,2023-04-06 17:00:00+00:00,2023-04-06 17:40:00+00:00,9,0.75,0.5549,0.6722,0.8035,0.4641,0.016,0.0023,0.0103,-0.0047,CATEGORY_C_FALSE_OR_CHOP
237604,237609,2023-04-06 18:05:00+00:00,2023-04-06 18:30:00+00:00,6,0.5,0.6503,0.6697,0.9041,0.5733,-0.1364,0.0015,0.0112,-0.0063,CATEGORY_C_FALSE_OR_CHOP
237670,237677,2023-04-06 23:35:00+00:00,2023-04-07 00:10:00+00:00,8,0.67,0.502,0.6477,0.7139,0.5528,-0.0564,0.0029,0.009,-0.0045,CATEGORY_C_FALSE_OR_CHOP
237721,237727,2023-04-07 03:50:00+00:00,2023-04-07 04:20:00+00:00,7,0.58,0.5159,0.5505,0.9719,0.3671,0.0317,0.0017,0.0088,0.0001,CATEGORY_C_FALSE_OR_CHOP
237860,237876,2023-04-07 15:25:00+00:00,2023-04-07 16:45:00+00:00,17,1.42,0.4664,0.5845,0.7833,0.4911,-0.0855,0.0099,0.0014,0.0044,CATEGORY_C_FALSE_OR_CHOP
237879,237887,2023-04-07 17:00:00+00:00,2023-04-07 17:40:00+00:00,9,0.75,0.3745,0.5424,0.9278,0.4828,-0.1267,0.0082,0.0031,0.002,CATEGORY_C_FALSE_OR_CHOP
237986,237993,2023-04-08 01:55:00+00:00,2023-04-08 02:30:00+00:00,8,0.67,0.2365,0.4155,1.0487,0.5464,-0.0406,0.0084,0.0017,0.0046,CATEGORY_C_FALSE_OR_CHOP
238153,238159,2023-04-08 15:50:00+00:00,2023-04-08 16:20:00+00:00,7,0.58,0.5472,0.5631,1.037,0.4594,0.0126,0.0023,0.0078,-0.0038,CATEGORY_C_FALSE_OR_CHOP
238162,238169,2023-04-08 16:35:00+00:00,2023-04-08 17:10:00+00:00,8,0.67,0.4555,0.5139,0.9633,0.4955,-0.0488,0.0029,0.0072,-0.0036,CATEGORY_C_FALSE_OR_CHOP
238308,238314,2023-04-09 04:45:00+00:00,2023-04-09 05:15:00+00:00,7,0.58,0.5666,0.6314,1.4932,0.6013,0.0088,0.0169,0.0091,0.0054,CATEGORY_C_FALSE_OR_CHOP
238416,238421,2023-04-09 13:45:00+00:00,2023-04-09 14:10:00+00:00,6,0.5,0.622,0.6404,1.5865,0.5075,-0.1294,0.0219,0.0042,0.0119,CATEGORY_A_UPWARD_EXPANSION
238453,238461,2023-04-09 16:50:00+00:00,2023-04-09 17:30:00+00:00,9,0.75,0.4836,0.5495,1.0041,0.4251,-0.0812,0.0538,0.0001,0.045,CATEGORY_A_UPWARD_EXPANSION
239038,239045,2023-04-11 17:35:00+00:00,2023-04-11 18:10:00+00:00,8,0.67,0.3245,0.4136,1.5196,0.5244,0.0749,0.0113,0.0189,-0.0056,CATEGORY_C_FALSE_OR_CHOP
239047,239054,2023-04-11 18:20:00+00:00,2023-04-11 18:55:00+00:00,8,0.67,0.3073,0.3279,1.0271,0.5046,0.1787,0.0106,0.0196,-0.0104,CATEGORY_C_FALSE_OR_CHOP
239102,239107,2023-04-11 22:55:00+00:00,2023-04-11 23:20:00+00:00,6,0.5,0.2973,0.3685,0.8819,0.5476,-0.0857,0.0086,0.0195,-0.0098,CATEGORY_C_FALSE_OR_CHOP
239165,239183,2023-04-12 04:10:00+00:00,2023-04-12 05:40:00+00:00,19,1.58,0.2137,0.4069,1.2786,0.5099,-0.0775,0.0183,0.0101,0.0049,CATEGORY_C_FALSE_OR_CHOP
239242,239248,2023-04-12 10:35:00+00:00,2023-04-12 11:05:00+00:00,7,0.58,0.3571,0.4164,0.8942,0.5208,0.0134,0.0172,0.0111,0.0079,CATEGORY_C_FALSE_OR_CHOP
239449,239457,2023-04-13 03:50:00+00:00,2023-04-13 04:30:00+00:00,9,0.75,0.3005,0.4631,1.29,0.5165,0.0587,0.0267,0.0035,0.0207,CATEGORY_A_UPWARD_EXPANSION
239459,239464,2023-04-13 04:40:00+00:00,2023-04-13 05:05:00+00:00,6,0.5,0.3393,0.3866,0.8892,0.5081,-0.0432,0.0275,0.0028,0.0213,CATEGORY_A_UPWARD_EXPANSION
239466,239472,2023-04-13 05:15:00+00:00,2023-04-13 05:45:00+00:00,7,0.58,0.3879,0.4412,1.0541,0.5401,-0.2239,0.0273,0.003,0.0244,CATEGORY_A_UPWARD_EXPANSION
239536,239542,2023-04-13 11:05:00+00:00,2023-04-13 11:35:00+00:00,7,0.58,0.4714,0.483,0.61,0.4288,-0.0135,0.0274,0.0013,0.0193,CATEGORY_A_UPWARD_EXPANSION
239544,239549,2023-04-13 11:45:00+00:00,2023-04-13 12:10:00+00:00,6,0.5,0.3919,0.4047,1.0453,0.4928,0.0261,0.0273,0.0014,0.022,CATEGORY_A_UPWARD_EXPANSION
239805,239825,2023-04-14 09:30:00+00:00,2023-04-14 11:10:00+00:00,21,1.75,0.3026,0.4425,0.6511,0.4975,-0.0683,0.002,0.0268,-0.0123,CATEGORY_B_DOWNWARD_EXPANSION
240004,240009,2023-04-15 02:05:00+00:00,2023-04-15 02:30:00+00:00,6,0.5,0.48,0.5516,1.1424,0.3944,0.0362,0.0023,0.0092,-0.0042,CATEGORY_C_FALSE_OR_CHOP
240015,240022,2023-04-15 03:00:00+00:00,2023-04-15 03:35:00+00:00,8,0.67,0.5137,0.6253,1.1992,0.4424,-0.2,0.0031,0.0085,-0.0042,CATEGORY_C_FALSE_OR_CHOP
240061,240066,2023-04-15 06:50:00+00:00,2023-04-15 07:15:00+00:00,6,0.5,0.286,0.3015,0.6385,0.5895,-0.0847,0.002,0.0095,-0.0032,CATEGORY_C_FALSE_OR_CHOP
240108,240114,2023-04-15 10:45:00+00:00,2023-04-15 11:15:00+00:00,7,0.58,0.3233,0.3429,1.1324,0.6345,-0.0245,0.0006,0.0101,-0.0046,CATEGORY_C_FALSE_OR_CHOP
240122,240128,2023-04-15 11:55:00+00:00,2023-04-15 12:25:00+00:00,7,0.58,0.5166,0.5282,0.695,0.4532,-0.0577,0.0017,0.009,-0.0049,CATEGORY_C_FALSE_OR_CHOP
240154,240159,2023-04-15 14:35:00+00:00,2023-04-15 15:00:00+00:00,6,0.5,0.4555,0.4865,1.207,0.4909,-0.1219,0.0019,0.008,-0.0018,CATEGORY_C_FALSE_OR_CHOP
240200,240210,2023-04-15 18:25:00+00:00,2023-04-15 19:15:00+00:00,11,0.92,0.3943,0.4983,1.5213,0.5046,0.0203,0.0085,0.0057,0.0069,CATEGORY_C_FALSE_OR_CHOP
240253,240259,2023-04-15 22:50:00+00:00,2023-04-15 23:20:00+00:00,7,0.58,0.3924,0.4618,1.3425,0.5157,-0.0453,0.0073,0.0069,-0.0011,CATEGORY_C_FALSE_OR_CHOP
240295,240311,2023-04-16 02:20:00+00:00,2023-04-16 03:40:00+00:00,17,1.42,0.3551,0.5329,0.8811,0.4249,-0.0575,0.0104,0.0164,-0.0086,CATEGORY_C_FALSE_OR_CHOP
240602,240607,2023-04-17 03:55:00+00:00,2023-04-17 04:20:00+00:00,6,0.5,0.3581,0.392,1.1567,0.4295,0.0364,0.0018,0.0287,-0.016,CATEGORY_B_DOWNWARD_EXPANSION
240812,240818,2023-04-17 21:25:00+00:00,2023-04-17 21:55:00+00:00,7,0.58,0.3016,0.3379,1.101,0.5986,-0.1093,0.0351,0.0121,0.0312,CATEGORY_A_UPWARD_EXPANSION
240831,240836,2023-04-17 23:00:00+00:00,2023-04-17 23:25:00+00:00,6,0.5,0.2138,0.2667,1.2235,0.3751,-0.0708,0.0344,0.0127,0.0293,CATEGORY_A_UPWARD_EXPANSION
240878,240895,2023-04-18 02:55:00+00:00,2023-04-18 04:20:00+00:00,18,1.5,0.2925,0.4015,0.6567,0.5552,-0.0802,0.0342,0.0007,0.0242,CATEGORY_A_UPWARD_EXPANSION
241282,241289,2023-04-19 12:35:00+00:00,2023-04-19 13:10:00+00:00,8,0.67,0.4148,0.5005,1.3525,0.4449,-0.0539,0.01,0.0299,-0.012,CATEGORY_B_DOWNWARD_EXPANSION
241469,241484,2023-04-20 04:10:00+00:00,2023-04-20 05:25:00+00:00,16,1.33,0.4207,0.4764,0.8942,0.4598,0.0114,0.0076,0.0297,-0.0224,CATEGORY_B_DOWNWARD_EXPANSION
241730,241735,2023-04-21 01:55:00+00:00,2023-04-21 02:20:00+00:00,6,0.5,0.4458,0.6008,0.8367,0.5249,0.0256,0.0045,0.0388,-0.0337,CATEGORY_B_DOWNWARD_EXPANSION
241738,241749,2023-04-21 02:35:00+00:00,2023-04-21 03:30:00+00:00,12,1.0,0.3804,0.5213,0.995,0.5485,-0.0173,0.0026,0.0407,-0.0348,CATEGORY_B_DOWNWARD_EXPANSION
241751,241760,2023-04-21 03:40:00+00:00,2023-04-21 04:25:00+00:00,10,0.83,0.4245,0.4617,1.1945,0.4543,-0.0846,0.0003,0.0416,-0.0344,CATEGORY_B_DOWNWARD_EXPANSION
241817,241829,2023-04-21 09:10:00+00:00,2023-04-21 10:10:00+00:00,13,1.08,0.5584,0.6326,0.5907,0.459,0.031,0.0081,0.0341,-0.0296,CATEGORY_B_DOWNWARD_EXPANSION
241861,241867,2023-04-21 12:50:00+00:00,2023-04-21 13:20:00+00:00,7,0.58,0.413,0.4649,0.6832,0.5309,0.0269,0.0038,0.0382,-0.0318,CATEGORY_B_DOWNWARD_EXPANSION
241986,241991,2023-04-21 23:15:00+00:00,2023-04-21 23:40:00+00:00,6,0.5,0.5423,0.555,1.4382,0.529,0.0332,0.0213,0.0059,0.0197,CATEGORY_A_UPWARD_EXPANSION
241995,242007,2023-04-22 00:00:00+00:00,2023-04-22 01:00:00+00:00,13,1.08,0.4475,0.5104,1.1738,0.5136,-0.0661,0.0229,0.0044,0.0113,CATEGORY_A_UPWARD_EXPANSION
242059,242065,2023-04-22 05:20:00+00:00,2023-04-22 05:50:00+00:00,7,0.58,0.3864,0.5117,1.5475,0.5591,-0.0749,0.0191,0.0064,0.0073,CATEGORY_C_FALSE_OR_CHOP
242075,242082,2023-04-22 06:40:00+00:00,2023-04-22 07:15:00+00:00,8,0.67,0.2592,0.3967,1.0992,0.5544,-0.0219,0.0198,0.0057,0.0083,CATEGORY_C_FALSE_OR_CHOP
242110,242116,2023-04-22 09:35:00+00:00,2023-04-22 10:05:00+00:00,7,0.58,0.3338,0.4365,1.0885,0.4579,-0.056,0.0243,0.0014,0.015,CATEGORY_A_UPWARD_EXPANSION
242127,242134,2023-04-22 11:00:00+00:00,2023-04-22 11:35:00+00:00,8,0.67,0.3685,0.4474,1.0069,0.4945,-0.1296,0.0234,0.0006,0.0119,CATEGORY_A_UPWARD_EXPANSION
242239,242244,2023-04-22 20:20:00+00:00,2023-04-22 20:45:00+00:00,6,0.5,0.6726,0.7024,0.5578,0.4332,0.1912,0.0075,0.0131,-0.0061,CATEGORY_C_FALSE_OR_CHOP
242535,242546,2023-04-23 21:00:00+00:00,2023-04-23 21:55:00+00:00,12,1.0,0.4128,0.4582,1.5847,0.5352,0.0799,0.0175,0.0209,-0.0037,CATEGORY_C_FALSE_OR_CHOP
242628,242636,2023-04-24 04:45:00+00:00,2023-04-24 05:25:00+00:00,9,0.75,0.4539,0.5219,0.9497,0.5084,0.0921,0.0005,0.0288,-0.0129,CATEGORY_B_DOWNWARD_EXPANSION
242887,242893,2023-04-25 02:20:00+00:00,2023-04-25 02:50:00+00:00,7,0.58,0.5286,0.584,1.2374,0.4557,-0.0244,0.0399,0.0071,0.0355,CATEGORY_A_UPWARD_EXPANSION
242895,242903,2023-04-25 03:00:00+00:00,2023-04-25 03:40:00+00:00,9,0.75,0.4021,0.4505,1.1275,0.5349,-0.0326,0.0388,0.0083,0.0335,CATEGORY_A_UPWARD_EXPANSION
242985,242991,2023-04-25 10:30:00+00:00,2023-04-25 11:00:00+00:00,7,0.58,0.5841,0.6273,1.0636,0.5123,-0.1547,0.0656,0.0042,0.0628,CATEGORY_A_UPWARD_EXPANSION
243173,243182,2023-04-26 02:10:00+00:00,2023-04-26 02:55:00+00:00,10,0.83,0.4358,0.4835,0.6147,0.4823,0.1043,0.058,0.0407,0.0227,CATEGORY_A_UPWARD_EXPANSION
243198,243203,2023-04-26 04:15:00+00:00,2023-04-26 04:40:00+00:00,6,0.5,0.4115,0.4273,0.9872,0.4887,-0.1369,0.0599,0.0389,0.0247,CATEGORY_A_UPWARD_EXPANSION
243362,243371,2023-04-26 17:55:00+00:00,2023-04-26 18:40:00+00:00,10,0.83,0.5871,0.616,0.5367,0.5082,-0.1141,0.0056,0.0837,0.0054,CATEGORY_B_DOWNWARD_EXPANSION
243557,243563,2023-04-27 10:10:00+00:00,2023-04-27 10:40:00+00:00,7,0.58,0.2623,0.3174,0.9302,0.5342,-0.0122,0.03,0.0123,0.0099,CATEGORY_A_UPWARD_EXPANSION
243749,243755,2023-04-28 02:10:00+00:00,2023-04-28 02:40:00+00:00,7,0.58,0.3546,0.5228,1.0333,0.4587,-0.0175,0.0053,0.0177,-0.0019,CATEGORY_C_FALSE_OR_CHOP
243767,243781,2023-04-28 03:40:00+00:00,2023-04-28 04:50:00+00:00,15,1.25,0.2174,0.3518,0.7726,0.4847,-0.0352,0.0027,0.0202,-0.0041,CATEGORY_B_DOWNWARD_EXPANSION
243783,243789,2023-04-28 05:00:00+00:00,2023-04-28 05:30:00+00:00,7,0.58,0.2436,0.2686,0.7223,0.4461,0.0248,0.0033,0.0196,-0.0033,CATEGORY_C_FALSE_OR_CHOP
243851,243858,2023-04-28 10:40:00+00:00,2023-04-28 11:15:00+00:00,8,0.67,0.4807,0.4997,0.8564,0.4847,-0.0009,0.0066,0.013,-0.0002,CATEGORY_C_FALSE_OR_CHOP
243977,243982,2023-04-28 21:10:00+00:00,2023-04-28 21:35:00+00:00,6,0.5,0.5632,0.5842,0.9299,0.454,-0.0192,0.0035,0.0107,-0.0046,CATEGORY_C_FALSE_OR_CHOP
243985,243990,2023-04-28 21:50:00+00:00,2023-04-28 22:15:00+00:00,6,0.5,0.4615,0.4915,1.3724,0.4953,0.0582,0.0026,0.0116,-0.0062,CATEGORY_C_FALSE_OR_CHOP
244005,244011,2023-04-28 23:30:00+00:00,2023-04-29 00:00:00+00:00,7,0.58,0.4716,0.5052,0.8751,0.5753,0.0218,0.0043,0.01,-0.0033,CATEGORY_C_FALSE_OR_CHOP
244013,244020,2023-04-29 00:10:00+00:00,2023-04-29 00:45:00+00:00,8,0.67,0.2113,0.282,0.6234,0.4612,0.0853,0.005,0.0092,-0.004,CATEGORY_C_FALSE_OR_CHOP
244033,244038,2023-04-29 01:50:00+00:00,2023-04-29 02:15:00+00:00,6,0.5,0.227,0.2838,1.6798,0.5477,0.1895,0.0052,0.0091,-0.0063,CATEGORY_C_FALSE_OR_CHOP
244055,244061,2023-04-29 03:40:00+00:00,2023-04-29 04:10:00+00:00,7,0.58,0.3696,0.3929,1.5153,0.5211,-0.1345,0.0032,0.011,-0.006,CATEGORY_C_FALSE_OR_CHOP
244066,244071,2023-04-29 04:35:00+00:00,2023-04-29 05:00:00+00:00,6,0.5,0.4162,0.4291,0.6981,0.5189,-0.0424,0.0019,0.0117,-0.0053,CATEGORY_C_FALSE_OR_CHOP
244077,244082,2023-04-29 05:30:00+00:00,2023-04-29 05:55:00+00:00,6,0.5,0.3085,0.3181,0.7212,0.3983,-0.0679,0.0013,0.0111,-0.0033,CATEGORY_C_FALSE_OR_CHOP
244125,244134,2023-04-29 09:30:00+00:00,2023-04-29 10:15:00+00:00,10,0.83,0.2396,0.351,0.9356,0.4388,-0.0431,0.0042,0.0082,0.0015,CATEGORY_C_FALSE_OR_CHOP
244189,244199,2023-04-29 14:50:00+00:00,2023-04-29 15:40:00+00:00,11,0.92,0.3985,0.4366,0.935,0.54,0.1282,0.0216,0.0104,0.0181,CATEGORY_A_UPWARD_EXPANSION
244212,244219,2023-04-29 16:45:00+00:00,2023-04-29 17:20:00+00:00,8,0.67,0.4835,0.5525,1.0195,0.504,-0.021,0.0241,0.0079,0.0174,CATEGORY_A_UPWARD_EXPANSION
244351,244357,2023-04-30 04:20:00+00:00,2023-04-30 04:50:00+00:00,7,0.58,0.4466,0.6444,1.3805,0.6022,0.1634,0.0259,0.0289,-0.0236,CATEGORY_C_FALSE_OR_CHOP
244390,244395,2023-04-30 07:35:00+00:00,2023-04-30 08:00:00+00:00,6,0.5,0.4216,0.4837,0.8945,0.4668,0.0103,0.024,0.0347,-0.0221,CATEGORY_B_DOWNWARD_EXPANSION
244909,244917,2023-05-02 02:50:00+00:00,2023-05-02 03:30:00+00:00,9,0.75,0.3528,0.5045,1.4671,0.4684,-0.0611,0.0327,0.0033,0.0195,CATEGORY_A_UPWARD_EXPANSION
244919,244926,2023-05-02 03:40:00+00:00,2023-05-02 04:15:00+00:00,8,0.67,0.5601,0.5825,0.8763,0.4466,-0.1121,0.0315,0.0045,0.018,CATEGORY_A_UPWARD_EXPANSION
244928,244934,2023-05-02 04:25:00+00:00,2023-05-02 04:55:00+00:00,7,0.58,0.2875,0.4312,1.4041,0.4962,0.0017,0.0341,0.002,0.021,CATEGORY_A_UPWARD_EXPANSION
244944,244949,2023-05-02 05:45:00+00:00,2023-05-02 06:10:00+00:00,6,0.5,0.3001,0.3254,1.7215,0.6109,0.0235,0.0301,0.0045,0.0148,CATEGORY_A_UPWARD_EXPANSION
244952,244959,2023-05-02 06:25:00+00:00,2023-05-02 07:00:00+00:00,8,0.67,0.4069,0.4258,1.061,0.5221,-0.0915,0.0309,0.0037,0.0213,CATEGORY_A_UPWARD_EXPANSION
245136,245142,2023-05-02 21:45:00+00:00,2023-05-02 22:15:00+00:00,7,0.58,0.4511,0.4836,2.0744,0.4527,0.1408,0.0162,0.0209,0.0144,CATEGORY_C_FALSE_OR_CHOP
245221,245226,2023-05-03 04:50:00+00:00,2023-05-03 05:15:00+00:00,6,0.5,0.3635,0.409,0.9388,0.4665,-0.1842,0.0269,0.0136,0.0208,CATEGORY_A_UPWARD_EXPANSION
245278,245285,2023-05-03 09:35:00+00:00,2023-05-03 10:10:00+00:00,8,0.67,0.4808,0.5178,0.9528,0.4664,-0.0256,0.0206,0.0196,0.0146,CATEGORY_C_FALSE_OR_CHOP
245287,245292,2023-05-03 10:20:00+00:00,2023-05-03 10:45:00+00:00,6,0.5,0.4607,0.4979,0.836,0.4978,-0.0983,0.0251,0.0191,0.0195,CATEGORY_A_UPWARD_EXPANSION
245543,245548,2023-05-04 07:40:00+00:00,2023-05-04 08:05:00+00:00,6,0.5,0.4984,0.5229,0.7455,0.4781,-0.103,0.0159,0.0139,-0.0009,CATEGORY_C_FALSE_OR_CHOP
245567,245574,2023-05-04 09:40:00+00:00,2023-05-04 10:15:00+00:00,8,0.67,0.2621,0.3431,1.1226,0.4776,-0.0279,0.0149,0.0149,-0.0005,CATEGORY_C_FALSE_OR_CHOP
245719,245733,2023-05-04 22:20:00+00:00,2023-05-04 23:30:00+00:00,15,1.25,0.4369,0.5097,0.943,0.469,-0.0769,0.0293,0.0011,0.0246,CATEGORY_A_UPWARD_EXPANSION
245736,245741,2023-05-04 23:45:00+00:00,2023-05-05 00:10:00+00:00,6,0.5,0.4949,0.5563,2.1536,0.4964,-0.1418,0.0286,0.0018,0.0227,CATEGORY_A_UPWARD_EXPANSION
245784,245803,2023-05-05 03:45:00+00:00,2023-05-05 05:20:00+00:00,20,1.67,0.4106,0.5515,0.7228,0.4755,-0.1155,0.0216,0.0133,0.0062,CATEGORY_A_UPWARD_EXPANSION
245808,245813,2023-05-05 05:45:00+00:00,2023-05-05 06:10:00+00:00,6,0.5,0.4244,0.4547,1.7673,0.422,0.1231,0.0217,0.0133,0.0063,CATEGORY_A_UPWARD_EXPANSION
246024,246030,2023-05-05 23:45:00+00:00,2023-05-06 00:15:00+00:00,7,0.58,0.4415,0.457,2.0597,0.4866,0.0635,0.0103,0.0412,-0.0235,CATEGORY_B_DOWNWARD_EXPANSION
246063,246071,2023-05-06 03:00:00+00:00,2023-05-06 03:40:00+00:00,9,0.75,0.4154,0.5276,1.9262,0.3952,0.0563,0.0026,0.0361,-0.0201,CATEGORY_B_DOWNWARD_EXPANSION
246087,246094,2023-05-06 05:00:00+00:00,2023-05-06 05:35:00+00:00,8,0.67,0.4186,0.4588,1.4232,0.5382,-0.0768,0.0019,0.0368,-0.0173,CATEGORY_B_DOWNWARD_EXPANSION
246367,246380,2023-05-07 04:20:00+00:00,2023-05-07 05:25:00+00:00,14,1.17,0.2491,0.3595,1.4159,0.4965,0.0042,0.0091,0.0288,-0.0225,CATEGORY_B_DOWNWARD_EXPANSION
246531,246536,2023-05-07 18:00:00+00:00,2023-05-07 18:25:00+00:00,6,0.5,0.6012,0.6771,0.7672,0.465,-0.1226,0.0018,0.0551,-0.0478,CATEGORY_B_DOWNWARD_EXPANSION
246549,246560,2023-05-07 19:30:00+00:00,2023-05-07 20:25:00+00:00,12,1.0,0.3764,0.5751,1.0278,0.504,0.042,0.0008,0.0576,-0.0502,CATEGORY_B_DOWNWARD_EXPANSION
246875,246882,2023-05-08 22:40:00+00:00,2023-05-08 23:15:00+00:00,8,0.67,0.3675,0.4744,0.9309,0.4672,-0.0987,0.0073,0.0095,-0.0011,CATEGORY_C_FALSE_OR_CHOP
246987,246996,2023-05-09 08:00:00+00:00,2023-05-09 08:45:00+00:00,10,0.83,0.578,0.6021,0.8602,0.4849,-0.076,0.0093,0.0087,-0.0015,CATEGORY_C_FALSE_OR_CHOP
247144,247153,2023-05-09 21:05:00+00:00,2023-05-09 21:50:00+00:00,10,0.83,0.4246,0.6085,1.0481,0.5443,0.0724,0.0254,0.0308,-0.004,CATEGORY_C_FALSE_OR_CHOP
247160,247172,2023-05-09 22:25:00+00:00,2023-05-09 23:25:00+00:00,13,1.08,0.3852,0.4356,0.6943,0.5125,0.0281,0.0269,0.0295,0.0008,CATEGORY_C_FALSE_OR_CHOP
247226,247238,2023-05-10 03:55:00+00:00,2023-05-10 04:55:00+00:00,13,1.08,0.4085,0.4988,0.3268,0.3845,0.096,0.0232,0.033,-0.0071,CATEGORY_B_DOWNWARD_EXPANSION
247286,247292,2023-05-10 08:55:00+00:00,2023-05-10 09:25:00+00:00,7,0.58,0.4307,0.5452,1.1558,0.4254,-0.0454,0.0281,0.0283,-0.0057,CATEGORY_C_FALSE_OR_CHOP
247494,247502,2023-05-11 02:15:00+00:00,2023-05-11 02:55:00+00:00,9,0.75,0.1987,0.2335,0.8452,0.4695,0.0103,0.0046,0.0351,-0.0312,CATEGORY_B_DOWNWARD_EXPANSION
247544,247551,2023-05-11 06:25:00+00:00,2023-05-11 07:00:00+00:00,8,0.67,0.2183,0.2663,1.1744,0.5205,0.0777,0.0048,0.05,-0.0421,CATEGORY_B_DOWNWARD_EXPANSION
247585,247600,2023-05-11 09:50:00+00:00,2023-05-11 11:05:00+00:00,16,1.33,0.1519,0.2228,1.1111,0.4792,0.0041,0.0059,0.0491,-0.0396,CATEGORY_B_DOWNWARD_EXPANSION
247813,247819,2023-05-12 04:50:00+00:00,2023-05-12 05:20:00+00:00,7,0.58,0.433,0.5054,0.9823,0.4775,-0.147,0.0144,0.0296,0.0096,CATEGORY_B_DOWNWARD_EXPANSION
247891,247900,2023-05-12 11:20:00+00:00,2023-05-12 12:05:00+00:00,10,0.83,0.3202,0.3691,0.9716,0.4734,-0.0361,0.0245,0.02,0.0175,CATEGORY_C_FALSE_OR_CHOP
247975,247982,2023-05-12 18:20:00+00:00,2023-05-12 18:55:00+00:00,8,0.67,0.5192,0.5498,1.4861,0.4359,-0.0527,0.0284,0.0185,0.0185,CATEGORY_A_UPWARD_EXPANSION
248041,248053,2023-05-12 23:50:00+00:00,2023-05-13 00:50:00+00:00,13,1.08,0.4827,0.5725,0.8137,0.4441,0.0197,0.0105,0.0076,-0.0016,CATEGORY_C_FALSE_OR_CHOP
248070,248075,2023-05-13 02:15:00+00:00,2023-05-13 02:40:00+00:00,6,0.5,0.349,0.4383,1.4663,0.4823,0.0906,0.0089,0.0092,-0.0011,CATEGORY_C_FALSE_OR_CHOP
248077,248086,2023-05-13 02:50:00+00:00,2023-05-13 03:35:00+00:00,10,0.83,0.3028,0.3438,0.6865,0.5103,-0.0511,0.0087,0.0094,0.0008,CATEGORY_C_FALSE_OR_CHOP
248088,248094,2023-05-13 03:45:00+00:00,2023-05-13 04:15:00+00:00,7,0.58,0.462,0.4749,0.8969,0.5085,0.1898,0.0083,0.0098,0.0006,CATEGORY_C_FALSE_OR_CHOP
248180,248185,2023-05-13 11:25:00+00:00,2023-05-13 11:50:00+00:00,6,0.5,0.3155,0.3676,0.5111,0.3657,-0.0627,0.0091,0.009,-0.0002,CATEGORY_C_FALSE_OR_CHOP
248230,248238,2023-05-13 15:35:00+00:00,2023-05-13 16:15:00+00:00,9,0.75,0.2762,0.3673,1.0338,0.4797,0.009,0.0145,0.0093,0.0086,CATEGORY_C_FALSE_OR_CHOP
248254,248259,2023-05-13 17:35:00+00:00,2023-05-13 18:00:00+00:00,6,0.5,0.3401,0.4032,0.8709,0.4599,0.1042,0.0148,0.009,0.0047,CATEGORY_C_FALSE_OR_CHOP
248371,248378,2023-05-14 03:20:00+00:00,2023-05-14 03:55:00+00:00,8,0.67,0.3928,0.4543,0.9885,0.5472,-0.1332,0.0159,0.0052,0.0137,CATEGORY_C_FALSE_OR_CHOP
248380,248386,2023-05-14 04:05:00+00:00,2023-05-14 04:35:00+00:00,7,0.58,0.3985,0.4335,0.6784,0.4259,0.1234,0.0168,0.0046,0.0144,CATEGORY_C_FALSE_OR_CHOP
248419,248425,2023-05-14 07:20:00+00:00,2023-05-14 07:50:00+00:00,7,0.58,0.2862,0.3538,1.176,0.4906,0.1785,0.0264,0.0043,0.0207,CATEGORY_A_UPWARD_EXPANSION
248718,248726,2023-05-15 08:15:00+00:00,2023-05-15 08:55:00+00:00,9,0.75,0.4994,0.558,1.0974,0.4848,0.0282,0.0083,0.0212,-0.0085,CATEGORY_B_DOWNWARD_EXPANSION
248743,248749,2023-05-15 10:20:00+00:00,2023-05-15 10:50:00+00:00,7,0.58,0.4322,0.5193,0.8764,0.4591,0.0295,0.0099,0.0198,-0.014,CATEGORY_C_FALSE_OR_CHOP
248856,248861,2023-05-15 19:45:00+00:00,2023-05-15 20:10:00+00:00,6,0.5,0.545,0.5688,0.9113,0.5531,0.1068,0.0,0.0196,-0.0155,CATEGORY_C_FALSE_OR_CHOP
248866,248876,2023-05-15 20:35:00+00:00,2023-05-15 21:25:00+00:00,11,0.92,0.1255,0.4196,1.337,0.5168,0.1297,0.0013,0.0183,-0.012,CATEGORY_C_FALSE_OR_CHOP
248946,248967,2023-05-16 03:15:00+00:00,2023-05-16 05:00:00+00:00,22,1.83,0.3469,0.4927,0.7531,0.4701,-0.0113,0.0061,0.0089,-0.0024,CATEGORY_C_FALSE_OR_CHOP
249178,249184,2023-05-16 22:35:00+00:00,2023-05-16 23:05:00+00:00,7,0.58,0.5128,0.5511,0.7554,0.4424,0.2062,0.0194,0.016,0.0152,CATEGORY_C_FALSE_OR_CHOP
249190,249196,2023-05-16 23:35:00+00:00,2023-05-17 00:05:00+00:00,7,0.58,0.6774,0.6884,1.0052,0.5173,-0.0502,0.0178,0.0175,0.0129,CATEGORY_C_FALSE_OR_CHOP
249230,249252,2023-05-17 02:55:00+00:00,2023-05-17 04:45:00+00:00,23,1.92,0.435,0.5619,0.7969,0.4741,0.0261,0.0149,0.0204,0.0078,CATEGORY_B_DOWNWARD_EXPANSION
249307,249319,2023-05-17 09:20:00+00:00,2023-05-17 10:20:00+00:00,13,1.08,0.3302,0.4558,0.7745,0.4854,-0.1027,0.0244,0.0112,0.0192,CATEGORY_A_UPWARD_EXPANSION
249463,249474,2023-05-17 22:20:00+00:00,2023-05-17 23:15:00+00:00,12,1.0,0.5319,0.5868,0.9621,0.5025,0.0463,0.0033,0.0377,-0.0197,CATEGORY_B_DOWNWARD_EXPANSION
249532,249539,2023-05-18 04:05:00+00:00,2023-05-18 04:40:00+00:00,8,0.67,0.3215,0.4631,0.9568,0.4045,-0.0642,0.0052,0.0355,-0.0173,CATEGORY_B_DOWNWARD_EXPANSION
249593,249598,2023-05-18 09:10:00+00:00,2023-05-18 09:35:00+00:00,6,0.5,0.5144,0.5494,0.7363,0.3844,0.1123,0.0037,0.0369,-0.0198,CATEGORY_B_DOWNWARD_EXPANSION
249600,249606,2023-05-18 09:45:00+00:00,2023-05-18 10:15:00+00:00,7,0.58,0.3551,0.4453,1.0815,0.497,0.0002,0.0018,0.0387,-0.0214,CATEGORY_B_DOWNWARD_EXPANSION
249813,249825,2023-05-19 03:30:00+00:00,2023-05-19 04:30:00+00:00,13,1.08,0.2934,0.4129,1.2339,0.3599,-0.0147,0.0135,0.0072,0.0011,CATEGORY_C_FALSE_OR_CHOP
249886,249893,2023-05-19 09:35:00+00:00,2023-05-19 10:10:00+00:00,8,0.67,0.3278,0.3824,1.0499,0.491,0.1344,0.012,0.0086,0.0009,CATEGORY_C_FALSE_OR_CHOP
249991,249999,2023-05-19 18:20:00+00:00,2023-05-19 19:00:00+00:00,9,0.75,0.3998,0.4432,0.7284,0.4956,-0.0347,0.0101,0.0036,0.0036,CATEGORY_C_FALSE_OR_CHOP
250006,250012,2023-05-19 19:35:00+00:00,2023-05-19 20:05:00+00:00,7,0.58,0.3455,0.3789,1.1058,0.5083,-0.0271,0.0114,0.0013,0.0076,CATEGORY_C_FALSE_OR_CHOP
250051,250056,2023-05-19 23:20:00+00:00,2023-05-19 23:45:00+00:00,6,0.5,0.32,0.3354,1.154,0.5162,-0.0878,0.0097,0.0024,0.0078,CATEGORY_C_FALSE_OR_CHOP
250077,250085,2023-05-20 01:30:00+00:00,2023-05-20 02:10:00+00:00,9,0.75,0.1988,0.2226,0.9167,0.448,-0.0027,0.0156,0.001,0.012,CATEGORY_C_FALSE_OR_CHOP
250089,250100,2023-05-20 02:30:00+00:00,2023-05-20 03:25:00+00:00,12,1.0,0.1646,0.2539,0.9635,0.416,0.0827,0.0159,0.0006,0.0122,CATEGORY_C_FALSE_OR_CHOP
250151,250157,2023-05-20 07:40:00+00:00,2023-05-20 08:10:00+00:00,7,0.58,0.1868,0.2159,0.8498,0.5105,-0.0903,0.0154,0.0,0.0076,CATEGORY_C_FALSE_OR_CHOP
250187,250193,2023-05-20 10:40:00+00:00,2023-05-20 11:10:00+00:00,7,0.58,0.1455,0.2499,1.9756,0.4352,-0.1673,0.0149,0.001,0.001,CATEGORY_C_FALSE_OR_CHOP
250588,250593,2023-05-21 20:05:00+00:00,2023-05-21 20:30:00+00:00,6,0.5,0.401,0.4362,0.9441,0.4868,0.0697,0.008,0.0129,-0.0013,CATEGORY_C_FALSE_OR_CHOP
250672,250677,2023-05-22 03:05:00+00:00,2023-05-22 03:30:00+00:00,6,0.5,0.3113,0.4057,1.1946,0.4648,0.0022,0.0287,0.0012,0.0248,CATEGORY_A_UPWARD_EXPANSION
250691,250696,2023-05-22 04:40:00+00:00,2023-05-22 05:05:00+00:00,6,0.5,0.4784,0.4915,1.1975,0.4374,0.0808,0.0273,0.0004,0.0258,CATEGORY_A_UPWARD_EXPANSION
250732,250737,2023-05-22 08:05:00+00:00,2023-05-22 08:30:00+00:00,6,0.5,0.4629,0.4956,0.9388,0.4301,-0.0884,0.0233,0.0062,0.0155,CATEGORY_A_UPWARD_EXPANSION
250747,250752,2023-05-22 09:20:00+00:00,2023-05-22 09:45:00+00:00,6,0.5,0.514,0.5377,0.8091,0.4624,-0.0531,0.0241,0.0055,0.0161,CATEGORY_A_UPWARD_EXPANSION
250873,250884,2023-05-22 19:50:00+00:00,2023-05-22 20:45:00+00:00,12,1.0,0.259,0.3467,0.5489,0.4191,-0.0407,0.0231,0.0029,0.0126,CATEGORY_A_UPWARD_EXPANSION
250904,250910,2023-05-22 22:25:00+00:00,2023-05-22 22:55:00+00:00,7,0.58,0.3311,0.3874,0.6364,0.3999,0.0366,0.0232,0.0028,0.012,CATEGORY_A_UPWARD_EXPANSION
250916,250927,2023-05-22 23:25:00+00:00,2023-05-23 00:20:00+00:00,12,1.0,0.2348,0.4546,1.2694,0.4707,-0.0006,0.0236,0.0024,0.0127,CATEGORY_A_UPWARD_EXPANSION
251032,251038,2023-05-23 09:05:00+00:00,2023-05-23 09:35:00+00:00,7,0.58,0.4858,0.5222,0.7864,0.4396,-0.0589,0.0032,0.0251,-0.0179,CATEGORY_B_DOWNWARD_EXPANSION
251040,251047,2023-05-23 09:45:00+00:00,2023-05-23 10:20:00+00:00,8,0.67,0.4025,0.434,0.79,0.4716,0.0585,0.0036,0.0247,-0.0206,CATEGORY_B_DOWNWARD_EXPANSION
251109,251116,2023-05-23 15:30:00+00:00,2023-05-23 16:05:00+00:00,8,0.67,0.4549,0.5005,0.8405,0.3913,-0.1043,0.0015,0.044,-0.036,CATEGORY_B_DOWNWARD_EXPANSION
251188,251201,2023-05-23 22:05:00+00:00,2023-05-23 23:10:00+00:00,14,1.17,0.3353,0.4576,1.0616,0.4166,0.1293,0.0017,0.0412,-0.03,CATEGORY_B_DOWNWARD_EXPANSION
251205,251211,2023-05-23 23:30:00+00:00,2023-05-24 00:00:00+00:00,7,0.58,0.4629,0.4955,1.0132,0.4711,0.267,0.0004,0.0414,-0.0314,CATEGORY_B_DOWNWARD_EXPANSION
251236,251247,2023-05-24 02:05:00+00:00,2023-05-24 03:00:00+00:00,12,1.0,0.2993,0.5269,0.6182,0.4621,0.3056,0.0,0.0476,-0.0365,CATEGORY_B_DOWNWARD_EXPANSION
251334,251345,2023-05-24 10:15:00+00:00,2023-05-24 11:10:00+00:00,12,1.0,0.4071,0.5258,0.7035,0.5237,0.0371,0.0023,0.0311,-0.0168,CATEGORY_B_DOWNWARD_EXPANSION
251367,251374,2023-05-24 13:00:00+00:00,2023-05-24 13:35:00+00:00,8,0.67,0.3516,0.5347,1.4865,0.4959,-0.1095,0.0001,0.03,-0.0134,CATEGORY_B_DOWNWARD_EXPANSION
251605,251615,2023-05-25 08:50:00+00:00,2023-05-25 09:40:00+00:00,11,0.92,0.3012,0.3721,0.9679,0.4615,-0.1,0.0144,0.0033,0.0079,CATEGORY_C_FALSE_OR_CHOP
251697,251705,2023-05-25 16:30:00+00:00,2023-05-25 17:10:00+00:00,9,0.75,0.5661,0.6094,0.8445,0.4656,-0.1285,0.0258,0.0002,0.0211,CATEGORY_A_UPWARD_EXPANSION
251745,251765,2023-05-25 20:30:00+00:00,2023-05-25 22:10:00+00:00,21,1.75,0.4359,0.5174,1.1031,0.4516,-0.0582,0.0175,0.0054,0.0107,CATEGORY_C_FALSE_OR_CHOP
251767,251775,2023-05-25 22:20:00+00:00,2023-05-25 23:00:00+00:00,9,0.75,0.3866,0.4595,1.0501,0.4646,0.106,0.0179,0.005,0.0091,CATEGORY_C_FALSE_OR_CHOP
251818,251829,2023-05-26 02:35:00+00:00,2023-05-26 03:30:00+00:00,12,1.0,0.4341,0.5503,0.7516,0.4718,-0.0429,0.0195,0.0034,0.012,CATEGORY_C_FALSE_OR_CHOP
251831,251847,2023-05-26 03:40:00+00:00,2023-05-26 05:00:00+00:00,17,1.42,0.3507,0.5244,0.8681,0.3936,-0.077,0.0191,0.0038,0.0125,CATEGORY_C_FALSE_OR_CHOP
251905,251911,2023-05-26 09:50:00+00:00,2023-05-26 10:20:00+00:00,7,0.58,0.5107,0.529,0.7611,0.3821,0.1094,0.0189,0.0029,0.0105,CATEGORY_C_FALSE_OR_CHOP
251915,251920,2023-05-26 10:40:00+00:00,2023-05-26 11:05:00+00:00,6,0.5,0.3655,0.4134,1.2849,0.329,0.0112,0.0182,0.0036,0.0088,CATEGORY_C_FALSE_OR_CHOP
252042,252059,2023-05-26 21:15:00+00:00,2023-05-26 22:40:00+00:00,18,1.5,0.364,0.4301,0.756,0.3928,0.0435,0.0043,0.0068,0.0031,CATEGORY_C_FALSE_OR_CHOP
252099,252106,2023-05-27 02:00:00+00:00,2023-05-27 02:35:00+00:00,8,0.67,0.3474,0.3984,0.7022,0.4467,0.1449,0.0177,0.0054,0.0147,CATEGORY_C_FALSE_OR_CHOP
252141,252153,2023-05-27 05:30:00+00:00,2023-05-27 06:30:00+00:00,13,1.08,0.2844,0.3486,1.1843,0.3983,-0.0471,0.0214,0.0061,0.0188,CATEGORY_A_UPWARD_EXPANSION
252163,252168,2023-05-27 07:20:00+00:00,2023-05-27 07:45:00+00:00,6,0.5,0.2899,0.3821,0.9889,0.4518,-0.1448,0.0213,0.0062,0.0184,CATEGORY_A_UPWARD_EXPANSION
252208,252215,2023-05-27 11:05:00+00:00,2023-05-27 11:40:00+00:00,8,0.67,0.3586,0.3749,1.1425,0.626,0.0525,0.0241,0.0056,0.0174,CATEGORY_A_UPWARD_EXPANSION
252278,252283,2023-05-27 16:55:00+00:00,2023-05-27 17:20:00+00:00,6,0.5,0.5271,0.5757,1.7888,0.4292,0.07,0.0253,0.0,0.0224,CATEGORY_A_UPWARD_EXPANSION
252480,252485,2023-05-28 09:45:00+00:00,2023-05-28 10:10:00+00:00,6,0.5,0.4418,0.4835,1.0724,0.4606,-0.1825,0.0479,0.0017,0.0299,CATEGORY_A_UPWARD_EXPANSION
252755,252762,2023-05-29 08:40:00+00:00,2023-05-29 09:15:00+00:00,8,0.67,0.4343,0.4632,0.6385,0.3763,0.0609,0.0036,0.0124,-0.0007,CATEGORY_C_FALSE_OR_CHOP
252766,252771,2023-05-29 09:35:00+00:00,2023-05-29 10:00:00+00:00,6,0.5,0.4315,0.4586,1.067,0.4676,-0.0814,0.0007,0.0153,-0.0032,CATEGORY_C_FALSE_OR_CHOP
252817,252822,2023-05-29 13:50:00+00:00,2023-05-29 14:15:00+00:00,6,0.5,0.3509,0.3826,0.8578,0.4095,-0.1351,0.0044,0.014,-0.0026,CATEGORY_C_FALSE_OR_CHOP
252877,252888,2023-05-29 18:50:00+00:00,2023-05-29 19:45:00+00:00,12,1.0,0.286,0.3749,0.9221,0.5457,-0.0134,0.0127,0.0048,0.005,CATEGORY_C_FALSE_OR_CHOP
252901,252906,2023-05-29 20:50:00+00:00,2023-05-29 21:15:00+00:00,6,0.5,0.3399,0.3539,0.9681,0.5833,0.0562,0.0125,0.005,0.0041,CATEGORY_C_FALSE_OR_CHOP
252963,252969,2023-05-30 02:00:00+00:00,2023-05-30 02:30:00+00:00,7,0.58,0.6017,0.6191,1.2136,0.4408,0.3941,0.0097,0.0077,-0.0039,CATEGORY_C_FALSE_OR_CHOP
252972,252977,2023-05-30 02:45:00+00:00,2023-05-30 03:10:00+00:00,6,0.5,0.4431,0.5432,1.4616,0.5164,-0.0982,0.0088,0.0086,-0.0054,CATEGORY_C_FALSE_OR_CHOP
252991,252999,2023-05-30 04:20:00+00:00,2023-05-30 05:00:00+00:00,9,0.75,0.5275,0.5961,0.4426,0.4146,-0.0727,0.0096,0.0229,-0.0182,CATEGORY_B_DOWNWARD_EXPANSION
253269,253274,2023-05-31 03:30:00+00:00,2023-05-31 03:55:00+00:00,6,0.5,0.5626,0.5885,1.3727,0.4263,0.0452,0.0007,0.038,-0.0317,CATEGORY_B_DOWNWARD_EXPANSION
253346,253351,2023-05-31 09:55:00+00:00,2023-05-31 10:20:00+00:00,6,0.5,0.4858,0.5333,1.3081,0.3734,-0.0602,0.0093,0.0182,-0.0071,CATEGORY_C_FALSE_OR_CHOP
253456,253462,2023-05-31 19:05:00+00:00,2023-05-31 19:35:00+00:00,7,0.58,0.3917,0.4986,1.3463,0.456,0.1045,0.0108,0.0167,-0.01,CATEGORY_C_FALSE_OR_CHOP
253478,253483,2023-05-31 20:55:00+00:00,2023-05-31 21:20:00+00:00,6,0.5,0.3222,0.4209,0.6228,0.3157,-0.0495,0.0094,0.0181,-0.0063,CATEGORY_C_FALSE_OR_CHOP
253539,253544,2023-06-01 02:00:00+00:00,2023-06-01 02:25:00+00:00,6,0.5,0.5233,0.5362,0.5165,0.3918,0.0559,0.0036,0.0211,-0.0053,CATEGORY_B_DOWNWARD_EXPANSION
253579,253588,2023-06-01 05:20:00+00:00,2023-06-01 06:05:00+00:00,10,0.83,0.2561,0.447,0.9009,0.5171,0.0733,0.0131,0.0133,0.0096,CATEGORY_C_FALSE_OR_CHOP
253787,253792,2023-06-01 22:40:00+00:00,2023-06-01 23:05:00+00:00,6,0.5,0.3654,0.4109,0.9407,0.4927,0.021,0.016,0.0136,0.0147,CATEGORY_C_FALSE_OR_CHOP
253844,253849,2023-06-02 03:25:00+00:00,2023-06-02 03:50:00+00:00,6,0.5,0.3809,0.4799,1.0351,0.4834,-0.1433,0.0132,0.0031,0.0075,CATEGORY_C_FALSE_OR_CHOP
253887,253898,2023-06-02 07:00:00+00:00,2023-06-02 07:55:00+00:00,12,1.0,0.4716,0.5343,0.6778,0.4151,-0.0431,0.0093,0.007,0.0046,CATEGORY_C_FALSE_OR_CHOP
253900,253908,2023-06-02 08:05:00+00:00,2023-06-02 08:45:00+00:00,9,0.75,0.3681,0.4861,0.7371,0.4659,-0.1044,0.0066,0.0096,0.0008,CATEGORY_C_FALSE_OR_CHOP
253931,253937,2023-06-02 10:40:00+00:00,2023-06-02 11:10:00+00:00,7,0.58,0.2858,0.3051,1.0488,0.4977,0.015,0.0073,0.0089,0.0022,CATEGORY_C_FALSE_OR_CHOP
254008,254017,2023-06-02 17:05:00+00:00,2023-06-02 17:50:00+00:00,10,0.83,0.3718,0.4771,0.6788,0.4347,-0.0338,0.0098,0.0023,0.0041,CATEGORY_C_FALSE_OR_CHOP
254132,254138,2023-06-03 03:25:00+00:00,2023-06-03 03:55:00+00:00,7,0.58,0.3927,0.4273,0.8306,0.3922,-0.0797,0.007,0.0084,-0.003,CATEGORY_C_FALSE_OR_CHOP
254153,254159,2023-06-03 05:10:00+00:00,2023-06-03 05:40:00+00:00,7,0.58,0.435,0.5298,0.5461,0.4036,-0.1072,0.0066,0.0088,-0.0043,CATEGORY_C_FALSE_OR_CHOP
254167,254172,2023-06-03 06:20:00+00:00,2023-06-03 06:45:00+00:00,6,0.5,0.3676,0.4315,1.2593,0.3557,0.0656,0.005,0.0104,-0.0028,CATEGORY_C_FALSE_OR_CHOP
254185,254191,2023-06-03 07:50:00+00:00,2023-06-03 08:20:00+00:00,7,0.58,0.3777,0.4043,0.896,0.4222,-0.0774,0.0057,0.0097,-0.0017,CATEGORY_C_FALSE_OR_CHOP
254243,254253,2023-06-03 12:40:00+00:00,2023-06-03 13:30:00+00:00,11,0.92,0.1596,0.2385,1.2004,0.445,0.1342,0.0064,0.009,0.0022,CATEGORY_C_FALSE_OR_CHOP
254367,254376,2023-06-03 23:00:00+00:00,2023-06-03 23:45:00+00:00,10,0.83,0.3868,0.475,0.941,0.4817,0.1235,0.014,0.0046,0.001,CATEGORY_C_FALSE_OR_CHOP
254435,254441,2023-06-04 04:40:00+00:00,2023-06-04 05:10:00+00:00,7,0.58,0.4802,0.5177,0.9147,0.5702,0.0174,0.0149,0.0108,-0.0095,CATEGORY_C_FALSE_OR_CHOP
254614,254619,2023-06-04 19:35:00+00:00,2023-06-04 20:00:00+00:00,6,0.5,0.5082,0.574,1.7818,0.5718,-0.118,0.0086,0.0673,-0.058,CATEGORY_B_DOWNWARD_EXPANSION
254761,254766,2023-06-05 07:50:00+00:00,2023-06-05 08:15:00+00:00,6,0.5,0.3009,0.3841,0.6429,0.5335,-0.0624,0.0,0.0538,-0.0427,CATEGORY_B_DOWNWARD_EXPANSION
255001,255009,2023-06-06 03:50:00+00:00,2023-06-06 04:30:00+00:00,9,0.75,0.2005,0.2618,0.7726,0.5059,0.0875,0.0627,0.0165,0.044,CATEGORY_A_UPWARD_EXPANSION
255299,255306,2023-06-07 04:40:00+00:00,2023-06-07 05:15:00+00:00,8,0.67,0.3235,0.3559,0.5944,0.4788,-0.097,0.002,0.0297,-0.0187,CATEGORY_B_DOWNWARD_EXPANSION
255398,255404,2023-06-07 12:55:00+00:00,2023-06-07 13:25:00+00:00,7,0.58,0.4686,0.4973,1.3681,0.4396,-0.0301,0.004,0.0236,-0.0139,CATEGORY_B_DOWNWARD_EXPANSION
255465,255472,2023-06-07 18:30:00+00:00,2023-06-07 19:05:00+00:00,8,0.67,0.2457,0.3489,1.1036,0.4609,0.0151,0.0129,0.013,0.0032,CATEGORY_C_FALSE_OR_CHOP
255523,255532,2023-06-07 23:20:00+00:00,2023-06-08 00:05:00+00:00,10,0.83,0.5059,0.539,1.9761,0.3986,-0.143,0.0187,0.0041,0.0058,CATEGORY_C_FALSE_OR_CHOP
255539,255544,2023-06-08 00:40:00+00:00,2023-06-08 01:05:00+00:00,6,0.5,0.4223,0.4572,0.8285,0.4591,-0.1399,0.0148,0.0079,0.0016,CATEGORY_C_FALSE_OR_CHOP
255625,255636,2023-06-08 07:50:00+00:00,2023-06-08 08:45:00+00:00,12,1.0,0.3095,0.4094,0.5775,0.4351,0.0188,0.0144,0.0061,0.0071,CATEGORY_C_FALSE_OR_CHOP
255641,255649,2023-06-08 09:10:00+00:00,2023-06-08 09:50:00+00:00,9,0.75,0.3084,0.3945,1.0713,0.4077,0.0188,0.0159,0.0045,0.0088,CATEGORY_C_FALSE_OR_CHOP
255671,255677,2023-06-08 11:40:00+00:00,2023-06-08 12:10:00+00:00,7,0.58,0.3598,0.4384,1.049,0.3751,-0.0476,0.0148,0.0057,0.0086,CATEGORY_C_FALSE_OR_CHOP
255746,255752,2023-06-08 17:55:00+00:00,2023-06-08 18:25:00+00:00,7,0.58,0.4303,0.499,1.2688,0.5453,0.0201,0.0111,0.0083,-0.001,CATEGORY_C_FALSE_OR_CHOP
255767,255774,2023-06-08 19:40:00+00:00,2023-06-08 20:15:00+00:00,8,0.67,0.367,0.4079,1.028,0.5203,-0.0652,0.0083,0.0111,-0.0046,CATEGORY_C_FALSE_OR_CHOP
255796,255803,2023-06-08 22:05:00+00:00,2023-06-08 22:40:00+00:00,8,0.67,0.3538,0.5255,0.6672,0.4894,-0.2983,0.0073,0.012,-0.0049,CATEGORY_C_FALSE_OR_CHOP
255868,255876,2023-06-09 04:05:00+00:00,2023-06-09 04:45:00+00:00,9,0.75,0.4756,0.5773,0.7303,0.404,0.1986,0.0119,0.0284,-0.0222,CATEGORY_B_DOWNWARD_EXPANSION
255884,255889,2023-06-09 05:25:00+00:00,2023-06-09 05:50:00+00:00,6,0.5,0.2647,0.4495,0.9631,0.4557,0.0779,0.0112,0.0389,-0.0375,CATEGORY_B_DOWNWARD_EXPANSION
256073,256078,2023-06-09 21:10:00+00:00,2023-06-09 21:35:00+00:00,6,0.5,0.4462,0.4884,2.882,0.4777,0.1128,0.0025,0.042,-0.0267,CATEGORY_B_DOWNWARD_EXPANSION
256080,256091,2023-06-09 21:45:00+00:00,2023-06-09 22:40:00+00:00,12,1.0,0.4032,0.5037,0.6497,0.349,0.0306,0.0029,0.0416,-0.0208,CATEGORY_B_DOWNWARD_EXPANSION
256220,256230,2023-06-10 09:25:00+00:00,2023-06-10 10:15:00+00:00,11,0.92,0.3969,0.5183,1.0228,0.5415,-0.0747,0.0196,0.0114,0.0029,CATEGORY_C_FALSE_OR_CHOP
256232,256239,2023-06-10 10:25:00+00:00,2023-06-10 11:00:00+00:00,8,0.67,0.4472,0.4969,1.3785,0.5919,-0.0118,0.0182,0.0128,0.0027,CATEGORY_C_FALSE_OR_CHOP
256288,256296,2023-06-10 15:05:00+00:00,2023-06-10 15:45:00+00:00,9,0.75,0.447,0.4725,0.9696,0.516,-0.0092,0.0198,0.0112,0.0047,CATEGORY_C_FALSE_OR_CHOP
256417,256428,2023-06-11 01:50:00+00:00,2023-06-11 02:45:00+00:00,12,1.0,0.2139,0.2943,0.3607,0.4266,0.0627,0.0165,0.007,-0.0044,CATEGORY_C_FALSE_OR_CHOP
256430,256436,2023-06-11 02:55:00+00:00,2023-06-11 03:25:00+00:00,7,0.58,0.2273,0.2437,1.0755,0.5305,0.081,0.0178,0.0057,0.0029,CATEGORY_C_FALSE_OR_CHOP
256474,256486,2023-06-11 06:35:00+00:00,2023-06-11 07:35:00+00:00,13,1.08,0.2368,0.3114,1.6928,0.5861,0.0501,0.0172,0.0063,0.0016,CATEGORY_C_FALSE_OR_CHOP
256743,256754,2023-06-12 05:00:00+00:00,2023-06-12 05:55:00+00:00,12,1.0,0.3007,0.3709,1.4504,0.4385,0.0035,0.0149,0.0047,0.012,CATEGORY_C_FALSE_OR_CHOP
256819,256824,2023-06-12 11:20:00+00:00,2023-06-12 11:45:00+00:00,6,0.5,0.3556,0.4352,0.7308,0.4183,0.012,0.0122,0.0117,0.0054,CATEGORY_C_FALSE_OR_CHOP
256912,256919,2023-06-12 19:05:00+00:00,2023-06-12 19:40:00+00:00,8,0.67,0.4276,0.5223,1.1311,0.5201,0.0439,0.0243,0.0036,0.0031,CATEGORY_A_UPWARD_EXPANSION
256921,256928,2023-06-12 19:50:00+00:00,2023-06-12 20:25:00+00:00,8,0.67,0.4987,0.5339,0.88,0.5215,0.051,0.0214,0.0065,-0.0011,CATEGORY_A_UPWARD_EXPANSION
256930,256935,2023-06-12 20:35:00+00:00,2023-06-12 21:00:00+00:00,6,0.5,0.547,0.5767,1.1792,0.5079,-0.0216,0.0209,0.0069,-0.001,CATEGORY_A_UPWARD_EXPANSION
256941,256946,2023-06-12 21:30:00+00:00,2023-06-12 21:55:00+00:00,6,0.5,0.585,0.6015,0.9013,0.4752,0.02,0.0194,0.0084,-0.0032,CATEGORY_C_FALSE_OR_CHOP
257053,257063,2023-06-13 06:50:00+00:00,2023-06-13 07:40:00+00:00,11,0.92,0.4965,0.5358,0.8239,0.5068,-0.0551,0.0127,0.0149,-0.0087,CATEGORY_C_FALSE_OR_CHOP
257250,257256,2023-06-13 23:15:00+00:00,2023-06-13 23:45:00+00:00,7,0.58,0.3306,0.3602,0.8617,0.54,0.0485,0.0082,0.0411,-0.0289,CATEGORY_B_DOWNWARD_EXPANSION
257309,257314,2023-06-14 04:10:00+00:00,2023-06-14 04:35:00+00:00,6,0.5,0.1941,0.3121,0.6939,0.3979,-0.0231,0.0036,0.0455,-0.0369,CATEGORY_B_DOWNWARD_EXPANSION
257317,257324,2023-06-14 04:50:00+00:00,2023-06-14 05:25:00+00:00,8,0.67,0.3177,0.3332,1.0332,0.4093,-0.1283,0.0052,0.044,-0.0356,CATEGORY_B_DOWNWARD_EXPANSION
257364,257370,2023-06-14 08:45:00+00:00,2023-06-14 09:15:00+00:00,7,0.58,0.4092,0.4571,0.8782,0.3453,-0.076,0.0072,0.0421,-0.036,CATEGORY_B_DOWNWARD_EXPANSION
257387,257394,2023-06-14 10:40:00+00:00,2023-06-14 11:15:00+00:00,8,0.67,0.3876,0.417,1.2419,0.4776,0.1613,0.0054,0.0446,-0.0404,CATEGORY_B_DOWNWARD_EXPANSION
257579,257588,2023-06-15 02:40:00+00:00,2023-06-15 03:25:00+00:00,10,0.83,0.1841,0.2939,1.0433,0.4037,0.0096,0.0279,0.0104,0.0191,CATEGORY_A_UPWARD_EXPANSION
257648,257657,2023-06-15 08:25:00+00:00,2023-06-15 09:10:00+00:00,10,0.83,0.301,0.3244,1.2125,0.52,0.128,0.0302,0.0082,0.0239,CATEGORY_A_UPWARD_EXPANSION
257870,257876,2023-06-16 02:55:00+00:00,2023-06-16 03:25:00+00:00,7,0.58,0.4186,0.451,0.6191,0.467,0.0506,0.0384,0.0142,0.028,CATEGORY_A_UPWARD_EXPANSION
257938,257943,2023-06-16 08:35:00+00:00,2023-06-16 09:00:00+00:00,6,0.5,0.4508,0.4752,1.0956,0.3732,-0.0011,0.0502,0.0149,0.0416,CATEGORY_A_UPWARD_EXPANSION
258158,258163,2023-06-17 02:55:00+00:00,2023-06-17 03:20:00+00:00,6,0.5,0.2657,0.2902,0.8257,0.4852,0.1121,0.0218,0.0008,0.0092,CATEGORY_A_UPWARD_EXPANSION
258165,258173,2023-06-17 03:30:00+00:00,2023-06-17 04:10:00+00:00,9,0.75,0.263,0.2968,1.2533,0.427,-0.1047,0.0222,0.0002,0.0102,CATEGORY_A_UPWARD_EXPANSION
258175,258181,2023-06-17 04:20:00+00:00,2023-06-17 04:50:00+00:00,7,0.58,0.2458,0.2921,1.6044,0.5486,-0.0263,0.0194,0.0007,0.0077,CATEGORY_C_FALSE_OR_CHOP
258236,258244,2023-06-17 09:25:00+00:00,2023-06-17 10:05:00+00:00,9,0.75,0.2813,0.3375,0.9076,0.5228,-0.0786,0.0035,0.0104,-0.0023,CATEGORY_C_FALSE_OR_CHOP
258281,258288,2023-06-17 13:10:00+00:00,2023-06-17 13:45:00+00:00,8,0.67,0.2874,0.3216,0.7782,0.4541,0.0782,0.0043,0.0096,-0.0028,CATEGORY_C_FALSE_OR_CHOP
258436,258447,2023-06-18 02:05:00+00:00,2023-06-18 03:00:00+00:00,12,1.0,0.3179,0.3905,1.0548,0.4067,0.034,0.0084,0.0084,-0.0009,CATEGORY_C_FALSE_OR_CHOP
258739,258745,2023-06-19 03:20:00+00:00,2023-06-19 03:50:00+00:00,7,0.58,0.444,0.5092,1.2083,0.3998,0.0583,0.0292,0.0037,0.0187,CATEGORY_A_UPWARD_EXPANSION
258781,258786,2023-06-19 06:50:00+00:00,2023-06-19 07:15:00+00:00,6,0.5,0.3041,0.3744,1.1468,0.3847,0.088,0.0291,0.0039,0.0154,CATEGORY_A_UPWARD_EXPANSION
258832,258839,2023-06-19 11:05:00+00:00,2023-06-19 11:40:00+00:00,8,0.67,0.3872,0.4504,0.949,0.5249,-0.3308,0.0289,0.004,0.0153,CATEGORY_A_UPWARD_EXPANSION
259074,259083,2023-06-20 07:15:00+00:00,2023-06-20 08:00:00+00:00,10,0.83,0.1744,0.2834,0.8411,0.4698,-0.0899,0.0845,0.0064,0.0758,CATEGORY_A_UPWARD_EXPANSION
259362,259367,2023-06-21 07:15:00+00:00,2023-06-21 07:40:00+00:00,6,0.5,0.3862,0.4283,1.1491,0.5169,-0.0478,0.0657,0.0039,0.0402,CATEGORY_A_UPWARD_EXPANSION
259378,259385,2023-06-21 08:35:00+00:00,2023-06-21 09:10:00+00:00,8,0.67,0.4488,0.5254,0.6539,0.5159,0.0267,0.0672,0.0021,0.045,CATEGORY_A_UPWARD_EXPANSION
259614,259619,2023-06-22 04:15:00+00:00,2023-06-22 04:40:00+00:00,6,0.5,0.4092,0.4526,0.7103,0.4002,0.0589,0.0039,0.0234,-0.0062,CATEGORY_B_DOWNWARD_EXPANSION
259665,259670,2023-06-22 08:30:00+00:00,2023-06-22 08:55:00+00:00,6,0.5,0.5144,0.531,1.0836,0.4877,0.0627,0.0085,0.019,-0.0029,CATEGORY_C_FALSE_OR_CHOP
259689,259694,2023-06-22 10:30:00+00:00,2023-06-22 10:55:00+00:00,6,0.5,0.4944,0.5164,0.8505,0.4285,-0.1924,0.0057,0.0216,-0.0034,CATEGORY_B_DOWNWARD_EXPANSION
259841,259846,2023-06-22 23:10:00+00:00,2023-06-22 23:35:00+00:00,6,0.5,0.5614,0.5847,0.6476,0.5785,-0.0154,0.0482,0.0062,0.0213,CATEGORY_A_UPWARD_EXPANSION
259866,259873,2023-06-23 01:15:00+00:00,2023-06-23 01:50:00+00:00,8,0.67,0.4048,0.4157,0.7261,0.4915,-0.0413,0.049,0.0055,0.0208,CATEGORY_A_UPWARD_EXPANSION
259882,259901,2023-06-23 02:35:00+00:00,2023-06-23 04:10:00+00:00,20,1.67,0.1741,0.3552,1.0219,0.5023,0.0603,0.047,0.0039,0.0222,CATEGORY_A_UPWARD_EXPANSION
259918,259930,2023-06-23 05:35:00+00:00,2023-06-23 06:35:00+00:00,13,1.08,0.1715,0.2672,1.499,0.4565,0.0243,0.0466,0.0043,0.0219,CATEGORY_A_UPWARD_EXPANSION
260200,260210,2023-06-24 05:05:00+00:00,2023-06-24 05:55:00+00:00,11,0.92,0.3054,0.3541,1.2397,0.4968,-0.0681,0.0104,0.0155,0.0043,CATEGORY_C_FALSE_OR_CHOP
260277,260285,2023-06-24 11:30:00+00:00,2023-06-24 12:10:00+00:00,9,0.75,0.2276,0.2827,1.6003,0.4934,-0.0325,0.0124,0.0136,0.0008,CATEGORY_C_FALSE_OR_CHOP
260360,260375,2023-06-24 18:25:00+00:00,2023-06-24 19:40:00+00:00,16,1.33,0.4073,0.4667,0.8375,0.4352,-0.0254,0.0128,0.0106,-0.0093,CATEGORY_C_FALSE_OR_CHOP
260377,260382,2023-06-24 19:50:00+00:00,2023-06-24 20:15:00+00:00,6,0.5,0.5095,0.5408,1.2962,0.3582,0.1238,0.0151,0.0084,-0.0024,CATEGORY_C_FALSE_OR_CHOP
260704,260714,2023-06-25 23:05:00+00:00,2023-06-25 23:55:00+00:00,11,0.92,0.3003,0.3838,0.8662,0.4257,-0.055,0.0067,0.0175,-0.0064,CATEGORY_C_FALSE_OR_CHOP
260771,260776,2023-06-26 04:40:00+00:00,2023-06-26 05:05:00+00:00,6,0.5,0.5229,0.578,1.0357,0.3333,-0.0871,0.0141,0.0102,0.0031,CATEGORY_C_FALSE_OR_CHOP
260852,260859,2023-06-26 11:25:00+00:00,2023-06-26 12:00:00+00:00,8,0.67,0.5774,0.5871,1.2325,0.4286,0.0048,0.0147,0.0135,0.0107,CATEGORY_C_FALSE_OR_CHOP
260987,260996,2023-06-26 22:40:00+00:00,2023-06-26 23:25:00+00:00,10,0.83,0.4883,0.5449,0.9207,0.4807,0.0441,0.0251,0.0004,0.0134,CATEGORY_A_UPWARD_EXPANSION
261053,261062,2023-06-27 04:10:00+00:00,2023-06-27 04:55:00+00:00,10,0.83,0.3243,0.5537,0.7001,0.4002,-0.0961,0.0213,0.0038,0.0044,CATEGORY_A_UPWARD_EXPANSION
261113,261120,2023-06-27 09:10:00+00:00,2023-06-27 09:45:00+00:00,8,0.67,0.3955,0.4424,0.6917,0.4119,-0.1109,0.0197,0.0081,-0.0032,CATEGORY_C_FALSE_OR_CHOP
261229,261239,2023-06-27 18:50:00+00:00,2023-06-27 19:40:00+00:00,11,0.92,0.4384,0.5042,0.9536,0.4277,-0.0081,0.0007,0.0279,-0.0235,CATEGORY_B_DOWNWARD_EXPANSION
261266,261273,2023-06-27 21:55:00+00:00,2023-06-27 22:30:00+00:00,8,0.67,0.2733,0.3606,0.7164,0.4369,-0.1362,0.0017,0.0266,-0.0169,CATEGORY_B_DOWNWARD_EXPANSION
261276,261281,2023-06-27 22:45:00+00:00,2023-06-27 23:10:00+00:00,6,0.5,0.447,0.4848,0.8181,0.5068,0.0857,0.0039,0.0244,-0.0142,CATEGORY_B_DOWNWARD_EXPANSION
261405,261429,2023-06-28 09:30:00+00:00,2023-06-28 11:30:00+00:00,25,2.08,0.349,0.4205,0.9506,0.4624,-0.0019,0.0138,0.0156,0.0098,CATEGORY_C_FALSE_OR_CHOP
261562,261567,2023-06-28 22:35:00+00:00,2023-06-28 23:00:00+00:00,6,0.5,0.4212,0.4917,0.8869,0.3363,0.0749,0.025,0.0014,0.0103,CATEGORY_A_UPWARD_EXPANSION
261621,261631,2023-06-29 03:30:00+00:00,2023-06-29 04:20:00+00:00,11,0.92,0.3781,0.4364,1.0135,0.5345,0.0977,0.0243,0.0001,0.0196,CATEGORY_A_UPWARD_EXPANSION
261646,261653,2023-06-29 05:35:00+00:00,2023-06-29 06:10:00+00:00,8,0.67,0.2301,0.2769,0.7048,0.4312,0.134,0.0359,0.0002,0.0168,CATEGORY_A_UPWARD_EXPANSION
261810,261815,2023-06-29 19:15:00+00:00,2023-06-29 19:40:00+00:00,6,0.5,0.5042,0.5646,1.0828,0.4033,-0.0334,0.0248,0.0335,-0.0042,CATEGORY_B_DOWNWARD_EXPANSION
261844,261853,2023-06-29 22:05:00+00:00,2023-06-29 22:50:00+00:00,10,0.83,0.2531,0.3077,1.1722,0.5426,-0.0526,0.0276,0.031,0.0009,CATEGORY_C_FALSE_OR_CHOP
262124,262135,2023-06-30 21:25:00+00:00,2023-06-30 22:20:00+00:00,12,1.0,0.1513,0.1838,1.1082,0.5257,0.0113,0.0055,0.0057,0.0034,CATEGORY_C_FALSE_OR_CHOP
262137,262146,2023-06-30 22:30:00+00:00,2023-06-30 23:15:00+00:00,10,0.83,0.2159,0.2408,0.9371,0.4743,0.1147,0.006,0.0052,0.0031,CATEGORY_C_FALSE_OR_CHOP
262174,262179,2023-07-01 01:35:00+00:00,2023-07-01 02:00:00+00:00,6,0.5,0.3267,0.3363,0.8988,0.4341,0.0239,0.0079,0.0033,0.0047,CATEGORY_C_FALSE_OR_CHOP
262181,262187,2023-07-01 02:10:00+00:00,2023-07-01 02:40:00+00:00,7,0.58,0.2795,0.2988,1.1425,0.5036,-0.1455,0.0061,0.005,0.004,CATEGORY_C_FALSE_OR_CHOP
262189,262205,2023-07-01 02:50:00+00:00,2023-07-01 04:10:00+00:00,17,1.42,0.1055,0.1846,0.8857,0.3702,-0.0091,0.0089,0.0023,0.0039,CATEGORY_C_FALSE_OR_CHOP
262219,262232,2023-07-01 05:20:00+00:00,2023-07-01 06:25:00+00:00,14,1.17,0.1262,0.1604,1.4052,0.4545,-0.0153,0.0077,0.0009,0.0029,CATEGORY_C_FALSE_OR_CHOP
262266,262277,2023-07-01 09:15:00+00:00,2023-07-01 10:10:00+00:00,12,1.0,0.0948,0.1207,0.9326,0.352,-0.1301,0.0069,0.0007,0.0026,CATEGORY_C_FALSE_OR_CHOP
262527,262534,2023-07-02 07:00:00+00:00,2023-07-02 07:35:00+00:00,8,0.67,0.4584,0.5749,1.1604,0.4232,-0.0439,0.0098,0.0114,0.008,CATEGORY_C_FALSE_OR_CHOP
262569,262577,2023-07-02 10:30:00+00:00,2023-07-02 11:10:00+00:00,9,0.75,0.3088,0.4131,1.2014,0.4103,-0.0185,0.0094,0.0117,0.0049,CATEGORY_C_FALSE_OR_CHOP
262608,262614,2023-07-02 13:45:00+00:00,2023-07-02 14:15:00+00:00,7,0.58,0.6662,0.6834,1.1151,0.3583,0.0154,0.009,0.0121,0.005,CATEGORY_C_FALSE_OR_CHOP
263010,263018,2023-07-03 23:15:00+00:00,2023-07-03 23:55:00+00:00,9,0.75,0.3399,0.4279,1.0075,0.5079,0.1667,0.0062,0.0172,-0.0125,CATEGORY_C_FALSE_OR_CHOP
263020,263026,2023-07-04 00:05:00+00:00,2023-07-04 00:35:00+00:00,7,0.58,0.3712,0.4345,1.0145,0.4713,0.1082,0.0067,0.0168,-0.0109,CATEGORY_C_FALSE_OR_CHOP
263105,263110,2023-07-04 07:10:00+00:00,2023-07-04 07:35:00+00:00,6,0.5,0.3631,0.4222,1.4331,0.463,-0.3908,0.004,0.0124,-0.0072,CATEGORY_C_FALSE_OR_CHOP
263270,263293,2023-07-04 20:55:00+00:00,2023-07-04 22:50:00+00:00,24,2.0,0.2524,0.5321,0.7282,0.385,0.0181,0.0027,0.0193,-0.0118,CATEGORY_C_FALSE_OR_CHOP
263357,263363,2023-07-05 04:10:00+00:00,2023-07-05 04:40:00+00:00,7,0.58,0.6062,0.6354,1.1663,0.4132,0.0764,0.0011,0.0206,-0.0115,CATEGORY_B_DOWNWARD_EXPANSION
263636,263647,2023-07-06 03:25:00+00:00,2023-07-06 04:20:00+00:00,12,1.0,0.3442,0.4407,1.4906,0.4476,0.0314,0.0322,0.0267,-0.0133,CATEGORY_C_FALSE_OR_CHOP
263903,263923,2023-07-07 01:40:00+00:00,2023-07-07 03:20:00+00:00,21,1.75,0.3105,0.4196,1.0093,0.4269,0.0018,0.0102,0.007,0.0054,CATEGORY_C_FALSE_OR_CHOP
263988,263994,2023-07-07 08:45:00+00:00,2023-07-07 09:15:00+00:00,7,0.58,0.3425,0.4105,0.8158,0.4705,0.0988,0.012,0.0015,0.0058,CATEGORY_C_FALSE_OR_CHOP
264000,264014,2023-07-07 09:45:00+00:00,2023-07-07 10:55:00+00:00,15,1.25,0.3039,0.439,0.9518,0.4716,0.0645,0.0094,0.0041,0.0019,CATEGORY_C_FALSE_OR_CHOP
264153,264164,2023-07-07 22:30:00+00:00,2023-07-07 23:25:00+00:00,12,1.0,0.3756,0.4675,0.8036,0.4841,0.2034,0.0017,0.0096,-0.0026,CATEGORY_C_FALSE_OR_CHOP
264288,264304,2023-07-08 09:45:00+00:00,2023-07-08 11:05:00+00:00,17,1.42,0.24,0.337,0.7685,0.4446,-0.0496,0.0058,0.006,0.0007,CATEGORY_C_FALSE_OR_CHOP
264389,264395,2023-07-08 18:10:00+00:00,2023-07-08 18:40:00+00:00,7,0.58,0.556,0.6071,1.0418,0.3489,0.1467,0.0078,0.0055,0.002,CATEGORY_C_FALSE_OR_CHOP
264429,264437,2023-07-08 21:30:00+00:00,2023-07-08 22:10:00+00:00,9,0.75,0.5856,0.6296,0.899,0.4519,-0.0067,0.0084,0.0043,-0.0034,CATEGORY_C_FALSE_OR_CHOP
264518,264523,2023-07-09 04:55:00+00:00,2023-07-09 05:20:00+00:00,6,0.5,0.5794,0.6091,0.8193,0.4615,-0.0881,0.0053,0.0111,-0.0053,CATEGORY_C_FALSE_OR_CHOP
264557,264562,2023-07-09 08:10:00+00:00,2023-07-09 08:35:00+00:00,6,0.5,0.4382,0.4971,0.8765,0.4733,0.0211,0.0049,0.0114,-0.0061,CATEGORY_C_FALSE_OR_CHOP
264795,264801,2023-07-10 04:00:00+00:00,2023-07-10 04:30:00+00:00,7,0.58,0.39,0.4469,1.345,0.3051,0.105,0.0302,0.0045,0.0114,CATEGORY_A_UPWARD_EXPANSION
265070,265075,2023-07-11 02:55:00+00:00,2023-07-11 03:20:00+00:00,6,0.5,0.4789,0.5013,0.9957,0.3133,0.0044,0.0123,0.0046,0.0056,CATEGORY_C_FALSE_OR_CHOP
265083,265089,2023-07-11 04:00:00+00:00,2023-07-11 04:30:00+00:00,7,0.58,0.3165,0.4775,0.8613,0.512,-0.1394,0.0109,0.0059,0.0042,CATEGORY_C_FALSE_OR_CHOP
265094,265102,2023-07-11 04:55:00+00:00,2023-07-11 05:35:00+00:00,9,0.75,0.3334,0.3845,0.7158,0.4424,0.0869,0.0116,0.0053,0.0057,CATEGORY_C_FALSE_OR_CHOP
265131,265137,2023-07-11 08:00:00+00:00,2023-07-11 08:30:00+00:00,7,0.58,0.3697,0.4391,1.2443,0.4947,-0.1626,0.0103,0.0077,0.0055,CATEGORY_C_FALSE_OR_CHOP
265165,265173,2023-07-11 10:50:00+00:00,2023-07-11 11:30:00+00:00,9,0.75,0.4141,0.4554,1.2606,0.4756,0.0966,0.0131,0.0049,0.0093,CATEGORY_C_FALSE_OR_CHOP
265368,265373,2023-07-12 03:45:00+00:00,2023-07-12 04:10:00+00:00,6,0.5,0.4705,0.4967,1.2515,0.3381,-0.0329,0.0136,0.0117,-0.0093,CATEGORY_C_FALSE_OR_CHOP
265381,265386,2023-07-12 04:50:00+00:00,2023-07-12 05:15:00+00:00,6,0.5,0.3542,0.444,0.4568,0.5396,0.0815,0.011,0.0142,-0.0119,CATEGORY_C_FALSE_OR_CHOP
265430,265438,2023-07-12 08:55:00+00:00,2023-07-12 09:35:00+00:00,9,0.75,0.4776,0.5876,1.053,0.3816,-0.0901,0.0091,0.0161,-0.0046,CATEGORY_C_FALSE_OR_CHOP
265446,265451,2023-07-12 10:15:00+00:00,2023-07-12 10:40:00+00:00,6,0.5,0.4845,0.5936,1.517,0.4847,0.0383,0.0094,0.0158,-0.0021,CATEGORY_C_FALSE_OR_CHOP
265577,265597,2023-07-12 21:10:00+00:00,2023-07-12 22:50:00+00:00,21,1.75,0.3385,0.4144,0.8914,0.4853,-0.0553,0.0479,0.0033,0.0313,CATEGORY_A_UPWARD_EXPANSION
266037,266045,2023-07-14 11:30:00+00:00,2023-07-14 12:10:00+00:00,9,0.75,0.3607,0.4749,0.81,0.5505,0.057,0.0045,0.0422,-0.0284,CATEGORY_B_DOWNWARD_EXPANSION
266167,266180,2023-07-14 22:20:00+00:00,2023-07-14 23:25:00+00:00,14,1.17,0.3428,0.4244,1.0462,0.5037,0.0548,0.0029,0.0034,-0.0004,CATEGORY_C_FALSE_OR_CHOP
266213,266221,2023-07-15 02:10:00+00:00,2023-07-15 02:50:00+00:00,9,0.75,0.2449,0.2811,1.5421,0.4047,0.0356,0.0018,0.0084,-0.0017,CATEGORY_C_FALSE_OR_CHOP
266235,266241,2023-07-15 04:00:00+00:00,2023-07-15 04:30:00+00:00,7,0.58,0.2226,0.2664,0.7383,0.5433,0.2539,0.0018,0.0083,-0.0049,CATEGORY_C_FALSE_OR_CHOP
266243,266250,2023-07-15 04:40:00+00:00,2023-07-15 05:15:00+00:00,8,0.67,0.242,0.2576,1.3741,0.4256,-0.0071,0.0022,0.0079,-0.0032,CATEGORY_C_FALSE_OR_CHOP
266295,266310,2023-07-15 09:00:00+00:00,2023-07-15 10:15:00+00:00,16,1.33,0.1643,0.2488,0.8272,0.5096,0.015,0.0001,0.01,-0.0022,CATEGORY_C_FALSE_OR_CHOP
266436,266441,2023-07-15 20:45:00+00:00,2023-07-15 21:10:00+00:00,6,0.5,0.4489,0.5545,1.4625,0.4579,-0.0941,0.0053,0.0072,0.0001,CATEGORY_C_FALSE_OR_CHOP
266443,266450,2023-07-15 21:20:00+00:00,2023-07-15 21:55:00+00:00,8,0.67,0.3806,0.4231,0.6417,0.5292,-0.105,0.0046,0.0079,-0.0003,CATEGORY_C_FALSE_OR_CHOP
266482,266488,2023-07-16 00:35:00+00:00,2023-07-16 01:05:00+00:00,7,0.58,0.6782,0.7027,1.8967,0.7151,0.305,0.0043,0.0081,-0.0025,CATEGORY_C_FALSE_OR_CHOP
266580,266586,2023-07-16 08:45:00+00:00,2023-07-16 09:15:00+00:00,7,0.58,0.5113,0.552,1.1956,0.5168,-0.1117,0.005,0.0056,-0.0015,CATEGORY_C_FALSE_OR_CHOP
266811,266817,2023-07-17 04:00:00+00:00,2023-07-17 04:30:00+00:00,7,0.58,0.4895,0.5996,2.0265,0.3874,-0.0814,0.0011,0.021,-0.0067,CATEGORY_B_DOWNWARD_EXPANSION
267175,267180,2023-07-18 10:20:00+00:00,2023-07-18 10:45:00+00:00,6,0.5,0.4583,0.4952,1.3835,0.5272,0.0487,0.0065,0.016,-0.0,CATEGORY_C_FALSE_OR_CHOP
267308,267317,2023-07-18 21:25:00+00:00,2023-07-18 22:10:00+00:00,10,0.83,0.3961,0.4989,1.0062,0.4311,0.0627,0.013,0.0014,0.0034,CATEGORY_C_FALSE_OR_CHOP
267407,267412,2023-07-19 05:40:00+00:00,2023-07-19 06:05:00+00:00,6,0.5,0.4881,0.5149,1.2773,0.4212,0.1093,0.0028,0.0109,0.0015,CATEGORY_C_FALSE_OR_CHOP
267425,267430,2023-07-19 07:10:00+00:00,2023-07-19 07:35:00+00:00,6,0.5,0.522,0.5442,0.9023,0.394,-0.1855,0.0073,0.0088,0.0055,CATEGORY_C_FALSE_OR_CHOP
267468,267474,2023-07-19 10:45:00+00:00,2023-07-19 11:15:00+00:00,7,0.58,0.491,0.5558,0.7525,0.4423,0.0586,0.0141,0.0077,0.0093,CATEGORY_C_FALSE_OR_CHOP
267477,267484,2023-07-19 11:30:00+00:00,2023-07-19 12:05:00+00:00,8,0.67,0.4615,0.5267,0.9943,0.4445,0.0666,0.0137,0.0081,0.0089,CATEGORY_C_FALSE_OR_CHOP
267638,267646,2023-07-20 00:55:00+00:00,2023-07-20 01:35:00+00:00,9,0.75,0.5845,0.6674,0.7212,0.4298,0.096,0.0143,0.014,-0.005,CATEGORY_C_FALSE_OR_CHOP
267669,267678,2023-07-20 03:30:00+00:00,2023-07-20 04:15:00+00:00,10,0.83,0.5776,0.6164,0.9085,0.5277,0.0203,0.0149,0.0133,-0.0035,CATEGORY_C_FALSE_OR_CHOP
267899,267914,2023-07-20 22:40:00+00:00,2023-07-20 23:55:00+00:00,16,1.33,0.4058,0.479,1.8649,0.4741,-0.0243,0.0088,0.0025,0.0034,CATEGORY_C_FALSE_OR_CHOP
267955,267961,2023-07-21 03:20:00+00:00,2023-07-21 03:50:00+00:00,7,0.58,0.4606,0.5012,0.4879,0.5204,0.3214,0.0047,0.0064,0.0002,CATEGORY_C_FALSE_OR_CHOP
267965,267971,2023-07-21 04:10:00+00:00,2023-07-21 04:40:00+00:00,7,0.58,0.5082,0.5414,0.7627,0.3518,0.1494,0.0059,0.0052,0.0015,CATEGORY_C_FALSE_OR_CHOP
268109,268116,2023-07-21 16:10:00+00:00,2023-07-21 16:45:00+00:00,8,0.67,0.4814,0.5171,0.5788,0.4741,-0.0687,0.0075,0.0023,0.0019,CATEGORY_C_FALSE_OR_CHOP
268199,268204,2023-07-21 23:40:00+00:00,2023-07-22 00:05:00+00:00,6,0.5,0.4389,0.4501,1.2061,0.4314,0.1733,0.003,0.0095,-0.0035,CATEGORY_C_FALSE_OR_CHOP
268206,268211,2023-07-22 00:15:00+00:00,2023-07-22 00:40:00+00:00,6,0.5,0.3784,0.4478,0.6282,0.5947,0.0962,0.0014,0.0111,-0.0062,CATEGORY_C_FALSE_OR_CHOP
268279,268289,2023-07-22 06:20:00+00:00,2023-07-22 07:10:00+00:00,11,0.92,0.3845,0.4241,1.1746,0.4429,-0.0873,0.0035,0.0087,0.0005,CATEGORY_C_FALSE_OR_CHOP
268339,268349,2023-07-22 11:20:00+00:00,2023-07-22 12:10:00+00:00,11,0.92,0.4124,0.4323,1.0008,0.4257,-0.1987,0.0038,0.0081,0.0016,CATEGORY_C_FALSE_OR_CHOP
268360,268365,2023-07-22 13:05:00+00:00,2023-07-22 13:30:00+00:00,6,0.5,0.4583,0.4796,0.8596,0.5574,-0.0461,0.004,0.0079,0.0003,CATEGORY_C_FALSE_OR_CHOP
268537,268542,2023-07-23 03:50:00+00:00,2023-07-23 04:15:00+00:00,6,0.5,0.5121,0.5451,0.8531,0.3772,-0.1241,0.0161,0.007,-0.0041,CATEGORY_C_FALSE_OR_CHOP
268620,268629,2023-07-23 10:45:00+00:00,2023-07-23 11:30:00+00:00,10,0.83,0.3145,0.4435,0.5566,0.4549,0.181,0.0151,0.0301,-0.0213,CATEGORY_B_DOWNWARD_EXPANSION
268672,268680,2023-07-23 15:05:00+00:00,2023-07-23 15:45:00+00:00,9,0.75,0.4234,0.4751,0.699,0.3953,0.0629,0.0151,0.0347,-0.0273,CATEGORY_B_DOWNWARD_EXPANSION
268855,268862,2023-07-24 06:20:00+00:00,2023-07-24 06:55:00+00:00,8,0.67,0.4134,0.4675,1.5329,0.4162,-0.0589,0.0031,0.0308,-0.0213,CATEGORY_B_DOWNWARD_EXPANSION
269048,269058,2023-07-24 22:25:00+00:00,2023-07-24 23:15:00+00:00,11,0.92,0.207,0.2949,0.7659,0.4789,0.0774,0.0066,0.0047,0.0009,CATEGORY_C_FALSE_OR_CHOP
269109,269117,2023-07-25 03:30:00+00:00,2023-07-25 04:10:00+00:00,9,0.75,0.2542,0.2837,0.9414,0.4838,-0.0535,0.0103,0.0014,0.0039,CATEGORY_C_FALSE_OR_CHOP
269123,269132,2023-07-25 04:40:00+00:00,2023-07-25 05:25:00+00:00,10,0.83,0.2279,0.2636,1.0984,0.4498,0.0499,0.0105,0.0009,0.0041,CATEGORY_C_FALSE_OR_CHOP
269198,269205,2023-07-25 10:55:00+00:00,2023-07-25 11:30:00+00:00,8,0.67,0.2879,0.3811,1.0966,0.3523,-0.0015,0.009,0.0023,0.0019,CATEGORY_C_FALSE_OR_CHOP
269208,269213,2023-07-25 11:45:00+00:00,2023-07-25 12:10:00+00:00,6,0.5,0.4194,0.4283,1.0849,0.4647,0.0495,0.01,0.0013,0.0024,CATEGORY_C_FALSE_OR_CHOP
269321,269330,2023-07-25 21:10:00+00:00,2023-07-25 21:55:00+00:00,10,0.83,0.2687,0.3668,1.0692,0.4194,-0.1322,0.0158,0.0045,0.0081,CATEGORY_C_FALSE_OR_CHOP
269335,269342,2023-07-25 22:20:00+00:00,2023-07-25 22:55:00+00:00,8,0.67,0.515,0.5313,1.1458,0.3458,-0.1048,0.0166,0.0037,0.0092,CATEGORY_C_FALSE_OR_CHOP
269411,269417,2023-07-26 04:40:00+00:00,2023-07-26 05:10:00+00:00,7,0.58,0.4031,0.4323,1.7173,0.4796,0.0623,0.0162,0.0019,0.0089,CATEGORY_C_FALSE_OR_CHOP
269459,269464,2023-07-26 08:40:00+00:00,2023-07-26 09:05:00+00:00,6,0.5,0.3639,0.3765,1.0005,0.466,-0.0982,0.0157,0.0024,0.0085,CATEGORY_C_FALSE_OR_CHOP
269483,269489,2023-07-26 10:40:00+00:00,2023-07-26 11:10:00+00:00,7,0.58,0.2973,0.3921,1.4923,0.3383,0.0654,0.0166,0.0016,0.0099,CATEGORY_C_FALSE_OR_CHOP
269716,269721,2023-07-27 06:05:00+00:00,2023-07-27 06:30:00+00:00,6,0.5,0.447,0.458,1.1748,0.2932,-0.2276,0.0044,0.0121,-0.0084,CATEGORY_C_FALSE_OR_CHOP
269920,269926,2023-07-27 23:05:00+00:00,2023-07-27 23:35:00+00:00,7,0.58,0.4264,0.5433,0.3978,0.4711,0.0076,0.0116,0.0028,0.004,CATEGORY_C_FALSE_OR_CHOP
269955,269960,2023-07-28 02:00:00+00:00,2023-07-28 02:25:00+00:00,6,0.5,0.5613,0.6547,1.5928,0.3568,-0.1244,0.0108,0.0036,0.0049,CATEGORY_C_FALSE_OR_CHOP
270060,270069,2023-07-28 10:45:00+00:00,2023-07-28 11:30:00+00:00,10,0.83,0.4307,0.5076,1.0988,0.4045,-0.2024,0.0118,0.0001,0.0029,CATEGORY_C_FALSE_OR_CHOP
270226,270234,2023-07-29 00:35:00+00:00,2023-07-29 01:15:00+00:00,9,0.75,0.3905,0.4543,0.6457,0.4551,-0.1734,0.0025,0.0027,0.0002,CATEGORY_C_FALSE_OR_CHOP
270259,270269,2023-07-29 03:20:00+00:00,2023-07-29 04:10:00+00:00,11,0.92,0.2907,0.372,1.058,0.4786,0.1259,0.0013,0.0039,-0.0018,CATEGORY_C_FALSE_OR_CHOP
270409,270420,2023-07-29 15:50:00+00:00,2023-07-29 16:45:00+00:00,12,1.0,0.1814,0.3503,0.7489,0.3617,-0.1151,0.0052,0.0022,0.0029,CATEGORY_C_FALSE_OR_CHOP
270476,270482,2023-07-29 21:25:00+00:00,2023-07-29 21:55:00+00:00,7,0.58,0.5746,0.6146,1.2626,0.3202,0.0003,0.0034,0.0107,-0.0046,CATEGORY_C_FALSE_OR_CHOP
270535,270556,2023-07-30 02:20:00+00:00,2023-07-30 04:05:00+00:00,22,1.83,0.2274,0.4312,0.758,0.3954,-0.0235,0.0074,0.0096,0.0034,CATEGORY_C_FALSE_OR_CHOP
270925,270931,2023-07-31 10:50:00+00:00,2023-07-31 11:20:00+00:00,7,0.58,0.463,0.4722,1.1613,0.5293,-0.0784,0.0026,0.0231,-0.0172,CATEGORY_B_DOWNWARD_EXPANSION
270936,270943,2023-07-31 11:45:00+00:00,2023-07-31 12:20:00+00:00,8,0.67,0.299,0.31,1.4205,0.4405,-0.0455,0.0027,0.023,-0.0192,CATEGORY_B_DOWNWARD_EXPANSION
271175,271181,2023-08-01 07:40:00+00:00,2023-08-01 08:10:00+00:00,7,0.58,0.3791,0.4351,0.971,0.4831,-0.1429,0.0389,0.0116,0.0204,CATEGORY_A_UPWARD_EXPANSION
271204,271212,2023-08-01 10:05:00+00:00,2023-08-01 10:45:00+00:00,9,0.75,0.2686,0.3144,0.3336,0.4106,0.0484,0.0388,0.0118,0.0209,CATEGORY_A_UPWARD_EXPANSION
271408,271413,2023-08-02 03:05:00+00:00,2023-08-02 03:30:00+00:00,6,0.5,0.3259,0.3998,0.9837,0.3925,0.0484,0.0004,0.0263,-0.0189,CATEGORY_B_DOWNWARD_EXPANSION
271607,271621,2023-08-02 19:40:00+00:00,2023-08-02 20:50:00+00:00,15,1.25,0.3392,0.45,0.5441,0.4513,0.0225,0.0094,0.0066,0.0044,CATEGORY_C_FALSE_OR_CHOP
271645,271650,2023-08-02 22:50:00+00:00,2023-08-02 23:15:00+00:00,6,0.5,0.2634,0.3294,1.1145,0.3942,-0.0263,0.0091,0.0069,0.0011,CATEGORY_C_FALSE_OR_CHOP
271700,271711,2023-08-03 03:25:00+00:00,2023-08-03 04:20:00+00:00,12,1.0,0.3487,0.3906,1.1272,0.4858,-0.0324,0.0093,0.0067,-0.0007,CATEGORY_C_FALSE_OR_CHOP
271778,271790,2023-08-03 09:55:00+00:00,2023-08-03 10:55:00+00:00,13,1.08,0.3819,0.4294,1.2831,0.4719,0.0725,0.0088,0.0033,-0.0005,CATEGORY_C_FALSE_OR_CHOP
271988,271993,2023-08-04 03:25:00+00:00,2023-08-04 03:50:00+00:00,6,0.5,0.3629,0.3852,0.6013,0.3481,-0.0078,0.0066,0.0114,-0.0017,CATEGORY_C_FALSE_OR_CHOP
272069,272074,2023-08-04 10:10:00+00:00,2023-08-04 10:35:00+00:00,6,0.5,0.1919,0.2567,1.2355,0.3533,-0.0309,0.0057,0.0123,-0.0031,CATEGORY_C_FALSE_OR_CHOP
272223,272230,2023-08-04 23:00:00+00:00,2023-08-04 23:35:00+00:00,8,0.67,0.3606,0.4236,1.0578,0.5179,-0.1625,0.0024,0.0035,-0.0001,CATEGORY_C_FALSE_OR_CHOP
272267,272274,2023-08-05 02:40:00+00:00,2023-08-05 03:15:00+00:00,8,0.67,0.3411,0.3622,1.1757,0.4626,0.0888,0.0005,0.0037,-0.001,CATEGORY_C_FALSE_OR_CHOP
272276,272285,2023-08-05 03:25:00+00:00,2023-08-05 04:10:00+00:00,10,0.83,0.3345,0.3495,0.9209,0.3984,-0.1406,0.0004,0.0037,-0.0006,CATEGORY_C_FALSE_OR_CHOP
272471,272477,2023-08-05 19:40:00+00:00,2023-08-05 20:10:00+00:00,7,0.58,0.4553,0.4719,1.4084,0.4464,-0.2392,0.0027,0.0025,0.0006,CATEGORY_C_FALSE_OR_CHOP
272483,272488,2023-08-05 20:40:00+00:00,2023-08-05 21:05:00+00:00,6,0.5,0.474,0.4925,1.0143,0.4139,0.1364,0.005,0.0021,0.005,CATEGORY_C_FALSE_OR_CHOP
272512,272520,2023-08-05 23:05:00+00:00,2023-08-05 23:45:00+00:00,9,0.75,0.2244,0.5115,1.5236,0.3616,0.1141,0.0044,0.003,0.0006,CATEGORY_C_FALSE_OR_CHOP
272563,272570,2023-08-06 03:20:00+00:00,2023-08-06 03:55:00+00:00,8,0.67,0.4553,0.5252,1.376,0.4848,-0.0359,0.0057,0.0025,0.0034,CATEGORY_C_FALSE_OR_CHOP
272660,272667,2023-08-06 11:25:00+00:00,2023-08-06 12:00:00+00:00,8,0.67,0.2521,0.4809,1.204,0.4306,-0.0172,0.0053,0.0029,0.0004,CATEGORY_C_FALSE_OR_CHOP
273085,273093,2023-08-07 22:50:00+00:00,2023-08-07 23:30:00+00:00,9,0.75,0.3598,0.4045,1.0805,0.4114,-0.1064,0.0368,0.0009,0.0214,CATEGORY_A_UPWARD_EXPANSION
273127,273132,2023-08-08 02:20:00+00:00,2023-08-08 02:45:00+00:00,6,0.5,0.2998,0.3761,1.0905,0.511,-0.0288,0.0358,0.0011,0.0164,CATEGORY_A_UPWARD_EXPANSION
273139,273145,2023-08-08 03:20:00+00:00,2023-08-08 03:50:00+00:00,7,0.58,0.2839,0.4248,1.2411,0.46,-0.1456,0.0355,0.0012,0.0173,CATEGORY_A_UPWARD_EXPANSION
273189,273212,2023-08-08 07:30:00+00:00,2023-08-08 09:25:00+00:00,24,2.0,0.2658,0.3628,0.9506,0.4497,-0.0624,0.0362,0.0,0.021,CATEGORY_A_UPWARD_EXPANSION
273214,273222,2023-08-08 09:35:00+00:00,2023-08-08 10:15:00+00:00,9,0.75,0.2303,0.2654,0.9176,0.5357,-0.0381,0.0355,0.0,0.0199,CATEGORY_A_UPWARD_EXPANSION
273429,273447,2023-08-09 03:30:00+00:00,2023-08-09 05:00:00+00:00,19,1.58,0.2348,0.3184,1.0398,0.4995,-0.0233,0.0131,0.0132,-0.0078,CATEGORY_C_FALSE_OR_CHOP
273479,273484,2023-08-09 07:40:00+00:00,2023-08-09 08:05:00+00:00,6,0.5,0.3489,0.3568,0.5239,0.5097,-0.1554,0.0115,0.0148,-0.0098,CATEGORY_C_FALSE_OR_CHOP
273498,273512,2023-08-09 09:15:00+00:00,2023-08-09 10:25:00+00:00,15,1.25,0.196,0.3353,0.467,0.4897,-0.0801,0.0128,0.0135,-0.0089,CATEGORY_C_FALSE_OR_CHOP
273661,273666,2023-08-09 22:50:00+00:00,2023-08-09 23:15:00+00:00,6,0.5,0.3736,0.404,1.1797,0.4563,-0.2214,0.0041,0.01,-0.0056,CATEGORY_C_FALSE_OR_CHOP
273732,273740,2023-08-10 04:45:00+00:00,2023-08-10 05:25:00+00:00,9,0.75,0.2349,0.2618,0.8814,0.4801,0.1951,0.0075,0.0067,-0.0037,CATEGORY_C_FALSE_OR_CHOP
273778,273785,2023-08-10 08:35:00+00:00,2023-08-10 09:10:00+00:00,8,0.67,0.2751,0.3314,0.3738,0.4352,-0.1866,0.0077,0.0065,-0.0034,CATEGORY_C_FALSE_OR_CHOP
273904,273918,2023-08-10 19:05:00+00:00,2023-08-10 20:15:00+00:00,15,1.25,0.3474,0.4518,1.3384,0.4798,0.0936,0.0027,0.0079,-0.0022,CATEGORY_C_FALSE_OR_CHOP
273929,273938,2023-08-10 21:10:00+00:00,2023-08-10 21:55:00+00:00,10,0.83,0.2239,0.426,1.0963,0.443,0.0701,0.0033,0.0072,-0.0019,CATEGORY_C_FALSE_OR_CHOP
273948,273954,2023-08-10 22:45:00+00:00,2023-08-10 23:15:00+00:00,7,0.58,0.3598,0.3871,0.929,0.2304,-0.0781,0.0039,0.0067,-0.0013,CATEGORY_C_FALSE_OR_CHOP
273957,273964,2023-08-10 23:30:00+00:00,2023-08-11 00:05:00+00:00,8,0.67,0.2547,0.2788,1.4486,0.3349,0.2597,0.0038,0.0068,-0.0014,CATEGORY_C_FALSE_OR_CHOP
274014,274022,2023-08-11 04:15:00+00:00,2023-08-11 04:55:00+00:00,9,0.75,0.3839,0.4694,0.4671,0.3865,-0.1738,0.005,0.0056,0.0,CATEGORY_C_FALSE_OR_CHOP
274228,274235,2023-08-11 22:05:00+00:00,2023-08-11 22:40:00+00:00,8,0.67,0.2031,0.3747,0.9147,0.4276,-0.0104,0.002,0.0014,0.0001,CATEGORY_C_FALSE_OR_CHOP
274277,274283,2023-08-12 02:10:00+00:00,2023-08-12 02:40:00+00:00,7,0.58,0.408,0.4348,1.2698,0.4663,-0.2672,0.0024,0.001,0.0015,CATEGORY_C_FALSE_OR_CHOP
274285,274292,2023-08-12 02:50:00+00:00,2023-08-12 03:25:00+00:00,8,0.67,0.4056,0.4499,0.7748,0.4332,-0.0675,0.0032,0.0002,0.0009,CATEGORY_C_FALSE_OR_CHOP
274304,274316,2023-08-12 04:25:00+00:00,2023-08-12 05:25:00+00:00,13,1.08,0.0901,0.2718,2.8358,0.3826,0.003,0.0023,0.0017,-0.0011,CATEGORY_C_FALSE_OR_CHOP
274366,274372,2023-08-12 09:35:00+00:00,2023-08-12 10:05:00+00:00,7,0.58,0.339,0.3742,1.9911,0.3557,0.2499,0.0021,0.0019,-0.0004,CATEGORY_C_FALSE_OR_CHOP
274410,274415,2023-08-12 13:15:00+00:00,2023-08-12 13:40:00+00:00,6,0.5,0.3148,0.3202,0.8239,0.3972,-0.1603,0.0019,0.0021,-0.0017,CATEGORY_C_FALSE_OR_CHOP
274480,274488,2023-08-12 19:05:00+00:00,2023-08-12 19:45:00+00:00,9,0.75,0.5344,0.6219,1.1598,0.306,-0.0484,0.002,0.0029,0.0018,CATEGORY_C_FALSE_OR_CHOP
274493,274502,2023-08-12 20:10:00+00:00,2023-08-12 20:55:00+00:00,10,0.83,0.453,0.4722,0.9011,0.2108,0.0221,0.0018,0.0031,-0.0,CATEGORY_C_FALSE_OR_CHOP
274531,274539,2023-08-12 23:20:00+00:00,2023-08-13 00:00:00+00:00,9,0.75,0.4579,0.5292,1.0,0.4145,0.003,0.0015,0.0054,-0.0046,CATEGORY_C_FALSE_OR_CHOP
274562,274571,2023-08-13 01:55:00+00:00,2023-08-13 02:40:00+00:00,10,0.83,0.3363,0.565,0.5713,0.3212,-0.0467,0.0007,0.012,-0.0034,CATEGORY_C_FALSE_OR_CHOP
274615,274621,2023-08-13 06:20:00+00:00,2023-08-13 06:50:00+00:00,7,0.58,0.6699,0.6917,1.7537,0.4969,0.0527,0.0026,0.01,0.0008,CATEGORY_C_FALSE_OR_CHOP
274624,274638,2023-08-13 07:05:00+00:00,2023-08-13 08:15:00+00:00,15,1.25,0.3013,0.494,1.1855,0.4105,0.0323,0.0026,0.01,0.0017,CATEGORY_C_FALSE_OR_CHOP
274673,274678,2023-08-13 11:10:00+00:00,2023-08-13 11:35:00+00:00,6,0.5,0.4615,0.5252,0.6131,0.3063,-0.0003,0.0036,0.0098,-0.0002,CATEGORY_C_FALSE_OR_CHOP
274701,274712,2023-08-13 13:30:00+00:00,2023-08-13 14:25:00+00:00,12,1.0,0.2456,0.5816,0.7616,0.3942,-0.1785,0.0041,0.0093,0.0025,CATEGORY_C_FALSE_OR_CHOP
275079,275086,2023-08-14 21:00:00+00:00,2023-08-14 21:35:00+00:00,8,0.67,0.3314,0.4047,0.8351,0.3242,-0.1379,0.0038,0.0112,-0.0055,CATEGORY_C_FALSE_OR_CHOP
275105,275110,2023-08-14 23:10:00+00:00,2023-08-14 23:35:00+00:00,6,0.5,0.1826,0.2891,0.8357,0.4599,0.1055,0.0025,0.0124,-0.0077,CATEGORY_C_FALSE_OR_CHOP
275246,275252,2023-08-15 10:55:00+00:00,2023-08-15 11:25:00+00:00,7,0.58,0.2904,0.4044,0.4963,0.4581,0.1355,0.0034,0.0116,-0.0074,CATEGORY_C_FALSE_OR_CHOP
275435,275440,2023-08-16 02:40:00+00:00,2023-08-16 03:05:00+00:00,6,0.5,0.5105,0.5353,0.6878,0.4795,-0.1906,0.0,0.031,-0.0223,CATEGORY_B_DOWNWARD_EXPANSION
275450,275457,2023-08-16 03:55:00+00:00,2023-08-16 04:30:00+00:00,8,0.67,0.4064,0.4463,2.177,0.4162,-0.0085,0.0006,0.0299,-0.02,CATEGORY_B_DOWNWARD_EXPANSION
275543,275549,2023-08-16 11:40:00+00:00,2023-08-16 12:10:00+00:00,7,0.58,0.4372,0.4705,0.7368,0.4093,0.0733,0.0032,0.0274,-0.0228,CATEGORY_B_DOWNWARD_EXPANSION
275756,275762,2023-08-17 05:25:00+00:00,2023-08-17 05:55:00+00:00,7,0.58,0.4002,0.461,1.6125,0.5132,0.1617,0.0006,0.1225,-0.078,CATEGORY_B_DOWNWARD_EXPANSION
276106,276115,2023-08-18 10:35:00+00:00,2023-08-18 11:20:00+00:00,10,0.83,0.1196,0.1405,0.94,0.4661,-0.1029,0.0031,0.0308,-0.0195,CATEGORY_B_DOWNWARD_EXPANSION
276249,276273,2023-08-18 22:30:00+00:00,2023-08-19 00:30:00+00:00,25,2.08,0.2932,0.382,0.8748,0.4424,-0.0028,0.009,0.0094,0.0028,CATEGORY_C_FALSE_OR_CHOP
276290,276295,2023-08-19 01:55:00+00:00,2023-08-19 02:20:00+00:00,6,0.5,0.4548,0.4856,0.732,0.5105,0.0827,0.0093,0.0092,0.001,CATEGORY_C_FALSE_OR_CHOP
276310,276318,2023-08-19 03:35:00+00:00,2023-08-19 04:15:00+00:00,9,0.75,0.2848,0.336,0.7779,0.4759,-0.0921,0.0128,0.0057,0.0069,CATEGORY_C_FALSE_OR_CHOP
276393,276402,2023-08-19 10:30:00+00:00,2023-08-19 11:15:00+00:00,10,0.83,0.2415,0.3357,0.7544,0.4006,0.1555,0.0147,0.001,0.0111,CATEGORY_C_FALSE_OR_CHOP
276535,276540,2023-08-19 22:20:00+00:00,2023-08-19 22:45:00+00:00,6,0.5,0.6247,0.6793,1.0148,0.4855,0.0363,0.0084,0.0041,0.0051,CATEGORY_C_FALSE_OR_CHOP
276542,276547,2023-08-19 22:55:00+00:00,2023-08-19 23:20:00+00:00,6,0.5,0.492,0.5588,0.9146,0.5537,-0.037,0.0079,0.0046,0.0024,CATEGORY_C_FALSE_OR_CHOP
276596,276606,2023-08-20 03:25:00+00:00,2023-08-20 04:15:00+00:00,11,0.92,0.4505,0.4803,0.9556,0.7234,0.0446,0.0066,0.0059,-0.0021,CATEGORY_C_FALSE_OR_CHOP
276645,276654,2023-08-20 07:30:00+00:00,2023-08-20 08:15:00+00:00,10,0.83,0.4012,0.4326,0.7597,0.4712,-0.0735,0.0087,0.0038,-0.0025,CATEGORY_C_FALSE_OR_CHOP
276787,276792,2023-08-20 19:20:00+00:00,2023-08-20 19:45:00+00:00,6,0.5,0.5948,0.6326,1.3461,0.5194,-0.1468,0.0072,0.0115,0.0008,CATEGORY_C_FALSE_OR_CHOP
276885,276890,2023-08-21 03:30:00+00:00,2023-08-21 03:55:00+00:00,6,0.5,0.5973,0.6081,0.8431,0.4248,-0.0209,0.0064,0.0107,-0.0013,CATEGORY_C_FALSE_OR_CHOP
277095,277100,2023-08-21 21:00:00+00:00,2023-08-21 21:25:00+00:00,6,0.5,0.486,0.5777,1.0333,0.5301,0.2073,0.0054,0.0313,-0.0185,CATEGORY_B_DOWNWARD_EXPANSION
277114,277127,2023-08-21 22:35:00+00:00,2023-08-21 23:40:00+00:00,14,1.17,0.3584,0.4981,0.7183,0.4683,-0.0011,0.0002,0.0321,-0.0048,CATEGORY_B_DOWNWARD_EXPANSION
277129,277134,2023-08-21 23:50:00+00:00,2023-08-22 00:15:00+00:00,6,0.5,0.5618,0.588,0.7989,0.4483,-0.1429,0.0028,0.0312,0.0003,CATEGORY_B_DOWNWARD_EXPANSION
277164,277170,2023-08-22 02:45:00+00:00,2023-08-22 03:15:00+00:00,7,0.58,0.4327,0.4671,1.2708,0.4892,0.1346,0.0052,0.0288,-0.0006,CATEGORY_B_DOWNWARD_EXPANSION
277172,277188,2023-08-22 03:25:00+00:00,2023-08-22 04:45:00+00:00,17,1.42,0.303,0.3686,0.7016,0.467,-0.2602,0.0066,0.0276,0.0016,CATEGORY_B_DOWNWARD_EXPANSION
277224,277229,2023-08-22 07:45:00+00:00,2023-08-22 08:10:00+00:00,6,0.5,0.5495,0.5626,2.0533,0.4823,0.3015,0.003,0.031,-0.0008,CATEGORY_B_DOWNWARD_EXPANSION
277238,277245,2023-08-22 08:55:00+00:00,2023-08-22 09:30:00+00:00,8,0.67,0.3343,0.4547,0.9913,0.4175,0.0145,0.0058,0.0283,-0.0007,CATEGORY_B_DOWNWARD_EXPANSION
277256,277261,2023-08-22 10:25:00+00:00,2023-08-22 10:50:00+00:00,6,0.5,0.3942,0.4815,0.7781,0.4013,0.0198,0.0061,0.028,-0.0016,CATEGORY_B_DOWNWARD_EXPANSION
277315,277320,2023-08-22 15:20:00+00:00,2023-08-22 15:45:00+00:00,6,0.5,0.5616,0.6042,1.212,0.4648,-0.0286,0.0083,0.0259,0.0056,CATEGORY_B_DOWNWARD_EXPANSION
277739,277754,2023-08-24 02:40:00+00:00,2023-08-24 03:55:00+00:00,16,1.33,0.2621,0.3369,0.9746,0.4669,0.0759,0.0051,0.0219,-0.0127,CATEGORY_B_DOWNWARD_EXPANSION
277756,277761,2023-08-24 04:05:00+00:00,2023-08-24 04:30:00+00:00,6,0.5,0.2966,0.3225,0.7729,0.3787,-0.0787,0.0058,0.0212,-0.0147,CATEGORY_B_DOWNWARD_EXPANSION
277801,277806,2023-08-24 07:50:00+00:00,2023-08-24 08:15:00+00:00,6,0.5,0.2406,0.3759,0.2869,0.4419,-0.1099,0.0043,0.0227,-0.0157,CATEGORY_B_DOWNWARD_EXPANSION
277808,277813,2023-08-24 08:25:00+00:00,2023-08-24 08:50:00+00:00,6,0.5,0.3853,0.3963,0.4019,0.466,-0.0191,0.0049,0.0221,-0.0141,CATEGORY_B_DOWNWARD_EXPANSION
277834,277842,2023-08-24 10:35:00+00:00,2023-08-24 11:15:00+00:00,9,0.75,0.3302,0.4212,2.1106,0.4757,0.1286,0.0007,0.0249,-0.0164,CATEGORY_B_DOWNWARD_EXPANSION
277970,277978,2023-08-24 21:55:00+00:00,2023-08-24 22:35:00+00:00,9,0.75,0.4197,0.4672,1.2713,0.4832,0.003,0.0073,0.0132,-0.0022,CATEGORY_C_FALSE_OR_CHOP
277985,277990,2023-08-24 23:10:00+00:00,2023-08-24 23:35:00+00:00,6,0.5,0.4786,0.5194,0.6427,0.4488,0.0236,0.0073,0.0132,-0.0033,CATEGORY_C_FALSE_OR_CHOP
278057,278064,2023-08-25 05:10:00+00:00,2023-08-25 05:45:00+00:00,8,0.67,0.4077,0.5275,1.2515,0.4746,0.1168,0.0097,0.0109,-0.0,CATEGORY_C_FALSE_OR_CHOP
278115,278126,2023-08-25 10:00:00+00:00,2023-08-25 10:55:00+00:00,12,1.0,0.4611,0.5838,0.7746,0.4067,-0.0532,0.0087,0.0119,-0.002,CATEGORY_C_FALSE_OR_CHOP
278263,278278,2023-08-25 22:20:00+00:00,2023-08-25 23:35:00+00:00,16,1.33,0.3688,0.47,0.6781,0.4939,-0.1112,0.0034,0.0019,-0.0005,CATEGORY_C_FALSE_OR_CHOP
278334,278343,2023-08-26 04:15:00+00:00,2023-08-26 05:00:00+00:00,10,0.83,0.2782,0.3965,0.48,0.5622,-0.0074,0.0003,0.0042,-0.0014,CATEGORY_C_FALSE_OR_CHOP
278345,278357,2023-08-26 05:10:00+00:00,2023-08-26 06:10:00+00:00,13,1.08,0.171,0.2499,1.6931,0.4379,0.1148,0.0013,0.0032,-0.0006,CATEGORY_C_FALSE_OR_CHOP
278401,278417,2023-08-26 09:50:00+00:00,2023-08-26 11:10:00+00:00,17,1.42,0.1805,0.2604,0.6718,0.4413,0.0046,0.0021,0.0028,0.0009,CATEGORY_C_FALSE_OR_CHOP
278422,278429,2023-08-26 11:35:00+00:00,2023-08-26 12:10:00+00:00,8,0.67,0.1849,0.1934,0.4461,0.4098,-0.2206,0.0019,0.0031,0.0005,CATEGORY_C_FALSE_OR_CHOP
278519,278525,2023-08-26 19:40:00+00:00,2023-08-26 20:10:00+00:00,7,0.58,0.5504,0.5803,1.5693,0.4247,-0.0492,0.0059,0.0024,0.0031,CATEGORY_C_FALSE_OR_CHOP
278608,278623,2023-08-27 03:05:00+00:00,2023-08-27 04:20:00+00:00,16,1.33,0.1836,0.455,0.9377,0.4764,-0.0333,0.0061,0.0015,0.0002,CATEGORY_C_FALSE_OR_CHOP
278989,278996,2023-08-28 10:50:00+00:00,2023-08-28 11:25:00+00:00,8,0.67,0.6422,0.6824,1.1707,0.5305,-0.1155,0.0116,0.0013,0.0021,CATEGORY_C_FALSE_OR_CHOP
279113,279119,2023-08-28 21:10:00+00:00,2023-08-28 21:40:00+00:00,7,0.58,0.5023,0.536,2.1348,0.4147,-0.0057,0.0829,0.0026,0.0635,CATEGORY_A_UPWARD_EXPANSION
279188,279202,2023-08-29 03:25:00+00:00,2023-08-29 04:35:00+00:00,15,1.25,0.3004,0.452,1.4448,0.5112,0.0577,0.0787,0.0064,0.0513,CATEGORY_A_UPWARD_EXPANSION
279260,279265,2023-08-29 09:25:00+00:00,2023-08-29 09:50:00+00:00,6,0.5,0.3978,0.5637,0.8562,0.4493,0.0476,0.0836,0.0019,0.056,CATEGORY_A_UPWARD_EXPANSION
279489,279494,2023-08-30 04:30:00+00:00,2023-08-30 04:55:00+00:00,6,0.5,0.1869,0.2095,0.903,0.454,0.0213,0.002,0.0155,-0.0069,CATEGORY_C_FALSE_OR_CHOP
279541,279546,2023-08-30 08:50:00+00:00,2023-08-30 09:15:00+00:00,6,0.5,0.2269,0.2477,1.3223,0.4427,-0.0913,0.0014,0.0149,-0.0077,CATEGORY_C_FALSE_OR_CHOP
279716,279729,2023-08-30 23:25:00+00:00,2023-08-31 00:30:00+00:00,14,1.17,0.3361,0.5302,1.1207,0.4399,-0.0932,0.0127,0.0582,-0.0444,CATEGORY_B_DOWNWARD_EXPANSION
279736,279743,2023-08-31 01:05:00+00:00,2023-08-31 01:40:00+00:00,8,0.67,0.3636,0.3981,1.0056,0.5358,-0.0603,0.0128,0.0581,-0.0458,CATEGORY_B_DOWNWARD_EXPANSION
279845,279852,2023-08-31 10:10:00+00:00,2023-08-31 10:45:00+00:00,8,0.67,0.3166,0.4001,1.1446,0.5524,0.0487,0.0137,0.0573,-0.0447,CATEGORY_B_DOWNWARD_EXPANSION
280055,280061,2023-09-01 03:40:00+00:00,2023-09-01 04:10:00+00:00,7,0.58,0.2285,0.2782,1.2587,0.5472,-0.256,0.0024,0.0291,-0.011,CATEGORY_B_DOWNWARD_EXPANSION
280065,280070,2023-09-01 04:30:00+00:00,2023-09-01 04:55:00+00:00,6,0.5,0.2583,0.2777,0.6184,0.412,-0.0081,0.0043,0.0273,-0.0102,CATEGORY_B_DOWNWARD_EXPANSION
280353,280358,2023-09-02 04:30:00+00:00,2023-09-02 04:55:00+00:00,6,0.5,0.273,0.3097,1.2983,0.5151,0.0111,0.0081,0.0006,0.0037,CATEGORY_C_FALSE_OR_CHOP
280384,280394,2023-09-02 07:05:00+00:00,2023-09-02 07:55:00+00:00,11,0.92,0.2004,0.2379,0.9526,0.4371,0.0789,0.0074,0.0013,0.0062,CATEGORY_C_FALSE_OR_CHOP
280451,280456,2023-09-02 12:40:00+00:00,2023-09-02 13:05:00+00:00,6,0.5,0.2536,0.2884,0.8792,0.3844,-0.0558,0.0107,0.0018,0.0027,CATEGORY_C_FALSE_OR_CHOP
280568,280577,2023-09-02 22:25:00+00:00,2023-09-02 23:10:00+00:00,10,0.83,0.3948,0.5595,1.0555,0.4783,0.1843,0.0105,0.0024,0.0033,CATEGORY_C_FALSE_OR_CHOP
280612,280619,2023-09-03 02:05:00+00:00,2023-09-03 02:40:00+00:00,8,0.67,0.3838,0.5236,0.723,0.56,-0.0814,0.0099,0.0031,0.0032,CATEGORY_C_FALSE_OR_CHOP
280627,280632,2023-09-03 03:20:00+00:00,2023-09-03 03:45:00+00:00,6,0.5,0.5613,0.5997,0.65,0.521,-0.1071,0.0109,0.002,0.006,CATEGORY_C_FALSE_OR_CHOP
280867,280874,2023-09-03 23:20:00+00:00,2023-09-03 23:55:00+00:00,8,0.67,0.4595,0.4992,1.065,0.4409,0.246,0.0053,0.0131,-0.0056,CATEGORY_C_FALSE_OR_CHOP
280933,280946,2023-09-04 04:50:00+00:00,2023-09-04 05:55:00+00:00,14,1.17,0.4879,0.5464,1.1962,0.3706,-0.0784,0.003,0.0143,-0.0078,CATEGORY_C_FALSE_OR_CHOP
281237,281244,2023-09-05 06:10:00+00:00,2023-09-05 06:45:00+00:00,8,0.67,0.4741,0.5456,1.4582,0.3258,0.137,0.0085,0.0028,0.0033,CATEGORY_C_FALSE_OR_CHOP
281290,281295,2023-09-05 10:35:00+00:00,2023-09-05 11:00:00+00:00,6,0.5,0.6289,0.6732,0.8511,0.4814,0.0635,0.0055,0.0057,-0.0016,CATEGORY_C_FALSE_OR_CHOP
281385,281391,2023-09-05 18:30:00+00:00,2023-09-05 19:00:00+00:00,7,0.58,0.6815,0.7027,0.9788,0.4544,0.0496,0.0111,0.0148,-0.0049,CATEGORY_C_FALSE_OR_CHOP
281434,281445,2023-09-05 22:35:00+00:00,2023-09-05 23:30:00+00:00,12,1.0,0.3429,0.3986,1.002,0.4759,-0.174,0.0097,0.0162,-0.0017,CATEGORY_C_FALSE_OR_CHOP
281506,281511,2023-09-06 04:35:00+00:00,2023-09-06 05:00:00+00:00,6,0.5,0.4896,0.5135,0.8741,0.362,-0.0255,0.0106,0.0153,0.002,CATEGORY_C_FALSE_OR_CHOP
281513,281522,2023-09-06 05:10:00+00:00,2023-09-06 05:55:00+00:00,10,0.83,0.4155,0.4596,1.2846,0.2941,-0.024,0.0114,0.0145,0.0016,CATEGORY_C_FALSE_OR_CHOP
281800,281808,2023-09-07 05:05:00+00:00,2023-09-07 05:45:00+00:00,9,0.75,0.3431,0.4022,1.2285,0.3658,0.1071,0.0254,0.0068,0.0186,CATEGORY_A_UPWARD_EXPANSION
281842,281848,2023-09-07 08:35:00+00:00,2023-09-07 09:05:00+00:00,7,0.58,0.2052,0.2751,1.0725,0.3486,0.1061,0.0272,0.0051,0.0166,CATEGORY_A_UPWARD_EXPANSION
282171,282179,2023-09-08 12:00:00+00:00,2023-09-08 12:40:00+00:00,9,0.75,0.4532,0.4966,0.7758,0.5736,0.0357,0.0032,0.0059,-0.0007,CATEGORY_C_FALSE_OR_CHOP
282289,282302,2023-09-08 21:50:00+00:00,2023-09-08 22:55:00+00:00,14,1.17,0.2938,0.4886,0.6092,0.4115,-0.0737,0.0015,0.0042,0.0001,CATEGORY_C_FALSE_OR_CHOP
282307,282320,2023-09-08 23:20:00+00:00,2023-09-09 00:25:00+00:00,14,1.17,0.1746,0.3348,1.3907,0.3596,-0.1078,0.002,0.0037,-0.0009,CATEGORY_C_FALSE_OR_CHOP
282356,282363,2023-09-09 03:25:00+00:00,2023-09-09 04:00:00+00:00,8,0.67,0.2914,0.304,0.9271,0.3622,-0.038,0.0028,0.003,-0.0007,CATEGORY_C_FALSE_OR_CHOP
282365,282370,2023-09-09 04:10:00+00:00,2023-09-09 04:35:00+00:00,6,0.5,0.0918,0.1517,0.7917,0.3146,0.2521,0.0031,0.0044,-0.0015,CATEGORY_C_FALSE_OR_CHOP
282461,282471,2023-09-09 12:10:00+00:00,2023-09-09 13:00:00+00:00,11,0.92,0.2712,0.3747,1.26,0.4987,-0.0011,0.0036,0.004,-0.002,CATEGORY_C_FALSE_OR_CHOP
282681,282698,2023-09-10 06:30:00+00:00,2023-09-10 07:55:00+00:00,18,1.5,0.5024,0.5571,1.2163,0.4284,-0.1791,0.007,0.0109,-0.0015,CATEGORY_C_FALSE_OR_CHOP
283166,283171,2023-09-11 22:55:00+00:00,2023-09-11 23:20:00+00:00,6,0.5,0.4398,0.4847,1.022,0.459,0.0257,0.057,0.002,0.0301,CATEGORY_A_UPWARD_EXPANSION
283201,283209,2023-09-12 01:50:00+00:00,2023-09-12 02:30:00+00:00,9,0.75,0.3,0.3561,0.7006,0.5818,0.0501,0.055,0.0,0.0296,CATEGORY_A_UPWARD_EXPANSION
283422,283432,2023-09-12 20:15:00+00:00,2023-09-12 21:05:00+00:00,11,0.92,0.3325,0.3966,0.776,0.4922,-0.0329,0.0114,0.0131,0.0047,CATEGORY_C_FALSE_OR_CHOP
283480,283486,2023-09-13 01:05:00+00:00,2023-09-13 01:35:00+00:00,7,0.58,0.3691,0.3983,1.6275,0.5841,-0.1535,0.0228,0.0044,0.0113,CATEGORY_A_UPWARD_EXPANSION
283489,283502,2023-09-13 01:50:00+00:00,2023-09-13 02:55:00+00:00,14,1.17,0.2249,0.2862,2.4938,0.4865,-0.1863,0.0244,0.0028,0.0145,CATEGORY_A_UPWARD_EXPANSION
283523,283529,2023-09-13 04:40:00+00:00,2023-09-13 05:10:00+00:00,7,0.58,0.4984,0.5272,1.2202,0.4649,0.068,0.0238,0.0028,0.0116,CATEGORY_A_UPWARD_EXPANSION
283573,283578,2023-09-13 08:50:00+00:00,2023-09-13 09:15:00+00:00,6,0.5,0.2825,0.3285,1.1533,0.5155,0.0337,0.0229,0.0,0.0133,CATEGORY_A_UPWARD_EXPANSION
283709,283717,2023-09-13 20:10:00+00:00,2023-09-13 20:50:00+00:00,9,0.75,0.4399,0.5812,1.4686,0.5159,0.0779,0.0235,0.0045,0.0125,CATEGORY_A_UPWARD_EXPANSION
283719,283724,2023-09-13 21:00:00+00:00,2023-09-13 21:25:00+00:00,6,0.5,0.4611,0.514,1.0979,0.4143,-0.0956,0.0234,0.0046,0.0133,CATEGORY_A_UPWARD_EXPANSION
283728,283735,2023-09-13 21:45:00+00:00,2023-09-13 22:20:00+00:00,8,0.67,0.4605,0.5206,1.3407,0.4012,0.0348,0.0228,0.0052,0.0135,CATEGORY_A_UPWARD_EXPANSION
283737,283743,2023-09-13 22:30:00+00:00,2023-09-13 23:00:00+00:00,7,0.58,0.4229,0.4445,0.7753,0.3473,0.1849,0.0235,0.0045,0.013,CATEGORY_A_UPWARD_EXPANSION
283748,283754,2023-09-13 23:25:00+00:00,2023-09-13 23:55:00+00:00,7,0.58,0.3621,0.3794,1.0364,0.3891,0.0942,0.0243,0.0036,0.0115,CATEGORY_A_UPWARD_EXPANSION
283789,283806,2023-09-14 02:50:00+00:00,2023-09-14 04:15:00+00:00,18,1.5,0.2643,0.462,0.5541,0.5057,-0.0273,0.0229,0.0037,0.0145,CATEGORY_A_UPWARD_EXPANSION
283863,283876,2023-09-14 09:00:00+00:00,2023-09-14 10:05:00+00:00,14,1.17,0.2172,0.4057,0.8053,0.4847,0.197,0.0215,0.0002,0.0121,CATEGORY_A_UPWARD_EXPANSION
284101,284109,2023-09-15 04:50:00+00:00,2023-09-15 05:30:00+00:00,9,0.75,0.3655,0.4153,0.8623,0.4907,-0.1658,0.0101,0.0148,-0.0028,CATEGORY_C_FALSE_OR_CHOP
284234,284241,2023-09-15 15:55:00+00:00,2023-09-15 16:30:00+00:00,8,0.67,0.4379,0.5076,0.7447,0.5567,-0.0341,0.0197,0.0019,0.0057,CATEGORY_C_FALSE_OR_CHOP
284408,284414,2023-09-16 06:25:00+00:00,2023-09-16 06:55:00+00:00,7,0.58,0.4533,0.4767,0.8541,0.4822,0.1894,0.0051,0.0027,0.0022,CATEGORY_C_FALSE_OR_CHOP
284421,284429,2023-09-16 07:30:00+00:00,2023-09-16 08:10:00+00:00,9,0.75,0.4377,0.4664,0.9224,0.4602,-0.0156,0.0056,0.0022,0.0016,CATEGORY_C_FALSE_OR_CHOP
284495,284501,2023-09-16 13:40:00+00:00,2023-09-16 14:10:00+00:00,7,0.58,0.4073,0.5372,0.9196,0.4486,-0.0744,0.0025,0.0053,-0.0002,CATEGORY_C_FALSE_OR_CHOP
284520,284527,2023-09-16 15:45:00+00:00,2023-09-16 16:20:00+00:00,8,0.67,0.3737,0.4759,1.0488,0.4704,0.2162,0.0042,0.0036,0.0005,CATEGORY_C_FALSE_OR_CHOP
284576,284586,2023-09-16 20:25:00+00:00,2023-09-16 21:15:00+00:00,11,0.92,0.4119,0.4349,1.1898,0.5512,0.0781,0.0028,0.0056,-0.0024,CATEGORY_C_FALSE_OR_CHOP
284600,284606,2023-09-16 22:25:00+00:00,2023-09-16 22:55:00+00:00,7,0.58,0.2059,0.3455,1.1147,0.227,0.0052,0.0024,0.0061,-0.0026,CATEGORY_C_FALSE_OR_CHOP
284662,284670,2023-09-17 03:35:00+00:00,2023-09-17 04:15:00+00:00,9,0.75,0.5787,0.6317,1.2337,0.4628,-0.0033,0.0088,0.0052,0.0039,CATEGORY_C_FALSE_OR_CHOP
284693,284698,2023-09-17 06:10:00+00:00,2023-09-17 06:35:00+00:00,6,0.5,0.4726,0.5672,1.13,0.5367,0.0889,0.0078,0.0062,0.0048,CATEGORY_C_FALSE_OR_CHOP
284702,284708,2023-09-17 06:55:00+00:00,2023-09-17 07:25:00+00:00,7,0.58,0.4006,0.4386,0.8591,0.4903,-0.0604,0.0078,0.0063,0.0075,CATEGORY_C_FALSE_OR_CHOP
284730,284735,2023-09-17 09:15:00+00:00,2023-09-17 09:40:00+00:00,6,0.5,0.426,0.5198,1.2124,0.4432,0.0913,0.0128,0.0062,0.0109,CATEGORY_C_FALSE_OR_CHOP
284743,284748,2023-09-17 10:20:00+00:00,2023-09-17 10:45:00+00:00,6,0.5,0.5137,0.5783,0.6344,0.5207,-0.0624,0.0202,0.0085,0.0178,CATEGORY_A_UPWARD_EXPANSION
284847,284852,2023-09-17 19:00:00+00:00,2023-09-17 19:25:00+00:00,6,0.5,0.6885,0.7201,0.9376,0.4793,-0.1122,0.0346,0.0044,0.01,CATEGORY_A_UPWARD_EXPANSION
285246,285251,2023-09-19 04:15:00+00:00,2023-09-19 04:40:00+00:00,6,0.5,0.2944,0.3457,1.1469,0.462,-0.0484,0.0243,0.003,0.0114,CATEGORY_A_UPWARD_EXPANSION
285478,285484,2023-09-19 23:35:00+00:00,2023-09-20 00:05:00+00:00,7,0.58,0.2794,0.3013,1.1287,0.53,0.0961,0.0068,0.0149,-0.0035,CATEGORY_C_FALSE_OR_CHOP
285568,285573,2023-09-20 07:05:00+00:00,2023-09-20 07:30:00+00:00,6,0.5,0.4722,0.5114,1.7278,0.6346,0.1502,0.0074,0.0111,-0.0028,CATEGORY_C_FALSE_OR_CHOP
285575,285581,2023-09-20 07:40:00+00:00,2023-09-20 08:10:00+00:00,7,0.58,0.4422,0.5045,1.6275,0.5828,0.1281,0.0068,0.0116,-0.0037,CATEGORY_C_FALSE_OR_CHOP
285583,285588,2023-09-20 08:20:00+00:00,2023-09-20 08:45:00+00:00,6,0.5,0.3804,0.4267,1.1433,0.5255,0.1941,0.0053,0.0131,-0.006,CATEGORY_C_FALSE_OR_CHOP
285614,285620,2023-09-20 10:55:00+00:00,2023-09-20 11:25:00+00:00,7,0.58,0.2825,0.4343,1.032,0.4894,0.1535,0.0073,0.0179,-0.0135,CATEGORY_C_FALSE_OR_CHOP
285623,285629,2023-09-20 11:40:00+00:00,2023-09-20 12:10:00+00:00,7,0.58,0.352,0.3851,1.4651,0.5229,0.1983,0.0073,0.0178,-0.0144,CATEGORY_C_FALSE_OR_CHOP
285765,285777,2023-09-20 23:30:00+00:00,2023-09-21 00:30:00+00:00,13,1.08,0.3714,0.5249,1.918,0.4407,0.0897,0.002,0.0268,-0.0175,CATEGORY_B_DOWNWARD_EXPANSION
286050,286055,2023-09-21 23:15:00+00:00,2023-09-21 23:40:00+00:00,6,0.5,0.6021,0.6246,1.3583,0.4431,-0.0466,0.0068,0.0035,0.0011,CATEGORY_C_FALSE_OR_CHOP
286120,286129,2023-09-22 05:05:00+00:00,2023-09-22 05:50:00+00:00,10,0.83,0.384,0.4814,1.0524,0.5776,0.2391,0.0037,0.0059,-0.0039,CATEGORY_C_FALSE_OR_CHOP
286170,286182,2023-09-22 09:15:00+00:00,2023-09-22 10:15:00+00:00,13,1.08,0.3737,0.4132,0.8954,0.4312,-0.1383,0.0018,0.0061,-0.0028,CATEGORY_C_FALSE_OR_CHOP
286257,286262,2023-09-22 16:30:00+00:00,2023-09-22 16:55:00+00:00,6,0.5,0.5993,0.6288,0.9346,0.3899,0.0298,0.0014,0.0041,0.0003,CATEGORY_C_FALSE_OR_CHOP
286299,286305,2023-09-22 20:00:00+00:00,2023-09-22 20:30:00+00:00,7,0.58,0.66,0.6919,0.9889,0.4358,-0.0964,0.0038,0.0017,0.0024,CATEGORY_C_FALSE_OR_CHOP
286307,286312,2023-09-22 20:40:00+00:00,2023-09-22 21:05:00+00:00,6,0.5,0.5737,0.5937,0.8578,0.3972,-0.2517,0.0044,0.0011,0.0024,CATEGORY_C_FALSE_OR_CHOP
286343,286348,2023-09-22 23:40:00+00:00,2023-09-23 00:05:00+00:00,6,0.5,0.5329,0.5819,1.5284,0.3986,0.1617,0.0013,0.0033,-0.0009,CATEGORY_C_FALSE_OR_CHOP
286401,286416,2023-09-23 04:30:00+00:00,2023-09-23 05:45:00+00:00,16,1.33,0.1866,0.4243,1.2672,0.4435,0.0569,0.0031,0.0004,0.0003,CATEGORY_C_FALSE_OR_CHOP
286473,286480,2023-09-23 10:30:00+00:00,2023-09-23 11:05:00+00:00,8,0.67,0.2961,0.3316,0.6917,0.4058,-0.0655,0.0024,0.0008,0.0007,CATEGORY_C_FALSE_OR_CHOP
286521,286530,2023-09-23 14:30:00+00:00,2023-09-23 15:15:00+00:00,10,0.83,0.4129,0.5843,1.3234,0.5265,0.1098,0.0023,0.0009,0.0001,CATEGORY_C_FALSE_OR_CHOP
286672,286679,2023-09-24 03:05:00+00:00,2023-09-24 03:40:00+00:00,8,0.67,0.5199,0.555,1.3079,0.4483,-0.0121,0.0058,0.0219,-0.0151,CATEGORY_B_DOWNWARD_EXPANSION
286682,286687,2023-09-24 03:55:00+00:00,2023-09-24 04:20:00+00:00,6,0.5,0.6021,0.6197,0.6686,0.4671,-0.3768,0.0063,0.0215,-0.0144,CATEGORY_B_DOWNWARD_EXPANSION
286729,286735,2023-09-24 07:50:00+00:00,2023-09-24 08:20:00+00:00,7,0.58,0.2691,0.423,0.7557,0.6641,0.0645,0.0064,0.0214,-0.0158,CATEGORY_B_DOWNWARD_EXPANSION
287185,287206,2023-09-25 21:50:00+00:00,2023-09-25 23:35:00+00:00,22,1.83,0.2623,0.4161,1.001,0.4068,-0.0101,0.0042,0.0075,-0.0027,CATEGORY_C_FALSE_OR_CHOP
287263,287273,2023-09-26 04:20:00+00:00,2023-09-26 05:10:00+00:00,11,0.92,0.3327,0.4886,1.0123,0.4234,0.1338,0.0,0.0099,-0.0036,CATEGORY_C_FALSE_OR_CHOP
287522,287528,2023-09-27 01:55:00+00:00,2023-09-27 02:25:00+00:00,7,0.58,0.5719,0.6224,1.1435,0.4339,0.1698,0.0218,0.0063,0.0045,CATEGORY_A_UPWARD_EXPANSION
287552,287558,2023-09-27 04:25:00+00:00,2023-09-27 04:55:00+00:00,7,0.58,0.312,0.373,0.5034,0.3449,0.1036,0.0229,0.0052,0.0075,CATEGORY_A_UPWARD_EXPANSION
287588,287599,2023-09-27 07:25:00+00:00,2023-09-27 08:20:00+00:00,12,1.0,0.1991,0.3407,0.9817,0.4409,-0.1104,0.0236,0.0045,0.0071,CATEGORY_A_UPWARD_EXPANSION
287825,287834,2023-09-28 03:10:00+00:00,2023-09-28 03:55:00+00:00,10,0.83,0.4003,0.4754,0.8118,0.4659,-0.1163,0.0352,0.0012,0.0219,CATEGORY_A_UPWARD_EXPANSION
287895,287902,2023-09-28 09:00:00+00:00,2023-09-28 09:35:00+00:00,8,0.67,0.4609,0.4929,0.8645,0.3756,-0.0691,0.0348,0.0001,0.0226,CATEGORY_A_UPWARD_EXPANSION
288058,288063,2023-09-28 22:35:00+00:00,2023-09-28 23:00:00+00:00,6,0.5,0.5653,0.5789,0.8026,0.3312,-0.0636,0.0091,0.0123,-0.0042,CATEGORY_C_FALSE_OR_CHOP
288067,288075,2023-09-28 23:20:00+00:00,2023-09-29 00:00:00+00:00,9,0.75,0.5489,0.5846,1.0794,0.4379,0.116,0.0086,0.0129,-0.0044,CATEGORY_C_FALSE_OR_CHOP
288122,288128,2023-09-29 03:55:00+00:00,2023-09-29 04:25:00+00:00,7,0.58,0.4759,0.5397,0.9897,0.4204,-0.0295,0.012,0.0095,0.0006,CATEGORY_C_FALSE_OR_CHOP
288130,288144,2023-09-29 04:35:00+00:00,2023-09-29 05:45:00+00:00,15,1.25,0.2702,0.3074,0.8886,0.5034,-0.1092,0.0105,0.011,-0.0011,CATEGORY_C_FALSE_OR_CHOP
288148,288153,2023-09-29 06:05:00+00:00,2023-09-29 06:30:00+00:00,6,0.5,0.3427,0.3611,1.4038,0.4336,-0.237,0.0108,0.0107,-0.0005,CATEGORY_C_FALSE_OR_CHOP
288198,288206,2023-09-29 10:15:00+00:00,2023-09-29 10:55:00+00:00,9,0.75,0.491,0.5851,1.0079,0.5678,-0.0978,0.0044,0.0135,-0.0019,CATEGORY_C_FALSE_OR_CHOP
288322,288331,2023-09-29 20:35:00+00:00,2023-09-29 21:20:00+00:00,10,0.83,0.3628,0.4813,0.7799,0.3963,-0.0738,0.0074,0.0011,0.0064,CATEGORY_C_FALSE_OR_CHOP
288358,288364,2023-09-29 23:35:00+00:00,2023-09-30 00:05:00+00:00,7,0.58,0.3983,0.4199,0.6911,0.4219,0.0689,0.0072,0.0005,0.0027,CATEGORY_C_FALSE_OR_CHOP
288410,288415,2023-09-30 03:55:00+00:00,2023-09-30 04:20:00+00:00,6,0.5,0.2723,0.2783,0.6051,0.5956,0.0101,0.0062,0.0009,0.0037,CATEGORY_C_FALSE_OR_CHOP
288433,288440,2023-09-30 05:50:00+00:00,2023-09-30 06:25:00+00:00,8,0.67,0.18,0.2188,1.0023,0.3859,-0.08,0.0062,0.0011,0.0058,CATEGORY_C_FALSE_OR_CHOP
288446,288451,2023-09-30 06:55:00+00:00,2023-09-30 07:20:00+00:00,6,0.5,0.1636,0.1721,1.9275,0.4546,-0.078,0.0088,0.0007,0.0082,CATEGORY_C_FALSE_OR_CHOP
288707,288714,2023-10-01 04:40:00+00:00,2023-10-01 05:15:00+00:00,8,0.67,0.2602,0.5019,1.6889,0.5246,-0.1092,0.0431,0.0004,0.0378,CATEGORY_A_UPWARD_EXPANSION
288969,288975,2023-10-02 02:30:00+00:00,2023-10-02 03:00:00+00:00,7,0.58,0.2033,0.231,0.5984,0.5607,-0.04,0.021,0.0253,-0.0158,CATEGORY_C_FALSE_OR_CHOP
289219,289225,2023-10-02 23:20:00+00:00,2023-10-02 23:50:00+00:00,7,0.58,0.527,0.5432,0.9329,0.6154,-0.1644,0.0024,0.0163,-0.0069,CATEGORY_C_FALSE_OR_CHOP
289253,289262,2023-10-03 02:10:00+00:00,2023-10-03 02:55:00+00:00,10,0.83,0.3182,0.3974,1.74,0.6622,0.0149,0.0033,0.0154,-0.0062,CATEGORY_C_FALSE_OR_CHOP
289273,289284,2023-10-03 03:50:00+00:00,2023-10-03 04:45:00+00:00,12,1.0,0.2353,0.4129,0.8627,0.485,-0.1303,0.0042,0.0145,-0.0063,CATEGORY_C_FALSE_OR_CHOP
289288,289294,2023-10-03 05:05:00+00:00,2023-10-03 05:35:00+00:00,7,0.58,0.4137,0.4237,0.4617,0.4512,-0.0983,0.0033,0.0154,-0.007,CATEGORY_C_FALSE_OR_CHOP
289331,289338,2023-10-03 08:40:00+00:00,2023-10-03 09:15:00+00:00,8,0.67,0.2698,0.3279,1.1612,0.447,0.2052,0.0006,0.0166,-0.0029,CATEGORY_C_FALSE_OR_CHOP
289444,289453,2023-10-03 18:05:00+00:00,2023-10-03 18:50:00+00:00,10,0.83,0.2897,0.3316,1.8143,0.4383,0.0743,0.0115,0.0061,0.0082,CATEGORY_C_FALSE_OR_CHOP
289486,289493,2023-10-03 21:35:00+00:00,2023-10-03 22:10:00+00:00,8,0.67,0.4659,0.5529,0.9441,0.4855,0.0218,0.0174,0.0059,0.0125,CATEGORY_C_FALSE_OR_CHOP
289558,289570,2023-10-04 03:35:00+00:00,2023-10-04 04:35:00+00:00,13,1.08,0.5243,0.5404,0.7509,0.4364,-0.014,0.0173,0.0033,0.0093,CATEGORY_C_FALSE_OR_CHOP
289572,289580,2023-10-04 04:45:00+00:00,2023-10-04 05:25:00+00:00,9,0.75,0.5492,0.5745,1.4382,0.4653,0.0343,0.0186,0.002,0.0106,CATEGORY_C_FALSE_OR_CHOP
289582,289587,2023-10-04 05:35:00+00:00,2023-10-04 06:00:00+00:00,6,0.5,0.353,0.3957,1.0582,0.4456,0.0322,0.0176,0.0031,0.0082,CATEGORY_C_FALSE_OR_CHOP
289646,289655,2023-10-04 10:55:00+00:00,2023-10-04 11:40:00+00:00,10,0.83,0.3249,0.454,0.8592,0.5274,-0.0048,0.0106,0.0099,0.0058,CATEGORY_C_FALSE_OR_CHOP
289838,289854,2023-10-05 02:55:00+00:00,2023-10-05 04:15:00+00:00,17,1.42,0.42,0.5093,0.9617,0.4874,-0.1084,0.0167,0.0111,-0.0046,CATEGORY_C_FALSE_OR_CHOP
289896,289912,2023-10-05 07:45:00+00:00,2023-10-05 09:05:00+00:00,17,1.42,0.2895,0.4269,1.612,0.5416,0.0906,0.017,0.0108,-0.0018,CATEGORY_C_FALSE_OR_CHOP
290061,290066,2023-10-05 21:30:00+00:00,2023-10-05 21:55:00+00:00,6,0.5,0.2806,0.3619,0.9935,0.3599,0.1639,0.0308,0.01,0.0216,CATEGORY_A_UPWARD_EXPANSION
290138,290144,2023-10-06 03:55:00+00:00,2023-10-06 04:25:00+00:00,7,0.58,0.375,0.3943,1.2884,0.4455,-0.1022,0.0279,0.0127,0.0142,CATEGORY_A_UPWARD_EXPANSION
290422,290430,2023-10-07 03:35:00+00:00,2023-10-07 04:15:00+00:00,9,0.75,0.2306,0.3002,1.0005,0.4719,0.0765,0.006,0.0028,0.0021,CATEGORY_C_FALSE_OR_CHOP
290432,290443,2023-10-07 04:25:00+00:00,2023-10-07 05:20:00+00:00,12,1.0,0.1294,0.1638,0.9734,0.4313,0.014,0.0069,0.0019,0.0012,CATEGORY_C_FALSE_OR_CHOP
290468,290474,2023-10-07 07:25:00+00:00,2023-10-07 07:55:00+00:00,7,0.58,0.2039,0.2336,1.0535,0.4863,-0.1156,0.0073,0.0015,0.0005,CATEGORY_C_FALSE_OR_CHOP
290499,290509,2023-10-07 10:00:00+00:00,2023-10-07 10:50:00+00:00,11,0.92,0.148,0.2559,0.6724,0.3799,0.0537,0.0058,0.0056,-0.0036,CATEGORY_C_FALSE_OR_CHOP
290630,290637,2023-10-07 20:55:00+00:00,2023-10-07 21:30:00+00:00,8,0.67,0.3506,0.3971,0.6537,0.5008,0.1083,0.0051,0.0095,-0.0007,CATEGORY_C_FALSE_OR_CHOP
290662,290667,2023-10-07 23:35:00+00:00,2023-10-08 00:00:00+00:00,6,0.5,0.3012,0.3219,1.1335,0.4793,0.0719,0.0052,0.0094,-0.0016,CATEGORY_C_FALSE_OR_CHOP
290996,291012,2023-10-09 03:25:00+00:00,2023-10-09 04:45:00+00:00,17,1.42,0.3059,0.5103,1.013,0.4304,-0.0252,0.0,0.0244,-0.0121,CATEGORY_B_DOWNWARD_EXPANSION
291236,291242,2023-10-09 23:25:00+00:00,2023-10-09 23:55:00+00:00,7,0.58,0.3186,0.3919,0.9263,0.4031,-0.0501,0.0053,0.0106,-0.0072,CATEGORY_C_FALSE_OR_CHOP
291295,291302,2023-10-10 04:20:00+00:00,2023-10-10 04:55:00+00:00,8,0.67,0.2347,0.2468,0.9792,0.506,0.1587,0.0049,0.023,-0.0173,CATEGORY_B_DOWNWARD_EXPANSION
291335,291340,2023-10-10 07:40:00+00:00,2023-10-10 08:05:00+00:00,6,0.5,0.4613,0.526,0.6952,0.4079,0.1104,0.003,0.0248,-0.0218,CATEGORY_B_DOWNWARD_EXPANSION
291353,291360,2023-10-10 09:10:00+00:00,2023-10-10 09:45:00+00:00,8,0.67,0.3421,0.4374,0.8793,0.4495,0.0742,0.0007,0.025,-0.0149,CATEGORY_B_DOWNWARD_EXPANSION
291498,291505,2023-10-10 21:15:00+00:00,2023-10-10 21:50:00+00:00,8,0.67,0.482,0.5117,0.4851,0.5371,-0.0612,0.001,0.0332,-0.0278,CATEGORY_B_DOWNWARD_EXPANSION
291549,291555,2023-10-11 01:30:00+00:00,2023-10-11 02:00:00+00:00,7,0.58,0.4695,0.5289,1.009,0.41,0.0749,0.0,0.0324,-0.0233,CATEGORY_B_DOWNWARD_EXPANSION
291779,291786,2023-10-11 20:40:00+00:00,2023-10-11 21:15:00+00:00,8,0.67,0.3601,0.4077,1.301,0.4901,0.1546,0.0074,0.0073,-0.0008,CATEGORY_C_FALSE_OR_CHOP
291862,291877,2023-10-12 03:35:00+00:00,2023-10-12 04:50:00+00:00,16,1.33,0.3845,0.4557,0.797,0.4507,-0.0169,0.0028,0.0108,-0.0015,CATEGORY_C_FALSE_OR_CHOP
291925,291930,2023-10-12 08:50:00+00:00,2023-10-12 09:15:00+00:00,6,0.5,0.4205,0.4438,0.6927,0.4591,0.015,0.0046,0.0099,-0.0002,CATEGORY_C_FALSE_OR_CHOP
292066,292076,2023-10-12 20:35:00+00:00,2023-10-12 21:25:00+00:00,11,0.92,0.4373,0.5102,0.6355,0.4245,-0.0458,0.0149,0.0017,0.01,CATEGORY_C_FALSE_OR_CHOP
292131,292145,2023-10-13 02:00:00+00:00,2023-10-13 03:10:00+00:00,15,1.25,0.3598,0.5133,1.2384,0.4945,-0.0241,0.0112,0.0054,0.0036,CATEGORY_C_FALSE_OR_CHOP
292157,292164,2023-10-13 04:10:00+00:00,2023-10-13 04:45:00+00:00,8,0.67,0.3244,0.4011,1.1276,0.4074,0.1074,0.0125,0.0041,0.0046,CATEGORY_C_FALSE_OR_CHOP
292180,292185,2023-10-13 06:05:00+00:00,2023-10-13 06:30:00+00:00,6,0.5,0.5525,0.6077,0.5102,0.4348,0.0788,0.0119,0.0047,0.0021,CATEGORY_C_FALSE_OR_CHOP
292396,292413,2023-10-14 00:05:00+00:00,2023-10-14 01:30:00+00:00,18,1.5,0.3858,0.4809,0.7656,0.4832,-0.0881,0.0052,0.0023,0.0004,CATEGORY_C_FALSE_OR_CHOP
292432,292437,2023-10-14 03:05:00+00:00,2023-10-14 03:30:00+00:00,6,0.5,0.4402,0.4533,1.2707,0.5012,-0.2544,0.0018,0.0056,-0.0013,CATEGORY_C_FALSE_OR_CHOP
292508,292521,2023-10-14 09:25:00+00:00,2023-10-14 10:30:00+00:00,14,1.17,0.1432,0.2404,0.949,0.4922,0.0491,0.0022,0.0039,-0.0,CATEGORY_C_FALSE_OR_CHOP
292527,292533,2023-10-14 11:00:00+00:00,2023-10-14 11:30:00+00:00,7,0.58,0.3364,0.341,0.9179,0.4202,-0.0144,0.0031,0.003,0.0,CATEGORY_C_FALSE_OR_CHOP
292594,292600,2023-10-14 16:35:00+00:00,2023-10-14 17:05:00+00:00,7,0.58,0.3339,0.3637,0.9214,0.4403,0.1615,0.0016,0.005,0.0001,CATEGORY_C_FALSE_OR_CHOP
292614,292624,2023-10-14 18:15:00+00:00,2023-10-14 19:05:00+00:00,11,0.92,0.2084,0.2676,0.6646,0.5043,-0.0549,0.008,0.0029,0.0079,CATEGORY_C_FALSE_OR_CHOP
292670,292682,2023-10-14 22:55:00+00:00,2023-10-14 23:55:00+00:00,13,1.08,0.3194,0.3976,0.8176,0.4142,-0.0752,0.0164,0.0016,0.0112,CATEGORY_C_FALSE_OR_CHOP
292719,292725,2023-10-15 03:00:00+00:00,2023-10-15 03:30:00+00:00,7,0.58,0.3777,0.4556,0.9332,0.541,-0.0559,0.0145,0.0036,0.0116,CATEGORY_C_FALSE_OR_CHOP
292741,292756,2023-10-15 04:50:00+00:00,2023-10-15 06:05:00+00:00,16,1.33,0.0772,0.3793,0.8939,0.4418,-0.1617,0.0409,0.0027,0.0378,CATEGORY_A_UPWARD_EXPANSION
292758,292765,2023-10-15 06:15:00+00:00,2023-10-15 06:50:00+00:00,8,0.67,0.2268,0.2285,0.6273,0.412,-0.0894,0.0411,0.0025,0.0343,CATEGORY_A_UPWARD_EXPANSION
293370,293376,2023-10-17 09:15:00+00:00,2023-10-17 09:45:00+00:00,7,0.58,0.2085,0.2368,0.8512,0.4133,0.1216,0.0206,0.0093,0.0059,CATEGORY_A_UPWARD_EXPANSION
293397,293402,2023-10-17 11:30:00+00:00,2023-10-17 11:55:00+00:00,6,0.5,0.1559,0.2169,1.1312,0.4421,0.0328,0.0197,0.0101,-0.0029,CATEGORY_C_FALSE_OR_CHOP
293503,293508,2023-10-17 20:20:00+00:00,2023-10-17 20:45:00+00:00,6,0.5,0.4444,0.458,0.9029,0.5898,-0.1325,0.017,0.0124,-0.0103,CATEGORY_C_FALSE_OR_CHOP
293537,293543,2023-10-17 23:10:00+00:00,2023-10-17 23:40:00+00:00,7,0.58,0.3704,0.6065,1.0946,0.4412,-0.1519,0.0199,0.0096,-0.0037,CATEGORY_C_FALSE_OR_CHOP
293694,293699,2023-10-18 12:15:00+00:00,2023-10-18 12:40:00+00:00,6,0.5,0.3084,0.3969,1.5818,0.3835,-0.0954,0.0081,0.0086,0.004,CATEGORY_C_FALSE_OR_CHOP
293732,293738,2023-10-18 15:25:00+00:00,2023-10-18 15:55:00+00:00,7,0.58,0.4716,0.5475,0.8658,0.5663,-0.0217,0.0201,0.0052,0.0153,CATEGORY_A_UPWARD_EXPANSION
293765,293773,2023-10-18 18:10:00+00:00,2023-10-18 18:50:00+00:00,9,0.75,0.5463,0.5819,1.0356,0.422,0.0621,0.0223,0.0066,0.0131,CATEGORY_A_UPWARD_EXPANSION
293814,293822,2023-10-18 22:15:00+00:00,2023-10-18 22:55:00+00:00,9,0.75,0.2762,0.3728,1.0057,0.5082,-0.0587,0.0202,0.0086,0.0108,CATEGORY_A_UPWARD_EXPANSION
293869,293894,2023-10-19 02:50:00+00:00,2023-10-19 04:55:00+00:00,26,2.17,0.3105,0.4128,1.0826,0.5059,-0.0409,0.0394,0.0016,0.0365,CATEGORY_A_UPWARD_EXPANSION
293896,293901,2023-10-19 05:05:00+00:00,2023-10-19 05:30:00+00:00,6,0.5,0.3668,0.4388,1.1484,0.5703,0.1256,0.0377,0.0031,0.0285,CATEGORY_A_UPWARD_EXPANSION
294344,294353,2023-10-20 18:25:00+00:00,2023-10-20 19:10:00+00:00,10,0.83,0.3786,0.4638,1.0137,0.4951,0.0394,0.0306,0.0027,0.0203,CATEGORY_A_UPWARD_EXPANSION
294373,294387,2023-10-20 20:50:00+00:00,2023-10-20 22:00:00+00:00,15,1.25,0.3028,0.3895,0.8582,0.4783,0.0257,0.0262,0.0047,0.0142,CATEGORY_A_UPWARD_EXPANSION
294389,294397,2023-10-20 22:10:00+00:00,2023-10-20 22:50:00+00:00,9,0.75,0.4279,0.4712,0.9559,0.4649,-0.0192,0.0256,0.0053,0.0127,CATEGORY_A_UPWARD_EXPANSION
294421,294429,2023-10-21 00:50:00+00:00,2023-10-21 01:30:00+00:00,9,0.75,0.3183,0.3775,0.8912,0.5663,-0.2189,0.0268,0.0041,0.0104,CATEGORY_A_UPWARD_EXPANSION
294463,294468,2023-10-21 04:20:00+00:00,2023-10-21 04:45:00+00:00,6,0.5,0.2958,0.3574,1.5239,0.4613,-0.0639,0.0265,0.0018,0.0135,CATEGORY_A_UPWARD_EXPANSION
294473,294478,2023-10-21 05:10:00+00:00,2023-10-21 05:35:00+00:00,6,0.5,0.2833,0.2947,1.9338,0.3997,-0.0333,0.0273,0.0007,0.0152,CATEGORY_A_UPWARD_EXPANSION
294520,294526,2023-10-21 09:05:00+00:00,2023-10-21 09:35:00+00:00,7,0.58,0.2826,0.3789,0.9371,0.3878,0.0858,0.0237,0.0012,0.0079,CATEGORY_A_UPWARD_EXPANSION
294578,294584,2023-10-21 13:55:00+00:00,2023-10-21 14:25:00+00:00,7,0.58,0.5502,0.6107,0.6306,0.454,0.0972,0.0199,0.0049,0.0026,CATEGORY_C_FALSE_OR_CHOP
294734,294739,2023-10-22 02:55:00+00:00,2023-10-22 03:20:00+00:00,6,0.5,0.5383,0.5901,0.745,0.4787,0.062,0.0264,0.0071,0.017,CATEGORY_A_UPWARD_EXPANSION
294742,294750,2023-10-22 03:35:00+00:00,2023-10-22 04:15:00+00:00,9,0.75,0.5363,0.5735,1.1592,0.4982,0.0019,0.0314,0.0094,0.0234,CATEGORY_A_UPWARD_EXPANSION
294853,294858,2023-10-22 12:50:00+00:00,2023-10-22 13:15:00+00:00,6,0.5,0.5634,0.5986,1.6693,0.4995,0.1099,0.0361,0.0064,0.0239,CATEGORY_A_UPWARD_EXPANSION
294916,294930,2023-10-22 18:05:00+00:00,2023-10-22 19:15:00+00:00,15,1.25,0.404,0.5212,0.769,0.3898,0.0476,0.0495,0.0062,0.041,CATEGORY_A_UPWARD_EXPANSION
295376,295387,2023-10-24 08:25:00+00:00,2023-10-24 09:20:00+00:00,12,1.0,0.2924,0.3295,0.5633,0.532,-0.0341,0.0213,0.0278,-0.0024,CATEGORY_B_DOWNWARD_EXPANSION
295508,295514,2023-10-24 19:25:00+00:00,2023-10-24 19:55:00+00:00,7,0.58,0.3352,0.3591,0.8749,0.4724,-0.028,0.0395,0.0092,0.0279,CATEGORY_A_UPWARD_EXPANSION
295555,295564,2023-10-24 23:20:00+00:00,2023-10-25 00:05:00+00:00,10,0.83,0.5494,0.573,0.6411,0.4483,0.1005,0.0354,0.0074,0.0165,CATEGORY_A_UPWARD_EXPANSION
295597,295602,2023-10-25 02:50:00+00:00,2023-10-25 03:15:00+00:00,6,0.5,0.4047,0.4272,1.6393,0.4784,0.1594,0.0328,0.01,0.0212,CATEGORY_A_UPWARD_EXPANSION
295688,295694,2023-10-25 10:25:00+00:00,2023-10-25 10:55:00+00:00,7,0.58,0.3137,0.3662,0.9063,0.4691,-0.0413,0.026,0.0041,0.0011,CATEGORY_A_UPWARD_EXPANSION
295815,295820,2023-10-25 21:00:00+00:00,2023-10-25 21:25:00+00:00,6,0.5,0.5545,0.6099,0.5693,0.549,-0.1472,0.0023,0.0285,-0.0177,CATEGORY_B_DOWNWARD_EXPANSION
295854,295859,2023-10-26 00:15:00+00:00,2023-10-26 00:40:00+00:00,6,0.5,0.4059,0.5899,0.7095,0.4782,-0.0528,0.0081,0.023,-0.015,CATEGORY_B_DOWNWARD_EXPANSION
295873,295878,2023-10-26 01:50:00+00:00,2023-10-26 02:15:00+00:00,6,0.5,0.4579,0.4703,0.623,0.4367,0.0096,0.0041,0.0268,-0.0185,CATEGORY_B_DOWNWARD_EXPANSION
295880,295894,2023-10-26 02:25:00+00:00,2023-10-26 03:35:00+00:00,15,1.25,0.3733,0.4904,1.3682,0.4826,-0.0645,0.0008,0.03,-0.02,CATEGORY_B_DOWNWARD_EXPANSION
295905,295911,2023-10-26 04:30:00+00:00,2023-10-26 05:00:00+00:00,7,0.58,0.3395,0.3686,1.1545,0.3898,-0.0096,0.0033,0.0265,-0.0174,CATEGORY_B_DOWNWARD_EXPANSION
296099,296105,2023-10-26 20:40:00+00:00,2023-10-26 21:10:00+00:00,7,0.58,0.5119,0.5826,1.2204,0.5408,0.1353,0.0027,0.0233,-0.0102,CATEGORY_B_DOWNWARD_EXPANSION
296116,296123,2023-10-26 22:05:00+00:00,2023-10-26 22:40:00+00:00,8,0.67,0.3133,0.4038,1.0578,0.5357,0.131,0.0022,0.0238,-0.0116,CATEGORY_B_DOWNWARD_EXPANSION
296183,296189,2023-10-27 03:40:00+00:00,2023-10-27 04:10:00+00:00,7,0.58,0.466,0.5431,0.9254,0.3567,-0.0387,0.0043,0.0208,-0.0018,CATEGORY_B_DOWNWARD_EXPANSION
296247,296252,2023-10-27 09:00:00+00:00,2023-10-27 09:25:00+00:00,6,0.5,0.5908,0.6097,1.2998,0.4998,0.047,0.0006,0.023,-0.0032,CATEGORY_B_DOWNWARD_EXPANSION
296257,296264,2023-10-27 09:50:00+00:00,2023-10-27 10:25:00+00:00,8,0.67,0.5372,0.5494,1.1837,0.3502,-0.1064,0.0015,0.022,-0.0013,CATEGORY_B_DOWNWARD_EXPANSION
296413,296420,2023-10-27 22:50:00+00:00,2023-10-27 23:25:00+00:00,8,0.67,0.5829,0.661,0.7177,0.4478,0.1778,0.0193,0.0002,0.0076,CATEGORY_C_FALSE_OR_CHOP
296451,296459,2023-10-28 02:00:00+00:00,2023-10-28 02:40:00+00:00,9,0.75,0.3104,0.3954,1.0703,0.4885,-0.0848,0.0171,0.0002,0.0026,CATEGORY_C_FALSE_OR_CHOP
296479,296486,2023-10-28 04:20:00+00:00,2023-10-28 04:55:00+00:00,8,0.67,0.2994,0.346,1.1814,0.4786,0.091,0.012,0.0052,-0.0019,CATEGORY_C_FALSE_OR_CHOP
296511,296519,2023-10-28 07:00:00+00:00,2023-10-28 07:40:00+00:00,9,0.75,0.2873,0.3125,0.7972,0.4303,-0.0585,0.0122,0.005,0.0003,CATEGORY_C_FALSE_OR_CHOP
296547,296552,2023-10-28 10:00:00+00:00,2023-10-28 10:25:00+00:00,6,0.5,0.3654,0.3792,0.5658,0.2999,-0.0939,0.0116,0.0056,0.0028,CATEGORY_C_FALSE_OR_CHOP
296635,296643,2023-10-28 17:20:00+00:00,2023-10-28 18:00:00+00:00,9,0.75,0.3055,0.349,0.8872,0.4911,-0.1321,0.0186,0.0053,0.0142,CATEGORY_C_FALSE_OR_CHOP
296777,296786,2023-10-29 05:10:00+00:00,2023-10-29 05:55:00+00:00,10,0.83,0.2835,0.3269,0.5812,0.391,-0.0635,0.0211,0.0004,0.0064,CATEGORY_A_UPWARD_EXPANSION
296839,296845,2023-10-29 10:20:00+00:00,2023-10-29 10:50:00+00:00,7,0.58,0.3216,0.4033,1.621,0.4172,0.0277,0.0171,0.0015,0.0114,CATEGORY_C_FALSE_OR_CHOP
297052,297064,2023-10-30 04:05:00+00:00,2023-10-30 05:05:00+00:00,13,1.08,0.4358,0.4745,0.8357,0.4916,-0.0057,0.0149,0.0082,-0.0042,CATEGORY_C_FALSE_OR_CHOP
297237,297242,2023-10-30 19:30:00+00:00,2023-10-30 19:55:00+00:00,6,0.5,0.5223,0.5904,0.7692,0.4318,-0.1304,0.0049,0.0118,0.0031,CATEGORY_C_FALSE_OR_CHOP
297251,297256,2023-10-30 20:40:00+00:00,2023-10-30 21:05:00+00:00,6,0.5,0.3494,0.5645,1.087,0.3504,-0.0566,0.0081,0.0118,0.0049,CATEGORY_C_FALSE_OR_CHOP
297276,297283,2023-10-30 22:45:00+00:00,2023-10-30 23:20:00+00:00,8,0.67,0.4074,0.4717,1.1012,0.3549,0.0204,0.0065,0.0136,0.0025,CATEGORY_C_FALSE_OR_CHOP
297285,297292,2023-10-30 23:30:00+00:00,2023-10-31 00:05:00+00:00,8,0.67,0.4293,0.4543,1.3034,0.3865,0.018,0.007,0.0132,0.0034,CATEGORY_C_FALSE_OR_CHOP
297404,297411,2023-10-31 09:25:00+00:00,2023-10-31 10:00:00+00:00,8,0.67,0.4208,0.5874,1.3707,0.5093,0.1708,0.0083,0.0088,0.0009,CATEGORY_C_FALSE_OR_CHOP
297503,297513,2023-10-31 17:40:00+00:00,2023-10-31 18:30:00+00:00,11,0.92,0.3132,0.4206,1.3389,0.4835,-0.0499,0.025,0.0071,0.0099,CATEGORY_A_UPWARD_EXPANSION
297604,297618,2023-11-01 02:05:00+00:00,2023-11-01 03:15:00+00:00,15,1.25,0.4404,0.5227,1.2685,0.5045,-0.0618,0.0447,0.0101,0.0393,CATEGORY_A_UPWARD_EXPANSION
297991,297999,2023-11-02 10:20:00+00:00,2023-11-02 11:00:00+00:00,9,0.75,0.376,0.4134,1.0359,0.4674,-0.1497,0.0024,0.0354,-0.0312,CATEGORY_B_DOWNWARD_EXPANSION
298078,298084,2023-11-02 17:35:00+00:00,2023-11-02 18:05:00+00:00,7,0.58,0.4012,0.5309,1.1382,0.5664,-0.0139,0.0095,0.0186,-0.0108,CATEGORY_C_FALSE_OR_CHOP
298086,298091,2023-11-02 18:15:00+00:00,2023-11-02 18:40:00+00:00,6,0.5,0.5556,0.5733,0.7733,0.4858,-0.0043,0.0072,0.0209,-0.0093,CATEGORY_B_DOWNWARD_EXPANSION
298125,298130,2023-11-02 21:30:00+00:00,2023-11-02 21:55:00+00:00,6,0.5,0.4716,0.5847,0.8905,0.3029,-0.0052,0.0007,0.023,-0.0092,CATEGORY_B_DOWNWARD_EXPANSION
298184,298203,2023-11-03 02:25:00+00:00,2023-11-03 04:00:00+00:00,20,1.67,0.399,0.4885,0.6575,0.4742,-0.0338,0.0046,0.0165,-0.0002,CATEGORY_C_FALSE_OR_CHOP
298405,298416,2023-11-03 20:50:00+00:00,2023-11-03 21:45:00+00:00,12,1.0,0.6435,0.6947,0.8362,0.4255,-0.0103,0.01,0.0026,0.0043,CATEGORY_C_FALSE_OR_CHOP
298453,298458,2023-11-04 00:50:00+00:00,2023-11-04 01:15:00+00:00,6,0.5,0.4628,0.4926,1.6534,0.5559,0.0213,0.0149,0.0044,0.0081,CATEGORY_C_FALSE_OR_CHOP
298474,298485,2023-11-04 02:35:00+00:00,2023-11-04 03:30:00+00:00,12,1.0,0.36,0.4491,0.8923,0.4732,0.034,0.0169,0.0024,0.0126,CATEGORY_C_FALSE_OR_CHOP
298493,298502,2023-11-04 04:10:00+00:00,2023-11-04 04:55:00+00:00,10,0.83,0.41,0.4881,1.1713,0.4804,0.034,0.0183,0.0025,0.0138,CATEGORY_C_FALSE_OR_CHOP
298565,298571,2023-11-04 10:10:00+00:00,2023-11-04 10:40:00+00:00,7,0.58,0.4944,0.6128,1.618,0.5057,-0.0438,0.0158,0.0032,0.0099,CATEGORY_C_FALSE_OR_CHOP
298573,298583,2023-11-04 10:50:00+00:00,2023-11-04 11:40:00+00:00,11,0.92,0.4715,0.5027,0.7639,0.5182,-0.0085,0.0152,0.0038,0.0088,CATEGORY_C_FALSE_OR_CHOP
298588,298594,2023-11-04 12:05:00+00:00,2023-11-04 12:35:00+00:00,7,0.58,0.5517,0.5687,0.8431,0.5373,0.0008,0.0168,0.0023,0.0117,CATEGORY_C_FALSE_OR_CHOP
298597,298602,2023-11-04 12:50:00+00:00,2023-11-04 13:15:00+00:00,6,0.5,0.3747,0.4186,1.1911,0.5256,-0.2339,0.0164,0.0027,0.01,CATEGORY_C_FALSE_OR_CHOP
298652,298657,2023-11-04 17:25:00+00:00,2023-11-04 17:50:00+00:00,6,0.5,0.4793,0.5923,0.8939,0.4355,-0.228,0.0163,0.0009,0.0105,CATEGORY_C_FALSE_OR_CHOP
298663,298669,2023-11-04 18:20:00+00:00,2023-11-04 18:50:00+00:00,7,0.58,0.4446,0.4635,0.6562,0.4717,-0.1048,0.0158,0.0014,0.0079,CATEGORY_C_FALSE_OR_CHOP
298673,298678,2023-11-04 19:10:00+00:00,2023-11-04 19:35:00+00:00,6,0.5,0.3984,0.4339,0.7198,0.5245,0.0486,0.0156,0.0016,0.0074,CATEGORY_C_FALSE_OR_CHOP
298811,298818,2023-11-05 06:40:00+00:00,2023-11-05 07:15:00+00:00,8,0.67,0.4789,0.537,0.6931,0.4704,-0.005,0.009,0.0176,-0.0053,CATEGORY_C_FALSE_OR_CHOP
299280,299285,2023-11-06 21:45:00+00:00,2023-11-06 22:10:00+00:00,6,0.5,0.4212,0.5241,1.2198,0.4793,0.0941,0.0236,0.0153,0.0072,CATEGORY_A_UPWARD_EXPANSION
299358,299363,2023-11-07 04:15:00+00:00,2023-11-07 04:40:00+00:00,6,0.5,0.5796,0.6593,0.7385,0.3106,-0.0444,0.0305,0.0087,0.015,CATEGORY_A_UPWARD_EXPANSION
299366,299373,2023-11-07 04:55:00+00:00,2023-11-07 05:30:00+00:00,8,0.67,0.7597,0.8096,1.1224,0.3853,0.0995,0.0292,0.01,0.0111,CATEGORY_A_UPWARD_EXPANSION
299610,299629,2023-11-08 01:15:00+00:00,2023-11-08 02:50:00+00:00,20,1.67,0.2799,0.4312,0.992,0.4743,0.0127,0.0345,0.0065,0.0279,CATEGORY_A_UPWARD_EXPANSION
299740,299746,2023-11-08 12:05:00+00:00,2023-11-08 12:35:00+00:00,7,0.58,0.408,0.4323,0.8547,0.4376,-0.1804,0.0472,0.0063,0.0438,CATEGORY_A_UPWARD_EXPANSION
300020,300029,2023-11-09 11:25:00+00:00,2023-11-09 12:10:00+00:00,10,0.83,0.5508,0.5832,1.4136,0.5282,0.054,0.0307,0.0336,0.0016,CATEGORY_C_FALSE_OR_CHOP
300184,300194,2023-11-10 01:05:00+00:00,2023-11-10 01:55:00+00:00,11,0.92,0.2956,0.4132,0.8765,0.5612,-0.0071,0.023,0.0098,0.0101,CATEGORY_A_UPWARD_EXPANSION
300199,300206,2023-11-10 02:20:00+00:00,2023-11-10 02:55:00+00:00,8,0.67,0.4134,0.4295,1.3425,0.5939,0.0213,0.0181,0.0145,0.0067,CATEGORY_C_FALSE_OR_CHOP
300247,300254,2023-11-10 06:20:00+00:00,2023-11-10 06:55:00+00:00,8,0.67,0.2958,0.3377,0.8424,0.4333,-0.0077,0.0249,0.0079,0.0128,CATEGORY_A_UPWARD_EXPANSION
300283,300289,2023-11-10 09:20:00+00:00,2023-11-10 09:50:00+00:00,7,0.58,0.4778,0.4907,0.4531,0.5008,-0.1702,0.0274,0.0006,0.0139,CATEGORY_A_UPWARD_EXPANSION
300436,300441,2023-11-10 22:05:00+00:00,2023-11-10 22:30:00+00:00,6,0.5,0.5828,0.5914,0.6036,0.4796,-0.0197,0.0056,0.0174,-0.0118,CATEGORY_C_FALSE_OR_CHOP
300503,300511,2023-11-11 03:40:00+00:00,2023-11-11 04:20:00+00:00,9,0.75,0.4068,0.4548,1.2472,0.3974,0.0355,0.0077,0.0087,-0.0011,CATEGORY_C_FALSE_OR_CHOP
300540,300545,2023-11-11 06:45:00+00:00,2023-11-11 07:10:00+00:00,6,0.5,0.3852,0.4048,0.844,0.4746,0.0648,0.006,0.0104,0.0023,CATEGORY_C_FALSE_OR_CHOP
300562,300569,2023-11-11 08:35:00+00:00,2023-11-11 09:10:00+00:00,8,0.67,0.3418,0.4678,1.3869,0.4912,-0.0566,0.0087,0.0078,0.004,CATEGORY_C_FALSE_OR_CHOP
300578,300583,2023-11-11 09:55:00+00:00,2023-11-11 10:20:00+00:00,6,0.5,0.4208,0.531,0.6827,0.475,-0.0333,0.0075,0.0089,0.0016,CATEGORY_C_FALSE_OR_CHOP
300585,300593,2023-11-11 10:30:00+00:00,2023-11-11 11:10:00+00:00,9,0.75,0.388,0.4234,0.7022,0.5017,0.0525,0.0084,0.0081,0.0037,CATEGORY_C_FALSE_OR_CHOP
300679,300691,2023-11-11 18:20:00+00:00,2023-11-11 19:20:00+00:00,13,1.08,0.2799,0.4977,0.9855,0.5019,-0.0461,0.0033,0.0116,0.0016,CATEGORY_C_FALSE_OR_CHOP
300794,300801,2023-11-12 03:55:00+00:00,2023-11-12 04:30:00+00:00,8,0.67,0.6429,0.6871,0.9046,0.5628,-0.2309,0.0128,0.0036,-0.0002,CATEGORY_C_FALSE_OR_CHOP
300864,300869,2023-11-12 09:45:00+00:00,2023-11-12 10:10:00+00:00,6,0.5,0.3537,0.4232,0.7016,0.4524,0.0471,0.0097,0.0082,-0.0032,CATEGORY_C_FALSE_OR_CHOP
300886,300893,2023-11-12 11:35:00+00:00,2023-11-12 12:10:00+00:00,8,0.67,0.4093,0.4808,1.149,0.5031,-0.0314,0.009,0.0106,-0.0092,CATEGORY_C_FALSE_OR_CHOP
300986,300996,2023-11-12 19:55:00+00:00,2023-11-12 20:45:00+00:00,11,0.92,0.4322,0.5252,0.8616,0.4967,0.0891,0.0078,0.016,-0.0074,CATEGORY_C_FALSE_OR_CHOP
301157,301163,2023-11-13 10:10:00+00:00,2023-11-13 10:40:00+00:00,7,0.58,0.4999,0.5434,1.8447,0.4556,0.1657,0.0018,0.0209,-0.0143,CATEGORY_B_DOWNWARD_EXPANSION
301266,301281,2023-11-13 19:15:00+00:00,2023-11-13 20:30:00+00:00,16,1.33,0.4856,0.5948,1.0464,0.4664,-0.1198,0.0019,0.054,-0.0393,CATEGORY_B_DOWNWARD_EXPANSION
301359,301372,2023-11-14 03:00:00+00:00,2023-11-14 04:05:00+00:00,14,1.17,0.4123,0.5969,1.0703,0.5043,-0.1054,0.0082,0.0451,-0.0277,CATEGORY_B_DOWNWARD_EXPANSION
301658,301667,2023-11-15 03:55:00+00:00,2023-11-15 04:40:00+00:00,10,0.83,0.4083,0.4444,1.2602,0.508,0.0062,0.0705,0.0007,0.0564,CATEGORY_A_UPWARD_EXPANSION
301671,301682,2023-11-15 05:00:00+00:00,2023-11-15 05:55:00+00:00,12,1.0,0.2678,0.3554,0.8762,0.5063,0.0934,0.0669,0.0022,0.0521,CATEGORY_A_UPWARD_EXPANSION
301686,301691,2023-11-15 06:15:00+00:00,2023-11-15 06:40:00+00:00,6,0.5,0.3229,0.3401,1.094,0.5446,0.2154,0.0675,0.0008,0.0528,CATEGORY_A_UPWARD_EXPANSION
302024,302030,2023-11-16 10:25:00+00:00,2023-11-16 10:55:00+00:00,7,0.58,0.248,0.4119,0.8104,0.4281,0.0022,0.0068,0.0481,-0.0249,CATEGORY_B_DOWNWARD_EXPANSION
302187,302193,2023-11-17 00:00:00+00:00,2023-11-17 00:30:00+00:00,7,0.58,0.5628,0.5818,0.9395,0.4606,0.1022,0.0157,0.0102,0.0072,CATEGORY_C_FALSE_OR_CHOP
302262,302274,2023-11-17 06:15:00+00:00,2023-11-17 07:15:00+00:00,13,1.08,0.4779,0.5479,1.0632,0.4678,-0.1348,0.0135,0.0124,-0.0002,CATEGORY_C_FALSE_OR_CHOP
302302,302307,2023-11-17 09:35:00+00:00,2023-11-17 10:00:00+00:00,6,0.5,0.5977,0.6023,1.3998,0.4724,-0.0258,0.0142,0.0117,0.0032,CATEGORY_C_FALSE_OR_CHOP
302329,302335,2023-11-17 11:50:00+00:00,2023-11-17 12:20:00+00:00,7,0.58,0.4182,0.4493,1.1738,0.4032,-0.0411,0.0152,0.0107,0.0057,CATEGORY_C_FALSE_OR_CHOP
302447,302455,2023-11-17 21:40:00+00:00,2023-11-17 22:20:00+00:00,9,0.75,0.4242,0.5133,0.9763,0.5181,0.0979,0.0099,0.0084,-0.0002,CATEGORY_C_FALSE_OR_CHOP
302490,302512,2023-11-18 01:15:00+00:00,2023-11-18 03:05:00+00:00,23,1.92,0.195,0.3461,0.7613,0.4599,-0.0177,0.0124,0.0059,0.0016,CATEGORY_C_FALSE_OR_CHOP
302520,302525,2023-11-18 03:45:00+00:00,2023-11-18 04:10:00+00:00,6,0.5,0.3258,0.3471,0.7645,0.5454,-0.0392,0.0123,0.006,0.0032,CATEGORY_C_FALSE_OR_CHOP
302550,302555,2023-11-18 06:15:00+00:00,2023-11-18 06:40:00+00:00,6,0.5,0.3017,0.328,1.4015,0.4371,0.017,0.0144,0.0039,0.0083,CATEGORY_C_FALSE_OR_CHOP
302563,302568,2023-11-18 07:20:00+00:00,2023-11-18 07:45:00+00:00,6,0.5,0.4562,0.4886,0.9125,0.4871,0.0224,0.0137,0.0002,0.007,CATEGORY_C_FALSE_OR_CHOP
302586,302595,2023-11-18 09:15:00+00:00,2023-11-18 10:00:00+00:00,10,0.83,0.2148,0.3153,0.9406,0.4079,0.0722,0.0122,0.0015,0.0063,CATEGORY_C_FALSE_OR_CHOP
302691,302700,2023-11-18 18:00:00+00:00,2023-11-18 18:45:00+00:00,10,0.83,0.4959,0.5493,0.8975,0.499,0.0618,0.006,0.0081,0.0037,CATEGORY_C_FALSE_OR_CHOP
302818,302834,2023-11-19 04:35:00+00:00,2023-11-19 05:55:00+00:00,17,1.42,0.3884,0.4524,0.9556,0.4594,-0.0393,0.0271,0.0035,0.017,CATEGORY_A_UPWARD_EXPANSION
302869,302874,2023-11-19 08:50:00+00:00,2023-11-19 09:15:00+00:00,6,0.5,0.5602,0.6576,0.8508,0.481,0.1295,0.0248,0.0057,0.0152,CATEGORY_A_UPWARD_EXPANSION
303107,303114,2023-11-20 04:40:00+00:00,2023-11-20 05:15:00+00:00,8,0.67,0.4398,0.4615,1.1663,0.4771,-0.1489,0.0153,0.0136,0.0056,CATEGORY_C_FALSE_OR_CHOP
303339,303345,2023-11-21 00:00:00+00:00,2023-11-21 00:30:00+00:00,7,0.58,0.2718,0.3704,0.7571,0.4822,0.0144,0.004,0.0498,-0.0364,CATEGORY_B_DOWNWARD_EXPANSION
303386,303400,2023-11-21 03:55:00+00:00,2023-11-21 05:05:00+00:00,15,1.25,0.24,0.3146,1.1122,0.4672,-0.0486,0.0038,0.0462,-0.0237,CATEGORY_B_DOWNWARD_EXPANSION
303417,303423,2023-11-21 06:30:00+00:00,2023-11-21 07:00:00+00:00,7,0.58,0.311,0.3296,0.5628,0.4194,-0.0363,0.0041,0.0459,-0.0213,CATEGORY_B_DOWNWARD_EXPANSION
303454,303461,2023-11-21 09:35:00+00:00,2023-11-21 10:10:00+00:00,8,0.67,0.2121,0.2689,0.7146,0.475,0.1403,0.0045,0.0455,-0.0185,CATEGORY_B_DOWNWARD_EXPANSION
303933,303940,2023-11-23 01:30:00+00:00,2023-11-23 02:05:00+00:00,8,0.67,0.6016,0.6404,0.6785,0.4131,-0.0222,0.0069,0.0141,-0.0013,CATEGORY_C_FALSE_OR_CHOP
303944,303951,2023-11-23 02:25:00+00:00,2023-11-23 03:00:00+00:00,8,0.67,0.5492,0.595,1.184,0.4198,0.0487,0.0091,0.0119,0.0018,CATEGORY_C_FALSE_OR_CHOP
303973,303978,2023-11-23 04:50:00+00:00,2023-11-23 05:15:00+00:00,6,0.5,0.5218,0.5373,1.0376,0.4386,0.0124,0.0081,0.0129,-0.0008,CATEGORY_C_FALSE_OR_CHOP
304137,304142,2023-11-23 18:30:00+00:00,2023-11-23 18:55:00+00:00,6,0.5,0.5813,0.6129,0.6239,0.5383,0.0816,0.0311,0.002,0.0125,CATEGORY_A_UPWARD_EXPANSION
304208,304214,2023-11-24 00:25:00+00:00,2023-11-24 00:55:00+00:00,7,0.58,0.7124,0.7301,0.7381,0.4464,-0.1496,0.03,0.0,0.0114,CATEGORY_A_UPWARD_EXPANSION
304230,304237,2023-11-24 02:15:00+00:00,2023-11-24 02:50:00+00:00,8,0.67,0.6074,0.6488,0.7614,0.4722,-0.0391,0.0269,0.0028,0.0109,CATEGORY_A_UPWARD_EXPANSION
304491,304506,2023-11-25 00:00:00+00:00,2023-11-25 01:15:00+00:00,16,1.33,0.2458,0.3175,0.7489,0.5071,-0.1211,0.0036,0.0043,-0.0011,CATEGORY_C_FALSE_OR_CHOP
304539,304546,2023-11-25 04:00:00+00:00,2023-11-25 04:35:00+00:00,8,0.67,0.3282,0.3473,1.1022,0.4619,0.038,0.0033,0.0046,-0.0008,CATEGORY_C_FALSE_OR_CHOP
304566,304572,2023-11-25 06:15:00+00:00,2023-11-25 06:45:00+00:00,7,0.58,0.15,0.1703,1.5614,0.478,-0.0622,0.0022,0.0057,-0.001,CATEGORY_C_FALSE_OR_CHOP
304639,304645,2023-11-25 12:20:00+00:00,2023-11-25 12:50:00+00:00,7,0.58,0.1864,0.2459,1.0092,0.4292,-0.1239,0.005,0.0091,-0.0032,CATEGORY_C_FALSE_OR_CHOP
304697,304704,2023-11-25 17:10:00+00:00,2023-11-25 17:45:00+00:00,8,0.67,0.3504,0.4381,0.5538,0.471,0.1937,0.0024,0.0171,-0.0138,CATEGORY_C_FALSE_OR_CHOP
304722,304728,2023-11-25 19:15:00+00:00,2023-11-25 19:45:00+00:00,7,0.58,0.5368,0.5832,0.6488,0.5417,-0.0652,0.0023,0.0172,-0.0129,CATEGORY_C_FALSE_OR_CHOP
304761,304766,2023-11-25 22:30:00+00:00,2023-11-25 22:55:00+00:00,6,0.5,0.7255,0.7774,0.6442,0.3597,-0.0846,0.0024,0.0152,-0.0019,CATEGORY_C_FALSE_OR_CHOP
304768,304773,2023-11-25 23:05:00+00:00,2023-11-25 23:30:00+00:00,6,0.5,0.6875,0.7193,0.6253,0.4747,-0.0697,0.0014,0.0162,-0.0073,CATEGORY_C_FALSE_OR_CHOP
304815,304827,2023-11-26 03:00:00+00:00,2023-11-26 04:00:00+00:00,13,1.08,0.307,0.4569,1.2716,0.3978,0.1602,0.0022,0.0154,-0.0112,CATEGORY_C_FALSE_OR_CHOP
305337,305342,2023-11-27 22:30:00+00:00,2023-11-27 22:55:00+00:00,6,0.5,0.5155,0.6281,0.9748,0.421,0.1332,0.0349,0.0058,0.021,CATEGORY_A_UPWARD_EXPANSION
305387,305392,2023-11-28 02:40:00+00:00,2023-11-28 03:05:00+00:00,6,0.5,0.4868,0.5732,0.7962,0.4367,-0.2343,0.032,0.0086,0.021,CATEGORY_A_UPWARD_EXPANSION
305679,305685,2023-11-29 03:00:00+00:00,2023-11-29 03:30:00+00:00,7,0.58,0.4205,0.4901,0.7796,0.4901,-0.201,0.0127,0.0105,-0.0021,CATEGORY_C_FALSE_OR_CHOP
305687,305701,2023-11-29 03:40:00+00:00,2023-11-29 04:50:00+00:00,15,1.25,0.4035,0.454,0.6576,0.345,-0.0701,0.0147,0.0085,0.0025,CATEGORY_C_FALSE_OR_CHOP
305785,305791,2023-11-29 11:50:00+00:00,2023-11-29 12:20:00+00:00,7,0.58,0.5421,0.5848,0.8701,0.4982,-0.048,0.0043,0.0148,-0.0062,CATEGORY_C_FALSE_OR_CHOP
305903,305920,2023-11-29 21:40:00+00:00,2023-11-29 23:05:00+00:00,18,1.5,0.4221,0.5442,1.3589,0.5296,-0.0264,0.0103,0.0068,-0.0017,CATEGORY_C_FALSE_OR_CHOP
306049,306064,2023-11-30 09:50:00+00:00,2023-11-30 11:05:00+00:00,16,1.33,0.4178,0.5294,1.4735,0.5257,-0.0209,0.0308,0.0046,0.0235,CATEGORY_A_UPWARD_EXPANSION
306138,306150,2023-11-30 17:15:00+00:00,2023-11-30 18:15:00+00:00,13,1.08,0.5177,0.5989,0.8934,0.4985,-0.0993,0.0336,0.0034,0.0295,CATEGORY_A_UPWARD_EXPANSION
306473,306480,2023-12-01 21:10:00+00:00,2023-12-01 21:45:00+00:00,8,0.67,0.5861,0.6894,0.8973,0.5144,0.0806,0.0213,0.0061,0.0183,CATEGORY_A_UPWARD_EXPANSION
306483,306488,2023-12-01 22:00:00+00:00,2023-12-01 22:25:00+00:00,6,0.5,0.6589,0.698,1.0172,0.4173,-0.3392,0.0238,0.0039,0.0167,CATEGORY_A_UPWARD_EXPANSION
306494,306500,2023-12-01 22:55:00+00:00,2023-12-01 23:25:00+00:00,7,0.58,0.5503,0.6062,0.8088,0.5334,-0.0321,0.0259,0.0019,0.0187,CATEGORY_A_UPWARD_EXPANSION
306515,306520,2023-12-02 00:40:00+00:00,2023-12-02 01:05:00+00:00,6,0.5,0.4861,0.5037,0.7183,0.476,-0.1469,0.026,0.0015,0.0203,CATEGORY_A_UPWARD_EXPANSION
306541,306551,2023-12-02 02:50:00+00:00,2023-12-02 03:40:00+00:00,11,0.92,0.2244,0.3254,1.3053,0.4509,-0.1661,0.025,0.0025,0.0147,CATEGORY_A_UPWARD_EXPANSION
306553,306559,2023-12-02 03:50:00+00:00,2023-12-02 04:20:00+00:00,7,0.58,0.2403,0.266,0.8781,0.4802,-0.043,0.0243,0.0032,0.0165,CATEGORY_A_UPWARD_EXPANSION
306610,306615,2023-12-02 08:35:00+00:00,2023-12-02 09:00:00+00:00,6,0.5,0.3302,0.4598,0.5958,0.4516,-0.1846,0.0259,0.0002,0.018,CATEGORY_A_UPWARD_EXPANSION
306630,306639,2023-12-02 10:15:00+00:00,2023-12-02 11:00:00+00:00,10,0.83,0.3082,0.3804,0.7263,0.3414,0.0295,0.0253,0.0009,0.0204,CATEGORY_A_UPWARD_EXPANSION
306641,306646,2023-12-02 11:10:00+00:00,2023-12-02 11:35:00+00:00,6,0.5,0.2473,0.2674,0.5881,0.4731,0.1519,0.0257,0.0005,0.0205,CATEGORY_A_UPWARD_EXPANSION
306648,306653,2023-12-02 11:45:00+00:00,2023-12-02 12:10:00+00:00,6,0.5,0.2399,0.2855,0.7257,0.3781,0.099,0.025,0.0012,0.0185,CATEGORY_A_UPWARD_EXPANSION
306711,306722,2023-12-02 17:00:00+00:00,2023-12-02 17:55:00+00:00,12,1.0,0.2977,0.5432,0.8266,0.4888,0.0325,0.027,0.0005,0.0189,CATEGORY_A_UPWARD_EXPANSION
306886,306891,2023-12-03 07:35:00+00:00,2023-12-03 08:00:00+00:00,6,0.5,0.3618,0.3759,1.2345,0.4975,-0.0611,0.0576,0.0024,0.051,CATEGORY_A_UPWARD_EXPANSION
307019,307025,2023-12-03 18:40:00+00:00,2023-12-03 19:10:00+00:00,7,0.58,0.3451,0.3802,1.412,0.4174,-0.218,0.0666,0.0023,0.0582,CATEGORY_A_UPWARD_EXPANSION
307335,307345,2023-12-04 21:00:00+00:00,2023-12-04 21:50:00+00:00,11,0.92,0.456,0.5668,1.0614,0.5189,0.0303,0.0541,0.013,0.0504,CATEGORY_A_UPWARD_EXPANSION
307399,307414,2023-12-05 02:20:00+00:00,2023-12-05 03:35:00+00:00,16,1.33,0.3241,0.4306,0.9198,0.5233,0.026,0.0638,0.0097,0.046,CATEGORY_A_UPWARD_EXPANSION
307423,307430,2023-12-05 04:20:00+00:00,2023-12-05 04:55:00+00:00,8,0.67,0.3705,0.4485,1.0464,0.4788,0.0443,0.0649,0.0087,0.0467,CATEGORY_A_UPWARD_EXPANSION
307440,307445,2023-12-05 05:45:00+00:00,2023-12-05 06:10:00+00:00,6,0.5,0.4015,0.5169,1.4184,0.5026,-0.1293,0.0615,0.0118,0.0399,CATEGORY_A_UPWARD_EXPANSION
307484,307499,2023-12-05 09:25:00+00:00,2023-12-05 10:40:00+00:00,16,1.33,0.2966,0.3807,1.0057,0.4889,-0.0912,0.0678,0.0024,0.0613,CATEGORY_A_UPWARD_EXPANSION
307823,307829,2023-12-06 13:40:00+00:00,2023-12-06 14:10:00+00:00,7,0.58,0.3969,0.4912,0.9982,0.5222,0.0166,0.0038,0.0293,-0.0181,CATEGORY_B_DOWNWARD_EXPANSION
307877,307894,2023-12-06 18:10:00+00:00,2023-12-06 19:35:00+00:00,18,1.5,0.2849,0.5135,1.0311,0.4991,0.045,0.0025,0.027,-0.0196,CATEGORY_B_DOWNWARD_EXPANSION
307946,307957,2023-12-06 23:55:00+00:00,2023-12-07 00:50:00+00:00,12,1.0,0.4332,0.5607,0.715,0.4773,0.0639,0.004,0.024,-0.0113,CATEGORY_B_DOWNWARD_EXPANSION
307959,307965,2023-12-07 01:00:00+00:00,2023-12-07 01:30:00+00:00,7,0.58,0.4421,0.4662,1.1549,0.4584,-0.0751,0.003,0.0249,-0.0116,CATEGORY_B_DOWNWARD_EXPANSION
307969,307979,2023-12-07 01:50:00+00:00,2023-12-07 02:40:00+00:00,11,0.92,0.2031,0.2477,0.6889,0.4414,0.0122,0.0019,0.026,-0.0104,CATEGORY_B_DOWNWARD_EXPANSION
307989,307994,2023-12-07 03:30:00+00:00,2023-12-07 03:55:00+00:00,6,0.5,0.319,0.3892,1.4087,0.4182,-0.1692,0.0027,0.0252,-0.0128,CATEGORY_B_DOWNWARD_EXPANSION
308251,308259,2023-12-08 01:20:00+00:00,2023-12-08 02:00:00+00:00,9,0.75,0.4705,0.5257,0.8991,0.5187,0.0071,0.0296,0.0077,0.0172,CATEGORY_A_UPWARD_EXPANSION
308300,308308,2023-12-08 05:25:00+00:00,2023-12-08 06:05:00+00:00,9,0.75,0.3035,0.346,0.8899,0.5302,0.1243,0.0289,0.0083,0.0204,CATEGORY_A_UPWARD_EXPANSION
308467,308473,2023-12-08 19:20:00+00:00,2023-12-08 19:50:00+00:00,7,0.58,0.5443,0.597,1.675,0.4424,0.0016,0.0176,0.0047,0.0003,CATEGORY_C_FALSE_OR_CHOP
308548,308559,2023-12-09 02:05:00+00:00,2023-12-09 03:00:00+00:00,12,1.0,0.5137,0.5644,0.7811,0.4862,-0.0048,0.0048,0.0127,-0.0091,CATEGORY_C_FALSE_OR_CHOP
308561,308567,2023-12-09 03:10:00+00:00,2023-12-09 03:40:00+00:00,7,0.58,0.511,0.5238,0.6638,0.4578,-0.1379,0.0038,0.0137,-0.0083,CATEGORY_C_FALSE_OR_CHOP
308601,308606,2023-12-09 06:30:00+00:00,2023-12-09 06:55:00+00:00,6,0.5,0.4235,0.4442,1.2466,0.35,0.0598,0.0014,0.0139,-0.0065,CATEGORY_C_FALSE_OR_CHOP
308759,308766,2023-12-09 19:40:00+00:00,2023-12-09 20:15:00+00:00,8,0.67,0.3851,0.4239,1.5602,0.3904,0.0971,0.0047,0.0067,-0.0012,CATEGORY_C_FALSE_OR_CHOP
308817,308823,2023-12-10 00:30:00+00:00,2023-12-10 01:00:00+00:00,7,0.58,0.5416,0.5674,0.8805,0.5509,0.0828,0.006,0.0053,-0.0053,CATEGORY_C_FALSE_OR_CHOP
308950,308964,2023-12-10 11:35:00+00:00,2023-12-10 12:45:00+00:00,15,1.25,0.3554,0.4938,1.1654,0.5094,-0.047,0.0057,0.0776,-0.0361,CATEGORY_B_DOWNWARD_EXPANSION
309012,309017,2023-12-10 16:45:00+00:00,2023-12-10 17:10:00+00:00,6,0.5,0.4961,0.5467,0.6537,0.4473,0.0084,0.0048,0.0784,-0.0491,CATEGORY_B_DOWNWARD_EXPANSION
309419,309430,2023-12-12 02:40:00+00:00,2023-12-12 03:35:00+00:00,12,1.0,0.4403,0.5538,0.938,0.5253,-0.0553,0.0064,0.0306,-0.0214,CATEGORY_B_DOWNWARD_EXPANSION
309432,309437,2023-12-12 03:45:00+00:00,2023-12-12 04:10:00+00:00,6,0.5,0.4316,0.4603,0.9014,0.4798,-0.0572,0.0094,0.0277,-0.0232,CATEGORY_B_DOWNWARD_EXPANSION
309509,309520,2023-12-12 10:10:00+00:00,2023-12-12 11:05:00+00:00,12,1.0,0.3619,0.4555,0.8626,0.4558,0.0577,0.0066,0.0297,-0.0144,CATEGORY_B_DOWNWARD_EXPANSION
309738,309743,2023-12-13 05:15:00+00:00,2023-12-13 05:40:00+00:00,6,0.5,0.4578,0.4939,1.2626,0.5002,-0.1399,0.0619,0.0035,0.0443,CATEGORY_A_UPWARD_EXPANSION
309745,309755,2023-12-13 05:50:00+00:00,2023-12-13 06:40:00+00:00,11,0.92,0.3009,0.3919,0.8131,0.4597,-0.1324,0.062,0.0034,0.0489,CATEGORY_A_UPWARD_EXPANSION
309773,309782,2023-12-13 08:10:00+00:00,2023-12-13 08:55:00+00:00,10,0.83,0.4331,0.505,0.7832,0.5116,0.0497,0.0535,0.0076,0.0362,CATEGORY_A_UPWARD_EXPANSION
309784,309789,2023-12-13 09:05:00+00:00,2023-12-13 09:30:00+00:00,6,0.5,0.4754,0.5121,0.7522,0.3517,0.1501,0.0551,0.0061,0.0384,CATEGORY_A_UPWARD_EXPANSION
309978,309983,2023-12-14 01:15:00+00:00,2023-12-14 01:40:00+00:00,6,0.5,0.4763,0.599,0.8772,0.4456,0.0749,0.0147,0.0325,0.0042,CATEGORY_B_DOWNWARD_EXPANSION
310027,310032,2023-12-14 05:20:00+00:00,2023-12-14 05:45:00+00:00,6,0.5,0.2844,0.4058,0.8779,0.4542,-0.0225,0.0154,0.0319,-0.0036,CATEGORY_B_DOWNWARD_EXPANSION
310217,310224,2023-12-14 21:10:00+00:00,2023-12-14 21:45:00+00:00,8,0.67,0.3285,0.3742,0.8527,0.4289,0.0046,0.0045,0.0307,-0.0196,CATEGORY_B_DOWNWARD_EXPANSION
310270,310275,2023-12-15 01:35:00+00:00,2023-12-15 02:00:00+00:00,6,0.5,0.3544,0.3941,0.8496,0.4234,0.1111,0.0011,0.0319,-0.021,CATEGORY_B_DOWNWARD_EXPANSION
310282,310288,2023-12-15 02:35:00+00:00,2023-12-15 03:05:00+00:00,7,0.58,0.456,0.4865,1.081,0.452,-0.1907,0.0041,0.0291,-0.0165,CATEGORY_B_DOWNWARD_EXPANSION
310475,310483,2023-12-15 18:40:00+00:00,2023-12-15 19:20:00+00:00,9,0.75,0.6307,0.6669,0.7661,0.5282,-0.1905,0.0161,0.0105,0.0095,CATEGORY_C_FALSE_OR_CHOP
310596,310601,2023-12-16 04:45:00+00:00,2023-12-16 05:10:00+00:00,6,0.5,0.4455,0.4624,0.9048,0.4719,-0.0293,0.0111,0.0093,-0.0053,CATEGORY_C_FALSE_OR_CHOP
310661,310670,2023-12-16 10:10:00+00:00,2023-12-16 10:55:00+00:00,10,0.83,0.4256,0.4667,0.746,0.5361,-0.0179,0.011,0.0142,-0.0074,CATEGORY_C_FALSE_OR_CHOP
311345,311354,2023-12-18 19:10:00+00:00,2023-12-18 19:55:00+00:00,10,0.83,0.4794,0.5248,0.7473,0.4262,0.1022,0.0431,0.003,0.0154,CATEGORY_A_UPWARD_EXPANSION
311441,311456,2023-12-19 03:10:00+00:00,2023-12-19 04:25:00+00:00,16,1.33,0.3529,0.5056,1.0393,0.4735,0.0762,0.0054,0.0284,-0.01,CATEGORY_B_DOWNWARD_EXPANSION
311464,311472,2023-12-19 05:05:00+00:00,2023-12-19 05:45:00+00:00,9,0.75,0.3127,0.5155,0.9031,0.4045,-0.0546,0.0084,0.0256,-0.005,CATEGORY_B_DOWNWARD_EXPANSION
311543,311549,2023-12-19 11:40:00+00:00,2023-12-19 12:10:00+00:00,7,0.58,0.469,0.5734,1.0499,0.4418,0.0678,0.0006,0.028,-0.0053,CATEGORY_B_DOWNWARD_EXPANSION
311661,311666,2023-12-19 21:30:00+00:00,2023-12-19 21:55:00+00:00,6,0.5,0.426,0.5447,1.2082,0.5672,0.01,0.0415,0.0073,0.0221,CATEGORY_A_UPWARD_EXPANSION
311728,311735,2023-12-20 03:05:00+00:00,2023-12-20 03:40:00+00:00,8,0.67,0.4384,0.5004,1.0806,0.4238,-0.0623,0.0444,0.001,0.0275,CATEGORY_A_UPWARD_EXPANSION
311975,311982,2023-12-20 23:40:00+00:00,2023-12-21 00:15:00+00:00,8,0.67,0.3938,0.5488,1.3115,0.4882,-0.1108,0.0159,0.006,0.0071,CATEGORY_C_FALSE_OR_CHOP
312025,312033,2023-12-21 03:50:00+00:00,2023-12-21 04:30:00+00:00,9,0.75,0.4585,0.5715,1.0996,0.5296,-0.0594,0.0133,0.0069,0.0095,CATEGORY_C_FALSE_OR_CHOP
312035,312046,2023-12-21 04:40:00+00:00,2023-12-21 05:35:00+00:00,12,1.0,0.3623,0.4189,1.2035,0.449,0.0371,0.0152,0.005,0.0141,CATEGORY_C_FALSE_OR_CHOP
312224,312237,2023-12-21 20:25:00+00:00,2023-12-21 21:30:00+00:00,14,1.17,0.5007,0.6012,0.7424,0.5057,-0.0056,0.0131,0.0094,-0.0017,CATEGORY_C_FALSE_OR_CHOP
312254,312260,2023-12-21 22:55:00+00:00,2023-12-21 23:25:00+00:00,7,0.58,0.6185,0.6477,0.8062,0.4289,0.0341,0.0113,0.0111,0.0015,CATEGORY_C_FALSE_OR_CHOP
312262,312269,2023-12-21 23:35:00+00:00,2023-12-22 00:10:00+00:00,8,0.67,0.4081,0.4261,1.0701,0.4701,0.0106,0.0139,0.0086,0.004,CATEGORY_C_FALSE_OR_CHOP
312271,312276,2023-12-22 00:20:00+00:00,2023-12-22 00:45:00+00:00,6,0.5,0.5985,0.6353,0.6412,0.4751,-0.2885,0.0125,0.01,0.0001,CATEGORY_C_FALSE_OR_CHOP
312309,312318,2023-12-22 03:30:00+00:00,2023-12-22 04:15:00+00:00,10,0.83,0.5398,0.6535,0.9664,0.4937,-0.046,0.0107,0.0145,-0.0115,CATEGORY_C_FALSE_OR_CHOP
312395,312401,2023-12-22 10:40:00+00:00,2023-12-22 11:10:00+00:00,7,0.58,0.564,0.6383,1.4091,0.4403,-0.0616,0.0086,0.0088,-0.0032,CATEGORY_C_FALSE_OR_CHOP
312507,312512,2023-12-22 20:00:00+00:00,2023-12-22 20:25:00+00:00,6,0.5,0.4677,0.5799,1.4556,0.4814,-0.1496,0.0081,0.0092,-0.0005,CATEGORY_C_FALSE_OR_CHOP
312519,312531,2023-12-22 21:00:00+00:00,2023-12-22 22:00:00+00:00,13,1.08,0.4936,0.6079,0.6108,0.5376,0.0481,0.0068,0.0105,0.0005,CATEGORY_C_FALSE_OR_CHOP
312619,312625,2023-12-23 05:20:00+00:00,2023-12-23 05:50:00+00:00,7,0.58,0.453,0.5178,1.3077,0.4243,-0.1121,0.0086,0.0035,-0.0016,CATEGORY_C_FALSE_OR_CHOP
312627,312640,2023-12-23 06:00:00+00:00,2023-12-23 07:05:00+00:00,14,1.17,0.4124,0.5193,1.3344,0.5272,0.0886,0.0068,0.0057,-0.0026,CATEGORY_C_FALSE_OR_CHOP
312765,312770,2023-12-23 17:30:00+00:00,2023-12-23 17:55:00+00:00,6,0.5,0.4916,0.6376,0.9412,0.4375,0.052,0.0046,0.0079,-0.0027,CATEGORY_C_FALSE_OR_CHOP
312941,312952,2023-12-24 08:10:00+00:00,2023-12-24 09:05:00+00:00,12,1.0,0.6649,0.7649,1.3793,0.4772,-0.141,0.0059,0.0253,-0.0103,CATEGORY_B_DOWNWARD_EXPANSION
312994,313003,2023-12-24 12:35:00+00:00,2023-12-24 13:20:00+00:00,10,0.83,0.6568,0.7832,1.1784,0.4669,-0.077,0.0044,0.0269,-0.0025,CATEGORY_B_DOWNWARD_EXPANSION
313191,313198,2023-12-25 05:00:00+00:00,2023-12-25 05:35:00+00:00,8,0.67,0.2714,0.3393,1.0503,0.6454,0.0795,0.0139,0.0127,-0.01,CATEGORY_C_FALSE_OR_CHOP
313412,313428,2023-12-25 23:25:00+00:00,2023-12-26 00:45:00+00:00,17,1.42,0.5292,0.5962,0.8236,0.4978,-0.0176,0.0014,0.0424,-0.0242,CATEGORY_B_DOWNWARD_EXPANSION
313471,313479,2023-12-26 04:20:00+00:00,2023-12-26 05:00:00+00:00,9,0.75,0.5026,0.5537,1.7472,0.5008,0.0505,0.0,0.0412,-0.0265,CATEGORY_B_DOWNWARD_EXPANSION
313566,313571,2023-12-26 12:15:00+00:00,2023-12-26 12:40:00+00:00,6,0.5,0.6859,0.6955,0.8646,0.6381,-0.0641,0.0113,0.0257,0.0019,CATEGORY_B_DOWNWARD_EXPANSION
313573,313579,2023-12-26 12:50:00+00:00,2023-12-26 13:20:00+00:00,7,0.58,0.6124,0.6758,0.7395,0.5274,-0.0863,0.0114,0.0256,0.0045,CATEGORY_B_DOWNWARD_EXPANSION
313708,313715,2023-12-27 00:05:00+00:00,2023-12-27 00:40:00+00:00,8,0.67,0.3142,0.3932,0.7284,0.4999,-0.0243,0.0324,0.0074,0.0285,CATEGORY_A_UPWARD_EXPANSION
313787,313802,2023-12-27 06:40:00+00:00,2023-12-27 07:55:00+00:00,16,1.33,0.3616,0.4117,0.9426,0.562,0.2603,0.0314,0.0013,0.014,CATEGORY_A_UPWARD_EXPANSION
313825,313830,2023-12-27 09:50:00+00:00,2023-12-27 10:15:00+00:00,6,0.5,0.4209,0.4843,0.4344,0.6213,-0.1533,0.0249,0.0004,0.0096,CATEGORY_A_UPWARD_EXPANSION
314035,314043,2023-12-28 03:20:00+00:00,2023-12-28 04:00:00+00:00,9,0.75,0.472,0.5836,0.864,0.4276,0.0643,0.0048,0.0306,-0.0162,CATEGORY_B_DOWNWARD_EXPANSION
314114,314124,2023-12-28 09:55:00+00:00,2023-12-28 10:45:00+00:00,11,0.92,0.4734,0.6262,0.9471,0.5658,0.0459,0.0,0.0254,-0.0105,CATEGORY_B_DOWNWARD_EXPANSION
314129,314134,2023-12-28 11:10:00+00:00,2023-12-28 11:35:00+00:00,6,0.5,0.6263,0.6431,0.5204,0.4862,-0.0332,0.0016,0.0224,-0.0046,CATEGORY_B_DOWNWARD_EXPANSION
314336,314342,2023-12-29 04:25:00+00:00,2023-12-29 04:55:00+00:00,7,0.58,0.3521,0.5012,1.1594,0.4534,0.0051,0.0105,0.0319,-0.0158,CATEGORY_B_DOWNWARD_EXPANSION
314410,314417,2023-12-29 10:35:00+00:00,2023-12-29 11:10:00+00:00,8,0.67,0.3743,0.426,0.9677,0.4942,-0.0147,0.0086,0.0338,-0.0189,CATEGORY_B_DOWNWARD_EXPANSION
314519,314530,2023-12-29 19:40:00+00:00,2023-12-29 20:35:00+00:00,12,1.0,0.3276,0.5067,0.9741,0.5307,0.0141,0.0146,0.0167,0.0061,CATEGORY_C_FALSE_OR_CHOP
314574,314597,2023-12-30 00:15:00+00:00,2023-12-30 02:10:00+00:00,24,2.0,0.3567,0.5081,0.8779,0.5321,0.0023,0.0116,0.0144,0.0024,CATEGORY_C_FALSE_OR_CHOP
314795,314802,2023-12-30 18:40:00+00:00,2023-12-30 19:15:00+00:00,8,0.67,0.5674,0.6246,0.8829,0.4996,0.084,0.0124,0.0097,0.0057,CATEGORY_C_FALSE_OR_CHOP
314921,314926,2023-12-31 05:10:00+00:00,2023-12-31 05:35:00+00:00,6,0.5,0.5108,0.5976,0.7875,0.4245,0.0596,0.016,0.0039,0.0014,CATEGORY_C_FALSE_OR_CHOP
314933,314938,2023-12-31 06:10:00+00:00,2023-12-31 06:35:00+00:00,6,0.5,0.621,0.6321,0.7946,0.4516,-0.0545,0.0153,0.0046,0.0024,CATEGORY_C_FALSE_OR_CHOP
314997,315003,2023-12-31 11:30:00+00:00,2023-12-31 12:00:00+00:00,7,0.58,0.5807,0.643,1.5145,0.3866,-0.0979,0.0073,0.0096,0.0054,CATEGORY_C_FALSE_OR_CHOP
315715,315720,2024-01-02 23:20:00+00:00,2024-01-02 23:45:00+00:00,6,0.5,0.5125,0.676,1.2676,0.4287,0.0537,0.0149,0.091,-0.0452,CATEGORY_B_DOWNWARD_EXPANSION
315762,315775,2024-01-03 03:15:00+00:00,2024-01-03 04:20:00+00:00,14,1.17,0.366,0.5039,1.1497,0.4433,0.0447,0.0052,0.0997,-0.0475,CATEGORY_B_DOWNWARD_EXPANSION
316298,316304,2024-01-04 23:55:00+00:00,2024-01-05 00:25:00+00:00,7,0.58,0.4577,0.5277,0.8163,0.4782,0.0567,0.0031,0.04,-0.004,CATEGORY_B_DOWNWARD_EXPANSION
316360,316366,2024-01-05 05:05:00+00:00,2024-01-05 05:35:00+00:00,7,0.58,0.5177,0.5637,1.3614,0.5309,-0.0346,0.0148,0.0139,0.0014,CATEGORY_C_FALSE_OR_CHOP
316526,316531,2024-01-05 18:55:00+00:00,2024-01-05 19:20:00+00:00,6,0.5,0.5551,0.6006,0.7492,0.5192,0.0418,0.016,0.006,0.0052,CATEGORY_C_FALSE_OR_CHOP
316591,316599,2024-01-06 00:20:00+00:00,2024-01-06 01:00:00+00:00,9,0.75,0.3968,0.4914,0.6909,0.4434,-0.0091,0.0041,0.0155,0.0001,CATEGORY_C_FALSE_OR_CHOP
316604,316610,2024-01-06 01:25:00+00:00,2024-01-06 01:55:00+00:00,7,0.58,0.2799,0.3173,1.0022,0.4048,-0.1999,0.0066,0.013,-0.0001,CATEGORY_C_FALSE_OR_CHOP
316615,316622,2024-01-06 02:20:00+00:00,2024-01-06 02:55:00+00:00,8,0.67,0.2862,0.3075,0.7589,0.4899,-0.1431,0.008,0.0117,0.0005,CATEGORY_C_FALSE_OR_CHOP
316624,316630,2024-01-06 03:05:00+00:00,2024-01-06 03:35:00+00:00,7,0.58,0.4932,0.5095,1.2114,0.5586,-0.0485,0.007,0.0126,-0.0001,CATEGORY_C_FALSE_OR_CHOP
316688,316695,2024-01-06 08:25:00+00:00,2024-01-06 09:00:00+00:00,8,0.67,0.5377,0.5709,0.6335,0.4958,0.0919,0.0133,0.0034,0.0082,CATEGORY_C_FALSE_OR_CHOP
316697,316704,2024-01-06 09:10:00+00:00,2024-01-06 09:45:00+00:00,8,0.67,0.3496,0.4292,0.9844,0.4883,0.002,0.0128,0.004,0.0062,CATEGORY_C_FALSE_OR_CHOP
316973,316978,2024-01-07 08:10:00+00:00,2024-01-07 08:35:00+00:00,6,0.5,0.7122,0.7618,0.9784,0.5062,0.0429,0.0081,0.0215,-0.0044,CATEGORY_B_DOWNWARD_EXPANSION
317093,317107,2024-01-07 18:10:00+00:00,2024-01-07 19:20:00+00:00,15,1.25,0.5736,0.6618,0.6952,0.5016,-0.0691,0.0722,0.0202,0.0643,CATEGORY_A_UPWARD_EXPANSION
317269,317280,2024-01-08 08:50:00+00:00,2024-01-08 09:45:00+00:00,12,1.0,0.4316,0.5616,0.8408,0.4676,-0.0012,0.0776,0.0047,0.0607,CATEGORY_A_UPWARD_EXPANSION
317445,317450,2024-01-08 23:30:00+00:00,2024-01-08 23:55:00+00:00,6,0.5,0.5463,0.5858,0.8931,0.463,0.1555,0.0217,0.0469,-0.0179,CATEGORY_B_DOWNWARD_EXPANSION
317484,317496,2024-01-09 02:45:00+00:00,2024-01-09 03:45:00+00:00,13,1.08,0.4369,0.5121,0.9038,0.5249,-0.0965,0.0236,0.0452,-0.0169,CATEGORY_B_DOWNWARD_EXPANSION
317539,317546,2024-01-09 07:20:00+00:00,2024-01-09 07:55:00+00:00,8,0.67,0.3338,0.355,0.9657,0.3835,-0.1777,0.0245,0.0444,-0.0228,CATEGORY_B_DOWNWARD_EXPANSION
317800,317810,2024-01-10 05:05:00+00:00,2024-01-10 05:55:00+00:00,11,0.92,0.1162,0.2678,0.8046,0.458,-0.0316,0.0374,0.0364,0.002,CATEGORY_C_FALSE_OR_CHOP
318059,318064,2024-01-11 02:40:00+00:00,2024-01-11 03:05:00+00:00,6,0.5,0.3523,0.383,1.717,0.4705,-0.027,0.0515,0.0207,-0.0102,CATEGORY_A_UPWARD_EXPANSION
318078,318088,2024-01-11 04:15:00+00:00,2024-01-11 05:05:00+00:00,11,0.92,0.2532,0.3364,1.2385,0.4143,-0.1314,0.0574,0.0152,-0.0061,CATEGORY_A_UPWARD_EXPANSION
318118,318124,2024-01-11 07:35:00+00:00,2024-01-11 08:05:00+00:00,7,0.58,0.3333,0.3573,0.9569,0.4938,0.0393,0.0625,0.0105,-0.0046,CATEGORY_A_UPWARD_EXPANSION
318126,318132,2024-01-11 08:15:00+00:00,2024-01-11 08:45:00+00:00,7,0.58,0.3305,0.3559,1.0137,0.5615,0.0684,0.0595,0.0133,-0.0094,CATEGORY_A_UPWARD_EXPANSION
318134,318140,2024-01-11 08:55:00+00:00,2024-01-11 09:25:00+00:00,7,0.58,0.3253,0.3706,0.6951,0.5433,-0.0328,0.0576,0.0165,-0.0146,CATEGORY_A_UPWARD_EXPANSION
318307,318312,2024-01-11 23:20:00+00:00,2024-01-11 23:45:00+00:00,6,0.5,0.4949,0.5326,1.2314,0.4347,-0.0901,0.0021,0.1059,-0.0784,CATEGORY_B_DOWNWARD_EXPANSION
318441,318450,2024-01-12 10:30:00+00:00,2024-01-12 11:15:00+00:00,10,0.83,0.3813,0.4417,0.7213,0.5119,-0.1139,0.0058,0.0979,-0.0731,CATEGORY_B_DOWNWARD_EXPANSION
318645,318652,2024-01-13 03:30:00+00:00,2024-01-13 04:05:00+00:00,8,0.67,0.2785,0.3969,1.0685,0.4386,-0.0012,0.0159,0.0017,0.0022,CATEGORY_C_FALSE_OR_CHOP
318762,318771,2024-01-13 13:15:00+00:00,2024-01-13 14:00:00+00:00,10,0.83,0.3188,0.3566,1.1661,0.5303,-0.0262,0.0114,0.0048,0.0041,CATEGORY_C_FALSE_OR_CHOP
318814,318820,2024-01-13 17:35:00+00:00,2024-01-13 18:05:00+00:00,7,0.58,0.4365,0.4486,0.948,0.5153,0.0361,0.0062,0.0059,0.0041,CATEGORY_C_FALSE_OR_CHOP
318858,318863,2024-01-13 21:15:00+00:00,2024-01-13 21:40:00+00:00,6,0.5,0.4392,0.4539,0.9725,0.5173,0.1064,0.0038,0.0214,-0.0142,CATEGORY_B_DOWNWARD_EXPANSION
318884,318890,2024-01-13 23:25:00+00:00,2024-01-13 23:55:00+00:00,7,0.58,0.4561,0.5805,0.7946,0.4756,-0.0074,0.0054,0.0263,-0.026,CATEGORY_B_DOWNWARD_EXPANSION
318905,318912,2024-01-14 01:10:00+00:00,2024-01-14 01:45:00+00:00,8,0.67,0.4475,0.5538,0.862,0.5938,-0.0406,0.0057,0.0261,-0.0114,CATEGORY_B_DOWNWARD_EXPANSION
318914,318921,2024-01-14 01:55:00+00:00,2024-01-14 02:30:00+00:00,8,0.67,0.4783,0.5043,1.3792,0.4861,0.0008,0.0089,0.0229,-0.0093,CATEGORY_B_DOWNWARD_EXPANSION
318946,318951,2024-01-14 04:35:00+00:00,2024-01-14 05:00:00+00:00,6,0.5,0.4771,0.5098,1.1503,0.4704,-0.1231,0.0107,0.0213,0.0019,CATEGORY_B_DOWNWARD_EXPANSION
318959,318964,2024-01-14 05:40:00+00:00,2024-01-14 06:05:00+00:00,6,0.5,0.3512,0.3996,1.644,0.5986,-0.0716,0.0066,0.0252,-0.0011,CATEGORY_B_DOWNWARD_EXPANSION
318966,318971,2024-01-14 06:15:00+00:00,2024-01-14 06:40:00+00:00,6,0.5,0.5112,0.5396,1.2143,0.554,-0.089,0.0053,0.0265,-0.005,CATEGORY_B_DOWNWARD_EXPANSION
319049,319054,2024-01-14 13:10:00+00:00,2024-01-14 13:35:00+00:00,6,0.5,0.4707,0.5962,0.5052,0.5214,0.0201,0.0046,0.0256,-0.0014,CATEGORY_B_DOWNWARD_EXPANSION
319299,319305,2024-01-15 10:00:00+00:00,2024-01-15 10:30:00+00:00,7,0.58,0.5728,0.5997,0.8128,0.4314,0.042,0.0175,0.0115,0.0047,CATEGORY_C_FALSE_OR_CHOP
319384,319389,2024-01-15 17:05:00+00:00,2024-01-15 17:30:00+00:00,6,0.5,0.4559,0.5179,0.7088,0.4787,0.0297,0.017,0.0154,0.0092,CATEGORY_C_FALSE_OR_CHOP
319594,319603,2024-01-16 10:35:00+00:00,2024-01-16 11:20:00+00:00,10,0.83,0.4426,0.5647,0.9916,0.5293,0.0626,0.0164,0.0192,-0.003,CATEGORY_C_FALSE_OR_CHOP
319741,319748,2024-01-16 22:50:00+00:00,2024-01-16 23:25:00+00:00,8,0.67,0.3987,0.4666,1.0476,0.4543,-0.0305,0.0004,0.0232,-0.0114,CATEGORY_B_DOWNWARD_EXPANSION
319754,319769,2024-01-16 23:55:00+00:00,2024-01-17 01:10:00+00:00,16,1.33,0.2328,0.2806,0.7381,0.4739,-0.0226,0.0024,0.0207,-0.0114,CATEGORY_B_DOWNWARD_EXPANSION
319829,319836,2024-01-17 06:10:00+00:00,2024-01-17 06:45:00+00:00,8,0.67,0.4018,0.4308,1.1222,0.4754,-0.02,0.0015,0.0154,-0.0019,CATEGORY_C_FALSE_OR_CHOP
319864,319873,2024-01-17 09:05:00+00:00,2024-01-17 09:50:00+00:00,10,0.83,0.3789,0.441,0.7168,0.4418,-0.1393,0.005,0.0121,0.0009,CATEGORY_C_FALSE_OR_CHOP
320047,320055,2024-01-18 00:20:00+00:00,2024-01-18 01:00:00+00:00,9,0.75,0.2902,0.4575,1.1408,0.4433,-0.0441,0.0054,0.0472,-0.0344,CATEGORY_B_DOWNWARD_EXPANSION
320073,320081,2024-01-18 02:30:00+00:00,2024-01-18 03:10:00+00:00,9,0.75,0.3341,0.4093,0.632,0.3541,-0.0672,0.0072,0.0456,-0.0364,CATEGORY_B_DOWNWARD_EXPANSION
320136,320144,2024-01-18 07:45:00+00:00,2024-01-18 08:25:00+00:00,9,0.75,0.4362,0.4895,1.0836,0.4461,-0.0911,0.0002,0.0509,-0.0391,CATEGORY_B_DOWNWARD_EXPANSION
320394,320409,2024-01-19 05:15:00+00:00,2024-01-19 06:30:00+00:00,16,1.33,0.3354,0.3879,1.1397,0.5614,-0.0446,0.0218,0.0246,0.0094,CATEGORY_C_FALSE_OR_CHOP
320450,320456,2024-01-19 09:55:00+00:00,2024-01-19 10:25:00+00:00,7,0.58,0.452,0.4742,1.05,0.5017,-0.0876,0.0188,0.0275,0.004,CATEGORY_B_DOWNWARD_EXPANSION
320463,320470,2024-01-19 11:00:00+00:00,2024-01-19 11:35:00+00:00,8,0.67,0.4722,0.5076,0.7825,0.4574,0.1253,0.018,0.0282,0.0024,CATEGORY_B_DOWNWARD_EXPANSION
320476,320481,2024-01-19 12:05:00+00:00,2024-01-19 12:30:00+00:00,6,0.5,0.4615,0.4895,1.2458,0.394,0.0408,0.0206,0.0257,0.0057,CATEGORY_C_FALSE_OR_CHOP
320609,320618,2024-01-19 23:10:00+00:00,2024-01-19 23:55:00+00:00,10,0.83,0.2193,0.395,0.4772,0.4926,0.0166,0.0051,0.0049,0.0009,CATEGORY_C_FALSE_OR_CHOP
320652,320665,2024-01-20 02:45:00+00:00,2024-01-20 03:50:00+00:00,14,1.17,0.2937,0.3716,0.7178,0.5343,0.0993,0.0066,0.0034,0.0021,CATEGORY_C_FALSE_OR_CHOP
320684,320696,2024-01-20 05:25:00+00:00,2024-01-20 06:25:00+00:00,13,1.08,0.2154,0.3436,1.2067,0.4711,0.0847,0.005,0.0049,-0.0007,CATEGORY_C_FALSE_OR_CHOP
320763,320768,2024-01-20 12:00:00+00:00,2024-01-20 12:25:00+00:00,6,0.5,0.3516,0.3962,0.6423,0.5098,-0.1322,0.0067,0.0028,0.004,CATEGORY_C_FALSE_OR_CHOP
320824,320832,2024-01-20 17:05:00+00:00,2024-01-20 17:45:00+00:00,9,0.75,0.4098,0.4755,0.7248,0.4905,-0.1756,0.0078,0.0007,0.0026,CATEGORY_C_FALSE_OR_CHOP
320917,320926,2024-01-21 00:50:00+00:00,2024-01-21 01:35:00+00:00,10,0.83,0.4778,0.6479,0.9706,0.5003,0.0859,0.0047,0.0101,-0.0062,CATEGORY_C_FALSE_OR_CHOP
320928,320935,2024-01-21 01:45:00+00:00,2024-01-21 02:20:00+00:00,8,0.67,0.3791,0.4138,1.0098,0.4025,-0.0698,0.0053,0.0095,-0.0069,CATEGORY_C_FALSE_OR_CHOP
320960,320966,2024-01-21 04:25:00+00:00,2024-01-21 04:55:00+00:00,7,0.58,0.1815,0.3248,0.5386,0.4829,-0.1183,0.005,0.0217,-0.0213,CATEGORY_B_DOWNWARD_EXPANSION
320971,320979,2024-01-21 05:20:00+00:00,2024-01-21 06:00:00+00:00,9,0.75,0.2942,0.4049,1.0969,0.3388,0.0541,0.0059,0.0228,-0.0128,CATEGORY_B_DOWNWARD_EXPANSION
321116,321125,2024-01-21 17:25:00+00:00,2024-01-21 18:10:00+00:00,10,0.83,0.6624,0.7417,0.8691,0.4506,-0.1212,0.0037,0.0313,-0.0241,CATEGORY_B_DOWNWARD_EXPANSION
321493,321506,2024-01-23 00:50:00+00:00,2024-01-23 01:55:00+00:00,14,1.17,0.5252,0.6064,0.7563,0.491,-0.0838,0.0105,0.032,-0.0015,CATEGORY_B_DOWNWARD_EXPANSION
321514,321519,2024-01-23 02:35:00+00:00,2024-01-23 03:00:00+00:00,6,0.5,0.5431,0.5747,0.7163,0.5357,0.0769,0.0048,0.0375,-0.0078,CATEGORY_B_DOWNWARD_EXPANSION
321524,321530,2024-01-23 03:25:00+00:00,2024-01-23 03:55:00+00:00,7,0.58,0.3651,0.4197,0.8627,0.4408,-0.0189,0.0062,0.0361,-0.0097,CATEGORY_B_DOWNWARD_EXPANSION
321745,321750,2024-01-23 21:50:00+00:00,2024-01-23 22:15:00+00:00,6,0.5,0.4258,0.5697,1.1349,0.573,0.0829,0.0312,0.0,0.013,CATEGORY_A_UPWARD_EXPANSION
321800,321807,2024-01-24 02:25:00+00:00,2024-01-24 03:00:00+00:00,8,0.67,0.4938,0.5703,1.0163,0.406,-0.1154,0.0204,0.0065,0.0062,CATEGORY_A_UPWARD_EXPANSION
321913,321921,2024-01-24 11:50:00+00:00,2024-01-24 12:30:00+00:00,9,0.75,0.4979,0.5698,0.8663,0.4912,-0.0811,0.0027,0.0176,-0.009,CATEGORY_C_FALSE_OR_CHOP
322004,322009,2024-01-24 19:25:00+00:00,2024-01-24 19:50:00+00:00,6,0.5,0.5484,0.6512,1.8375,0.4533,0.001,0.0144,0.0062,0.0054,CATEGORY_C_FALSE_OR_CHOP
322035,322046,2024-01-24 22:00:00+00:00,2024-01-24 22:55:00+00:00,12,1.0,0.5724,0.6874,0.5483,0.4686,-0.129,0.0106,0.0082,0.002,CATEGORY_C_FALSE_OR_CHOP
322052,322057,2024-01-24 23:25:00+00:00,2024-01-24 23:50:00+00:00,6,0.5,0.4998,0.6163,1.002,0.5264,-0.0348,0.0038,0.0148,-0.005,CATEGORY_C_FALSE_OR_CHOP
322059,322065,2024-01-25 00:00:00+00:00,2024-01-25 00:30:00+00:00,7,0.58,0.4153,0.5234,0.7848,0.4425,-0.027,0.0068,0.012,-0.0024,CATEGORY_C_FALSE_OR_CHOP
322101,322108,2024-01-25 03:30:00+00:00,2024-01-25 04:05:00+00:00,8,0.67,0.4078,0.5016,0.9935,0.4472,-0.0358,0.0075,0.0113,0.0031,CATEGORY_C_FALSE_OR_CHOP
322149,322154,2024-01-25 07:30:00+00:00,2024-01-25 07:55:00+00:00,6,0.5,0.4462,0.5059,0.7719,0.571,0.0975,0.0042,0.0145,-0.004,CATEGORY_C_FALSE_OR_CHOP
322162,322167,2024-01-25 08:35:00+00:00,2024-01-25 09:00:00+00:00,6,0.5,0.4827,0.4993,0.9352,0.4101,-0.1024,0.0058,0.013,0.0015,CATEGORY_C_FALSE_OR_CHOP
322329,322336,2024-01-25 22:30:00+00:00,2024-01-25 23:05:00+00:00,8,0.67,0.4488,0.5354,1.2919,0.4918,-0.0673,0.0576,0.0031,0.0495,CATEGORY_A_UPWARD_EXPANSION
322339,322348,2024-01-25 23:20:00+00:00,2024-01-26 00:05:00+00:00,10,0.83,0.4905,0.5403,1.1368,0.4869,-0.0073,0.0575,0.0032,0.0472,CATEGORY_A_UPWARD_EXPANSION
322353,322358,2024-01-26 00:30:00+00:00,2024-01-26 00:55:00+00:00,6,0.5,0.562,0.6092,1.0975,0.4601,-0.1877,0.0589,0.0018,0.0474,CATEGORY_A_UPWARD_EXPANSION
322420,322425,2024-01-26 06:05:00+00:00,2024-01-26 06:30:00+00:00,6,0.5,0.5427,0.562,0.7064,0.4075,-0.1255,0.053,0.0056,0.0412,CATEGORY_A_UPWARD_EXPANSION
322645,322651,2024-01-27 00:50:00+00:00,2024-01-27 01:20:00+00:00,7,0.58,0.4437,0.5026,0.6529,0.475,0.0695,0.0087,0.0105,0.0085,CATEGORY_C_FALSE_OR_CHOP
322661,322672,2024-01-27 02:10:00+00:00,2024-01-27 03:05:00+00:00,12,1.0,0.3583,0.4606,1.1856,0.4147,-0.0989,0.0103,0.01,0.0072,CATEGORY_C_FALSE_OR_CHOP
322681,322687,2024-01-27 03:50:00+00:00,2024-01-27 04:20:00+00:00,7,0.58,0.3484,0.3985,0.4186,0.3444,0.1235,0.014,0.0101,0.0138,CATEGORY_C_FALSE_OR_CHOP
322771,322778,2024-01-27 11:20:00+00:00,2024-01-27 11:55:00+00:00,8,0.67,0.3619,0.4414,1.3952,0.5058,0.0134,0.0259,0.0011,0.017,CATEGORY_A_UPWARD_EXPANSION
322788,322795,2024-01-27 12:45:00+00:00,2024-01-27 13:20:00+00:00,8,0.67,0.2888,0.4683,0.7866,0.4976,0.1052,0.0254,0.0013,0.0135,CATEGORY_A_UPWARD_EXPANSION
322797,322810,2024-01-27 13:30:00+00:00,2024-01-27 14:35:00+00:00,14,1.17,0.2321,0.3986,1.0669,0.442,0.0826,0.0251,0.0014,0.016,CATEGORY_A_UPWARD_EXPANSION
322840,322847,2024-01-27 17:05:00+00:00,2024-01-27 17:40:00+00:00,8,0.67,0.389,0.4185,0.8412,0.3817,0.0749,0.024,0.0022,0.008,CATEGORY_A_UPWARD_EXPANSION
322963,322968,2024-01-28 03:20:00+00:00,2024-01-28 03:45:00+00:00,6,0.5,0.4323,0.5043,0.4824,0.558,0.0004,0.0164,0.0126,0.0053,CATEGORY_C_FALSE_OR_CHOP
323279,323285,2024-01-29 05:40:00+00:00,2024-01-29 06:10:00+00:00,7,0.58,0.5158,0.6015,1.2431,0.522,0.0491,0.038,0.009,0.0284,CATEGORY_A_UPWARD_EXPANSION
323488,323493,2024-01-29 23:05:00+00:00,2024-01-29 23:30:00+00:00,6,0.5,0.4955,0.5885,1.1854,0.4874,-0.0462,0.0174,0.0058,-0.0042,CATEGORY_C_FALSE_OR_CHOP
323545,323566,2024-01-30 03:50:00+00:00,2024-01-30 05:35:00+00:00,22,1.83,0.3194,0.4249,0.5405,0.4353,0.0248,0.0112,0.0171,-0.0098,CATEGORY_C_FALSE_OR_CHOP
323569,323575,2024-01-30 05:50:00+00:00,2024-01-30 06:20:00+00:00,7,0.58,0.3587,0.4122,1.1194,0.4679,0.1258,0.0111,0.0172,-0.0085,CATEGORY_C_FALSE_OR_CHOP
323844,323853,2024-01-31 04:45:00+00:00,2024-01-31 05:30:00+00:00,10,0.83,0.3786,0.5155,0.7526,0.4692,-0.1089,0.0189,0.0244,-0.0206,CATEGORY_C_FALSE_OR_CHOP
323942,323948,2024-01-31 12:55:00+00:00,2024-01-31 13:25:00+00:00,7,0.58,0.3709,0.4697,1.0423,0.428,0.152,0.0279,0.0158,-0.009,CATEGORY_A_UPWARD_EXPANSION
324067,324074,2024-01-31 23:20:00+00:00,2024-01-31 23:55:00+00:00,8,0.67,0.4068,0.444,0.9389,0.5106,-0.1119,0.0166,0.0163,0.0118,CATEGORY_C_FALSE_OR_CHOP
324143,324148,2024-02-01 05:40:00+00:00,2024-02-01 06:05:00+00:00,6,0.5,0.5606,0.5781,1.2359,0.6313,-0.1091,0.0306,0.0047,0.023,CATEGORY_A_UPWARD_EXPANSION
324153,324164,2024-02-01 06:30:00+00:00,2024-02-01 07:25:00+00:00,12,1.0,0.3289,0.3919,0.9303,0.5088,0.0389,0.0284,0.0069,0.022,CATEGORY_A_UPWARD_EXPANSION
324202,324208,2024-02-01 10:35:00+00:00,2024-02-01 11:05:00+00:00,7,0.58,0.5327,0.5562,0.7677,0.5592,0.0365,0.0287,0.0066,0.0204,CATEGORY_A_UPWARD_EXPANSION
324348,324356,2024-02-01 22:45:00+00:00,2024-02-01 23:25:00+00:00,9,0.75,0.4786,0.5185,0.9617,0.4627,0.0666,0.0125,0.0095,0.0047,CATEGORY_C_FALSE_OR_CHOP
324400,324411,2024-02-02 03:05:00+00:00,2024-02-02 04:00:00+00:00,12,1.0,0.3123,0.4447,0.7754,0.4253,-0.0337,0.0103,0.0116,0.0033,CATEGORY_C_FALSE_OR_CHOP
324413,324419,2024-02-02 04:10:00+00:00,2024-02-02 04:40:00+00:00,7,0.58,0.4905,0.5081,1.0337,0.4344,-0.2123,0.0115,0.0104,0.0049,CATEGORY_C_FALSE_OR_CHOP
324598,324603,2024-02-02 19:35:00+00:00,2024-02-02 20:00:00+00:00,6,0.5,0.4878,0.5497,1.019,0.4837,0.1188,0.0074,0.0042,-0.0003,CATEGORY_C_FALSE_OR_CHOP
324623,324628,2024-02-02 21:40:00+00:00,2024-02-02 22:05:00+00:00,6,0.5,0.3444,0.449,0.497,0.3707,0.0331,0.0088,0.0028,0.001,CATEGORY_C_FALSE_OR_CHOP
324679,324690,2024-02-03 02:20:00+00:00,2024-02-03 03:15:00+00:00,12,1.0,0.3232,0.5352,1.1888,0.3499,0.0392,0.0015,0.0075,-0.0038,CATEGORY_C_FALSE_OR_CHOP
324700,324705,2024-02-03 04:05:00+00:00,2024-02-03 04:30:00+00:00,6,0.5,0.4145,0.4846,1.0897,0.4446,-0.04,0.0021,0.0069,-0.0057,CATEGORY_C_FALSE_OR_CHOP
324909,324916,2024-02-03 21:30:00+00:00,2024-02-03 22:05:00+00:00,8,0.67,0.433,0.5257,0.9159,0.459,0.059,0.0018,0.0116,-0.0062,CATEGORY_C_FALSE_OR_CHOP
324963,324983,2024-02-04 02:00:00+00:00,2024-02-04 03:40:00+00:00,21,1.75,0.2133,0.4412,0.5158,0.464,0.0654,0.0017,0.0191,-0.0105,CATEGORY_C_FALSE_OR_CHOP
325103,325109,2024-02-04 13:40:00+00:00,2024-02-04 14:10:00+00:00,7,0.58,0.5304,0.5734,1.3851,0.515,-0.0112,0.0131,0.0182,0.0086,CATEGORY_C_FALSE_OR_CHOP
325267,325272,2024-02-05 03:20:00+00:00,2024-02-05 03:45:00+00:00,6,0.5,0.5156,0.5446,0.7882,0.5712,-0.0746,0.0227,0.0064,0.0057,CATEGORY_A_UPWARD_EXPANSION
325582,325589,2024-02-06 05:35:00+00:00,2024-02-06 06:10:00+00:00,8,0.67,0.3637,0.3949,1.3333,0.3761,0.021,0.0157,0.0017,0.0053,CATEGORY_C_FALSE_OR_CHOP
325784,325791,2024-02-06 22:25:00+00:00,2024-02-06 23:00:00+00:00,8,0.67,0.5621,0.6165,1.3926,0.562,0.0086,0.0272,0.01,0.0226,CATEGORY_A_UPWARD_EXPANSION
325865,325871,2024-02-07 05:10:00+00:00,2024-02-07 05:40:00+00:00,7,0.58,0.4728,0.508,0.681,0.4095,-0.008,0.0419,0.0033,0.0373,CATEGORY_A_UPWARD_EXPANSION
325873,325880,2024-02-07 05:50:00+00:00,2024-02-07 06:25:00+00:00,8,0.67,0.5199,0.5554,0.9066,0.3958,-0.1004,0.0432,0.002,0.038,CATEGORY_A_UPWARD_EXPANSION
325891,325898,2024-02-07 07:20:00+00:00,2024-02-07 07:55:00+00:00,8,0.67,0.5792,0.6016,1.8117,0.3814,-0.0429,0.0434,0.0019,0.0372,CATEGORY_A_UPWARD_EXPANSION
325902,325912,2024-02-07 08:15:00+00:00,2024-02-07 09:05:00+00:00,11,0.92,0.357,0.6163,0.8848,0.4385,0.0212,0.0429,0.0024,0.041,CATEGORY_A_UPWARD_EXPANSION
325953,325960,2024-02-07 12:30:00+00:00,2024-02-07 13:05:00+00:00,8,0.67,0.5499,0.5806,1.0446,0.5178,-0.1322,0.0425,0.0031,0.0386,CATEGORY_A_UPWARD_EXPANSION
326457,326462,2024-02-09 06:30:00+00:00,2024-02-09 06:55:00+00:00,6,0.5,0.5013,0.5366,1.3939,0.5001,0.1615,0.0434,0.0001,0.025,CATEGORY_A_UPWARD_EXPANSION
326676,326681,2024-02-10 00:45:00+00:00,2024-02-10 01:10:00+00:00,6,0.5,0.4887,0.5227,1.1418,0.5453,0.0977,0.0229,0.0062,0.0139,CATEGORY_A_UPWARD_EXPANSION
326688,326704,2024-02-10 01:45:00+00:00,2024-02-10 03:05:00+00:00,17,1.42,0.1946,0.3213,0.9167,0.5334,-0.0013,0.0167,0.0122,0.0103,CATEGORY_C_FALSE_OR_CHOP
326751,326757,2024-02-10 07:00:00+00:00,2024-02-10 07:30:00+00:00,7,0.58,0.284,0.3094,1.0279,0.444,0.0942,0.0273,0.0106,0.0186,CATEGORY_A_UPWARD_EXPANSION
326822,326828,2024-02-10 12:55:00+00:00,2024-02-10 13:25:00+00:00,7,0.58,0.4303,0.4509,1.0387,0.3766,-0.1546,0.0309,0.0006,0.0211,CATEGORY_A_UPWARD_EXPANSION
327222,327228,2024-02-11 22:15:00+00:00,2024-02-11 22:45:00+00:00,7,0.58,0.4585,0.5949,0.6057,0.5008,-0.0804,0.0448,0.0097,0.0388,CATEGORY_A_UPWARD_EXPANSION
327287,327292,2024-02-12 03:40:00+00:00,2024-02-12 04:05:00+00:00,6,0.5,0.5932,0.6993,0.744,0.4574,-0.0671,0.0469,0.0084,0.036,CATEGORY_A_UPWARD_EXPANSION
327295,327307,2024-02-12 04:20:00+00:00,2024-02-12 05:20:00+00:00,13,1.08,0.5245,0.6337,0.9866,0.4687,-0.0081,0.0467,0.0086,0.0378,CATEGORY_A_UPWARD_EXPANSION
327309,327314,2024-02-12 05:30:00+00:00,2024-02-12 05:55:00+00:00,6,0.5,0.5441,0.5642,1.4227,0.4693,-0.0193,0.0477,0.0076,0.0411,CATEGORY_A_UPWARD_EXPANSION
327383,327396,2024-02-12 11:40:00+00:00,2024-02-12 12:45:00+00:00,14,1.17,0.4598,0.5975,1.0874,0.5019,-0.0698,0.0525,0.0004,0.042,CATEGORY_A_UPWARD_EXPANSION
327576,327582,2024-02-13 03:45:00+00:00,2024-02-13 04:15:00+00:00,7,0.58,0.4148,0.4806,0.6701,0.5332,-0.0407,0.0086,0.0305,-0.0052,CATEGORY_B_DOWNWARD_EXPANSION
327681,327690,2024-02-13 12:30:00+00:00,2024-02-13 13:15:00+00:00,10,0.83,0.4142,0.4993,0.8639,0.5098,0.0785,0.0384,0.0323,0.033,CATEGORY_C_FALSE_OR_CHOP
327846,327852,2024-02-14 02:15:00+00:00,2024-02-14 02:45:00+00:00,7,0.58,0.341,0.4355,1.0483,0.4807,0.0772,0.0596,0.0065,0.0519,CATEGORY_A_UPWARD_EXPANSION
328148,328160,2024-02-15 03:25:00+00:00,2024-02-15 04:25:00+00:00,13,1.08,0.5185,0.5877,0.8659,0.4955,-0.0592,0.01,0.0187,-0.0011,CATEGORY_C_FALSE_OR_CHOP
328392,328401,2024-02-15 23:45:00+00:00,2024-02-16 00:30:00+00:00,10,0.83,0.3309,0.4351,1.2569,0.4643,-0.0693,0.0146,0.0048,0.0048,CATEGORY_C_FALSE_OR_CHOP
328403,328409,2024-02-16 00:40:00+00:00,2024-02-16 01:10:00+00:00,7,0.58,0.5215,0.5471,1.3029,0.4972,-0.0923,0.0117,0.0077,0.0001,CATEGORY_C_FALSE_OR_CHOP
328450,328460,2024-02-16 04:35:00+00:00,2024-02-16 05:25:00+00:00,11,0.92,0.4116,0.5208,0.6651,0.4526,0.0359,0.0077,0.0116,-0.0057,CATEGORY_C_FALSE_OR_CHOP
328466,328474,2024-02-16 05:55:00+00:00,2024-02-16 06:35:00+00:00,9,0.75,0.4521,0.4776,1.0879,0.5014,0.0678,0.0092,0.0101,-0.0032,CATEGORY_C_FALSE_OR_CHOP
328619,328628,2024-02-16 18:40:00+00:00,2024-02-16 19:25:00+00:00,10,0.83,0.6306,0.7081,0.9712,0.4812,0.0135,0.0061,0.0244,-0.0093,CATEGORY_B_DOWNWARD_EXPANSION
328648,328670,2024-02-16 21:05:00+00:00,2024-02-16 22:55:00+00:00,23,1.92,0.4069,0.4953,0.7059,0.521,-0.047,0.0044,0.026,-0.0051,CATEGORY_B_DOWNWARD_EXPANSION
328723,328740,2024-02-17 03:20:00+00:00,2024-02-17 04:45:00+00:00,18,1.5,0.3121,0.4314,1.7155,0.4909,0.0924,0.001,0.0265,-0.009,CATEGORY_B_DOWNWARD_EXPANSION
328751,328758,2024-02-17 05:40:00+00:00,2024-02-17 06:15:00+00:00,8,0.67,0.402,0.4573,1.4487,0.568,-0.0822,0.0018,0.0252,-0.0067,CATEGORY_B_DOWNWARD_EXPANSION
328765,328770,2024-02-17 06:50:00+00:00,2024-02-17 07:15:00+00:00,6,0.5,0.4673,0.4732,1.2582,0.5785,-0.0391,0.0016,0.0254,-0.0061,CATEGORY_B_DOWNWARD_EXPANSION
329039,329044,2024-02-18 05:40:00+00:00,2024-02-18 06:05:00+00:00,6,0.5,0.4158,0.423,1.1802,0.556,0.0247,0.0142,0.0055,0.012,CATEGORY_C_FALSE_OR_CHOP
329107,329112,2024-02-18 11:20:00+00:00,2024-02-18 11:45:00+00:00,6,0.5,0.3491,0.3758,0.7633,0.4794,-0.0641,0.014,0.0045,0.0117,CATEGORY_C_FALSE_OR_CHOP
329114,329120,2024-02-18 11:55:00+00:00,2024-02-18 12:25:00+00:00,7,0.58,0.4004,0.452,1.1889,0.4864,-0.0839,0.0129,0.0055,0.0101,CATEGORY_C_FALSE_OR_CHOP
329290,329310,2024-02-19 02:35:00+00:00,2024-02-19 04:15:00+00:00,21,1.75,0.4594,0.6161,1.2531,0.5219,-0.0116,0.0081,0.0145,-0.0075,CATEGORY_C_FALSE_OR_CHOP
329627,329634,2024-02-20 06:40:00+00:00,2024-02-20 07:15:00+00:00,8,0.67,0.4874,0.6386,0.7857,0.467,-0.0639,0.0199,0.0229,-0.005,CATEGORY_C_FALSE_OR_CHOP
329815,329821,2024-02-20 22:20:00+00:00,2024-02-20 22:50:00+00:00,7,0.58,0.4424,0.48,1.9668,0.505,0.0785,0.0044,0.0318,-0.0167,CATEGORY_B_DOWNWARD_EXPANSION
329853,329866,2024-02-21 01:30:00+00:00,2024-02-21 02:35:00+00:00,14,1.17,0.3351,0.4282,0.9516,0.4896,0.0182,0.0002,0.029,-0.0146,CATEGORY_B_DOWNWARD_EXPANSION
329868,329887,2024-02-21 02:45:00+00:00,2024-02-21 04:20:00+00:00,20,1.67,0.1899,0.3281,0.9654,0.4604,-0.0759,0.0027,0.0259,-0.008,CATEGORY_B_DOWNWARD_EXPANSION
330076,330083,2024-02-21 20:05:00+00:00,2024-02-21 20:40:00+00:00,8,0.67,0.5863,0.6249,0.9757,0.5476,-0.0176,0.0205,0.0031,0.0172,CATEGORY_A_UPWARD_EXPANSION
330104,330109,2024-02-21 22:25:00+00:00,2024-02-21 22:50:00+00:00,6,0.5,0.6199,0.7162,0.6757,0.4366,-0.1494,0.0126,0.0093,0.0015,CATEGORY_C_FALSE_OR_CHOP
330169,330176,2024-02-22 03:50:00+00:00,2024-02-22 04:25:00+00:00,8,0.67,0.5879,0.6737,1.1895,0.4443,-0.0071,0.0095,0.0123,-0.0065,CATEGORY_C_FALSE_OR_CHOP
330214,330219,2024-02-22 07:35:00+00:00,2024-02-22 08:00:00+00:00,6,0.5,0.6522,0.6716,0.9163,0.4378,-0.1137,0.0049,0.0178,-0.0158,CATEGORY_C_FALSE_OR_CHOP
330333,330343,2024-02-22 17:30:00+00:00,2024-02-22 18:20:00+00:00,11,0.92,0.5313,0.6548,0.8334,0.5512,-0.082,0.0087,0.0191,-0.0094,CATEGORY_C_FALSE_OR_CHOP
330407,330419,2024-02-22 23:40:00+00:00,2024-02-23 00:40:00+00:00,13,1.08,0.5269,0.6038,0.7969,0.5077,0.1,0.0025,0.0175,-0.0106,CATEGORY_C_FALSE_OR_CHOP
330421,330428,2024-02-23 00:50:00+00:00,2024-02-23 01:25:00+00:00,8,0.67,0.2903,0.3775,0.7925,0.4883,0.0136,0.0023,0.0177,-0.0142,CATEGORY_C_FALSE_OR_CHOP
330470,330481,2024-02-23 04:55:00+00:00,2024-02-23 05:50:00+00:00,12,1.0,0.3555,0.4645,0.8052,0.4044,0.0137,0.0032,0.0127,-0.0022,CATEGORY_C_FALSE_OR_CHOP
330483,330489,2024-02-23 06:00:00+00:00,2024-02-23 06:30:00+00:00,7,0.58,0.4375,0.4542,0.7109,0.3917,-0.131,0.0015,0.0144,-0.0046,CATEGORY_C_FALSE_OR_CHOP
330493,330498,2024-02-23 06:50:00+00:00,2024-02-23 07:15:00+00:00,6,0.5,0.4458,0.4753,1.1166,0.378,-0.2018,0.0022,0.0137,-0.0048,CATEGORY_C_FALSE_OR_CHOP
330540,330554,2024-02-23 10:45:00+00:00,2024-02-23 11:55:00+00:00,15,1.25,0.4078,0.5009,0.9254,0.4763,-0.0853,0.0022,0.0136,-0.0019,CATEGORY_C_FALSE_OR_CHOP
330639,330646,2024-02-23 19:00:00+00:00,2024-02-23 19:35:00+00:00,8,0.67,0.4997,0.5516,1.3758,0.4983,0.0402,0.01,0.013,0.0085,CATEGORY_C_FALSE_OR_CHOP
330730,330737,2024-02-24 02:35:00+00:00,2024-02-24 03:10:00+00:00,8,0.67,0.4803,0.5733,2.3679,0.5609,0.0667,0.0221,0.0019,0.0151,CATEGORY_A_UPWARD_EXPANSION
330739,330749,2024-02-24 03:20:00+00:00,2024-02-24 04:10:00+00:00,11,0.92,0.5446,0.6258,0.7723,0.5717,-0.0509,0.0198,0.0001,0.0142,CATEGORY_C_FALSE_OR_CHOP
330765,330771,2024-02-24 05:30:00+00:00,2024-02-24 06:00:00+00:00,7,0.58,0.3882,0.4401,1.198,0.5611,-0.0313,0.0169,0.0019,0.0122,CATEGORY_C_FALSE_OR_CHOP
330878,330885,2024-02-24 14:55:00+00:00,2024-02-24 15:30:00+00:00,8,0.67,0.4679,0.5127,0.9522,0.4778,-0.2209,0.0148,0.0009,0.0108,CATEGORY_C_FALSE_OR_CHOP
331114,331120,2024-02-25 10:35:00+00:00,2024-02-25 11:05:00+00:00,7,0.58,0.5613,0.5668,1.3467,0.4906,0.0059,0.0071,0.0134,-0.0097,CATEGORY_C_FALSE_OR_CHOP
331208,331214,2024-02-25 18:25:00+00:00,2024-02-25 18:55:00+00:00,7,0.58,0.485,0.5819,1.3298,0.5157,0.2554,0.0401,0.0132,0.039,CATEGORY_A_UPWARD_EXPANSION
331832,331841,2024-02-27 22:25:00+00:00,2024-02-27 23:10:00+00:00,10,0.83,0.3656,0.4633,1.0297,0.5025,-0.0543,0.1236,0.0047,0.0901,CATEGORY_A_UPWARD_EXPANSION
331843,331851,2024-02-27 23:20:00+00:00,2024-02-28 00:00:00+00:00,9,0.75,0.364,0.3897,1.0261,0.485,0.0914,0.122,0.0061,0.0897,CATEGORY_A_UPWARD_EXPANSION
331877,331883,2024-02-28 02:10:00+00:00,2024-02-28 02:40:00+00:00,7,0.58,0.3872,0.451,0.8785,0.5076,-0.0288,0.1242,0.0015,0.0798,CATEGORY_A_UPWARD_EXPANSION
331885,331892,2024-02-28 02:50:00+00:00,2024-02-28 03:25:00+00:00,8,0.67,0.2182,0.3234,1.5401,0.528,0.0916,0.1244,0.0013,0.0776,CATEGORY_A_UPWARD_EXPANSION
331894,331899,2024-02-28 03:35:00+00:00,2024-02-28 04:00:00+00:00,6,0.5,0.2963,0.3028,0.846,0.4949,-0.1854,0.1243,0.0,0.0784,CATEGORY_A_UPWARD_EXPANSION
332254,332261,2024-02-29 09:35:00+00:00,2024-02-29 10:10:00+00:00,8,0.67,0.5307,0.5619,0.953,0.4902,-0.0724,0.0184,0.0324,-0.0062,CATEGORY_B_DOWNWARD_EXPANSION
332263,332274,2024-02-29 10:20:00+00:00,2024-02-29 11:15:00+00:00,12,1.0,0.3575,0.4247,1.2199,0.5711,0.0533,0.0117,0.0388,-0.0126,CATEGORY_B_DOWNWARD_EXPANSION
332377,332389,2024-02-29 19:50:00+00:00,2024-02-29 20:50:00+00:00,13,1.08,0.6373,0.709,1.0974,0.5501,-0.0335,0.009,0.0265,0.0087,CATEGORY_B_DOWNWARD_EXPANSION
332461,332471,2024-03-01 02:50:00+00:00,2024-03-01 03:40:00+00:00,11,0.92,0.4921,0.6564,1.0091,0.52,-0.0091,0.0346,0.0002,0.0219,CATEGORY_A_UPWARD_EXPANSION
332479,332487,2024-03-01 04:20:00+00:00,2024-03-01 05:00:00+00:00,9,0.75,0.3949,0.4181,1.1784,0.5881,-0.1104,0.0259,0.0063,0.0079,CATEGORY_A_UPWARD_EXPANSION
332540,332550,2024-03-01 09:25:00+00:00,2024-03-01 10:15:00+00:00,11,0.92,0.3924,0.5097,1.2154,0.4273,-0.074,0.018,0.014,-0.0,CATEGORY_C_FALSE_OR_CHOP
332557,332562,2024-03-01 10:50:00+00:00,2024-03-01 11:15:00+00:00,6,0.5,0.5638,0.5794,1.0371,0.5218,-0.0449,0.0178,0.0141,-0.0011,CATEGORY_C_FALSE_OR_CHOP
332591,332600,2024-03-01 13:40:00+00:00,2024-03-01 14:25:00+00:00,10,0.83,0.4177,0.526,0.9558,0.4603,-0.0851,0.0122,0.0196,-0.0101,CATEGORY_C_FALSE_OR_CHOP
332803,332808,2024-03-02 07:20:00+00:00,2024-03-02 07:45:00+00:00,6,0.5,0.4967,0.5459,1.3003,0.5345,0.2106,0.0045,0.0097,-0.0039,CATEGORY_C_FALSE_OR_CHOP
332856,332865,2024-03-02 11:45:00+00:00,2024-03-02 12:30:00+00:00,10,0.83,0.4858,0.5776,0.8132,0.4677,0.1227,0.0102,0.0111,0.0075,CATEGORY_C_FALSE_OR_CHOP
332909,332916,2024-03-02 16:10:00+00:00,2024-03-02 16:45:00+00:00,8,0.67,0.4627,0.5488,0.9346,0.4624,0.0597,0.0176,0.0061,0.0174,CATEGORY_C_FALSE_OR_CHOP
332923,332928,2024-03-02 17:20:00+00:00,2024-03-02 17:45:00+00:00,6,0.5,0.518,0.5337,0.8939,0.5352,-0.1053,0.0179,0.0091,0.012,CATEGORY_C_FALSE_OR_CHOP
332930,332937,2024-03-02 17:55:00+00:00,2024-03-02 18:30:00+00:00,8,0.67,0.5439,0.5892,0.9521,0.5203,-0.1065,0.0183,0.0087,0.0125,CATEGORY_C_FALSE_OR_CHOP
332984,332989,2024-03-02 22:25:00+00:00,2024-03-02 22:50:00+00:00,6,0.5,0.6327,0.6455,0.8672,0.4426,0.036,0.0232,0.0077,0.0165,CATEGORY_A_UPWARD_EXPANSION
333021,333029,2024-03-03 01:30:00+00:00,2024-03-03 02:10:00+00:00,9,0.75,0.4572,0.644,0.7034,0.398,0.0667,0.0407,0.007,0.0247,CATEGORY_A_UPWARD_EXPANSION
333035,333040,2024-03-03 02:40:00+00:00,2024-03-03 03:05:00+00:00,6,0.5,0.5141,0.5198,1.3324,0.5462,0.0491,0.0396,0.0081,0.0276,CATEGORY_A_UPWARD_EXPANSION
333066,333072,2024-03-03 05:15:00+00:00,2024-03-03 05:45:00+00:00,7,0.58,0.3354,0.5371,0.9059,0.5318,0.1202,0.0372,0.0103,0.0217,CATEGORY_A_UPWARD_EXPANSION
333658,333669,2024-03-05 06:35:00+00:00,2024-03-05 07:30:00+00:00,12,1.0,0.4981,0.6411,1.0601,0.5062,-0.0611,0.0334,0.1163,-0.0124,CATEGORY_B_DOWNWARD_EXPANSION
333698,333704,2024-03-05 09:55:00+00:00,2024-03-05 10:25:00+00:00,7,0.58,0.7093,0.72,0.8967,0.5611,-0.0751,0.0312,0.1182,-0.0071,CATEGORY_B_DOWNWARD_EXPANSION
333706,333712,2024-03-05 10:35:00+00:00,2024-03-05 11:05:00+00:00,7,0.58,0.4658,0.54,1.0974,0.5549,-0.0387,0.0332,0.1165,-0.0035,CATEGORY_B_DOWNWARD_EXPANSION
333894,333899,2024-03-06 02:15:00+00:00,2024-03-06 02:40:00+00:00,6,0.5,0.4851,0.5,1.2906,0.4735,-0.0746,0.0667,0.01,0.0424,CATEGORY_A_UPWARD_EXPANSION
333917,333923,2024-03-06 04:10:00+00:00,2024-03-06 04:40:00+00:00,7,0.58,0.3161,0.3802,0.9288,0.5418,-0.043,0.0625,0.0005,0.0379,CATEGORY_A_UPWARD_EXPANSION
334078,334083,2024-03-06 17:35:00+00:00,2024-03-06 18:00:00+00:00,6,0.5,0.4826,0.572,1.3894,0.5814,-0.0354,0.0087,0.0273,0.0021,CATEGORY_B_DOWNWARD_EXPANSION
334106,334111,2024-03-06 19:55:00+00:00,2024-03-06 20:20:00+00:00,6,0.5,0.6581,0.6811,2.0486,0.5052,-0.0325,0.0121,0.024,0.0079,CATEGORY_B_DOWNWARD_EXPANSION
334125,334134,2024-03-06 21:30:00+00:00,2024-03-06 22:15:00+00:00,10,0.83,0.4598,0.5357,1.1344,0.4538,-0.0296,0.025,0.0116,0.0158,CATEGORY_A_UPWARD_EXPANSION
334148,334155,2024-03-06 23:25:00+00:00,2024-03-07 00:00:00+00:00,8,0.67,0.4011,0.4799,1.0085,0.5524,0.087,0.03,0.0068,0.0131,CATEGORY_A_UPWARD_EXPANSION
334187,334197,2024-03-07 02:40:00+00:00,2024-03-07 03:30:00+00:00,11,0.92,0.3741,0.5427,0.7514,0.557,0.0634,0.026,0.0091,0.0131,CATEGORY_A_UPWARD_EXPANSION
334273,334280,2024-03-07 09:50:00+00:00,2024-03-07 10:25:00+00:00,8,0.67,0.4465,0.4928,1.0255,0.5175,0.0233,0.0164,0.0064,0.0054,CATEGORY_C_FALSE_OR_CHOP
334282,334287,2024-03-07 10:35:00+00:00,2024-03-07 11:00:00+00:00,6,0.5,0.4617,0.4884,1.2313,0.5082,0.095,0.0141,0.0087,0.0045,CATEGORY_C_FALSE_OR_CHOP
334308,334314,2024-03-07 12:45:00+00:00,2024-03-07 13:15:00+00:00,7,0.58,0.3436,0.4322,0.7943,0.4796,0.1094,0.019,0.0026,0.0098,CATEGORY_C_FALSE_OR_CHOP
334442,334452,2024-03-07 23:55:00+00:00,2024-03-08 00:45:00+00:00,11,0.92,0.4159,0.5091,0.6828,0.4786,0.0225,0.0472,0.0113,0.0199,CATEGORY_A_UPWARD_EXPANSION
334469,334477,2024-03-08 02:10:00+00:00,2024-03-08 02:50:00+00:00,9,0.75,0.3412,0.5536,1.0828,0.5097,0.0127,0.0435,0.0148,0.0166,CATEGORY_A_UPWARD_EXPANSION
334484,334493,2024-03-08 03:25:00+00:00,2024-03-08 04:10:00+00:00,10,0.83,0.4781,0.6164,0.9398,0.6019,0.0409,0.0411,0.017,0.0143,CATEGORY_A_UPWARD_EXPANSION
334495,334503,2024-03-08 04:20:00+00:00,2024-03-08 05:00:00+00:00,9,0.75,0.4198,0.4747,0.7625,0.5983,0.1204,0.0433,0.0149,0.018,CATEGORY_A_UPWARD_EXPANSION
334565,334576,2024-03-08 10:10:00+00:00,2024-03-08 11:05:00+00:00,12,1.0,0.4044,0.5125,1.402,0.5079,-0.1105,0.0391,0.0189,0.0125,CATEGORY_A_UPWARD_EXPANSION
334763,334769,2024-03-09 02:40:00+00:00,2024-03-09 03:10:00+00:00,7,0.58,0.3172,0.339,0.889,0.6057,-0.0879,0.0158,0.003,0.0115,CATEGORY_C_FALSE_OR_CHOP
334771,334778,2024-03-09 03:20:00+00:00,2024-03-09 03:55:00+00:00,8,0.67,0.2632,0.2997,0.7729,0.6026,0.0291,0.0142,0.0046,0.013,CATEGORY_C_FALSE_OR_CHOP
334818,334824,2024-03-09 07:15:00+00:00,2024-03-09 07:45:00+00:00,7,0.58,0.1843,0.2,1.3632,0.569,-0.0273,0.0166,0.0086,0.013,CATEGORY_C_FALSE_OR_CHOP
334879,334885,2024-03-09 12:20:00+00:00,2024-03-09 12:50:00+00:00,7,0.58,0.1372,0.1872,0.8947,0.5655,-0.0364,0.0221,0.0055,0.0196,CATEGORY_A_UPWARD_EXPANSION
334889,334895,2024-03-09 13:10:00+00:00,2024-03-09 13:40:00+00:00,7,0.58,0.2678,0.2844,0.7441,0.5337,0.0981,0.0215,0.0061,0.0168,CATEGORY_A_UPWARD_EXPANSION
334977,334982,2024-03-09 20:30:00+00:00,2024-03-09 20:55:00+00:00,6,0.5,0.5767,0.6138,1.0701,0.4282,0.016,0.0227,0.0019,0.0143,CATEGORY_A_UPWARD_EXPANSION
335000,335006,2024-03-09 22:25:00+00:00,2024-03-09 22:55:00+00:00,7,0.58,0.4146,0.5115,0.8736,0.4793,-0.2027,0.0223,0.004,0.0008,CATEGORY_A_UPWARD_EXPANSION
335106,335114,2024-03-10 07:15:00+00:00,2024-03-10 07:55:00+00:00,9,0.75,0.5386,0.6418,1.2075,0.5077,0.0076,0.0281,0.0335,0.0241,CATEGORY_C_FALSE_OR_CHOP
335231,335241,2024-03-10 17:40:00+00:00,2024-03-10 18:30:00+00:00,11,0.92,0.5253,0.5776,0.7761,0.4962,0.0257,0.0476,0.0337,0.0425,CATEGORY_A_UPWARD_EXPANSION
335556,335562,2024-03-11 20:45:00+00:00,2024-03-11 21:15:00+00:00,7,0.58,0.3723,0.4727,0.9641,0.5317,0.0008,0.0121,0.0486,-0.0182,CATEGORY_B_DOWNWARD_EXPANSION
335564,335569,2024-03-11 21:25:00+00:00,2024-03-11 21:50:00+00:00,6,0.5,0.5216,0.5552,0.7941,0.5416,-0.006,0.009,0.0515,-0.0187,CATEGORY_B_DOWNWARD_EXPANSION
335620,335628,2024-03-12 02:05:00+00:00,2024-03-12 02:45:00+00:00,9,0.75,0.4621,0.4809,0.8904,0.5103,-0.0681,0.0119,0.0488,-0.0025,CATEGORY_B_DOWNWARD_EXPANSION
335658,335670,2024-03-12 05:15:00+00:00,2024-03-12 06:15:00+00:00,13,1.08,0.4204,0.5088,1.2321,0.5561,0.0385,0.0171,0.044,0.0067,CATEGORY_B_DOWNWARD_EXPANSION
335707,335712,2024-03-12 09:20:00+00:00,2024-03-12 09:45:00+00:00,6,0.5,0.4686,0.4934,1.3061,0.5902,0.0109,0.0227,0.0471,0.0164,CATEGORY_B_DOWNWARD_EXPANSION
335716,335723,2024-03-12 10:05:00+00:00,2024-03-12 10:40:00+00:00,8,0.67,0.5565,0.601,1.2072,0.5744,0.15,0.0246,0.0453,0.0176,CATEGORY_B_DOWNWARD_EXPANSION
335912,335919,2024-03-13 02:25:00+00:00,2024-03-13 03:00:00+00:00,8,0.67,0.3496,0.4439,0.8253,0.4194,0.0415,0.0241,0.004,0.0161,CATEGORY_A_UPWARD_EXPANSION
335929,335934,2024-03-13 03:50:00+00:00,2024-03-13 04:15:00+00:00,6,0.5,0.3831,0.4382,0.8449,0.4854,0.0624,0.0211,0.007,0.0192,CATEGORY_A_UPWARD_EXPANSION
335938,335945,2024-03-13 04:35:00+00:00,2024-03-13 05:10:00+00:00,8,0.67,0.3927,0.4167,1.0073,0.5719,-0.0952,0.0217,0.0064,0.0093,CATEGORY_A_UPWARD_EXPANSION
335948,335955,2024-03-13 05:25:00+00:00,2024-03-13 06:00:00+00:00,8,0.67,0.2667,0.3152,1.4864,0.4696,0.0584,0.0211,0.0069,0.014,CATEGORY_A_UPWARD_EXPANSION
336013,336021,2024-03-13 10:50:00+00:00,2024-03-13 11:30:00+00:00,9,0.75,0.4584,0.5303,1.4359,0.5159,-0.086,0.0069,0.0224,-0.0072,CATEGORY_B_DOWNWARD_EXPANSION
336098,336104,2024-03-13 17:55:00+00:00,2024-03-13 18:25:00+00:00,7,0.58,0.6039,0.6515,0.9597,0.5108,-0.0076,0.0109,0.0425,-0.0327,CATEGORY_B_DOWNWARD_EXPANSION
336107,336114,2024-03-13 18:40:00+00:00,2024-03-13 19:15:00+00:00,8,0.67,0.6426,0.7014,1.0603,0.4844,-0.0092,0.0092,0.0519,-0.0441,CATEGORY_B_DOWNWARD_EXPANSION
336209,336215,2024-03-14 03:10:00+00:00,2024-03-14 03:40:00+00:00,7,0.58,0.4696,0.5427,1.1275,0.5,-0.0739,0.0075,0.0891,-0.0675,CATEGORY_B_DOWNWARD_EXPANSION
336277,336285,2024-03-14 08:50:00+00:00,2024-03-14 09:30:00+00:00,9,0.75,0.4554,0.5972,1.4105,0.419,0.0712,0.0001,0.1061,-0.0866,CATEGORY_B_DOWNWARD_EXPANSION
336609,336614,2024-03-15 12:30:00+00:00,2024-03-15 12:55:00+00:00,6,0.5,0.5047,0.5531,0.7292,0.5335,0.055,0.0403,0.0074,-0.0005,CATEGORY_A_UPWARD_EXPANSION
336674,336680,2024-03-15 17:55:00+00:00,2024-03-15 18:25:00+00:00,7,0.58,0.2626,0.3236,0.7271,0.5354,-0.0558,0.0333,0.0249,-0.0202,CATEGORY_A_UPWARD_EXPANSION
336721,336729,2024-03-15 21:50:00+00:00,2024-03-15 22:30:00+00:00,9,0.75,0.3004,0.4795,0.8868,0.5452,-0.0589,0.0249,0.0371,-0.0256,CATEGORY_B_DOWNWARD_EXPANSION
336769,336783,2024-03-16 01:50:00+00:00,2024-03-16 03:00:00+00:00,15,1.25,0.3688,0.4248,1.0507,0.4675,-0.0322,0.0063,0.0615,-0.0395,CATEGORY_B_DOWNWARD_EXPANSION
336786,336794,2024-03-16 03:15:00+00:00,2024-03-16 03:55:00+00:00,9,0.75,0.3619,0.3931,0.8558,0.537,-0.0134,0.0038,0.0639,-0.0385,CATEGORY_B_DOWNWARD_EXPANSION
336817,336822,2024-03-16 05:50:00+00:00,2024-03-16 06:15:00+00:00,6,0.5,0.4962,0.5705,1.2072,0.5693,-0.1024,0.0055,0.0623,-0.0448,CATEGORY_B_DOWNWARD_EXPANSION
336824,336831,2024-03-16 06:25:00+00:00,2024-03-16 07:00:00+00:00,8,0.67,0.2684,0.3311,1.0662,0.5428,-0.0191,0.0044,0.0633,-0.0553,CATEGORY_B_DOWNWARD_EXPANSION
336835,336842,2024-03-16 07:20:00+00:00,2024-03-16 07:55:00+00:00,8,0.67,0.3232,0.3529,0.9584,0.5957,-0.0899,0.0001,0.0706,-0.0547,CATEGORY_B_DOWNWARD_EXPANSION
337080,337089,2024-03-17 03:45:00+00:00,2024-03-17 04:30:00+00:00,10,0.83,0.4612,0.4962,0.7032,0.4834,-0.0008,0.0365,0.0292,0.0249,CATEGORY_C_FALSE_OR_CHOP
337261,337268,2024-03-17 18:50:00+00:00,2024-03-17 19:25:00+00:00,8,0.67,0.3717,0.4778,0.5261,0.4909,0.1978,0.0113,0.0238,-0.0124,CATEGORY_B_DOWNWARD_EXPANSION
337415,337421,2024-03-18 07:40:00+00:00,2024-03-18 08:10:00+00:00,7,0.58,0.5161,0.5499,1.261,0.433,-0.0813,0.0101,0.0643,-0.0523,CATEGORY_B_DOWNWARD_EXPANSION
337451,337466,2024-03-18 10:40:00+00:00,2024-03-18 11:55:00+00:00,16,1.33,0.5384,0.6841,1.1483,0.5215,0.0064,0.0055,0.0842,-0.0758,CATEGORY_B_DOWNWARD_EXPANSION
337560,337571,2024-03-18 19:45:00+00:00,2024-03-18 20:40:00+00:00,12,1.0,0.5217,0.6199,0.6658,0.526,0.1051,0.0134,0.0716,-0.051,CATEGORY_B_DOWNWARD_EXPANSION
337928,337937,2024-03-20 02:25:00+00:00,2024-03-20 03:10:00+00:00,10,0.83,0.5851,0.6842,0.8075,0.5111,-0.0536,0.0857,0.033,0.074,CATEGORY_A_UPWARD_EXPANSION
337972,337983,2024-03-20 06:05:00+00:00,2024-03-20 07:00:00+00:00,12,1.0,0.4792,0.6029,1.0344,0.4896,-0.0945,0.1024,0.0,0.0819,CATEGORY_A_UPWARD_EXPANSION
338017,338023,2024-03-20 09:50:00+00:00,2024-03-20 10:20:00+00:00,7,0.58,0.3866,0.6339,0.8984,0.4628,-0.126,0.0836,0.0151,0.062,CATEGORY_A_UPWARD_EXPANSION
338025,338034,2024-03-20 10:30:00+00:00,2024-03-20 11:15:00+00:00,10,0.83,0.5946,0.6433,1.099,0.5213,0.1217,0.0794,0.019,0.0593,CATEGORY_A_UPWARD_EXPANSION
338070,338076,2024-03-20 14:15:00+00:00,2024-03-20 14:45:00+00:00,7,0.58,0.4818,0.5839,0.8703,0.5004,0.0153,0.0651,0.0319,0.0434,CATEGORY_A_UPWARD_EXPANSION
338167,338173,2024-03-20 22:20:00+00:00,2024-03-20 22:50:00+00:00,7,0.58,0.6313,0.6578,1.0028,0.4195,-0.0124,0.0121,0.0429,-0.0292,CATEGORY_B_DOWNWARD_EXPANSION
338175,338182,2024-03-20 23:00:00+00:00,2024-03-20 23:35:00+00:00,8,0.67,0.6062,0.6544,0.7866,0.497,-0.0275,0.0054,0.0492,-0.0365,CATEGORY_B_DOWNWARD_EXPANSION
338206,338213,2024-03-21 01:35:00+00:00,2024-03-21 02:10:00+00:00,8,0.67,0.311,0.4255,1.1309,0.5013,-0.0045,0.0038,0.0465,-0.0358,CATEGORY_B_DOWNWARD_EXPANSION
338215,338224,2024-03-21 02:20:00+00:00,2024-03-21 03:05:00+00:00,10,0.83,0.4724,0.4913,0.9432,0.476,0.0089,0.0,0.047,-0.0295,CATEGORY_B_DOWNWARD_EXPANSION
338268,338273,2024-03-21 06:45:00+00:00,2024-03-21 07:10:00+00:00,6,0.5,0.4373,0.5326,0.9494,0.4649,-0.1111,0.0104,0.0368,-0.0104,CATEGORY_B_DOWNWARD_EXPANSION
338275,338283,2024-03-21 07:20:00+00:00,2024-03-21 08:00:00+00:00,9,0.75,0.5409,0.5621,0.8727,0.4808,-0.032,0.0096,0.0376,-0.0118,CATEGORY_B_DOWNWARD_EXPANSION
338297,338302,2024-03-21 09:10:00+00:00,2024-03-21 09:35:00+00:00,6,0.5,0.4929,0.5507,0.7241,0.4382,-0.0054,0.0108,0.0364,-0.0207,CATEGORY_B_DOWNWARD_EXPANSION
338462,338475,2024-03-21 22:55:00+00:00,2024-03-22 00:00:00+00:00,14,1.17,0.3358,0.5011,1.2081,0.4299,0.1026,0.017,0.05,-0.028,CATEGORY_B_DOWNWARD_EXPANSION
338526,338532,2024-03-22 04:15:00+00:00,2024-03-22 04:45:00+00:00,7,0.58,0.3502,0.6122,0.8038,0.4718,0.0857,0.0105,0.056,-0.0302,CATEGORY_B_DOWNWARD_EXPANSION
338551,338563,2024-03-22 06:20:00+00:00,2024-03-22 07:20:00+00:00,13,1.08,0.4646,0.6242,0.7872,0.4422,-0.0322,0.003,0.059,-0.0219,CATEGORY_B_DOWNWARD_EXPANSION
338565,338572,2024-03-22 07:30:00+00:00,2024-03-22 08:05:00+00:00,8,0.67,0.4625,0.486,0.8915,0.5153,-0.0113,0.0027,0.0593,-0.0215,CATEGORY_B_DOWNWARD_EXPANSION
338825,338830,2024-03-23 05:10:00+00:00,2024-03-23 05:35:00+00:00,6,0.5,0.4015,0.4322,1.0419,0.5026,0.0497,0.0323,0.0025,0.0057,CATEGORY_A_UPWARD_EXPANSION
338832,338842,2024-03-23 05:45:00+00:00,2024-03-23 06:35:00+00:00,11,0.92,0.4061,0.449,0.7056,0.4688,0.0496,0.0286,0.0061,0.0008,CATEGORY_A_UPWARD_EXPANSION
338902,338907,2024-03-23 11:35:00+00:00,2024-03-23 12:00:00+00:00,6,0.5,0.3796,0.5569,1.588,0.5321,0.2043,0.0212,0.0132,0.0129,CATEGORY_A_UPWARD_EXPANSION
338988,338993,2024-03-23 18:45:00+00:00,2024-03-23 19:10:00+00:00,6,0.5,0.341,0.4101,0.7281,0.4937,-0.0894,0.0103,0.0245,0.0075,CATEGORY_B_DOWNWARD_EXPANSION
339025,339031,2024-03-23 21:50:00+00:00,2024-03-23 22:20:00+00:00,7,0.58,0.7697,0.8004,1.1206,0.4737,-0.0853,0.0331,0.0167,0.0291,CATEGORY_A_UPWARD_EXPANSION
339069,339074,2024-03-24 01:30:00+00:00,2024-03-24 01:55:00+00:00,6,0.5,0.6024,0.6272,0.9407,0.4385,-0.0599,0.049,0.0108,0.0324,CATEGORY_A_UPWARD_EXPANSION
339118,339131,2024-03-24 05:35:00+00:00,2024-03-24 06:40:00+00:00,14,1.17,0.4159,0.4977,0.7876,0.4584,-0.0054,0.0551,0.0027,0.044,CATEGORY_A_UPWARD_EXPANSION
339370,339375,2024-03-25 02:35:00+00:00,2024-03-25 03:00:00+00:00,6,0.5,0.6429,0.712,0.8225,0.4829,0.0125,0.0681,0.0,0.0569,CATEGORY_A_UPWARD_EXPANSION
339421,339431,2024-03-25 06:50:00+00:00,2024-03-25 07:40:00+00:00,11,0.92,0.624,0.6919,0.8722,0.5009,-0.1287,0.0678,0.0046,0.0615,CATEGORY_A_UPWARD_EXPANSION
339645,339650,2024-03-26 01:30:00+00:00,2024-03-26 01:55:00+00:00,6,0.5,0.4631,0.5501,1.1866,0.4364,0.0532,0.0182,0.0143,0.0006,CATEGORY_C_FALSE_OR_CHOP
339652,339660,2024-03-26 02:05:00+00:00,2024-03-26 02:45:00+00:00,9,0.75,0.5114,0.5442,0.4691,0.4362,-0.0439,0.0188,0.0137,0.0033,CATEGORY_C_FALSE_OR_CHOP
339752,339759,2024-03-26 10:25:00+00:00,2024-03-26 11:00:00+00:00,8,0.67,0.4372,0.5269,1.1448,0.4195,-0.0587,0.0036,0.0226,-0.0119,CATEGORY_B_DOWNWARD_EXPANSION
339844,339853,2024-03-26 18:05:00+00:00,2024-03-26 18:50:00+00:00,10,0.83,0.369,0.4797,1.3333,0.4888,0.0624,0.0213,0.0272,-0.0223,CATEGORY_C_FALSE_OR_CHOP
339900,339906,2024-03-26 22:45:00+00:00,2024-03-26 23:15:00+00:00,7,0.58,0.459,0.5399,0.7246,0.5676,-0.0211,0.0218,0.0268,-0.0136,CATEGORY_C_FALSE_OR_CHOP
339954,339959,2024-03-27 03:15:00+00:00,2024-03-27 03:40:00+00:00,6,0.5,0.4184,0.4736,0.9356,0.3804,-0.0772,0.0199,0.0285,-0.0181,CATEGORY_B_DOWNWARD_EXPANSION
339976,339985,2024-03-27 05:05:00+00:00,2024-03-27 05:50:00+00:00,10,0.83,0.4591,0.5453,0.7766,0.4909,0.0711,0.0196,0.0288,-0.0099,CATEGORY_B_DOWNWARD_EXPANSION
340172,340177,2024-03-27 21:25:00+00:00,2024-03-27 21:50:00+00:00,6,0.5,0.4329,0.4502,0.8031,0.5459,-0.1156,0.0355,0.0028,0.0234,CATEGORY_A_UPWARD_EXPANSION
340412,340427,2024-03-28 17:25:00+00:00,2024-03-28 18:40:00+00:00,16,1.33,0.5901,0.6648,0.7965,0.5109,-0.0374,0.0049,0.0243,-0.0176,CATEGORY_B_DOWNWARD_EXPANSION
340445,340454,2024-03-28 20:10:00+00:00,2024-03-28 20:55:00+00:00,10,0.83,0.4097,0.5614,0.8993,0.4519,-0.0284,0.0057,0.0236,-0.015,CATEGORY_B_DOWNWARD_EXPANSION
340493,340501,2024-03-29 00:10:00+00:00,2024-03-29 00:50:00+00:00,9,0.75,0.3849,0.4304,0.9246,0.4159,-0.0647,0.0037,0.0233,-0.0107,CATEGORY_B_DOWNWARD_EXPANSION
340508,340519,2024-03-29 01:25:00+00:00,2024-03-29 02:20:00+00:00,12,1.0,0.3201,0.5488,1.2325,0.4885,0.0013,0.0,0.0246,-0.0118,CATEGORY_B_DOWNWARD_EXPANSION
340570,340575,2024-03-29 06:35:00+00:00,2024-03-29 07:00:00+00:00,6,0.5,0.6299,0.6503,0.7311,0.531,0.0515,0.0023,0.0208,-0.0065,CATEGORY_B_DOWNWARD_EXPANSION
340735,340742,2024-03-29 20:20:00+00:00,2024-03-29 20:55:00+00:00,8,0.67,0.4338,0.5333,0.9757,0.4874,-0.1185,0.0101,0.0047,0.0028,CATEGORY_C_FALSE_OR_CHOP
340807,340815,2024-03-30 02:20:00+00:00,2024-03-30 03:00:00+00:00,9,0.75,0.327,0.3533,1.3026,0.4764,-0.0985,0.0055,0.0057,0.0003,CATEGORY_C_FALSE_OR_CHOP
340872,340881,2024-03-30 07:45:00+00:00,2024-03-30 08:30:00+00:00,10,0.83,0.4444,0.5181,0.7681,0.497,-0.0499,0.0078,0.0055,0.007,CATEGORY_C_FALSE_OR_CHOP
341107,341112,2024-03-31 03:20:00+00:00,2024-03-31 03:45:00+00:00,6,0.5,0.643,0.6885,1.1189,0.4736,-0.1535,0.021,0.0003,0.0105,CATEGORY_A_UPWARD_EXPANSION
341114,341119,2024-03-31 03:55:00+00:00,2024-03-31 04:20:00+00:00,6,0.5,0.701,0.739,0.9193,0.4353,-0.0289,0.0208,0.0,0.0089,CATEGORY_A_UPWARD_EXPANSION
341181,341186,2024-03-31 09:30:00+00:00,2024-03-31 09:55:00+00:00,6,0.5,0.7572,0.7833,1.3907,0.4269,-0.2123,0.0162,0.019,-0.0118,CATEGORY_C_FALSE_OR_CHOP
341282,341287,2024-03-31 17:55:00+00:00,2024-03-31 18:20:00+00:00,6,0.5,0.5628,0.6146,1.2336,0.4035,-0.0248,0.0128,0.0341,-0.0253,CATEGORY_B_DOWNWARD_EXPANSION
341386,341391,2024-04-01 02:35:00+00:00,2024-04-01 03:00:00+00:00,6,0.5,0.4326,0.4727,0.5882,0.5258,-0.0079,0.0,0.0685,-0.0528,CATEGORY_B_DOWNWARD_EXPANSION
341886,341891,2024-04-02 20:15:00+00:00,2024-04-02 20:40:00+00:00,6,0.5,0.4437,0.4854,1.0119,0.456,-0.0137,0.0156,0.021,-0.0049,CATEGORY_B_DOWNWARD_EXPANSION
341914,341922,2024-04-02 22:35:00+00:00,2024-04-02 23:15:00+00:00,9,0.75,0.4058,0.4505,0.9885,0.4771,-0.0886,0.0175,0.0191,0.0068,CATEGORY_C_FALSE_OR_CHOP
341963,341969,2024-04-03 02:40:00+00:00,2024-04-03 03:10:00+00:00,7,0.58,0.6056,0.668,0.9353,0.5943,0.1171,0.0161,0.006,-0.0026,CATEGORY_C_FALSE_OR_CHOP
342172,342180,2024-04-03 20:05:00+00:00,2024-04-03 20:45:00+00:00,9,0.75,0.5988,0.6558,0.8466,0.5301,-0.0943,0.056,0.0086,0.0332,CATEGORY_A_UPWARD_EXPANSION
342296,342302,2024-04-04 06:25:00+00:00,2024-04-04 06:55:00+00:00,7,0.58,0.49,0.5108,0.7596,0.4426,-0.1001,0.0539,0.0016,0.0209,CATEGORY_A_UPWARD_EXPANSION
342554,342563,2024-04-05 03:55:00+00:00,2024-04-05 04:40:00+00:00,10,0.83,0.5779,0.6475,1.1151,0.4383,-0.147,0.0145,0.0242,0.0013,CATEGORY_B_DOWNWARD_EXPANSION
342599,342604,2024-04-05 07:40:00+00:00,2024-04-05 08:05:00+00:00,6,0.5,0.4699,0.5346,0.8951,0.6071,0.0974,0.0214,0.0176,0.0128,CATEGORY_C_FALSE_OR_CHOP
342711,342718,2024-04-05 17:00:00+00:00,2024-04-05 17:35:00+00:00,8,0.67,0.5182,0.5518,0.8198,0.4408,0.0206,0.0086,0.0059,0.0072,CATEGORY_C_FALSE_OR_CHOP
342756,342764,2024-04-05 20:45:00+00:00,2024-04-05 21:25:00+00:00,9,0.75,0.4336,0.5449,0.8391,0.5153,0.0132,0.0102,0.0051,0.0092,CATEGORY_C_FALSE_OR_CHOP
342772,342777,2024-04-05 22:05:00+00:00,2024-04-05 22:30:00+00:00,6,0.5,0.5338,0.6075,0.5906,0.5681,0.0108,0.016,0.0031,0.0141,CATEGORY_C_FALSE_OR_CHOP
342784,342790,2024-04-05 23:05:00+00:00,2024-04-05 23:35:00+00:00,7,0.58,0.5198,0.5562,0.6888,0.5271,-0.0132,0.0272,0.0059,0.0202,CATEGORY_A_UPWARD_EXPANSION
342843,342848,2024-04-06 04:00:00+00:00,2024-04-06 04:25:00+00:00,6,0.5,0.4146,0.4715,1.8381,0.314,-0.1126,0.0311,0.0021,0.0227,CATEGORY_A_UPWARD_EXPANSION
342881,342887,2024-04-06 07:10:00+00:00,2024-04-06 07:40:00+00:00,7,0.58,0.3892,0.4407,1.0038,0.5189,-0.0611,0.0263,0.0068,0.0204,CATEGORY_A_UPWARD_EXPANSION
342895,342903,2024-04-06 08:20:00+00:00,2024-04-06 09:00:00+00:00,9,0.75,0.4741,0.5207,1.0611,0.5507,0.013,0.0256,0.0074,0.0206,CATEGORY_A_UPWARD_EXPANSION
343415,343420,2024-04-08 03:40:00+00:00,2024-04-08 04:05:00+00:00,6,0.5,0.525,0.6133,1.064,0.56,-0.1186,0.0491,0.0016,0.0249,CATEGORY_A_UPWARD_EXPANSION
343423,343432,2024-04-08 04:20:00+00:00,2024-04-08 05:05:00+00:00,10,0.83,0.5566,0.6106,0.9055,0.527,-0.0985,0.0476,0.0,0.023,CATEGORY_A_UPWARD_EXPANSION
343597,343602,2024-04-08 18:50:00+00:00,2024-04-08 19:15:00+00:00,6,0.5,0.5337,0.6238,1.9979,0.587,0.1763,0.002,0.0508,-0.0421,CATEGORY_B_DOWNWARD_EXPANSION
343691,343696,2024-04-09 02:40:00+00:00,2024-04-09 03:05:00+00:00,6,0.5,0.4489,0.5245,0.9887,0.4938,-0.0693,0.0032,0.0449,-0.0378,CATEGORY_B_DOWNWARD_EXPANSION
343879,343886,2024-04-09 18:20:00+00:00,2024-04-09 18:55:00+00:00,8,0.67,0.5181,0.5544,0.6568,0.5481,0.0397,0.015,0.0198,0.0063,CATEGORY_C_FALSE_OR_CHOP
343904,343911,2024-04-09 20:25:00+00:00,2024-04-09 21:00:00+00:00,8,0.67,0.402,0.4373,1.111,0.5937,0.0379,0.0153,0.0226,0.0096,CATEGORY_B_DOWNWARD_EXPANSION
343924,343932,2024-04-09 22:05:00+00:00,2024-04-09 22:45:00+00:00,9,0.75,0.3473,0.4223,1.2612,0.4578,-0.1249,0.0259,0.0268,0.0192,CATEGORY_C_FALSE_OR_CHOP
343999,344020,2024-04-10 04:20:00+00:00,2024-04-10 06:05:00+00:00,22,1.83,0.3124,0.4461,1.2072,0.4926,-0.0778,0.0271,0.0257,0.0207,CATEGORY_C_FALSE_OR_CHOP
344028,344034,2024-04-10 06:45:00+00:00,2024-04-10 07:15:00+00:00,7,0.58,0.4558,0.4887,1.2167,0.4239,0.1817,0.0251,0.0277,0.0247,CATEGORY_C_FALSE_OR_CHOP
344238,344245,2024-04-11 00:15:00+00:00,2024-04-11 00:50:00+00:00,8,0.67,0.5603,0.5664,0.7819,0.5096,0.103,0.0129,0.0118,-0.0016,CATEGORY_C_FALSE_OR_CHOP
344299,344306,2024-04-11 05:20:00+00:00,2024-04-11 05:55:00+00:00,8,0.67,0.506,0.5512,0.6627,0.4749,-0.1026,0.0102,0.0144,0.0053,CATEGORY_C_FALSE_OR_CHOP
344573,344579,2024-04-12 04:10:00+00:00,2024-04-12 04:40:00+00:00,7,0.58,0.4279,0.5386,1.2304,0.4521,0.0383,0.0032,0.0833,-0.0464,CATEGORY_B_DOWNWARD_EXPANSION
344651,344662,2024-04-12 10:40:00+00:00,2024-04-12 11:35:00+00:00,12,1.0,0.4054,0.5198,1.1756,0.4887,-0.0833,0.002,0.0811,-0.0468,CATEGORY_B_DOWNWARD_EXPANSION
344929,344935,2024-04-13 09:50:00+00:00,2024-04-13 10:20:00+00:00,7,0.58,0.4536,0.5104,1.0044,0.4429,0.1295,0.0075,0.1002,-0.0476,CATEGORY_B_DOWNWARD_EXPANSION
345298,345304,2024-04-14 16:35:00+00:00,2024-04-14 17:05:00+00:00,7,0.58,0.2597,0.2801,0.7085,0.5122,0.0395,0.0363,0.0303,0.0007,CATEGORY_C_FALSE_OR_CHOP
345334,345340,2024-04-14 19:35:00+00:00,2024-04-14 20:05:00+00:00,7,0.58,0.294,0.3467,0.9129,0.5557,0.0424,0.0405,0.031,-0.0109,CATEGORY_A_UPWARD_EXPANSION
345342,345347,2024-04-14 20:15:00+00:00,2024-04-14 20:40:00+00:00,6,0.5,0.4526,0.4925,0.8119,0.5339,0.0336,0.0429,0.0287,-0.0124,CATEGORY_A_UPWARD_EXPANSION
345399,345404,2024-04-15 01:00:00+00:00,2024-04-15 01:25:00+00:00,6,0.5,0.4931,0.5816,0.6615,0.5198,0.0483,0.0197,0.0503,-0.0297,CATEGORY_B_DOWNWARD_EXPANSION
345409,345419,2024-04-15 01:50:00+00:00,2024-04-15 02:40:00+00:00,11,0.92,0.4228,0.4485,0.6515,0.4931,-0.0044,0.0275,0.043,-0.0284,CATEGORY_B_DOWNWARD_EXPANSION
345425,345435,2024-04-15 03:10:00+00:00,2024-04-15 04:00:00+00:00,11,0.92,0.3893,0.4403,0.9581,0.4381,-0.057,0.0273,0.0432,-0.0331,CATEGORY_B_DOWNWARD_EXPANSION
345500,345505,2024-04-15 09:25:00+00:00,2024-04-15 09:50:00+00:00,6,0.5,0.5315,0.5747,1.587,0.4882,-0.089,0.0,0.0756,-0.0517,CATEGORY_B_DOWNWARD_EXPANSION
345511,345518,2024-04-15 10:20:00+00:00,2024-04-15 10:55:00+00:00,8,0.67,0.3123,0.3951,0.8536,0.4851,-0.016,0.0038,0.0732,-0.0588,CATEGORY_B_DOWNWARD_EXPANSION
345748,345755,2024-04-16 06:05:00+00:00,2024-04-16 06:40:00+00:00,8,0.67,0.6081,0.6302,0.7089,0.5358,-0.0226,0.0244,0.0217,0.0158,CATEGORY_C_FALSE_OR_CHOP
345781,345787,2024-04-16 08:50:00+00:00,2024-04-16 09:20:00+00:00,7,0.58,0.6422,0.6582,0.8499,0.5074,-0.0295,0.0177,0.0281,0.0023,CATEGORY_B_DOWNWARD_EXPANSION
345904,345915,2024-04-16 19:05:00+00:00,2024-04-16 20:00:00+00:00,12,1.0,0.5046,0.5767,1.2381,0.4789,-0.0125,0.0273,0.0495,-0.0256,CATEGORY_B_DOWNWARD_EXPANSION
345917,345925,2024-04-16 20:10:00+00:00,2024-04-16 20:50:00+00:00,9,0.75,0.5607,0.6148,1.3532,0.5162,-0.0949,0.0262,0.0505,-0.0326,CATEGORY_B_DOWNWARD_EXPANSION
345948,345959,2024-04-16 22:45:00+00:00,2024-04-16 23:40:00+00:00,12,1.0,0.3154,0.4059,1.119,0.4843,0.0368,0.0105,0.065,-0.0393,CATEGORY_B_DOWNWARD_EXPANSION
345999,346007,2024-04-17 03:00:00+00:00,2024-04-17 03:40:00+00:00,9,0.75,0.4226,0.5063,0.6626,0.4865,-0.0987,0.0091,0.0663,-0.0293,CATEGORY_B_DOWNWARD_EXPANSION
346040,346047,2024-04-17 06:25:00+00:00,2024-04-17 07:00:00+00:00,8,0.67,0.3995,0.4644,1.5118,0.5764,-0.004,0.0,0.0656,-0.0425,CATEGORY_B_DOWNWARD_EXPANSION
346072,346078,2024-04-17 09:05:00+00:00,2024-04-17 09:35:00+00:00,7,0.58,0.4788,0.5757,0.8425,0.4199,-0.0172,0.0007,0.0593,-0.0316,CATEGORY_B_DOWNWARD_EXPANSION
346091,346097,2024-04-17 10:40:00+00:00,2024-04-17 11:10:00+00:00,7,0.58,0.384,0.5581,0.7005,0.5017,0.0283,0.0022,0.0531,-0.0098,CATEGORY_B_DOWNWARD_EXPANSION
346234,346239,2024-04-17 22:35:00+00:00,2024-04-17 23:00:00+00:00,6,0.5,0.4141,0.4535,0.9569,0.6,0.1899,0.0408,0.013,0.0293,CATEGORY_A_UPWARD_EXPANSION
346311,346316,2024-04-18 05:00:00+00:00,2024-04-18 05:25:00+00:00,6,0.5,0.4346,0.5141,0.5212,0.4646,0.0048,0.039,0.0342,0.0048,CATEGORY_C_FALSE_OR_CHOP
346530,346538,2024-04-18 23:15:00+00:00,2024-04-18 23:55:00+00:00,9,0.75,0.4964,0.5527,0.635,0.3435,0.0785,0.0312,0.061,0.0055,CATEGORY_B_DOWNWARD_EXPANSION
346653,346659,2024-04-19 09:30:00+00:00,2024-04-19 10:00:00+00:00,7,0.58,0.4152,0.518,1.0699,0.5209,-0.0072,0.0084,0.0301,-0.0194,CATEGORY_B_DOWNWARD_EXPANSION
346766,346779,2024-04-19 18:55:00+00:00,2024-04-19 20:00:00+00:00,14,1.17,0.3542,0.4416,0.9713,0.529,-0.0603,0.0178,0.0206,0.0098,CATEGORY_C_FALSE_OR_CHOP
346798,346805,2024-04-19 21:35:00+00:00,2024-04-19 22:10:00+00:00,8,0.67,0.2088,0.2909,1.7279,0.5018,0.0138,0.0147,0.0236,0.002,CATEGORY_B_DOWNWARD_EXPANSION
346843,346857,2024-04-20 01:20:00+00:00,2024-04-20 02:30:00+00:00,15,1.25,0.3857,0.4885,0.9768,0.5762,0.0493,0.0265,0.0071,0.025,CATEGORY_A_UPWARD_EXPANSION
346865,346881,2024-04-20 03:10:00+00:00,2024-04-20 04:30:00+00:00,17,1.42,0.3134,0.4843,0.8882,0.4419,0.0138,0.0272,0.0106,0.0163,CATEGORY_A_UPWARD_EXPANSION
346894,346899,2024-04-20 05:35:00+00:00,2024-04-20 06:00:00+00:00,6,0.5,0.3388,0.4467,1.7035,0.566,0.0987,0.0254,0.0123,0.0149,CATEGORY_A_UPWARD_EXPANSION
346913,346922,2024-04-20 07:10:00+00:00,2024-04-20 07:55:00+00:00,10,0.83,0.2964,0.4009,0.679,0.3941,-0.0674,0.0271,0.0107,0.0186,CATEGORY_A_UPWARD_EXPANSION
347061,347070,2024-04-20 19:30:00+00:00,2024-04-20 20:15:00+00:00,10,0.83,0.4131,0.4789,0.5848,0.5321,0.1186,0.0133,0.0092,-0.0033,CATEGORY_C_FALSE_OR_CHOP
347075,347086,2024-04-20 20:40:00+00:00,2024-04-20 21:35:00+00:00,12,1.0,0.2747,0.4763,1.084,0.4101,-0.0423,0.0163,0.0062,0.0007,CATEGORY_C_FALSE_OR_CHOP
347171,347176,2024-04-21 04:40:00+00:00,2024-04-21 05:05:00+00:00,6,0.5,0.5498,0.6237,0.7674,0.595,-0.1,0.0152,0.0132,0.0112,CATEGORY_C_FALSE_OR_CHOP
347178,347189,2024-04-21 05:15:00+00:00,2024-04-21 06:10:00+00:00,12,1.0,0.4574,0.6414,1.7159,0.4629,-0.055,0.0215,0.0119,0.0181,CATEGORY_A_UPWARD_EXPANSION
347192,347200,2024-04-21 06:25:00+00:00,2024-04-21 07:05:00+00:00,9,0.75,0.5103,0.5295,1.4781,0.4135,-0.043,0.0214,0.0131,0.0195,CATEGORY_A_UPWARD_EXPANSION
347238,347246,2024-04-21 10:15:00+00:00,2024-04-21 10:55:00+00:00,9,0.75,0.549,0.5735,1.0864,0.5235,0.0642,0.0235,0.011,0.0168,CATEGORY_A_UPWARD_EXPANSION
347347,347352,2024-04-21 19:20:00+00:00,2024-04-21 19:45:00+00:00,6,0.5,0.5614,0.5974,0.8384,0.5017,-0.1209,0.0326,0.0054,0.0267,CATEGORY_A_UPWARD_EXPANSION
347398,347403,2024-04-21 23:35:00+00:00,2024-04-22 00:00:00+00:00,6,0.5,0.611,0.646,1.0739,0.5934,-0.1338,0.0351,0.007,0.0276,CATEGORY_A_UPWARD_EXPANSION
347529,347535,2024-04-22 10:30:00+00:00,2024-04-22 11:00:00+00:00,7,0.58,0.4933,0.5265,0.9708,0.5347,0.1256,0.0179,0.0064,0.0016,CATEGORY_C_FALSE_OR_CHOP
347655,347661,2024-04-22 21:00:00+00:00,2024-04-22 21:30:00+00:00,7,0.58,0.3638,0.4587,0.5105,0.5086,0.009,0.0114,0.0107,-0.0016,CATEGORY_C_FALSE_OR_CHOP
347717,347723,2024-04-23 02:10:00+00:00,2024-04-23 02:40:00+00:00,7,0.58,0.4499,0.5133,0.8265,0.4955,0.0819,0.0048,0.0156,-0.0025,CATEGORY_C_FALSE_OR_CHOP
347801,347810,2024-04-23 09:10:00+00:00,2024-04-23 09:55:00+00:00,10,0.83,0.5065,0.6519,1.0334,0.469,-0.0145,0.0162,0.0044,0.0046,CATEGORY_C_FALSE_OR_CHOP
347894,347903,2024-04-23 16:55:00+00:00,2024-04-23 17:40:00+00:00,10,0.83,0.5412,0.6315,0.841,0.5489,0.054,0.0047,0.0361,-0.0268,CATEGORY_B_DOWNWARD_EXPANSION
347905,347914,2024-04-23 17:50:00+00:00,2024-04-23 18:35:00+00:00,10,0.83,0.4072,0.4969,0.6089,0.4631,-0.0427,0.0057,0.0351,-0.0289,CATEGORY_B_DOWNWARD_EXPANSION
348197,348202,2024-04-24 18:10:00+00:00,2024-04-24 18:35:00+00:00,6,0.5,0.4091,0.5216,1.6273,0.5633,0.085,0.0033,0.0303,-0.0032,CATEGORY_B_DOWNWARD_EXPANSION
348339,348344,2024-04-25 06:00:00+00:00,2024-04-25 06:25:00+00:00,6,0.5,0.465,0.5467,0.9742,0.5583,-0.1003,0.0153,0.0236,0.0015,CATEGORY_B_DOWNWARD_EXPANSION
348546,348556,2024-04-25 23:15:00+00:00,2024-04-26 00:05:00+00:00,11,0.92,0.4675,0.6023,0.999,0.5163,0.015,0.0049,0.0187,-0.0112,CATEGORY_C_FALSE_OR_CHOP
348626,348633,2024-04-26 05:55:00+00:00,2024-04-26 06:30:00+00:00,8,0.67,0.4545,0.5648,0.9315,0.3899,0.12,0.0065,0.0313,-0.0238,CATEGORY_B_DOWNWARD_EXPANSION
348779,348785,2024-04-26 18:40:00+00:00,2024-04-26 19:10:00+00:00,7,0.58,0.5539,0.5881,1.3905,0.4019,0.0202,0.0022,0.0246,-0.0096,CATEGORY_B_DOWNWARD_EXPANSION
348815,348823,2024-04-26 21:40:00+00:00,2024-04-26 22:20:00+00:00,9,0.75,0.4288,0.4564,1.1189,0.5711,-0.1689,0.0,0.0245,-0.0099,CATEGORY_B_DOWNWARD_EXPANSION
348836,348844,2024-04-26 23:25:00+00:00,2024-04-27 00:05:00+00:00,9,0.75,0.4724,0.5873,1.3447,0.5081,-0.1576,0.0022,0.0218,-0.0043,CATEGORY_B_DOWNWARD_EXPANSION
348934,348941,2024-04-27 07:35:00+00:00,2024-04-27 08:10:00+00:00,8,0.67,0.2679,0.3289,1.4111,0.4171,-0.001,0.0222,0.0047,0.015,CATEGORY_A_UPWARD_EXPANSION
348943,348950,2024-04-27 08:20:00+00:00,2024-04-27 08:55:00+00:00,8,0.67,0.2895,0.3249,0.9153,0.4477,0.1331,0.0215,0.0054,0.011,CATEGORY_A_UPWARD_EXPANSION
349095,349101,2024-04-27 21:00:00+00:00,2024-04-27 21:30:00+00:00,7,0.58,0.4087,0.5428,1.2178,0.3969,0.2005,0.0181,0.0,0.0066,CATEGORY_C_FALSE_OR_CHOP
349109,349118,2024-04-27 22:10:00+00:00,2024-04-27 22:55:00+00:00,10,0.83,0.3131,0.3755,0.7896,0.4058,-0.0276,0.0175,0.0062,-0.0017,CATEGORY_C_FALSE_OR_CHOP
349282,349287,2024-04-28 12:35:00+00:00,2024-04-28 13:00:00+00:00,6,0.5,0.5041,0.5429,1.9545,0.3706,-0.1929,0.0069,0.0254,-0.0134,CATEGORY_B_DOWNWARD_EXPANSION
349344,349353,2024-04-28 17:45:00+00:00,2024-04-28 18:30:00+00:00,10,0.83,0.4707,0.6045,0.8084,0.5119,-0.0132,0.0031,0.0316,-0.0153,CATEGORY_B_DOWNWARD_EXPANSION
349375,349382,2024-04-28 20:20:00+00:00,2024-04-28 20:55:00+00:00,8,0.67,0.5016,0.5579,0.451,0.5784,0.0965,0.0009,0.0302,-0.0113,CATEGORY_B_DOWNWARD_EXPANSION
349384,349389,2024-04-28 21:05:00+00:00,2024-04-28 21:30:00+00:00,6,0.5,0.4359,0.4752,0.9843,0.5733,-0.1397,0.0012,0.0295,-0.011,CATEGORY_B_DOWNWARD_EXPANSION
349676,349681,2024-04-29 21:25:00+00:00,2024-04-29 21:50:00+00:00,6,0.5,0.5763,0.6255,1.1708,0.5445,0.0664,0.026,0.0618,-0.045,CATEGORY_B_DOWNWARD_EXPANSION
349786,349796,2024-04-30 06:35:00+00:00,2024-04-30 07:25:00+00:00,11,0.92,0.2803,0.5173,0.9994,0.4991,0.0422,0.0015,0.0926,-0.0848,CATEGORY_B_DOWNWARD_EXPANSION
350033,350056,2024-05-01 03:10:00+00:00,2024-05-01 05:05:00+00:00,24,2.0,0.3761,0.4708,0.7675,0.465,-0.0122,0.0,0.0616,-0.0461,CATEGORY_B_DOWNWARD_EXPANSION
350265,350277,2024-05-01 22:30:00+00:00,2024-05-01 23:30:00+00:00,13,1.08,0.3373,0.4859,0.8624,0.4581,-0.0356,0.0271,0.0197,0.0189,CATEGORY_A_UPWARD_EXPANSION
350318,350323,2024-05-02 02:55:00+00:00,2024-05-02 03:20:00+00:00,6,0.5,0.4256,0.4661,1.319,0.4719,-0.0877,0.0423,0.0062,0.0401,CATEGORY_A_UPWARD_EXPANSION
350325,350337,2024-05-02 03:30:00+00:00,2024-05-02 04:30:00+00:00,13,1.08,0.3374,0.465,0.5902,0.5042,0.0663,0.0421,0.0065,0.0352,CATEGORY_A_UPWARD_EXPANSION
350371,350378,2024-05-02 07:20:00+00:00,2024-05-02 07:55:00+00:00,8,0.67,0.3647,0.415,0.7507,0.525,0.1483,0.0402,0.0021,0.0262,CATEGORY_A_UPWARD_EXPANSION
350479,350487,2024-05-02 16:20:00+00:00,2024-05-02 17:00:00+00:00,9,0.75,0.4416,0.5181,0.5952,0.4536,0.0621,0.0535,0.0065,0.0428,CATEGORY_A_UPWARD_EXPANSION
350491,350496,2024-05-02 17:20:00+00:00,2024-05-02 17:45:00+00:00,6,0.5,0.3474,0.4081,0.7414,0.435,-0.0724,0.0535,0.0065,0.0478,CATEGORY_A_UPWARD_EXPANSION
350559,350571,2024-05-02 23:00:00+00:00,2024-05-03 00:00:00+00:00,13,1.08,0.4701,0.5705,1.1245,0.3249,0.032,0.0722,0.0043,0.064,CATEGORY_A_UPWARD_EXPANSION
350626,350645,2024-05-03 04:35:00+00:00,2024-05-03 06:10:00+00:00,20,1.67,0.3061,0.4753,1.1882,0.3992,-0.0219,0.0686,0.0112,0.0608,CATEGORY_A_UPWARD_EXPANSION
350647,350652,2024-05-03 06:20:00+00:00,2024-05-03 06:45:00+00:00,6,0.5,0.4809,0.5054,0.609,0.409,-0.0902,0.0717,0.0082,0.0626,CATEGORY_A_UPWARD_EXPANSION
350897,350906,2024-05-04 03:10:00+00:00,2024-05-04 03:55:00+00:00,10,0.83,0.3661,0.4175,0.7214,0.5127,-0.1177,0.029,0.0006,0.0082,CATEGORY_A_UPWARD_EXPANSION
350951,350958,2024-05-04 07:40:00+00:00,2024-05-04 08:15:00+00:00,8,0.67,0.4183,0.4422,1.0693,0.4175,0.2237,0.0228,0.0044,0.0105,CATEGORY_A_UPWARD_EXPANSION
351074,351083,2024-05-04 17:55:00+00:00,2024-05-04 18:40:00+00:00,10,0.83,0.5186,0.5737,1.1099,0.643,-0.0219,0.0141,0.0145,0.0034,CATEGORY_C_FALSE_OR_CHOP
351085,351095,2024-05-04 18:50:00+00:00,2024-05-04 19:40:00+00:00,11,0.92,0.3583,0.4787,0.9372,0.4866,0.0438,0.015,0.0136,0.0028,CATEGORY_C_FALSE_OR_CHOP
351200,351207,2024-05-05 04:25:00+00:00,2024-05-05 05:00:00+00:00,8,0.67,0.4194,0.4508,0.7408,0.5451,-0.1089,0.02,0.0041,0.0119,CATEGORY_C_FALSE_OR_CHOP
351264,351269,2024-05-05 09:45:00+00:00,2024-05-05 10:10:00+00:00,6,0.5,0.2748,0.4151,1.6342,0.4706,0.0175,0.0272,0.0033,0.0222,CATEGORY_A_UPWARD_EXPANSION
351271,351276,2024-05-05 10:20:00+00:00,2024-05-05 10:45:00+00:00,6,0.5,0.4918,0.5549,1.211,0.3128,-0.1258,0.0298,0.0007,0.0044,CATEGORY_A_UPWARD_EXPANSION
351378,351387,2024-05-05 19:15:00+00:00,2024-05-05 20:00:00+00:00,10,0.83,0.395,0.4975,1.2922,0.4726,0.0353,0.0262,0.0177,-0.0107,CATEGORY_A_UPWARD_EXPANSION
351685,351691,2024-05-06 20:50:00+00:00,2024-05-06 21:20:00+00:00,7,0.58,0.48,0.5942,1.342,0.5298,0.0621,0.0146,0.0111,-0.0053,CATEGORY_C_FALSE_OR_CHOP
351703,351711,2024-05-06 22:20:00+00:00,2024-05-06 23:00:00+00:00,9,0.75,0.3879,0.4459,1.0967,0.5515,0.0215,0.0158,0.017,-0.0158,CATEGORY_C_FALSE_OR_CHOP
351755,351762,2024-05-07 02:40:00+00:00,2024-05-07 03:15:00+00:00,8,0.67,0.5256,0.5648,0.9664,0.4204,-0.0676,0.0123,0.0241,-0.0156,CATEGORY_B_DOWNWARD_EXPANSION
351777,351784,2024-05-07 04:30:00+00:00,2024-05-07 05:05:00+00:00,8,0.67,0.4321,0.4909,1.4903,0.5427,0.12,0.0151,0.0213,-0.0155,CATEGORY_B_DOWNWARD_EXPANSION
351803,351808,2024-05-07 06:40:00+00:00,2024-05-07 07:05:00+00:00,6,0.5,0.5041,0.5675,0.8046,0.432,-0.1376,0.0132,0.0231,-0.0189,CATEGORY_B_DOWNWARD_EXPANSION
351974,351980,2024-05-07 20:55:00+00:00,2024-05-07 21:25:00+00:00,7,0.58,0.4167,0.4677,1.202,0.589,0.0389,0.0,0.0277,-0.0234,CATEGORY_B_DOWNWARD_EXPANSION
352057,352062,2024-05-08 03:50:00+00:00,2024-05-08 04:15:00+00:00,6,0.5,0.5918,0.6912,1.0975,0.4134,-0.0599,0.0011,0.0327,-0.0198,CATEGORY_B_DOWNWARD_EXPANSION
352136,352142,2024-05-08 10:25:00+00:00,2024-05-08 10:55:00+00:00,7,0.58,0.5138,0.586,0.7176,0.4809,0.1211,0.0061,0.0268,-0.0263,CATEGORY_B_DOWNWARD_EXPANSION
352227,352234,2024-05-08 18:00:00+00:00,2024-05-08 18:35:00+00:00,8,0.67,0.4596,0.5922,1.2664,0.4614,-0.009,0.001,0.0316,-0.0091,CATEGORY_B_DOWNWARD_EXPANSION
352303,352328,2024-05-09 00:20:00+00:00,2024-05-09 02:25:00+00:00,26,2.17,0.3096,0.4635,0.7461,0.4872,0.037,0.0297,0.0157,0.021,CATEGORY_A_UPWARD_EXPANSION
352355,352362,2024-05-09 04:40:00+00:00,2024-05-09 05:15:00+00:00,8,0.67,0.4301,0.5179,0.522,0.4803,0.0236,0.0301,0.0153,0.0199,CATEGORY_A_UPWARD_EXPANSION
352564,352569,2024-05-09 22:05:00+00:00,2024-05-09 22:30:00+00:00,6,0.5,0.5433,0.6089,0.8527,0.5075,-0.0,0.0116,0.0407,-0.0315,CATEGORY_B_DOWNWARD_EXPANSION
352627,352635,2024-05-10 03:20:00+00:00,2024-05-10 04:00:00+00:00,9,0.75,0.4715,0.6521,0.7996,0.4666,0.0432,0.0084,0.0438,-0.0339,CATEGORY_B_DOWNWARD_EXPANSION
352687,352694,2024-05-10 08:20:00+00:00,2024-05-10 08:55:00+00:00,8,0.67,0.4653,0.5368,1.4245,0.4806,0.0404,0.0068,0.0453,-0.0357,CATEGORY_B_DOWNWARD_EXPANSION
352697,352702,2024-05-10 09:10:00+00:00,2024-05-10 09:35:00+00:00,6,0.5,0.5449,0.568,0.6889,0.5091,-0.1282,0.0074,0.0447,-0.0361,CATEGORY_B_DOWNWARD_EXPANSION
352866,352871,2024-05-10 23:15:00+00:00,2024-05-10 23:40:00+00:00,6,0.5,0.3379,0.4279,0.8494,0.5749,0.1235,0.0088,0.008,-0.0027,CATEGORY_C_FALSE_OR_CHOP
352875,352880,2024-05-11 00:00:00+00:00,2024-05-11 00:25:00+00:00,6,0.5,0.4828,0.5121,0.7141,0.4834,0.1127,0.0106,0.0063,0.0024,CATEGORY_C_FALSE_OR_CHOP
352901,352906,2024-05-11 02:10:00+00:00,2024-05-11 02:35:00+00:00,6,0.5,0.3599,0.4018,0.9418,0.583,0.233,0.0101,0.0067,0.0001,CATEGORY_C_FALSE_OR_CHOP
352910,352917,2024-05-11 02:55:00+00:00,2024-05-11 03:30:00+00:00,8,0.67,0.355,0.3893,1.0484,0.4239,0.06,0.0111,0.0058,0.0009,CATEGORY_C_FALSE_OR_CHOP
352926,352932,2024-05-11 04:15:00+00:00,2024-05-11 04:45:00+00:00,7,0.58,0.3707,0.4442,0.5583,0.3605,0.044,0.0115,0.0054,0.004,CATEGORY_C_FALSE_OR_CHOP
352958,352963,2024-05-11 06:55:00+00:00,2024-05-11 07:20:00+00:00,6,0.5,0.3464,0.3685,1.0256,0.3527,0.0523,0.0101,0.0068,-0.0013,CATEGORY_C_FALSE_OR_CHOP
353112,353117,2024-05-11 19:45:00+00:00,2024-05-11 20:10:00+00:00,6,0.5,0.5148,0.5806,0.737,0.5619,-0.1326,0.0129,0.008,0.0041,CATEGORY_C_FALSE_OR_CHOP
353149,353156,2024-05-11 22:50:00+00:00,2024-05-11 23:25:00+00:00,8,0.67,0.414,0.4906,0.8423,0.5085,0.0994,0.0149,0.0061,0.0075,CATEGORY_C_FALSE_OR_CHOP
353305,353315,2024-05-12 11:50:00+00:00,2024-05-12 12:40:00+00:00,11,0.92,0.4381,0.5609,1.136,0.3813,0.0375,0.0348,0.0068,0.0259,CATEGORY_A_UPWARD_EXPANSION
353339,353344,2024-05-12 14:40:00+00:00,2024-05-12 15:05:00+00:00,6,0.5,0.5892,0.618,1.0408,0.4965,0.0963,0.0344,0.0072,0.0266,CATEGORY_A_UPWARD_EXPANSION
353673,353682,2024-05-13 18:30:00+00:00,2024-05-13 19:15:00+00:00,10,0.83,0.4058,0.5,2.5764,0.5778,0.0887,0.0026,0.0299,-0.0243,CATEGORY_B_DOWNWARD_EXPANSION
353698,353716,2024-05-13 20:35:00+00:00,2024-05-13 22:05:00+00:00,19,1.58,0.355,0.467,1.2507,0.4134,0.0128,0.0028,0.0286,-0.0197,CATEGORY_B_DOWNWARD_EXPANSION
353784,353800,2024-05-14 03:45:00+00:00,2024-05-14 05:05:00+00:00,17,1.42,0.4755,0.5286,0.5331,0.5209,-0.0888,0.0045,0.0217,-0.0089,CATEGORY_B_DOWNWARD_EXPANSION
353805,353810,2024-05-14 05:30:00+00:00,2024-05-14 05:55:00+00:00,6,0.5,0.4732,0.5105,0.96,0.4368,-0.2035,0.0,0.0251,-0.0126,CATEGORY_B_DOWNWARD_EXPANSION
353979,353987,2024-05-14 20:00:00+00:00,2024-05-14 20:40:00+00:00,9,0.75,0.2731,0.3709,0.9138,0.456,0.1582,0.0772,0.0055,0.0671,CATEGORY_A_UPWARD_EXPANSION
354021,354026,2024-05-14 23:30:00+00:00,2024-05-14 23:55:00+00:00,6,0.5,0.3713,0.4023,0.4323,0.5267,0.1735,0.079,0.0042,0.0752,CATEGORY_A_UPWARD_EXPANSION
354355,354364,2024-05-16 03:20:00+00:00,2024-05-16 04:05:00+00:00,10,0.83,0.3344,0.3899,0.7922,0.4996,-0.1071,0.0116,0.021,-0.0064,CATEGORY_B_DOWNWARD_EXPANSION
354600,354605,2024-05-16 23:45:00+00:00,2024-05-17 00:10:00+00:00,6,0.5,0.5091,0.5341,1.0666,0.5119,0.0153,0.0322,0.0036,0.0249,CATEGORY_A_UPWARD_EXPANSION
354664,354670,2024-05-17 05:05:00+00:00,2024-05-17 05:35:00+00:00,7,0.58,0.5586,0.5929,1.1931,0.3734,-0.035,0.0288,0.0001,0.0197,CATEGORY_A_UPWARD_EXPANSION
354711,354716,2024-05-17 09:00:00+00:00,2024-05-17 09:25:00+00:00,6,0.5,0.4724,0.5455,1.1108,0.4696,0.0935,0.0188,0.0057,0.0123,CATEGORY_C_FALSE_OR_CHOP
354718,354726,2024-05-17 09:35:00+00:00,2024-05-17 10:15:00+00:00,9,0.75,0.5616,0.5898,1.6267,0.4467,0.058,0.018,0.0065,0.0145,CATEGORY_C_FALSE_OR_CHOP
354854,354866,2024-05-17 20:55:00+00:00,2024-05-17 21:55:00+00:00,13,1.08,0.328,0.476,0.8663,0.3467,-0.028,0.0088,0.0032,0.0013,CATEGORY_C_FALSE_OR_CHOP
354872,354879,2024-05-17 22:25:00+00:00,2024-05-17 23:00:00+00:00,8,0.67,0.3168,0.3253,1.434,0.4845,0.0025,0.0098,0.0022,0.0031,CATEGORY_C_FALSE_OR_CHOP
354900,354909,2024-05-18 00:45:00+00:00,2024-05-18 01:30:00+00:00,10,0.83,0.3796,0.4919,0.8028,0.5196,-0.0699,0.0083,0.0037,0.0011,CATEGORY_C_FALSE_OR_CHOP
354941,354946,2024-05-18 04:10:00+00:00,2024-05-18 04:35:00+00:00,6,0.5,0.4814,0.4913,0.6082,0.4733,-0.0479,0.0073,0.0047,0.0021,CATEGORY_C_FALSE_OR_CHOP
354955,354962,2024-05-18 05:20:00+00:00,2024-05-18 05:55:00+00:00,8,0.67,0.241,0.2829,1.274,0.475,0.1258,0.0082,0.0038,0.0036,CATEGORY_C_FALSE_OR_CHOP
355005,355010,2024-05-18 09:30:00+00:00,2024-05-18 09:55:00+00:00,6,0.5,0.477,0.5249,1.4777,0.4767,-0.0794,0.0041,0.0078,0.0008,CATEGORY_C_FALSE_OR_CHOP
355098,355103,2024-05-18 17:15:00+00:00,2024-05-18 17:40:00+00:00,6,0.5,0.6115,0.6198,1.0557,0.378,-0.0512,0.0131,0.0045,-0.0013,CATEGORY_C_FALSE_OR_CHOP
355123,355129,2024-05-18 19:20:00+00:00,2024-05-18 19:50:00+00:00,7,0.58,0.3231,0.3696,1.1189,0.477,-0.1428,0.0124,0.0151,-0.013,CATEGORY_C_FALSE_OR_CHOP
355165,355173,2024-05-18 22:50:00+00:00,2024-05-18 23:30:00+00:00,9,0.75,0.3898,0.4468,0.6769,0.5227,-0.1156,0.0109,0.0166,-0.0101,CATEGORY_C_FALSE_OR_CHOP
355195,355202,2024-05-19 01:20:00+00:00,2024-05-19 01:55:00+00:00,8,0.67,0.3405,0.4427,1.2019,0.5028,-0.0612,0.0117,0.0159,-0.006,CATEGORY_C_FALSE_OR_CHOP
355248,355253,2024-05-19 05:45:00+00:00,2024-05-19 06:10:00+00:00,6,0.5,0.4798,0.4929,0.6282,0.5044,-0.0454,0.0089,0.0185,-0.0012,CATEGORY_C_FALSE_OR_CHOP
355431,355436,2024-05-19 21:00:00+00:00,2024-05-19 21:25:00+00:00,6,0.5,0.5365,0.5772,0.7686,0.4961,0.0524,0.0648,0.002,0.0466,CATEGORY_A_UPWARD_EXPANSION
355504,355509,2024-05-20 03:05:00+00:00,2024-05-20 03:30:00+00:00,6,0.5,0.6143,0.6618,0.3944,0.3936,0.0222,0.0804,0.0051,0.0706,CATEGORY_A_UPWARD_EXPANSION
355534,355540,2024-05-20 05:35:00+00:00,2024-05-20 06:05:00+00:00,7,0.58,0.4781,0.5786,1.1137,0.5028,0.0841,0.0733,0.0117,0.0614,CATEGORY_A_UPWARD_EXPANSION
355579,355587,2024-05-20 09:20:00+00:00,2024-05-20 10:00:00+00:00,9,0.75,0.5566,0.6301,0.7779,0.4315,-0.1005,0.0756,0.0025,0.061,CATEGORY_A_UPWARD_EXPANSION
355792,355797,2024-05-21 03:05:00+00:00,2024-05-21 03:30:00+00:00,6,0.5,0.4092,0.5264,0.782,0.4912,0.0919,0.0021,0.0303,-0.02,CATEGORY_B_DOWNWARD_EXPANSION
355799,355815,2024-05-21 03:40:00+00:00,2024-05-21 05:00:00+00:00,17,1.42,0.2979,0.4234,1.1007,0.4274,0.0972,0.0086,0.024,-0.0181,CATEGORY_B_DOWNWARD_EXPANSION
355846,355851,2024-05-21 07:35:00+00:00,2024-05-21 08:00:00+00:00,6,0.5,0.4178,0.4565,0.6715,0.3791,-0.0065,0.0076,0.025,-0.0174,CATEGORY_B_DOWNWARD_EXPANSION
355858,355863,2024-05-21 08:35:00+00:00,2024-05-21 09:00:00+00:00,6,0.5,0.3727,0.4196,0.9175,0.5294,-0.0371,0.0079,0.0247,-0.0138,CATEGORY_B_DOWNWARD_EXPANSION
356008,356015,2024-05-21 21:05:00+00:00,2024-05-21 21:40:00+00:00,8,0.67,0.4567,0.4939,0.5294,0.4343,-0.0018,0.0165,0.0097,-0.0011,CATEGORY_C_FALSE_OR_CHOP
356163,356168,2024-05-22 10:00:00+00:00,2024-05-22 10:25:00+00:00,6,0.5,0.6523,0.6643,1.1605,0.5552,0.1218,0.0079,0.0181,-0.0053,CATEGORY_C_FALSE_OR_CHOP
356176,356182,2024-05-22 11:05:00+00:00,2024-05-22 11:35:00+00:00,7,0.58,0.429,0.5003,0.5941,0.509,-0.0303,0.0091,0.017,-0.0011,CATEGORY_C_FALSE_OR_CHOP
356356,356364,2024-05-23 02:05:00+00:00,2024-05-23 02:45:00+00:00,9,0.75,0.4415,0.4929,1.1581,0.4418,-0.0422,0.0096,0.0449,-0.0241,CATEGORY_B_DOWNWARD_EXPANSION
356368,356377,2024-05-23 03:05:00+00:00,2024-05-23 03:50:00+00:00,10,0.83,0.3821,0.4145,0.9817,0.4321,-0.0838,0.0103,0.0442,-0.022,CATEGORY_B_DOWNWARD_EXPANSION
356638,356647,2024-05-24 01:35:00+00:00,2024-05-24 02:20:00+00:00,10,0.83,0.3605,0.4015,0.7374,0.5627,-0.0519,0.0217,0.0174,0.0149,CATEGORY_C_FALSE_OR_CHOP
356734,356746,2024-05-24 09:35:00+00:00,2024-05-24 10:35:00+00:00,13,1.08,0.284,0.4282,0.5772,0.5047,-0.1715,0.0278,0.0068,0.0258,CATEGORY_A_UPWARD_EXPANSION
356748,356755,2024-05-24 10:45:00+00:00,2024-05-24 11:20:00+00:00,8,0.67,0.4754,0.4884,0.9787,0.4421,0.0919,0.0318,0.0073,0.0312,CATEGORY_A_UPWARD_EXPANSION
356882,356891,2024-05-24 21:55:00+00:00,2024-05-24 22:40:00+00:00,10,0.83,0.2512,0.5007,1.3853,0.4847,0.0706,0.0115,0.0046,0.0043,CATEGORY_C_FALSE_OR_CHOP
356893,356903,2024-05-24 22:50:00+00:00,2024-05-24 23:40:00+00:00,11,0.92,0.441,0.4675,1.3285,0.4254,-0.146,0.0145,0.0017,0.0094,CATEGORY_C_FALSE_OR_CHOP
356965,356973,2024-05-25 04:50:00+00:00,2024-05-25 05:30:00+00:00,9,0.75,0.3194,0.342,0.8692,0.5261,0.0491,0.0119,0.0025,0.0036,CATEGORY_C_FALSE_OR_CHOP
356986,356991,2024-05-25 06:35:00+00:00,2024-05-25 07:00:00+00:00,6,0.5,0.384,0.393,1.6145,0.554,0.0293,0.0141,0.0,0.0071,CATEGORY_C_FALSE_OR_CHOP
357108,357114,2024-05-25 16:45:00+00:00,2024-05-25 17:15:00+00:00,7,0.58,0.3743,0.551,1.1085,0.3942,0.0364,0.0087,0.0043,-0.0014,CATEGORY_C_FALSE_OR_CHOP
357138,357144,2024-05-25 19:15:00+00:00,2024-05-25 19:45:00+00:00,7,0.58,0.5187,0.5951,0.8434,0.3333,-0.0897,0.0062,0.0067,-0.004,CATEGORY_C_FALSE_OR_CHOP
357146,357151,2024-05-25 19:55:00+00:00,2024-05-25 20:20:00+00:00,6,0.5,0.4169,0.5097,1.0063,0.46,0.0344,0.0061,0.0068,-0.0049,CATEGORY_C_FALSE_OR_CHOP
357196,357208,2024-05-26 00:05:00+00:00,2024-05-26 01:05:00+00:00,13,1.08,0.3488,0.4953,0.4735,0.5381,-0.0474,0.0056,0.0151,-0.0057,CATEGORY_C_FALSE_OR_CHOP
357319,357329,2024-05-26 10:20:00+00:00,2024-05-26 11:10:00+00:00,11,0.92,0.3627,0.421,1.1911,0.5525,-0.0342,0.0026,0.0158,-0.0088,CATEGORY_C_FALSE_OR_CHOP
357440,357446,2024-05-26 20:25:00+00:00,2024-05-26 20:55:00+00:00,7,0.58,0.3534,0.4685,1.2281,0.4729,0.0291,0.0286,0.0086,0.0137,CATEGORY_A_UPWARD_EXPANSION
358049,358060,2024-05-28 23:10:00+00:00,2024-05-29 00:05:00+00:00,12,1.0,0.2286,0.5111,1.1019,0.4549,-0.0075,0.0083,0.0182,-0.0088,CATEGORY_C_FALSE_OR_CHOP
358123,358129,2024-05-29 05:20:00+00:00,2024-05-29 05:50:00+00:00,7,0.58,0.607,0.6168,0.9633,0.4764,-0.1756,0.0002,0.0223,-0.0079,CATEGORY_B_DOWNWARD_EXPANSION
358183,358190,2024-05-29 10:20:00+00:00,2024-05-29 10:55:00+00:00,8,0.67,0.4838,0.5808,0.6139,0.5553,0.0815,0.0064,0.0127,-0.0007,CATEGORY_C_FALSE_OR_CHOP
358193,358200,2024-05-29 11:10:00+00:00,2024-05-29 11:45:00+00:00,8,0.67,0.4384,0.479,1.2544,0.4723,0.0358,0.0072,0.0119,-0.0,CATEGORY_C_FALSE_OR_CHOP
358285,358291,2024-05-29 18:50:00+00:00,2024-05-29 19:20:00+00:00,7,0.58,0.4647,0.5599,0.7417,0.4727,0.1213,0.0288,0.0063,0.0221,CATEGORY_A_UPWARD_EXPANSION
358329,358341,2024-05-29 22:30:00+00:00,2024-05-29 23:30:00+00:00,13,1.08,0.3616,0.5367,1.7137,0.4089,-0.0708,0.0271,0.0079,0.0121,CATEGORY_A_UPWARD_EXPANSION
358413,358418,2024-05-30 05:30:00+00:00,2024-05-30 05:55:00+00:00,6,0.5,0.3069,0.3659,0.8328,0.4469,-0.1075,0.02,0.0148,0.0045,CATEGORY_A_UPWARD_EXPANSION
358613,358626,2024-05-30 22:10:00+00:00,2024-05-30 23:15:00+00:00,14,1.17,0.3937,0.5762,1.3522,0.5168,0.0084,0.0096,0.0251,-0.0145,CATEGORY_B_DOWNWARD_EXPANSION
358669,358677,2024-05-31 02:50:00+00:00,2024-05-31 03:30:00+00:00,9,0.75,0.3147,0.5002,1.052,0.3775,-0.0944,0.0078,0.0269,-0.0119,CATEGORY_B_DOWNWARD_EXPANSION
358850,358856,2024-05-31 17:55:00+00:00,2024-05-31 18:25:00+00:00,7,0.58,0.3802,0.4669,1.2381,0.5085,-0.0217,0.0103,0.002,0.0064,CATEGORY_C_FALSE_OR_CHOP
358903,358909,2024-05-31 22:20:00+00:00,2024-05-31 22:50:00+00:00,7,0.58,0.4553,0.5575,1.0058,0.3917,0.0618,0.0046,0.0052,0.0028,CATEGORY_C_FALSE_OR_CHOP
358954,358960,2024-06-01 02:35:00+00:00,2024-06-01 03:05:00+00:00,7,0.58,0.1775,0.2664,1.0721,0.5348,0.0679,0.0029,0.0024,0.001,CATEGORY_C_FALSE_OR_CHOP
358963,358969,2024-06-01 03:20:00+00:00,2024-06-01 03:50:00+00:00,7,0.58,0.2912,0.3365,1.5089,0.5607,0.0041,0.0027,0.0025,0.0009,CATEGORY_C_FALSE_OR_CHOP
359053,359063,2024-06-01 10:50:00+00:00,2024-06-01 11:40:00+00:00,11,0.92,0.231,0.2791,0.7398,0.4893,-0.0149,0.0034,0.0046,0.0004,CATEGORY_C_FALSE_OR_CHOP
359068,359075,2024-06-01 12:05:00+00:00,2024-06-01 12:40:00+00:00,8,0.67,0.2025,0.2169,0.7506,0.4796,0.0914,0.0087,0.0053,0.005,CATEGORY_C_FALSE_OR_CHOP
359205,359213,2024-06-01 23:30:00+00:00,2024-06-02 00:10:00+00:00,9,0.75,0.5789,0.7027,1.9837,0.4187,0.1441,0.0104,0.0073,0.0012,CATEGORY_C_FALSE_OR_CHOP
359256,359267,2024-06-02 03:45:00+00:00,2024-06-02 04:40:00+00:00,12,1.0,0.4337,0.571,1.0746,0.5577,0.2533,0.014,0.0086,0.0085,CATEGORY_C_FALSE_OR_CHOP
359309,359314,2024-06-02 08:10:00+00:00,2024-06-02 08:35:00+00:00,6,0.5,0.6818,0.7095,1.907,0.5029,0.0511,0.0226,0.008,0.0225,CATEGORY_A_UPWARD_EXPANSION
359914,359921,2024-06-04 10:35:00+00:00,2024-06-04 11:10:00+00:00,8,0.67,0.4724,0.5902,1.0128,0.4686,-0.0959,0.036,0.0008,0.0285,CATEGORY_A_UPWARD_EXPANSION
360052,360058,2024-06-04 22:05:00+00:00,2024-06-04 22:35:00+00:00,7,0.58,0.4121,0.4587,0.8021,0.4538,-0.0257,0.0161,0.0034,0.0075,CATEGORY_C_FALSE_OR_CHOP
360060,360067,2024-06-04 22:45:00+00:00,2024-06-04 23:20:00+00:00,8,0.67,0.3752,0.4076,0.5127,0.4485,-0.05,0.0175,0.002,0.0084,CATEGORY_C_FALSE_OR_CHOP
360123,360129,2024-06-05 04:00:00+00:00,2024-06-05 04:30:00+00:00,7,0.58,0.5732,0.5798,1.1725,0.5534,0.0887,0.0095,0.0098,-0.0016,CATEGORY_C_FALSE_OR_CHOP
360184,360189,2024-06-05 09:05:00+00:00,2024-06-05 09:30:00+00:00,6,0.5,0.5164,0.5668,1.4063,0.5307,-0.0716,0.0109,0.0085,0.0,CATEGORY_C_FALSE_OR_CHOP
360324,360333,2024-06-05 20:45:00+00:00,2024-06-05 21:30:00+00:00,10,0.83,0.308,0.4732,0.6495,0.4099,-0.0307,0.0092,0.013,-0.0032,CATEGORY_C_FALSE_OR_CHOP
360382,360405,2024-06-06 01:35:00+00:00,2024-06-06 03:30:00+00:00,24,2.0,0.3367,0.4297,1.0604,0.4539,-0.1501,0.0081,0.0142,-0.0029,CATEGORY_C_FALSE_OR_CHOP
360488,360494,2024-06-06 10:25:00+00:00,2024-06-06 10:55:00+00:00,7,0.58,0.3859,0.3989,1.0274,0.4917,0.0477,0.01,0.0123,0.0055,CATEGORY_C_FALSE_OR_CHOP
360655,360663,2024-06-07 00:20:00+00:00,2024-06-07 01:00:00+00:00,9,0.75,0.4599,0.5046,1.4771,0.4596,-0.0279,0.0163,0.0342,-0.0202,CATEGORY_B_DOWNWARD_EXPANSION
360742,360753,2024-06-07 07:35:00+00:00,2024-06-07 08:30:00+00:00,12,1.0,0.4711,0.6434,0.9535,0.4541,0.0242,0.0122,0.0381,-0.0241,CATEGORY_B_DOWNWARD_EXPANSION
360916,360924,2024-06-07 22:05:00+00:00,2024-06-07 22:45:00+00:00,9,0.75,0.266,0.3036,0.8782,0.5503,-0.01,0.0026,0.0034,-0.0013,CATEGORY_C_FALSE_OR_CHOP
360959,360985,2024-06-08 01:40:00+00:00,2024-06-08 03:50:00+00:00,27,2.25,0.1199,0.2001,0.9654,0.5423,0.0067,0.0017,0.0049,-0.0028,CATEGORY_C_FALSE_OR_CHOP
361049,361055,2024-06-08 09:10:00+00:00,2024-06-08 09:40:00+00:00,7,0.58,0.204,0.2106,1.3817,0.4452,0.0716,0.0008,0.0047,-0.0014,CATEGORY_C_FALSE_OR_CHOP
361122,361130,2024-06-08 15:15:00+00:00,2024-06-08 15:55:00+00:00,9,0.75,0.1778,0.2624,0.9184,0.3633,-0.0295,0.005,0.0043,0.0011,CATEGORY_C_FALSE_OR_CHOP
361162,361173,2024-06-08 18:35:00+00:00,2024-06-08 19:30:00+00:00,12,1.0,0.311,0.4511,1.0005,0.5788,0.0162,0.0056,0.0049,0.0045,CATEGORY_C_FALSE_OR_CHOP
361177,361183,2024-06-08 19:50:00+00:00,2024-06-08 20:20:00+00:00,7,0.58,0.2902,0.3325,1.0231,0.4212,-0.0705,0.0059,0.0045,0.0031,CATEGORY_C_FALSE_OR_CHOP
361196,361201,2024-06-08 21:25:00+00:00,2024-06-08 21:50:00+00:00,6,0.5,0.5062,0.5329,1.1287,0.4523,0.0099,0.0066,0.0038,0.0053,CATEGORY_C_FALSE_OR_CHOP
361225,361230,2024-06-08 23:50:00+00:00,2024-06-09 00:15:00+00:00,6,0.5,0.6167,0.652,1.4837,0.5166,0.2564,0.0079,0.0026,0.0033,CATEGORY_C_FALSE_OR_CHOP
361332,361341,2024-06-09 08:45:00+00:00,2024-06-09 09:30:00+00:00,10,0.83,0.2549,0.4381,0.7959,0.4146,-0.0151,0.0072,0.0027,-0.0003,CATEGORY_C_FALSE_OR_CHOP
361647,361653,2024-06-10 11:00:00+00:00,2024-06-10 11:30:00+00:00,7,0.58,0.5132,0.5668,0.8889,0.4982,0.0886,0.0119,0.038,-0.0358,CATEGORY_B_DOWNWARD_EXPANSION
361773,361778,2024-06-10 21:30:00+00:00,2024-06-10 21:55:00+00:00,6,0.5,0.5862,0.6047,0.8793,0.562,0.0197,0.0001,0.0508,-0.0315,CATEGORY_B_DOWNWARD_EXPANSION
362055,362060,2024-06-11 21:00:00+00:00,2024-06-11 21:25:00+00:00,6,0.5,0.3847,0.4302,0.6516,0.4509,0.04,0.04,0.006,0.0168,CATEGORY_A_UPWARD_EXPANSION
362072,362078,2024-06-11 22:25:00+00:00,2024-06-11 22:55:00+00:00,7,0.58,0.4572,0.4764,0.7395,0.3924,0.1197,0.0392,0.0068,0.0146,CATEGORY_A_UPWARD_EXPANSION
362128,362138,2024-06-12 03:05:00+00:00,2024-06-12 03:55:00+00:00,11,0.92,0.4428,0.4923,0.6627,0.5034,0.0734,0.0385,0.0065,0.001,CATEGORY_A_UPWARD_EXPANSION
362164,362169,2024-06-12 06:05:00+00:00,2024-06-12 06:30:00+00:00,6,0.5,0.4374,0.4958,1.1466,0.4935,-0.077,0.0402,0.0048,0.001,CATEGORY_A_UPWARD_EXPANSION
362364,362378,2024-06-12 22:45:00+00:00,2024-06-12 23:55:00+00:00,15,1.25,0.2902,0.3537,0.637,0.4783,0.1035,0.0027,0.0295,-0.0218,CATEGORY_B_DOWNWARD_EXPANSION
362639,362652,2024-06-13 21:40:00+00:00,2024-06-13 22:45:00+00:00,14,1.17,0.3465,0.5014,0.7893,0.4701,0.0606,0.0059,0.0283,-0.0143,CATEGORY_B_DOWNWARD_EXPANSION
362713,362726,2024-06-14 03:50:00+00:00,2024-06-14 04:55:00+00:00,14,1.17,0.4011,0.4923,0.7473,0.4999,-0.1986,0.0098,0.0246,-0.0071,CATEGORY_B_DOWNWARD_EXPANSION
362792,362799,2024-06-14 10:25:00+00:00,2024-06-14 11:00:00+00:00,8,0.67,0.465,0.4932,0.7292,0.4863,0.0587,0.007,0.0272,-0.0092,CATEGORY_B_DOWNWARD_EXPANSION
362943,362963,2024-06-14 23:00:00+00:00,2024-06-15 00:40:00+00:00,21,1.75,0.3178,0.3815,1.8523,0.5117,0.0344,0.0041,0.0053,0.0002,CATEGORY_C_FALSE_OR_CHOP
362971,362977,2024-06-15 01:20:00+00:00,2024-06-15 01:50:00+00:00,7,0.58,0.4901,0.545,0.5266,0.4519,-0.0524,0.0057,0.0037,0.0008,CATEGORY_C_FALSE_OR_CHOP
362979,362990,2024-06-15 02:00:00+00:00,2024-06-15 02:55:00+00:00,12,1.0,0.2557,0.3188,0.9808,0.4841,-0.0149,0.004,0.0054,-0.0011,CATEGORY_C_FALSE_OR_CHOP
362998,363003,2024-06-15 03:35:00+00:00,2024-06-15 04:00:00+00:00,6,0.5,0.2415,0.2809,0.8575,0.382,0.0899,0.0032,0.0062,-0.0019,CATEGORY_C_FALSE_OR_CHOP
363046,363061,2024-06-15 07:35:00+00:00,2024-06-15 08:50:00+00:00,16,1.33,0.2952,0.3483,0.4857,0.4152,-0.0643,0.0045,0.0049,0.001,CATEGORY_C_FALSE_OR_CHOP
363176,363183,2024-06-15 18:25:00+00:00,2024-06-15 19:00:00+00:00,8,0.67,0.3064,0.444,0.5842,0.512,0.1683,0.0098,0.0043,0.0067,CATEGORY_C_FALSE_OR_CHOP
363214,363219,2024-06-15 21:35:00+00:00,2024-06-15 22:00:00+00:00,6,0.5,0.5313,0.6444,1.4857,0.5835,0.029,0.0101,0.0014,0.0083,CATEGORY_C_FALSE_OR_CHOP
363232,363238,2024-06-15 23:05:00+00:00,2024-06-15 23:35:00+00:00,7,0.58,0.5007,0.6648,1.1484,0.6187,0.1761,0.0107,0.0038,0.0058,CATEGORY_C_FALSE_OR_CHOP
363277,363284,2024-06-16 02:50:00+00:00,2024-06-16 03:25:00+00:00,8,0.67,0.5113,0.61,0.9594,0.4247,-0.1343,0.0132,0.0014,0.0033,CATEGORY_C_FALSE_OR_CHOP
363462,363471,2024-06-16 18:15:00+00:00,2024-06-16 19:00:00+00:00,10,0.83,0.4777,0.531,0.6637,0.5225,-0.1835,0.0106,0.0219,0.0044,CATEGORY_B_DOWNWARD_EXPANSION
363912,363917,2024-06-18 07:45:00+00:00,2024-06-18 08:10:00+00:00,6,0.5,0.525,0.5412,0.7631,0.4966,0.1217,0.001,0.0248,-0.0073,CATEGORY_B_DOWNWARD_EXPANSION
363920,363929,2024-06-18 08:25:00+00:00,2024-06-18 09:10:00+00:00,10,0.83,0.3052,0.4028,1.3604,0.5426,-0.0881,0.0002,0.0251,-0.0074,CATEGORY_B_DOWNWARD_EXPANSION
364092,364105,2024-06-18 22:45:00+00:00,2024-06-18 23:50:00+00:00,14,1.17,0.2976,0.4023,1.3134,0.4786,0.0546,0.0097,0.0067,-0.0023,CATEGORY_C_FALSE_OR_CHOP
364171,364177,2024-06-19 05:20:00+00:00,2024-06-19 05:50:00+00:00,7,0.58,0.4027,0.4705,1.0155,0.5304,-0.0415,0.0024,0.0127,0.0,CATEGORY_C_FALSE_OR_CHOP
364179,364184,2024-06-19 06:00:00+00:00,2024-06-19 06:25:00+00:00,6,0.5,0.4948,0.5121,0.9729,0.4961,-0.0071,0.0027,0.0124,0.0009,CATEGORY_C_FALSE_OR_CHOP
364265,364270,2024-06-19 13:10:00+00:00,2024-06-19 13:35:00+00:00,6,0.5,0.2702,0.2934,1.1303,0.5822,-0.0128,0.0212,0.0067,0.0037,CATEGORY_A_UPWARD_EXPANSION
364326,364335,2024-06-19 18:15:00+00:00,2024-06-19 19:00:00+00:00,10,0.83,0.4939,0.5305,0.919,0.4018,-0.0431,0.0236,0.006,0.0013,CATEGORY_A_UPWARD_EXPANSION
364337,364342,2024-06-19 19:10:00+00:00,2024-06-19 19:35:00+00:00,6,0.5,0.3891,0.4466,0.8173,0.5064,0.1928,0.0242,0.0055,0.0009,CATEGORY_A_UPWARD_EXPANSION
364372,364382,2024-06-19 22:05:00+00:00,2024-06-19 22:55:00+00:00,11,0.92,0.4815,0.5733,1.1639,0.4514,0.0189,0.0254,0.0043,0.0024,CATEGORY_A_UPWARD_EXPANSION
364439,364448,2024-06-20 03:40:00+00:00,2024-06-20 04:25:00+00:00,10,0.83,0.5033,0.6208,0.9511,0.4427,0.0432,0.0204,0.0129,-0.0086,CATEGORY_A_UPWARD_EXPANSION
364500,364507,2024-06-20 08:45:00+00:00,2024-06-20 09:20:00+00:00,8,0.67,0.5803,0.6124,1.4983,0.5107,-0.0318,0.0126,0.0325,-0.0286,CATEGORY_B_DOWNWARD_EXPANSION
364646,364652,2024-06-20 20:55:00+00:00,2024-06-20 21:25:00+00:00,7,0.58,0.2716,0.4306,0.3789,0.5822,0.2033,0.0001,0.0277,-0.0193,CATEGORY_B_DOWNWARD_EXPANSION
364654,364659,2024-06-20 21:35:00+00:00,2024-06-20 22:00:00+00:00,6,0.5,0.5157,0.5379,1.1697,0.4964,0.0168,0.0011,0.0261,-0.0146,CATEGORY_B_DOWNWARD_EXPANSION
364665,364670,2024-06-20 22:30:00+00:00,2024-06-20 22:55:00+00:00,6,0.5,0.4726,0.4893,1.061,0.4593,0.1493,0.0012,0.0248,-0.0128,CATEGORY_B_DOWNWARD_EXPANSION
364751,364764,2024-06-21 05:40:00+00:00,2024-06-21 06:45:00+00:00,14,1.17,0.4485,0.5173,0.9658,0.4809,-0.2171,0.0017,0.0194,-0.0024,CATEGORY_C_FALSE_OR_CHOP
364950,364959,2024-06-21 22:15:00+00:00,2024-06-21 23:00:00+00:00,10,0.83,0.2276,0.3945,0.583,0.5615,0.0369,0.0056,0.0038,0.002,CATEGORY_C_FALSE_OR_CHOP
364961,364972,2024-06-21 23:10:00+00:00,2024-06-22 00:05:00+00:00,12,1.0,0.2676,0.3096,1.5226,0.507,0.0212,0.0058,0.0036,0.0025,CATEGORY_C_FALSE_OR_CHOP
365006,365011,2024-06-22 02:55:00+00:00,2024-06-22 03:20:00+00:00,6,0.5,0.2852,0.385,0.5305,0.5899,-0.1804,0.0043,0.0009,0.0031,CATEGORY_C_FALSE_OR_CHOP
365020,365032,2024-06-22 04:05:00+00:00,2024-06-22 05:05:00+00:00,13,1.08,0.274,0.3349,0.786,0.5837,0.112,0.0037,0.0014,0.0016,CATEGORY_C_FALSE_OR_CHOP
365096,365105,2024-06-22 10:25:00+00:00,2024-06-22 11:10:00+00:00,10,0.83,0.2649,0.3684,0.707,0.4535,-0.0042,0.0036,0.0012,0.0004,CATEGORY_C_FALSE_OR_CHOP
365107,365112,2024-06-22 11:20:00+00:00,2024-06-22 11:45:00+00:00,6,0.5,0.2461,0.2647,1.6919,0.4983,0.0092,0.0035,0.0012,0.0001,CATEGORY_C_FALSE_OR_CHOP
365153,365159,2024-06-22 15:10:00+00:00,2024-06-22 15:40:00+00:00,7,0.58,0.2979,0.3431,0.744,0.4957,0.1497,0.0035,0.0031,-0.0023,CATEGORY_C_FALSE_OR_CHOP
365241,365249,2024-06-22 22:30:00+00:00,2024-06-22 23:10:00+00:00,9,0.75,0.3196,0.5391,1.4658,0.6165,0.1213,0.0033,0.012,-0.0097,CATEGORY_C_FALSE_OR_CHOP
365313,365318,2024-06-23 04:30:00+00:00,2024-06-23 04:55:00+00:00,6,0.5,0.5044,0.585,1.094,0.3668,-0.0542,0.0009,0.0271,-0.0239,CATEGORY_B_DOWNWARD_EXPANSION
365331,365337,2024-06-23 06:00:00+00:00,2024-06-23 06:30:00+00:00,7,0.58,0.3059,0.4244,0.7473,0.4608,-0.1988,0.0008,0.0346,-0.0311,CATEGORY_B_DOWNWARD_EXPANSION
365359,365365,2024-06-23 08:20:00+00:00,2024-06-23 08:50:00+00:00,7,0.58,0.3011,0.3619,0.8355,0.4575,0.0339,0.0008,0.0346,-0.0268,CATEGORY_B_DOWNWARD_EXPANSION
365408,365413,2024-06-23 12:25:00+00:00,2024-06-23 12:50:00+00:00,6,0.5,0.5358,0.595,1.3425,0.647,-0.1908,0.0012,0.0589,-0.0494,CATEGORY_B_DOWNWARD_EXPANSION
365817,365823,2024-06-24 22:30:00+00:00,2024-06-24 23:00:00+00:00,7,0.58,0.4971,0.5605,0.5829,0.391,-0.1574,0.0403,0.0,0.032,CATEGORY_A_UPWARD_EXPANSION
365894,365901,2024-06-25 04:55:00+00:00,2024-06-25 05:30:00+00:00,8,0.67,0.3776,0.4475,1.2604,0.4819,-0.1111,0.02,0.0104,0.0062,CATEGORY_A_UPWARD_EXPANSION
365914,365919,2024-06-25 06:35:00+00:00,2024-06-25 07:00:00+00:00,6,0.5,0.4208,0.4359,0.5974,0.598,0.0396,0.0209,0.0096,0.0054,CATEGORY_A_UPWARD_EXPANSION
366076,366093,2024-06-25 20:05:00+00:00,2024-06-25 21:30:00+00:00,18,1.5,0.4703,0.5846,0.9283,0.4664,0.0738,0.0094,0.0193,-0.014,CATEGORY_C_FALSE_OR_CHOP
366100,366106,2024-06-25 22:05:00+00:00,2024-06-25 22:35:00+00:00,7,0.58,0.5649,0.5821,0.8981,0.5585,-0.1215,0.0067,0.0219,-0.0186,CATEGORY_B_DOWNWARD_EXPANSION
366163,366171,2024-06-26 03:20:00+00:00,2024-06-26 04:00:00+00:00,9,0.75,0.4043,0.4387,0.561,0.4522,0.1437,0.0001,0.0206,-0.0151,CATEGORY_B_DOWNWARD_EXPANSION
366199,366204,2024-06-26 06:20:00+00:00,2024-06-26 06:45:00+00:00,6,0.5,0.4359,0.4548,0.6528,0.4226,-0.1032,0.0071,0.0152,-0.014,CATEGORY_C_FALSE_OR_CHOP
366386,366394,2024-06-26 21:55:00+00:00,2024-06-26 22:35:00+00:00,9,0.75,0.3812,0.5584,0.5763,0.5386,0.011,0.0242,0.0051,0.011,CATEGORY_A_UPWARD_EXPANSION
366463,366476,2024-06-27 04:20:00+00:00,2024-06-27 05:25:00+00:00,14,1.17,0.3476,0.4189,1.1697,0.4334,-0.1105,0.0237,0.0056,0.0107,CATEGORY_A_UPWARD_EXPANSION
366507,366517,2024-06-27 08:00:00+00:00,2024-06-27 08:50:00+00:00,11,0.92,0.4917,0.6255,0.6544,0.4616,0.034,0.0262,0.0,0.0097,CATEGORY_A_UPWARD_EXPANSION
366659,366682,2024-06-27 20:40:00+00:00,2024-06-27 22:35:00+00:00,24,2.0,0.2677,0.4243,0.9098,0.4676,0.013,0.0103,0.0248,-0.0201,CATEGORY_B_DOWNWARD_EXPANSION
366807,366812,2024-06-28 09:00:00+00:00,2024-06-28 09:25:00+00:00,6,0.5,0.5031,0.5262,1.3089,0.3755,0.1031,0.0074,0.0221,-0.0082,CATEGORY_B_DOWNWARD_EXPANSION
366922,366928,2024-06-28 18:35:00+00:00,2024-06-28 19:05:00+00:00,7,0.58,0.4765,0.5321,1.0266,0.5716,0.0551,0.0085,0.0106,0.0055,CATEGORY_C_FALSE_OR_CHOP
366967,366981,2024-06-28 22:20:00+00:00,2024-06-28 23:30:00+00:00,15,1.25,0.2579,0.3869,1.0452,0.4775,0.0201,0.0135,0.0004,0.0103,CATEGORY_C_FALSE_OR_CHOP
367024,367031,2024-06-29 03:05:00+00:00,2024-06-29 03:40:00+00:00,8,0.67,0.5557,0.5893,0.8421,0.3777,0.2297,0.007,0.0015,0.002,CATEGORY_C_FALSE_OR_CHOP
367033,367043,2024-06-29 03:50:00+00:00,2024-06-29 04:40:00+00:00,11,0.92,0.384,0.4199,1.5783,0.4708,-0.0037,0.008,0.0002,0.0013,CATEGORY_C_FALSE_OR_CHOP
367045,367058,2024-06-29 04:50:00+00:00,2024-06-29 05:55:00+00:00,14,1.17,0.2395,0.3446,1.3241,0.4597,0.125,0.0076,0.0008,0.0004,CATEGORY_C_FALSE_OR_CHOP
367096,367106,2024-06-29 09:05:00+00:00,2024-06-29 09:55:00+00:00,11,0.92,0.2886,0.3295,0.9134,0.5496,0.2513,0.0133,0.0042,0.0092,CATEGORY_C_FALSE_OR_CHOP
367193,367200,2024-06-29 17:10:00+00:00,2024-06-29 17:45:00+00:00,8,0.67,0.451,0.4933,0.785,0.4818,-0.0749,0.0144,0.0045,0.0123,CATEGORY_C_FALSE_OR_CHOP
367321,367340,2024-06-30 03:50:00+00:00,2024-06-30 05:25:00+00:00,20,1.67,0.5839,0.6736,1.1448,0.412,0.001,0.0502,0.0003,0.0432,CATEGORY_A_UPWARD_EXPANSION
367460,367468,2024-06-30 15:25:00+00:00,2024-06-30 16:05:00+00:00,9,0.75,0.5147,0.5559,0.826,0.4081,-0.0485,0.0348,0.0014,0.0245,CATEGORY_A_UPWARD_EXPANSION
367470,367481,2024-06-30 16:15:00+00:00,2024-06-30 17:10:00+00:00,12,1.0,0.3344,0.4192,0.5041,0.3988,0.0572,0.0357,0.0,0.0242,CATEGORY_A_UPWARD_EXPANSION
367624,367630,2024-07-01 05:05:00+00:00,2024-07-01 05:35:00+00:00,7,0.58,0.3923,0.4653,1.1999,0.4391,-0.1343,0.0068,0.0147,-0.0064,CATEGORY_C_FALSE_OR_CHOP
367632,367637,2024-07-01 05:45:00+00:00,2024-07-01 06:10:00+00:00,6,0.5,0.367,0.4019,1.2658,0.5025,-0.1522,0.0076,0.0139,-0.007,CATEGORY_C_FALSE_OR_CHOP
367653,367659,2024-07-01 07:30:00+00:00,2024-07-01 08:00:00+00:00,7,0.58,0.5162,0.5281,0.9933,0.3669,-0.1372,0.0095,0.0121,-0.011,CATEGORY_C_FALSE_OR_CHOP
367811,367823,2024-07-01 20:40:00+00:00,2024-07-01 21:40:00+00:00,13,1.08,0.3079,0.4562,0.8815,0.4169,-0.0745,0.0017,0.0217,-0.018,CATEGORY_B_DOWNWARD_EXPANSION
367911,367922,2024-07-02 05:00:00+00:00,2024-07-02 05:55:00+00:00,12,1.0,0.4271,0.5508,0.8645,0.5083,-0.0452,0.002,0.0385,-0.0302,CATEGORY_B_DOWNWARD_EXPANSION
368061,368067,2024-07-02 17:30:00+00:00,2024-07-02 18:00:00+00:00,7,0.58,0.488,0.5484,1.169,0.6032,0.002,0.0028,0.0417,-0.0303,CATEGORY_B_DOWNWARD_EXPANSION
368222,368227,2024-07-03 06:55:00+00:00,2024-07-03 07:20:00+00:00,6,0.5,0.5328,0.5424,1.4686,0.4597,-0.0367,0.0008,0.0521,-0.0386,CATEGORY_B_DOWNWARD_EXPANSION
368409,368420,2024-07-03 22:30:00+00:00,2024-07-03 23:25:00+00:00,12,1.0,0.3999,0.5686,0.6933,0.5469,-0.1671,0.0024,0.0594,-0.042,CATEGORY_B_DOWNWARD_EXPANSION
368467,368478,2024-07-04 03:20:00+00:00,2024-07-04 04:15:00+00:00,12,1.0,0.402,0.5265,0.7202,0.5058,-0.0722,0.0013,0.0935,-0.0885,CATEGORY_B_DOWNWARD_EXPANSION
368671,368676,2024-07-04 20:20:00+00:00,2024-07-04 20:45:00+00:00,6,0.5,0.377,0.517,0.938,0.3809,0.0481,0.0112,0.0804,-0.0305,CATEGORY_B_DOWNWARD_EXPANSION
368950,368969,2024-07-05 19:35:00+00:00,2024-07-05 21:10:00+00:00,20,1.67,0.2923,0.4527,0.7219,0.4618,0.0361,0.0317,0.0083,0.0281,CATEGORY_A_UPWARD_EXPANSION
368983,368993,2024-07-05 22:20:00+00:00,2024-07-05 23:10:00+00:00,11,0.92,0.3544,0.449,0.8018,0.4589,0.1031,0.0268,0.013,0.0258,CATEGORY_A_UPWARD_EXPANSION
369034,369041,2024-07-06 02:35:00+00:00,2024-07-06 03:10:00+00:00,8,0.67,0.2781,0.3778,0.8937,0.5396,-0.0069,0.0377,0.0059,0.0286,CATEGORY_A_UPWARD_EXPANSION
369043,369057,2024-07-06 03:20:00+00:00,2024-07-06 04:30:00+00:00,15,1.25,0.316,0.3955,0.9162,0.4906,0.1294,0.0401,0.0036,0.0278,CATEGORY_A_UPWARD_EXPANSION
369070,369078,2024-07-06 05:35:00+00:00,2024-07-06 06:15:00+00:00,9,0.75,0.4512,0.5622,0.9682,0.5959,0.1428,0.0358,0.0009,0.0217,CATEGORY_A_UPWARD_EXPANSION
369092,369098,2024-07-06 07:25:00+00:00,2024-07-06 07:55:00+00:00,7,0.58,0.5041,0.5241,0.8676,0.5186,0.0618,0.033,0.003,0.0135,CATEGORY_A_UPWARD_EXPANSION
369109,369118,2024-07-06 08:50:00+00:00,2024-07-06 09:35:00+00:00,10,0.83,0.2174,0.2981,0.8017,0.4261,0.0047,0.0357,0.0,0.0204,CATEGORY_A_UPWARD_EXPANSION
369144,369150,2024-07-06 11:45:00+00:00,2024-07-06 12:15:00+00:00,7,0.58,0.3059,0.3264,1.112,0.4868,-0.0058,0.031,0.0038,0.015,CATEGORY_A_UPWARD_EXPANSION
369222,369233,2024-07-06 18:15:00+00:00,2024-07-06 19:10:00+00:00,12,1.0,0.4094,0.4652,0.6212,0.4952,-0.0564,0.0124,0.0207,-0.0101,CATEGORY_B_DOWNWARD_EXPANSION
369235,369241,2024-07-06 19:20:00+00:00,2024-07-06 19:50:00+00:00,7,0.58,0.5528,0.5847,1.3638,0.5356,0.069,0.0098,0.0232,-0.0136,CATEGORY_B_DOWNWARD_EXPANSION
369273,369281,2024-07-06 22:30:00+00:00,2024-07-06 23:10:00+00:00,9,0.75,0.5758,0.609,1.2556,0.4433,-0.0235,0.0043,0.0351,-0.0309,CATEGORY_B_DOWNWARD_EXPANSION
369430,369435,2024-07-07 11:35:00+00:00,2024-07-07 12:00:00+00:00,6,0.5,0.5533,0.6193,1.1611,0.4617,0.2302,0.0142,0.0551,-0.0052,CATEGORY_B_DOWNWARD_EXPANSION
369795,369801,2024-07-08 18:00:00+00:00,2024-07-08 18:30:00+00:00,7,0.58,0.3899,0.5216,0.8476,0.5288,0.0024,0.0311,0.0039,0.0263,CATEGORY_A_UPWARD_EXPANSION
369805,369816,2024-07-08 18:50:00+00:00,2024-07-08 19:45:00+00:00,12,1.0,0.3555,0.5228,0.9288,0.5504,0.0934,0.0351,0.0021,0.0258,CATEGORY_A_UPWARD_EXPANSION
369829,369834,2024-07-08 20:50:00+00:00,2024-07-08 21:15:00+00:00,6,0.5,0.5266,0.5366,0.8113,0.4957,0.1052,0.0328,0.0028,0.0263,CATEGORY_A_UPWARD_EXPANSION
369850,369870,2024-07-08 22:35:00+00:00,2024-07-09 00:15:00+00:00,21,1.75,0.2091,0.3882,1.043,0.4974,0.0221,0.0295,0.0059,0.0198,CATEGORY_A_UPWARD_EXPANSION
369914,369920,2024-07-09 03:55:00+00:00,2024-07-09 04:25:00+00:00,7,0.58,0.4083,0.4942,1.2126,0.4438,-0.0827,0.0386,0.0057,0.0355,CATEGORY_A_UPWARD_EXPANSION
369981,369989,2024-07-09 09:30:00+00:00,2024-07-09 10:10:00+00:00,9,0.75,0.3382,0.403,0.6644,0.4079,-0.1105,0.0329,0.0117,0.014,CATEGORY_A_UPWARD_EXPANSION
370125,370130,2024-07-09 21:30:00+00:00,2024-07-09 21:55:00+00:00,6,0.5,0.5929,0.6391,1.2666,0.495,-0.0797,0.0289,0.0111,-0.0063,CATEGORY_A_UPWARD_EXPANSION
370132,370137,2024-07-09 22:05:00+00:00,2024-07-09 22:30:00+00:00,6,0.5,0.4321,0.5354,0.8643,0.5481,0.0855,0.0274,0.0125,-0.0024,CATEGORY_A_UPWARD_EXPANSION
370190,370197,2024-07-10 02:55:00+00:00,2024-07-10 03:30:00+00:00,8,0.67,0.4428,0.5323,1.0744,0.4491,0.2289,0.0252,0.0165,-0.01,CATEGORY_A_UPWARD_EXPANSION
370412,370418,2024-07-10 21:25:00+00:00,2024-07-10 21:55:00+00:00,7,0.58,0.499,0.5476,1.0813,0.5816,0.1572,0.0386,0.0067,0.0004,CATEGORY_A_UPWARD_EXPANSION
370494,370510,2024-07-11 04:15:00+00:00,2024-07-11 05:35:00+00:00,17,1.42,0.4125,0.5539,0.8615,0.4751,-0.0894,0.032,0.0217,-0.013,CATEGORY_A_UPWARD_EXPANSION
370576,370581,2024-07-11 11:05:00+00:00,2024-07-11 11:30:00+00:00,6,0.5,0.4307,0.4906,1.1086,0.5574,-0.1147,0.0205,0.0327,-0.0212,CATEGORY_B_DOWNWARD_EXPANSION
370700,370705,2024-07-11 21:25:00+00:00,2024-07-11 21:50:00+00:00,6,0.5,0.4383,0.5245,0.6044,0.5736,0.0843,0.0204,0.0142,0.0039,CATEGORY_A_UPWARD_EXPANSION
370796,370803,2024-07-12 05:25:00+00:00,2024-07-12 06:00:00+00:00,8,0.67,0.3273,0.3714,0.9015,0.5045,0.1919,0.0251,0.0057,0.0163,CATEGORY_A_UPWARD_EXPANSION
370861,370867,2024-07-12 10:50:00+00:00,2024-07-12 11:20:00+00:00,7,0.58,0.5434,0.5719,1.2743,0.3508,-0.0934,0.0299,0.0026,0.0223,CATEGORY_A_UPWARD_EXPANSION
370987,370997,2024-07-12 21:20:00+00:00,2024-07-12 22:10:00+00:00,11,0.92,0.3525,0.4495,0.7255,0.5212,0.1132,0.0222,0.0002,0.0173,CATEGORY_A_UPWARD_EXPANSION
370999,371011,2024-07-12 22:20:00+00:00,2024-07-12 23:20:00+00:00,13,1.08,0.4133,0.5424,0.8698,0.5436,0.0311,0.0353,0.0009,0.0308,CATEGORY_A_UPWARD_EXPANSION
371013,371018,2024-07-12 23:30:00+00:00,2024-07-12 23:55:00+00:00,6,0.5,0.3495,0.3589,1.198,0.451,0.0462,0.0339,0.0023,0.0227,CATEGORY_A_UPWARD_EXPANSION
371027,371032,2024-07-13 00:40:00+00:00,2024-07-13 01:05:00+00:00,6,0.5,0.4767,0.4879,0.9963,0.5772,0.03,0.0347,0.0015,0.0322,CATEGORY_A_UPWARD_EXPANSION
371056,371061,2024-07-13 03:05:00+00:00,2024-07-13 03:30:00+00:00,6,0.5,0.3839,0.3941,2.0295,0.5376,0.0136,0.0347,0.0015,0.0272,CATEGORY_A_UPWARD_EXPANSION
371118,371125,2024-07-13 08:15:00+00:00,2024-07-13 08:50:00+00:00,8,0.67,0.4307,0.4916,1.1618,0.3422,-0.0554,0.0411,0.002,0.0373,CATEGORY_A_UPWARD_EXPANSION
371260,371266,2024-07-13 20:05:00+00:00,2024-07-13 20:35:00+00:00,7,0.58,0.2669,0.3069,0.7658,0.5086,0.0011,0.0307,0.0053,0.0277,CATEGORY_A_UPWARD_EXPANSION
371432,371440,2024-07-14 10:25:00+00:00,2024-07-14 11:05:00+00:00,9,0.75,0.391,0.4638,0.8903,0.3326,0.0793,0.0547,0.0083,0.0431,CATEGORY_A_UPWARD_EXPANSION
371531,371547,2024-07-14 18:40:00+00:00,2024-07-14 20:00:00+00:00,17,1.42,0.1568,0.3343,2.119,0.4028,-0.0603,0.065,0.0007,0.0579,CATEGORY_A_UPWARD_EXPANSION
371848,371859,2024-07-15 21:05:00+00:00,2024-07-15 22:00:00+00:00,12,1.0,0.6035,0.6427,0.7618,0.5302,-0.0128,0.0252,0.0192,0.0142,CATEGORY_A_UPWARD_EXPANSION
372097,372103,2024-07-16 17:50:00+00:00,2024-07-16 18:20:00+00:00,7,0.58,0.5117,0.5726,1.1466,0.4875,0.1674,0.0214,0.0137,-0.0044,CATEGORY_A_UPWARD_EXPANSION
372216,372223,2024-07-17 03:45:00+00:00,2024-07-17 04:20:00+00:00,8,0.67,0.4681,0.58,0.7495,0.5217,-0.0065,0.0027,0.0298,-0.017,CATEGORY_B_DOWNWARD_EXPANSION
372227,372234,2024-07-17 04:40:00+00:00,2024-07-17 05:15:00+00:00,8,0.67,0.6907,0.7162,0.9733,0.515,0.0149,0.0017,0.0307,-0.021,CATEGORY_B_DOWNWARD_EXPANSION
372388,372402,2024-07-17 18:05:00+00:00,2024-07-17 19:15:00+00:00,15,1.25,0.4924,0.595,0.7694,0.4815,-0.0749,0.0094,0.0185,-0.0154,CATEGORY_C_FALSE_OR_CHOP
372412,372422,2024-07-17 20:05:00+00:00,2024-07-17 20:55:00+00:00,11,0.92,0.3091,0.5075,0.8187,0.3523,-0.0928,0.0097,0.0197,-0.0106,CATEGORY_C_FALSE_OR_CHOP
372500,372515,2024-07-18 03:25:00+00:00,2024-07-18 04:40:00+00:00,16,1.33,0.4548,0.5253,0.6682,0.3915,-0.0913,0.0062,0.0227,-0.0074,CATEGORY_B_DOWNWARD_EXPANSION
372550,372555,2024-07-18 07:35:00+00:00,2024-07-18 08:00:00+00:00,6,0.5,0.4645,0.4956,0.9004,0.4404,0.0712,0.0066,0.0224,-0.0136,CATEGORY_B_DOWNWARD_EXPANSION
372571,372578,2024-07-18 09:20:00+00:00,2024-07-18 09:55:00+00:00,8,0.67,0.4477,0.5494,0.585,0.4743,-0.0351,0.0038,0.0251,-0.018,CATEGORY_B_DOWNWARD_EXPANSION
372740,372746,2024-07-18 23:25:00+00:00,2024-07-18 23:55:00+00:00,7,0.58,0.4374,0.5481,1.2681,0.5326,0.0723,0.0531,0.0107,0.0418,CATEGORY_A_UPWARD_EXPANSION
372803,372809,2024-07-19 04:40:00+00:00,2024-07-19 05:10:00+00:00,7,0.58,0.5227,0.5576,1.106,0.2978,0.1374,0.0499,0.0121,0.0372,CATEGORY_A_UPWARD_EXPANSION
372883,372889,2024-07-19 11:20:00+00:00,2024-07-19 11:50:00+00:00,7,0.58,0.6915,0.701,0.8187,0.4514,-0.0301,0.053,0.0,0.0388,CATEGORY_A_UPWARD_EXPANSION
373024,373031,2024-07-19 23:05:00+00:00,2024-07-19 23:40:00+00:00,8,0.67,0.6128,0.6207,0.9314,0.3741,-0.1559,0.0143,0.0063,0.0077,CATEGORY_C_FALSE_OR_CHOP
373073,373085,2024-07-20 03:10:00+00:00,2024-07-20 04:10:00+00:00,13,1.08,0.4019,0.5275,0.8223,0.4422,-0.066,0.0152,0.0047,0.0084,CATEGORY_C_FALSE_OR_CHOP
373087,373095,2024-07-20 04:20:00+00:00,2024-07-20 05:00:00+00:00,9,0.75,0.4008,0.434,1.5576,0.376,0.0174,0.0148,0.0051,0.005,CATEGORY_C_FALSE_OR_CHOP
373165,373171,2024-07-20 10:50:00+00:00,2024-07-20 11:20:00+00:00,7,0.58,0.2583,0.3249,0.8834,0.4973,-0.156,0.0166,0.0033,0.0048,CATEGORY_C_FALSE_OR_CHOP
373367,373376,2024-07-21 03:40:00+00:00,2024-07-21 04:25:00+00:00,10,0.83,0.3812,0.4932,1.7033,0.3545,0.1265,0.0199,0.0202,0.0116,CATEGORY_C_FALSE_OR_CHOP
373728,373733,2024-07-22 09:45:00+00:00,2024-07-22 10:10:00+00:00,6,0.5,0.4584,0.4677,1.4788,0.5082,-0.134,0.0132,0.0165,-0.0068,CATEGORY_C_FALSE_OR_CHOP
373901,373907,2024-07-23 00:10:00+00:00,2024-07-23 00:40:00+00:00,7,0.58,0.6025,0.6549,0.6646,0.4791,-0.0728,0.0022,0.0315,-0.0262,CATEGORY_B_DOWNWARD_EXPANSION
374167,374173,2024-07-23 22:20:00+00:00,2024-07-23 22:50:00+00:00,7,0.58,0.5718,0.6423,0.854,0.4881,-0.0242,0.0185,0.0114,-0.0084,CATEGORY_C_FALSE_OR_CHOP
374236,374242,2024-07-24 04:05:00+00:00,2024-07-24 04:35:00+00:00,7,0.58,0.4832,0.5231,1.0115,0.4877,0.1811,0.0173,0.0327,-0.0268,CATEGORY_B_DOWNWARD_EXPANSION
374267,374272,2024-07-24 06:40:00+00:00,2024-07-24 07:05:00+00:00,6,0.5,0.5739,0.5969,0.4614,0.4534,-0.1463,0.0184,0.0317,-0.0253,CATEGORY_B_DOWNWARD_EXPANSION
374479,374484,2024-07-25 00:20:00+00:00,2024-07-25 00:45:00+00:00,6,0.5,0.4784,0.5459,0.5753,0.5346,0.0096,0.0106,0.0327,0.0095,CATEGORY_B_DOWNWARD_EXPANSION
374545,374550,2024-07-25 05:50:00+00:00,2024-07-25 06:15:00+00:00,6,0.5,0.4619,0.5086,1.1812,0.4643,0.1071,0.0508,0.0118,0.0437,CATEGORY_A_UPWARD_EXPANSION
374552,374559,2024-07-25 06:25:00+00:00,2024-07-25 07:00:00+00:00,8,0.67,0.3292,0.4126,0.8318,0.5179,0.0071,0.049,0.0136,0.0411,CATEGORY_A_UPWARD_EXPANSION
374609,374614,2024-07-25 11:10:00+00:00,2024-07-25 11:35:00+00:00,6,0.5,0.5088,0.5419,0.7933,0.4663,0.019,0.0513,0.0116,0.0474,CATEGORY_A_UPWARD_EXPANSION
374751,374763,2024-07-25 23:00:00+00:00,2024-07-26 00:00:00+00:00,13,1.08,0.3678,0.4354,0.8216,0.5363,0.0866,0.036,0.0,0.031,CATEGORY_A_UPWARD_EXPANSION
374811,374834,2024-07-26 04:00:00+00:00,2024-07-26 05:55:00+00:00,24,2.0,0.4438,0.5365,0.7572,0.5128,-0.0616,0.0191,0.0007,0.0145,CATEGORY_C_FALSE_OR_CHOP
374836,374841,2024-07-26 06:05:00+00:00,2024-07-26 06:30:00+00:00,6,0.5,0.3901,0.4003,0.6343,0.4944,-0.1167,0.0181,0.0016,0.0142,CATEGORY_C_FALSE_OR_CHOP
374866,374873,2024-07-26 08:35:00+00:00,2024-07-26 09:10:00+00:00,8,0.67,0.2772,0.3838,1.5383,0.4925,0.2168,0.0176,0.0033,0.0145,CATEGORY_C_FALSE_OR_CHOP
374961,374967,2024-07-26 16:30:00+00:00,2024-07-26 17:00:00+00:00,7,0.58,0.517,0.5608,1.3279,0.4161,-0.08,0.0292,0.0019,0.019,CATEGORY_A_UPWARD_EXPANSION
375042,375050,2024-07-26 23:15:00+00:00,2024-07-26 23:55:00+00:00,9,0.75,0.4479,0.4755,0.9348,0.412,0.0878,0.022,0.0185,-0.0002,CATEGORY_C_FALSE_OR_CHOP
375055,375063,2024-07-27 00:20:00+00:00,2024-07-27 01:00:00+00:00,9,0.75,0.2815,0.3696,1.4355,0.4107,0.0487,0.0227,0.0179,0.0023,CATEGORY_C_FALSE_OR_CHOP
375065,375073,2024-07-27 01:10:00+00:00,2024-07-27 01:50:00+00:00,9,0.75,0.5062,0.5508,1.2912,0.3862,-0.0121,0.025,0.0156,0.0063,CATEGORY_A_UPWARD_EXPANSION
375097,375110,2024-07-27 03:50:00+00:00,2024-07-27 04:55:00+00:00,14,1.17,0.3227,0.4177,0.9483,0.4233,-0.1427,0.0226,0.0179,-0.0078,CATEGORY_C_FALSE_OR_CHOP
375373,375384,2024-07-28 02:50:00+00:00,2024-07-28 03:45:00+00:00,12,1.0,0.2373,0.286,1.0593,0.4315,-0.0004,0.0259,0.0142,0.0187,CATEGORY_A_UPWARD_EXPANSION
375424,375431,2024-07-28 07:05:00+00:00,2024-07-28 07:40:00+00:00,8,0.67,0.3099,0.3239,0.4147,0.545,0.0189,0.0367,0.0029,0.0305,CATEGORY_A_UPWARD_EXPANSION
375465,375470,2024-07-28 10:30:00+00:00,2024-07-28 10:55:00+00:00,6,0.5,0.316,0.3311,0.9345,0.4955,0.0225,0.0345,0.0,0.0305,CATEGORY_A_UPWARD_EXPANSION
375620,375626,2024-07-28 23:25:00+00:00,2024-07-28 23:55:00+00:00,7,0.58,0.4661,0.5797,1.3184,0.4951,0.0097,0.0268,0.0267,-0.0215,CATEGORY_C_FALSE_OR_CHOP
375717,375724,2024-07-29 07:30:00+00:00,2024-07-29 08:05:00+00:00,8,0.67,0.4404,0.5069,0.4319,0.4344,0.0196,0.0078,0.0528,-0.0386,CATEGORY_B_DOWNWARD_EXPANSION
375858,375866,2024-07-29 19:15:00+00:00,2024-07-29 19:55:00+00:00,9,0.75,0.333,0.4512,0.5695,0.4461,-0.011,0.0037,0.026,-0.0204,CATEGORY_B_DOWNWARD_EXPANSION
375868,375879,2024-07-29 20:05:00+00:00,2024-07-29 21:00:00+00:00,12,1.0,0.4359,0.5017,1.3118,0.457,0.0109,0.0036,0.0298,-0.0179,CATEGORY_B_DOWNWARD_EXPANSION
375966,375973,2024-07-30 04:15:00+00:00,2024-07-30 04:50:00+00:00,8,0.67,0.4561,0.4956,1.2453,0.4933,-0.0511,0.005,0.0205,-0.0172,CATEGORY_B_DOWNWARD_EXPANSION
376005,376011,2024-07-30 07:30:00+00:00,2024-07-30 08:00:00+00:00,7,0.58,0.2889,0.3352,0.9401,0.5421,-0.1186,0.001,0.0244,-0.0108,CATEGORY_B_DOWNWARD_EXPANSION
376189,376202,2024-07-30 22:50:00+00:00,2024-07-30 23:55:00+00:00,14,1.17,0.5009,0.5734,0.9487,0.4798,0.0532,0.01,0.025,-0.0236,CATEGORY_B_DOWNWARD_EXPANSION
376246,376251,2024-07-31 03:35:00+00:00,2024-07-31 04:00:00+00:00,6,0.5,0.5749,0.6097,1.1582,0.4809,0.2047,0.0125,0.0344,-0.0317,CATEGORY_B_DOWNWARD_EXPANSION
376290,376296,2024-07-31 07:15:00+00:00,2024-07-31 07:45:00+00:00,7,0.58,0.5134,0.5763,0.7496,0.4963,-0.009,0.0074,0.0418,-0.0298,CATEGORY_B_DOWNWARD_EXPANSION
376337,376342,2024-07-31 11:10:00+00:00,2024-07-31 11:35:00+00:00,6,0.5,0.5006,0.5194,0.8299,0.449,0.0592,0.0115,0.0379,-0.0237,CATEGORY_B_DOWNWARD_EXPANSION
376344,376349,2024-07-31 11:45:00+00:00,2024-07-31 12:10:00+00:00,6,0.5,0.3558,0.4315,0.9996,0.5885,0.0316,0.0113,0.0381,-0.0196,CATEGORY_B_DOWNWARD_EXPANSION
376590,376595,2024-08-01 08:15:00+00:00,2024-08-01 08:40:00+00:00,6,0.5,0.4842,0.4983,2.7868,0.6503,0.1513,0.0176,0.0344,-0.0012,CATEGORY_B_DOWNWARD_EXPANSION
376825,376831,2024-08-02 03:50:00+00:00,2024-08-02 04:20:00+00:00,7,0.58,0.5618,0.6041,0.6029,0.5023,0.0064,0.0141,0.0636,-0.0441,CATEGORY_B_DOWNWARD_EXPANSION
376895,376900,2024-08-02 09:40:00+00:00,2024-08-02 10:05:00+00:00,6,0.5,0.4803,0.549,1.1555,0.3837,-0.1351,0.0176,0.0603,-0.0411,CATEGORY_B_DOWNWARD_EXPANSION
377108,377124,2024-08-03 03:25:00+00:00,2024-08-03 04:45:00+00:00,17,1.42,0.3179,0.4338,0.447,0.4868,-0.0762,0.0083,0.0297,-0.0173,CATEGORY_B_DOWNWARD_EXPANSION
377134,377152,2024-08-03 05:35:00+00:00,2024-08-03 07:05:00+00:00,19,1.58,0.2901,0.3836,0.9189,0.5665,-0.0509,0.0057,0.0322,-0.0172,CATEGORY_B_DOWNWARD_EXPANSION
377189,377200,2024-08-03 10:10:00+00:00,2024-08-03 11:05:00+00:00,12,1.0,0.2207,0.3232,1.4904,0.4997,0.027,0.0061,0.0319,-0.0157,CATEGORY_B_DOWNWARD_EXPANSION
377400,377412,2024-08-04 03:45:00+00:00,2024-08-04 04:45:00+00:00,13,1.08,0.2567,0.3871,0.5996,0.4733,0.0964,0.0079,0.1372,-0.1115,CATEGORY_B_DOWNWARD_EXPANSION
377414,377420,2024-08-04 04:55:00+00:00,2024-08-04 05:25:00+00:00,7,0.58,0.3695,0.3905,0.8295,0.489,-0.1296,0.007,0.138,-0.1192,CATEGORY_B_DOWNWARD_EXPANSION
377437,377443,2024-08-04 06:50:00+00:00,2024-08-04 07:20:00+00:00,7,0.58,0.3736,0.3875,0.6557,0.4931,0.026,0.0058,0.1933,-0.1367,CATEGORY_B_DOWNWARD_EXPANSION
377464,377474,2024-08-04 09:05:00+00:00,2024-08-04 09:55:00+00:00,11,0.92,0.3604,0.4587,1.0379,0.4973,-0.0321,0.0064,0.1929,-0.1324,CATEGORY_B_DOWNWARD_EXPANSION
377903,377908,2024-08-05 21:40:00+00:00,2024-08-05 22:05:00+00:00,6,0.5,0.4794,0.5515,1.4358,0.5139,0.141,0.0433,0.0146,0.0395,CATEGORY_A_UPWARD_EXPANSION
377911,377927,2024-08-05 22:20:00+00:00,2024-08-05 23:40:00+00:00,17,1.42,0.3396,0.484,1.2066,0.4788,0.031,0.0504,0.0079,0.0303,CATEGORY_A_UPWARD_EXPANSION
377955,377962,2024-08-06 02:00:00+00:00,2024-08-06 02:35:00+00:00,8,0.67,0.2748,0.3981,1.6208,0.5349,-0.0606,0.0232,0.0289,0.0142,CATEGORY_C_FALSE_OR_CHOP
377964,377969,2024-08-06 02:45:00+00:00,2024-08-06 03:10:00+00:00,6,0.5,0.3295,0.3388,1.0512,0.48,-0.0367,0.0288,0.0235,0.0201,CATEGORY_C_FALSE_OR_CHOP
377971,377978,2024-08-06 03:20:00+00:00,2024-08-06 03:55:00+00:00,8,0.67,0.1958,0.2748,1.0332,0.5201,0.0277,0.0291,0.0232,0.0215,CATEGORY_C_FALSE_OR_CHOP
377982,377988,2024-08-06 04:15:00+00:00,2024-08-06 04:45:00+00:00,7,0.58,0.3356,0.3432,1.7205,0.4658,-0.0791,0.0342,0.0185,0.0309,CATEGORY_A_UPWARD_EXPANSION
378050,378055,2024-08-06 09:55:00+00:00,2024-08-06 10:20:00+00:00,6,0.5,0.3199,0.339,0.9928,0.4766,-0.0667,0.0499,0.0101,0.0465,CATEGORY_A_UPWARD_EXPANSION
378068,378074,2024-08-06 11:25:00+00:00,2024-08-06 11:55:00+00:00,7,0.58,0.3575,0.399,0.7703,0.5014,-0.0421,0.0458,0.0152,0.0318,CATEGORY_A_UPWARD_EXPANSION
378128,378133,2024-08-06 16:25:00+00:00,2024-08-06 16:50:00+00:00,6,0.5,0.6601,0.6694,1.2361,0.5584,0.1164,0.0148,0.0234,-0.0154,CATEGORY_B_DOWNWARD_EXPANSION
378260,378269,2024-08-07 03:25:00+00:00,2024-08-07 04:10:00+00:00,10,0.83,0.4785,0.5407,1.6384,0.4973,-0.0385,0.0146,0.0413,0.005,CATEGORY_B_DOWNWARD_EXPANSION
378306,378311,2024-08-07 07:15:00+00:00,2024-08-07 07:40:00+00:00,6,0.5,0.4759,0.4875,0.5401,0.4755,0.1153,0.0164,0.0396,0.0092,CATEGORY_B_DOWNWARD_EXPANSION
378583,378589,2024-08-08 06:20:00+00:00,2024-08-08 06:50:00+00:00,7,0.58,0.3199,0.347,0.617,0.4396,0.1049,0.0976,0.0082,0.0651,CATEGORY_A_UPWARD_EXPANSION
378605,378615,2024-08-08 08:10:00+00:00,2024-08-08 09:00:00+00:00,11,0.92,0.2513,0.3552,0.7262,0.4372,-0.0868,0.0969,0.0087,0.0684,CATEGORY_A_UPWARD_EXPANSION
378618,378624,2024-08-08 09:15:00+00:00,2024-08-08 09:45:00+00:00,7,0.58,0.5169,0.5235,1.3505,0.4269,0.1781,0.0961,0.0095,0.0638,CATEGORY_A_UPWARD_EXPANSION
378728,378735,2024-08-08 18:25:00+00:00,2024-08-08 19:00:00+00:00,8,0.67,0.371,0.4204,1.3708,0.4241,-0.0396,0.057,0.0021,0.015,CATEGORY_A_UPWARD_EXPANSION
378759,378766,2024-08-08 21:00:00+00:00,2024-08-08 21:35:00+00:00,8,0.67,0.3329,0.366,0.8895,0.5145,-0.1297,0.0507,0.003,0.0088,CATEGORY_A_UPWARD_EXPANSION
378826,378842,2024-08-09 02:35:00+00:00,2024-08-09 03:55:00+00:00,17,1.42,0.3831,0.4895,0.9422,0.5089,-0.1059,0.0018,0.0297,-0.015,CATEGORY_B_DOWNWARD_EXPANSION
378868,378873,2024-08-09 06:05:00+00:00,2024-08-09 06:30:00+00:00,6,0.5,0.2803,0.3292,0.6527,0.3651,0.1276,0.0104,0.0214,-0.0071,CATEGORY_B_DOWNWARD_EXPANSION
378898,378904,2024-08-09 08:35:00+00:00,2024-08-09 09:05:00+00:00,7,0.58,0.3937,0.4622,2.09,0.6524,-0.0102,0.0048,0.0268,-0.0054,CATEGORY_B_DOWNWARD_EXPANSION
379111,379118,2024-08-10 02:20:00+00:00,2024-08-10 02:55:00+00:00,8,0.67,0.481,0.5404,0.9864,0.411,-0.0162,0.0117,0.0049,0.0081,CATEGORY_C_FALSE_OR_CHOP
379132,379140,2024-08-10 04:05:00+00:00,2024-08-10 04:45:00+00:00,9,0.75,0.3628,0.4284,0.4167,0.5014,-0.2551,0.0181,0.0007,0.0103,CATEGORY_C_FALSE_OR_CHOP
379156,379161,2024-08-10 06:05:00+00:00,2024-08-10 06:30:00+00:00,6,0.5,0.2257,0.235,1.239,0.4136,-0.1078,0.0162,0.0002,0.0113,CATEGORY_C_FALSE_OR_CHOP
379224,379232,2024-08-10 11:45:00+00:00,2024-08-10 12:25:00+00:00,9,0.75,0.3196,0.3854,1.1121,0.4337,-0.1683,0.0166,0.0102,-0.0052,CATEGORY_C_FALSE_OR_CHOP
379289,379296,2024-08-10 17:10:00+00:00,2024-08-10 17:45:00+00:00,8,0.67,0.2873,0.3314,1.7329,0.5818,0.2296,0.0197,0.0119,-0.0076,CATEGORY_C_FALSE_OR_CHOP
379353,379358,2024-08-10 22:30:00+00:00,2024-08-10 22:55:00+00:00,6,0.5,0.6091,0.6587,0.9847,0.3492,0.1467,0.0152,0.0434,-0.0317,CATEGORY_B_DOWNWARD_EXPANSION
379364,379369,2024-08-10 23:25:00+00:00,2024-08-10 23:50:00+00:00,6,0.5,0.4322,0.4751,0.7415,0.5113,0.0431,0.0164,0.0423,-0.0335,CATEGORY_B_DOWNWARD_EXPANSION
379401,379406,2024-08-11 02:30:00+00:00,2024-08-11 02:55:00+00:00,6,0.5,0.6231,0.6909,1.0761,0.4509,0.295,0.0136,0.048,-0.0378,CATEGORY_B_DOWNWARD_EXPANSION
379870,379877,2024-08-12 17:35:00+00:00,2024-08-12 18:10:00+00:00,8,0.67,0.5523,0.5873,0.6786,0.431,0.0189,0.0355,0.0181,0.0273,CATEGORY_A_UPWARD_EXPANSION
380000,380008,2024-08-13 04:25:00+00:00,2024-08-13 05:05:00+00:00,9,0.75,0.3754,0.515,0.5088,0.5162,-0.0919,0.0418,0.012,0.0308,CATEGORY_A_UPWARD_EXPANSION
380010,380018,2024-08-13 05:15:00+00:00,2024-08-13 05:55:00+00:00,9,0.75,0.3006,0.3334,0.4851,0.4978,0.0278,0.04,0.0138,0.0274,CATEGORY_A_UPWARD_EXPANSION
380038,380043,2024-08-13 07:35:00+00:00,2024-08-13 08:00:00+00:00,6,0.5,0.5115,0.5601,0.4308,0.5253,-0.0362,0.0399,0.0139,0.0273,CATEGORY_A_UPWARD_EXPANSION
380084,380090,2024-08-13 11:25:00+00:00,2024-08-13 11:55:00+00:00,7,0.58,0.3506,0.4482,1.2202,0.5642,-0.1529,0.0467,0.002,0.0419,CATEGORY_A_UPWARD_EXPANSION
380135,380141,2024-08-13 15:40:00+00:00,2024-08-13 16:10:00+00:00,7,0.58,0.62,0.7007,1.188,0.4493,0.1712,0.0346,0.0152,-0.0058,CATEGORY_A_UPWARD_EXPANSION
380196,380201,2024-08-13 20:45:00+00:00,2024-08-13 21:10:00+00:00,6,0.5,0.6197,0.6945,1.327,0.4885,0.167,0.0196,0.0329,-0.0261,CATEGORY_B_DOWNWARD_EXPANSION
380229,380234,2024-08-13 23:30:00+00:00,2024-08-13 23:55:00+00:00,6,0.5,0.4164,0.45,1.5241,0.5213,0.1667,0.02,0.0356,-0.0314,CATEGORY_B_DOWNWARD_EXPANSION
380301,380307,2024-08-14 05:30:00+00:00,2024-08-14 06:00:00+00:00,7,0.58,0.6097,0.6329,1.1234,0.4595,0.0506,0.017,0.0454,-0.0394,CATEGORY_B_DOWNWARD_EXPANSION
380312,380321,2024-08-14 06:25:00+00:00,2024-08-14 07:10:00+00:00,10,0.83,0.4993,0.5117,0.6896,0.5163,0.0679,0.0172,0.0479,-0.0433,CATEGORY_B_DOWNWARD_EXPANSION
380323,380330,2024-08-14 07:20:00+00:00,2024-08-14 07:55:00+00:00,8,0.67,0.445,0.4766,1.4162,0.4596,0.1413,0.0145,0.0525,-0.0468,CATEGORY_B_DOWNWARD_EXPANSION
380562,380579,2024-08-15 03:15:00+00:00,2024-08-15 04:40:00+00:00,18,1.5,0.3584,0.4403,1.3714,0.4769,-0.0349,0.0281,0.0366,-0.001,CATEGORY_B_DOWNWARD_EXPANSION
380640,380647,2024-08-15 09:45:00+00:00,2024-08-15 10:20:00+00:00,8,0.67,0.3444,0.464,0.8133,0.4915,-0.0503,0.0258,0.0388,0.001,CATEGORY_B_DOWNWARD_EXPANSION
380807,380813,2024-08-15 23:40:00+00:00,2024-08-16 00:10:00+00:00,7,0.58,0.4057,0.4427,1.1093,0.532,0.1179,0.0403,0.007,0.0242,CATEGORY_A_UPWARD_EXPANSION
380863,380874,2024-08-16 04:20:00+00:00,2024-08-16 05:15:00+00:00,12,1.0,0.4544,0.5353,0.5299,0.5681,-0.0586,0.0281,0.0113,0.0169,CATEGORY_A_UPWARD_EXPANSION
380876,380882,2024-08-16 05:25:00+00:00,2024-08-16 05:55:00+00:00,7,0.58,0.3471,0.4402,1.5242,0.5443,-0.1462,0.0279,0.0115,0.0166,CATEGORY_A_UPWARD_EXPANSION
380915,380920,2024-08-16 08:40:00+00:00,2024-08-16 09:05:00+00:00,6,0.5,0.369,0.4421,1.8147,0.3805,-0.15,0.0258,0.0135,0.0163,CATEGORY_A_UPWARD_EXPANSION
380925,380930,2024-08-16 09:30:00+00:00,2024-08-16 09:55:00+00:00,6,0.5,0.5066,0.5472,1.0009,0.6236,0.018,0.0195,0.0195,0.0111,CATEGORY_C_FALSE_OR_CHOP
381076,381088,2024-08-16 22:05:00+00:00,2024-08-16 23:05:00+00:00,13,1.08,0.4554,0.5086,1.1418,0.4582,-0.1539,0.0144,0.0026,0.0091,CATEGORY_C_FALSE_OR_CHOP
381133,381138,2024-08-17 02:50:00+00:00,2024-08-17 03:15:00+00:00,6,0.5,0.2361,0.3662,1.5713,0.4174,0.0007,0.02,0.0013,0.0096,CATEGORY_A_UPWARD_EXPANSION
381155,381161,2024-08-17 04:40:00+00:00,2024-08-17 05:10:00+00:00,7,0.58,0.3009,0.3318,0.8071,0.4733,-0.0297,0.0178,0.0026,0.0071,CATEGORY_C_FALSE_OR_CHOP
381173,381179,2024-08-17 06:10:00+00:00,2024-08-17 06:40:00+00:00,7,0.58,0.2379,0.2568,1.0892,0.5563,0.0146,0.0181,0.0023,0.0068,CATEGORY_C_FALSE_OR_CHOP
381233,381238,2024-08-17 11:10:00+00:00,2024-08-17 11:35:00+00:00,6,0.5,0.2366,0.2645,0.8856,0.4062,-0.1984,0.0189,0.0012,0.0112,CATEGORY_C_FALSE_OR_CHOP
381466,381472,2024-08-18 06:35:00+00:00,2024-08-18 07:05:00+00:00,7,0.58,0.6264,0.6703,0.8314,0.5429,0.099,0.012,0.0228,-0.0142,CATEGORY_B_DOWNWARD_EXPANSION
382001,382010,2024-08-20 03:10:00+00:00,2024-08-20 03:55:00+00:00,10,0.83,0.425,0.5489,1.6051,0.4922,-0.0549,0.0129,0.0342,-0.0214,CATEGORY_B_DOWNWARD_EXPANSION
382040,382053,2024-08-20 06:25:00+00:00,2024-08-20 07:30:00+00:00,14,1.17,0.374,0.4657,1.3885,0.5027,0.0368,0.0013,0.0385,-0.02,CATEGORY_B_DOWNWARD_EXPANSION
382076,382081,2024-08-20 09:25:00+00:00,2024-08-20 09:50:00+00:00,6,0.5,0.4926,0.5019,0.9588,0.3872,0.1192,0.0024,0.0372,-0.0257,CATEGORY_B_DOWNWARD_EXPANSION
382083,382090,2024-08-20 10:00:00+00:00,2024-08-20 10:35:00+00:00,8,0.67,0.2835,0.368,1.3556,0.4727,-0.0164,0.0044,0.0352,-0.0237,CATEGORY_B_DOWNWARD_EXPANSION
382243,382250,2024-08-20 23:20:00+00:00,2024-08-20 23:55:00+00:00,8,0.67,0.2966,0.351,0.7996,0.372,0.0522,0.0476,0.0039,0.0363,CATEGORY_A_UPWARD_EXPANSION
382279,382284,2024-08-21 02:20:00+00:00,2024-08-21 02:45:00+00:00,6,0.5,0.5533,0.58,1.788,0.5618,0.011,0.0397,0.0103,0.0128,CATEGORY_A_UPWARD_EXPANSION
382293,382301,2024-08-21 03:30:00+00:00,2024-08-21 04:10:00+00:00,9,0.75,0.4584,0.5391,0.9531,0.3648,0.0463,0.0437,0.0064,0.0216,CATEGORY_A_UPWARD_EXPANSION
382303,382318,2024-08-21 04:20:00+00:00,2024-08-21 05:35:00+00:00,16,1.33,0.2688,0.4532,0.9297,0.4353,0.0033,0.0414,0.0087,0.0226,CATEGORY_A_UPWARD_EXPANSION
382374,382390,2024-08-21 10:15:00+00:00,2024-08-21 11:35:00+00:00,17,1.42,0.4631,0.5399,0.9417,0.4643,-0.0749,0.0409,0.0091,0.0312,CATEGORY_A_UPWARD_EXPANSION
382587,382592,2024-08-22 04:00:00+00:00,2024-08-22 04:25:00+00:00,6,0.5,0.3629,0.4144,1.8762,0.4817,0.108,0.0129,0.0086,0.0016,CATEGORY_C_FALSE_OR_CHOP
382601,382610,2024-08-22 05:10:00+00:00,2024-08-22 05:55:00+00:00,10,0.83,0.4933,0.5099,0.8695,0.4121,0.0537,0.0111,0.0103,0.0022,CATEGORY_C_FALSE_OR_CHOP
382651,382658,2024-08-22 09:20:00+00:00,2024-08-22 09:55:00+00:00,8,0.67,0.2635,0.3767,1.5869,0.3782,0.0831,0.0084,0.0129,0.0022,CATEGORY_C_FALSE_OR_CHOP
382807,382815,2024-08-22 22:20:00+00:00,2024-08-22 23:00:00+00:00,9,0.75,0.4925,0.5116,0.8162,0.4839,-0.0422,0.0751,0.002,0.0622,CATEGORY_A_UPWARD_EXPANSION
382865,382876,2024-08-23 03:10:00+00:00,2024-08-23 04:05:00+00:00,12,1.0,0.3234,0.3761,1.2113,0.4589,0.1316,0.0713,0.0008,0.0547,CATEGORY_A_UPWARD_EXPANSION
382881,382886,2024-08-23 04:30:00+00:00,2024-08-23 04:55:00+00:00,6,0.5,0.3278,0.3707,1.9297,0.4003,0.3167,0.07,0.0003,0.0525,CATEGORY_A_UPWARD_EXPANSION
382924,382931,2024-08-23 08:05:00+00:00,2024-08-23 08:40:00+00:00,8,0.67,0.5325,0.5997,0.852,0.4257,-0.1585,0.0615,0.0082,0.0499,CATEGORY_A_UPWARD_EXPANSION
383149,383154,2024-08-24 02:50:00+00:00,2024-08-24 03:15:00+00:00,6,0.5,0.3816,0.4094,1.0532,0.4495,-0.0547,0.0093,0.006,0.0033,CATEGORY_C_FALSE_OR_CHOP
383164,383169,2024-08-24 04:05:00+00:00,2024-08-24 04:30:00+00:00,6,0.5,0.2767,0.3066,0.8725,0.5333,0.0579,0.0094,0.0059,0.0026,CATEGORY_C_FALSE_OR_CHOP
383237,383244,2024-08-24 10:10:00+00:00,2024-08-24 10:45:00+00:00,8,0.67,0.2508,0.2729,1.4266,0.4778,-0.2096,0.0045,0.0107,-0.0058,CATEGORY_C_FALSE_OR_CHOP
383247,383252,2024-08-24 11:00:00+00:00,2024-08-24 11:25:00+00:00,6,0.5,0.2816,0.2913,1.1692,0.3934,-0.1988,0.0065,0.0087,-0.0017,CATEGORY_C_FALSE_OR_CHOP
383281,383286,2024-08-24 13:50:00+00:00,2024-08-24 14:15:00+00:00,6,0.5,0.3111,0.3733,0.7448,0.5213,-0.101,0.0057,0.0095,0.0002,CATEGORY_C_FALSE_OR_CHOP
383289,383295,2024-08-24 14:30:00+00:00,2024-08-24 15:00:00+00:00,7,0.58,0.3824,0.43,1.1468,0.4251,0.0514,0.0056,0.0096,0.0004,CATEGORY_C_FALSE_OR_CHOP
383351,383357,2024-08-24 19:40:00+00:00,2024-08-24 20:10:00+00:00,7,0.58,0.4578,0.4878,0.7195,0.3307,0.0117,0.0049,0.0103,0.0005,CATEGORY_C_FALSE_OR_CHOP
383437,383447,2024-08-25 02:50:00+00:00,2024-08-25 03:40:00+00:00,11,0.92,0.4372,0.5203,1.0552,0.4209,-0.0172,0.0156,0.0035,0.0007,CATEGORY_C_FALSE_OR_CHOP
383459,383465,2024-08-25 04:40:00+00:00,2024-08-25 05:10:00+00:00,7,0.58,0.3778,0.5106,0.8047,0.4675,0.1475,0.0127,0.0065,-0.0033,CATEGORY_C_FALSE_OR_CHOP
383615,383626,2024-08-25 17:40:00+00:00,2024-08-25 18:35:00+00:00,12,1.0,0.5306,0.5794,0.6584,0.4903,0.1147,0.0132,0.0171,-0.0083,CATEGORY_C_FALSE_OR_CHOP
384023,384028,2024-08-27 03:40:00+00:00,2024-08-27 04:05:00+00:00,6,0.5,0.3865,0.5442,0.9843,0.4165,0.1122,0.0039,0.0781,-0.0543,CATEGORY_B_DOWNWARD_EXPANSION
384035,384043,2024-08-27 04:40:00+00:00,2024-08-27 05:20:00+00:00,9,0.75,0.3333,0.3587,0.9412,0.4582,0.1559,0.0008,0.081,-0.0591,CATEGORY_B_DOWNWARD_EXPANSION
384115,384124,2024-08-27 11:20:00+00:00,2024-08-27 12:05:00+00:00,10,0.83,0.52,0.5634,0.8092,0.4305,-0.0277,0.0028,0.0688,-0.0374,CATEGORY_B_DOWNWARD_EXPANSION
384310,384317,2024-08-28 03:35:00+00:00,2024-08-28 04:10:00+00:00,8,0.67,0.3315,0.3635,1.3615,0.523,-0.1138,0.012,0.0279,-0.0068,CATEGORY_B_DOWNWARD_EXPANSION
384593,384604,2024-08-29 03:10:00+00:00,2024-08-29 04:05:00+00:00,12,1.0,0.1947,0.3373,1.2947,0.4665,0.0557,0.0335,0.008,-0.0017,CATEGORY_A_UPWARD_EXPANSION
384612,384617,2024-08-29 04:45:00+00:00,2024-08-29 05:10:00+00:00,6,0.5,0.2697,0.3235,1.0061,0.44,0.0375,0.0332,0.0082,-0.0056,CATEGORY_A_UPWARD_EXPANSION
384833,384845,2024-08-29 23:10:00+00:00,2024-08-30 00:10:00+00:00,13,1.08,0.3209,0.4007,0.6903,0.4725,-0.0554,0.0126,0.0253,-0.0012,CATEGORY_B_DOWNWARD_EXPANSION
384872,384878,2024-08-30 02:25:00+00:00,2024-08-30 02:55:00+00:00,7,0.58,0.4515,0.4967,0.6763,0.5269,-0.0148,0.0125,0.0254,-0.0001,CATEGORY_B_DOWNWARD_EXPANSION
384891,384898,2024-08-30 04:00:00+00:00,2024-08-30 04:35:00+00:00,8,0.67,0.3974,0.4827,1.1698,0.5744,-0.1362,0.0142,0.0238,0.0029,CATEGORY_B_DOWNWARD_EXPANSION
385110,385116,2024-08-30 22:15:00+00:00,2024-08-30 22:45:00+00:00,7,0.58,0.4394,0.4716,0.8507,0.4896,0.2117,0.0048,0.0073,-0.0025,CATEGORY_C_FALSE_OR_CHOP
385118,385125,2024-08-30 22:55:00+00:00,2024-08-30 23:30:00+00:00,8,0.67,0.5259,0.5584,0.9145,0.4226,0.1029,0.0045,0.0076,-0.0039,CATEGORY_C_FALSE_OR_CHOP
385147,385157,2024-08-31 01:20:00+00:00,2024-08-31 02:10:00+00:00,11,0.92,0.3232,0.4346,0.9959,0.4639,-0.0452,0.0021,0.0116,-0.0103,CATEGORY_C_FALSE_OR_CHOP
385159,385172,2024-08-31 02:20:00+00:00,2024-08-31 03:25:00+00:00,14,1.17,0.2561,0.3236,0.967,0.516,-0.0002,0.0026,0.0155,-0.0093,CATEGORY_C_FALSE_OR_CHOP
385174,385184,2024-08-31 03:35:00+00:00,2024-08-31 04:25:00+00:00,11,0.92,0.237,0.2672,1.5134,0.4784,-0.0515,0.0012,0.0169,-0.0123,CATEGORY_C_FALSE_OR_CHOP
385262,385277,2024-08-31 10:55:00+00:00,2024-08-31 12:10:00+00:00,16,1.33,0.2748,0.3437,0.7189,0.4496,-0.0269,0.0027,0.0221,-0.0143,CATEGORY_B_DOWNWARD_EXPANSION
385284,385296,2024-08-31 12:45:00+00:00,2024-08-31 13:45:00+00:00,13,1.08,0.2098,0.2876,0.6234,0.4282,-0.0491,0.0002,0.0234,-0.0229,CATEGORY_B_DOWNWARD_EXPANSION
385408,385413,2024-08-31 23:05:00+00:00,2024-08-31 23:30:00+00:00,6,0.5,0.4688,0.5265,0.8383,0.4512,0.171,0.0019,0.0299,-0.0261,CATEGORY_B_DOWNWARD_EXPANSION
385854,385863,2024-09-02 12:15:00+00:00,2024-09-02 13:00:00+00:00,10,0.83,0.5893,0.6382,1.0346,0.5804,-0.0411,0.0249,0.0044,0.0147,CATEGORY_A_UPWARD_EXPANSION
386037,386043,2024-09-03 03:30:00+00:00,2024-09-03 04:00:00+00:00,7,0.58,0.6357,0.6887,2.4107,0.5089,-0.2613,0.0033,0.06,-0.0417,CATEGORY_B_DOWNWARD_EXPANSION
386045,386052,2024-09-03 04:10:00+00:00,2024-09-03 04:45:00+00:00,8,0.67,0.5486,0.6262,1.5867,0.6027,-0.0381,0.0028,0.0605,-0.0422,CATEGORY_B_DOWNWARD_EXPANSION
386088,386094,2024-09-03 07:45:00+00:00,2024-09-03 08:15:00+00:00,7,0.58,0.4321,0.4839,1.1112,0.5591,-0.1529,0.005,0.0584,-0.0382,CATEGORY_B_DOWNWARD_EXPANSION
386132,386138,2024-09-03 11:25:00+00:00,2024-09-03 11:55:00+00:00,7,0.58,0.4738,0.5216,1.7919,0.4271,0.1084,0.0047,0.0587,-0.0423,CATEGORY_B_DOWNWARD_EXPANSION
386244,386251,2024-09-03 20:45:00+00:00,2024-09-03 21:20:00+00:00,8,0.67,0.5381,0.638,0.7959,0.3488,-0.1065,0.008,0.0422,-0.0013,CATEGORY_B_DOWNWARD_EXPANSION
386331,386342,2024-09-04 04:00:00+00:00,2024-09-04 04:55:00+00:00,12,1.0,0.2577,0.3086,0.6432,0.5192,0.1973,0.0322,0.0089,0.009,CATEGORY_A_UPWARD_EXPANSION
386537,386546,2024-09-04 21:10:00+00:00,2024-09-04 21:55:00+00:00,10,0.83,0.2253,0.3092,0.7236,0.452,0.092,0.005,0.0423,-0.0336,CATEGORY_B_DOWNWARD_EXPANSION
386627,386632,2024-09-05 04:40:00+00:00,2024-09-05 05:05:00+00:00,6,0.5,0.5422,0.5921,1.2404,0.3352,-0.0988,0.0045,0.0254,-0.0094,CATEGORY_B_DOWNWARD_EXPANSION
386634,386644,2024-09-05 05:15:00+00:00,2024-09-05 06:05:00+00:00,11,0.92,0.4338,0.564,1.2011,0.4954,-0.0933,0.003,0.0268,-0.0143,CATEGORY_B_DOWNWARD_EXPANSION
386674,386681,2024-09-05 08:35:00+00:00,2024-09-05 09:10:00+00:00,8,0.67,0.5358,0.5638,0.5691,0.4862,0.0662,0.0069,0.0295,-0.0211,CATEGORY_B_DOWNWARD_EXPANSION
386896,386904,2024-09-06 03:05:00+00:00,2024-09-06 03:45:00+00:00,9,0.75,0.3112,0.3359,0.855,0.4077,-0.1423,0.0058,0.0729,-0.0497,CATEGORY_B_DOWNWARD_EXPANSION
386906,386919,2024-09-06 03:55:00+00:00,2024-09-06 05:00:00+00:00,14,1.17,0.4103,0.4902,0.7423,0.4832,-0.0192,0.0062,0.0725,-0.0464,CATEGORY_B_DOWNWARD_EXPANSION
386963,386972,2024-09-06 08:40:00+00:00,2024-09-06 09:25:00+00:00,10,0.83,0.4178,0.4816,0.5298,0.4566,0.0434,0.0224,0.0575,-0.028,CATEGORY_B_DOWNWARD_EXPANSION
386976,386982,2024-09-06 09:45:00+00:00,2024-09-06 10:15:00+00:00,7,0.58,0.463,0.5115,0.9319,0.5734,0.1666,0.0178,0.0618,-0.0294,CATEGORY_B_DOWNWARD_EXPANSION
387181,387201,2024-09-07 02:50:00+00:00,2024-09-07 04:30:00+00:00,21,1.75,0.1416,0.2619,1.158,0.4931,0.0225,0.0184,0.0009,0.0104,CATEGORY_C_FALSE_OR_CHOP
387260,387274,2024-09-07 09:25:00+00:00,2024-09-07 10:35:00+00:00,15,1.25,0.2519,0.2981,1.0491,0.5164,0.182,0.0097,0.0094,0.0045,CATEGORY_C_FALSE_OR_CHOP
387384,387390,2024-09-07 19:45:00+00:00,2024-09-07 20:15:00+00:00,7,0.58,0.4462,0.4929,1.8539,0.472,-0.1173,0.0071,0.013,0.0001,CATEGORY_C_FALSE_OR_CHOP
387470,387477,2024-09-08 02:55:00+00:00,2024-09-08 03:30:00+00:00,8,0.67,0.5082,0.6748,1.8354,0.4317,-0.0108,0.0203,0.0118,0.0159,CATEGORY_A_UPWARD_EXPANSION
387479,387485,2024-09-08 03:40:00+00:00,2024-09-08 04:10:00+00:00,7,0.58,0.5135,0.5591,0.7948,0.5619,-0.1145,0.0168,0.0152,0.0118,CATEGORY_C_FALSE_OR_CHOP
387561,387570,2024-09-08 10:30:00+00:00,2024-09-08 11:15:00+00:00,10,0.83,0.5563,0.6599,0.8784,0.4232,0.0843,0.0168,0.0184,0.0099,CATEGORY_C_FALSE_OR_CHOP
388053,388061,2024-09-10 03:30:00+00:00,2024-09-10 04:10:00+00:00,9,0.75,0.3925,0.4226,0.7927,0.4625,0.2363,0.0256,0.0037,0.0011,CATEGORY_A_UPWARD_EXPANSION
388085,388095,2024-09-10 06:10:00+00:00,2024-09-10 07:00:00+00:00,11,0.92,0.3209,0.4563,0.7875,0.4321,-0.0846,0.0217,0.0125,-0.0051,CATEGORY_A_UPWARD_EXPANSION
388138,388148,2024-09-10 10:35:00+00:00,2024-09-10 11:25:00+00:00,11,0.92,0.3639,0.5553,1.0739,0.4443,-0.1408,0.016,0.018,-0.0075,CATEGORY_C_FALSE_OR_CHOP
388277,388286,2024-09-10 22:10:00+00:00,2024-09-10 22:55:00+00:00,10,0.83,0.6615,0.6959,0.8426,0.4741,0.0627,0.0063,0.0359,-0.0026,CATEGORY_B_DOWNWARD_EXPANSION
388376,388382,2024-09-11 06:25:00+00:00,2024-09-11 06:55:00+00:00,7,0.58,0.3616,0.3925,0.6792,0.4753,0.0178,0.0356,0.0162,0.0264,CATEGORY_A_UPWARD_EXPANSION
388384,388392,2024-09-11 07:05:00+00:00,2024-09-11 07:45:00+00:00,9,0.75,0.3249,0.3802,1.2128,0.5551,-0.0423,0.033,0.0187,0.0261,CATEGORY_A_UPWARD_EXPANSION
388543,388552,2024-09-11 20:20:00+00:00,2024-09-11 21:05:00+00:00,10,0.83,0.4178,0.4708,1.0172,0.4594,-0.0331,0.02,0.004,0.0126,CATEGORY_A_UPWARD_EXPANSION
388560,388565,2024-09-11 21:45:00+00:00,2024-09-11 22:10:00+00:00,6,0.5,0.3619,0.5012,1.7897,0.5376,0.1819,0.0207,0.0032,0.0098,CATEGORY_A_UPWARD_EXPANSION
388578,388584,2024-09-11 23:15:00+00:00,2024-09-11 23:45:00+00:00,7,0.58,0.4013,0.4248,0.9268,0.3496,0.0506,0.0205,0.0017,0.0132,CATEGORY_A_UPWARD_EXPANSION
388638,388643,2024-09-12 04:15:00+00:00,2024-09-12 04:40:00+00:00,6,0.5,0.5128,0.5353,0.4095,0.4486,-0.0329,0.0045,0.0168,-0.008,CATEGORY_C_FALSE_OR_CHOP
388697,388703,2024-09-12 09:10:00+00:00,2024-09-12 09:40:00+00:00,7,0.58,0.4583,0.4827,1.211,0.4122,-0.0579,0.0085,0.0129,0.0007,CATEGORY_C_FALSE_OR_CHOP
388716,388721,2024-09-12 10:45:00+00:00,2024-09-12 11:10:00+00:00,6,0.5,0.2689,0.3463,0.8226,0.455,0.1133,0.0112,0.0103,0.0063,CATEGORY_C_FALSE_OR_CHOP
388871,388877,2024-09-12 23:40:00+00:00,2024-09-13 00:10:00+00:00,7,0.58,0.4395,0.5376,0.631,0.5278,0.1273,0.0413,0.0101,0.0392,CATEGORY_A_UPWARD_EXPANSION
388904,388916,2024-09-13 02:25:00+00:00,2024-09-13 03:25:00+00:00,13,1.08,0.2642,0.3865,1.0097,0.4409,-0.1888,0.0449,0.0066,0.0411,CATEGORY_A_UPWARD_EXPANSION
388930,388935,2024-09-13 04:35:00+00:00,2024-09-13 05:00:00+00:00,6,0.5,0.3753,0.4047,1.2754,0.3086,-0.0787,0.0478,0.0039,0.0412,CATEGORY_A_UPWARD_EXPANSION
388988,388995,2024-09-13 09:25:00+00:00,2024-09-13 10:00:00+00:00,8,0.67,0.4135,0.4877,0.6022,0.3671,0.0026,0.044,0.0076,0.0334,CATEGORY_A_UPWARD_EXPANSION
389187,389195,2024-09-14 02:00:00+00:00,2024-09-14 02:40:00+00:00,9,0.75,0.4162,0.4336,0.7602,0.338,-0.1104,0.0009,0.0162,-0.0027,CATEGORY_C_FALSE_OR_CHOP
389208,389214,2024-09-14 03:45:00+00:00,2024-09-14 04:15:00+00:00,7,0.58,0.3099,0.4136,1.0551,0.3928,-0.0545,0.0012,0.0146,-0.0012,CATEGORY_C_FALSE_OR_CHOP
389326,389334,2024-09-14 13:35:00+00:00,2024-09-14 14:15:00+00:00,9,0.75,0.3196,0.4137,0.8892,0.5154,0.0311,0.0104,0.0055,0.0027,CATEGORY_C_FALSE_OR_CHOP
389352,389358,2024-09-14 15:45:00+00:00,2024-09-14 16:15:00+00:00,7,0.58,0.5504,0.6211,0.7974,0.5865,0.0068,0.0074,0.0092,0.0045,CATEGORY_C_FALSE_OR_CHOP
389369,389378,2024-09-14 17:10:00+00:00,2024-09-14 17:55:00+00:00,10,0.83,0.4498,0.5435,0.7552,0.4285,-0.0181,0.0085,0.0081,-0.0012,CATEGORY_C_FALSE_OR_CHOP
389401,389406,2024-09-14 19:50:00+00:00,2024-09-14 20:15:00+00:00,6,0.5,0.5501,0.5972,1.2315,0.4346,-0.1098,0.0097,0.0018,0.0014,CATEGORY_C_FALSE_OR_CHOP
389437,389458,2024-09-14 22:50:00+00:00,2024-09-15 00:35:00+00:00,22,1.83,0.3681,0.4704,0.9768,0.4332,0.25,0.0055,0.024,-0.0237,CATEGORY_B_DOWNWARD_EXPANSION
389482,389493,2024-09-15 02:35:00+00:00,2024-09-15 03:30:00+00:00,12,1.0,0.4247,0.5702,0.819,0.3906,-0.1212,0.0038,0.0341,-0.027,CATEGORY_B_DOWNWARD_EXPANSION
389495,389502,2024-09-15 03:40:00+00:00,2024-09-15 04:15:00+00:00,8,0.67,0.4629,0.4989,1.1358,0.4093,0.2834,0.0032,0.0347,-0.0289,CATEGORY_B_DOWNWARD_EXPANSION
389523,389538,2024-09-15 06:00:00+00:00,2024-09-15 07:15:00+00:00,16,1.33,0.1873,0.3469,1.2016,0.3582,0.0279,0.0041,0.0338,-0.023,CATEGORY_B_DOWNWARD_EXPANSION
390071,390084,2024-09-17 03:40:00+00:00,2024-09-17 04:45:00+00:00,14,1.17,0.3053,0.3831,1.7112,0.5532,0.0529,0.0519,0.0011,0.0361,CATEGORY_A_UPWARD_EXPANSION
390086,390092,2024-09-17 04:55:00+00:00,2024-09-17 05:25:00+00:00,7,0.58,0.2796,0.2972,0.8379,0.4784,0.2172,0.0506,0.0,0.0341,CATEGORY_A_UPWARD_EXPANSION
390305,390311,2024-09-17 23:10:00+00:00,2024-09-17 23:40:00+00:00,7,0.58,0.4853,0.5025,0.686,0.5905,0.0579,0.0199,0.017,0.0181,CATEGORY_C_FALSE_OR_CHOP
390388,390396,2024-09-18 06:05:00+00:00,2024-09-18 06:45:00+00:00,9,0.75,0.2733,0.3912,0.9818,0.4668,0.1067,0.0369,0.0196,0.0285,CATEGORY_A_UPWARD_EXPANSION
390452,390457,2024-09-18 11:25:00+00:00,2024-09-18 11:50:00+00:00,6,0.5,0.3961,0.4542,1.1686,0.4388,0.0753,0.0478,0.0116,0.0462,CATEGORY_A_UPWARD_EXPANSION
390656,390662,2024-09-19 04:25:00+00:00,2024-09-19 04:55:00+00:00,7,0.58,0.3844,0.4536,0.9778,0.5422,0.1968,0.033,0.0043,0.0284,CATEGORY_A_UPWARD_EXPANSION
390668,390674,2024-09-19 05:25:00+00:00,2024-09-19 05:55:00+00:00,7,0.58,0.3594,0.3735,1.5038,0.466,0.3761,0.0346,0.0028,0.0294,CATEGORY_A_UPWARD_EXPANSION
390704,390710,2024-09-19 08:25:00+00:00,2024-09-19 08:55:00+00:00,7,0.58,0.3332,0.3795,1.1671,0.4224,0.0198,0.0355,0.0006,0.0221,CATEGORY_A_UPWARD_EXPANSION
390885,390890,2024-09-19 23:30:00+00:00,2024-09-19 23:55:00+00:00,6,0.5,0.4988,0.5349,1.6038,0.3221,-0.0506,0.0188,0.0095,0.004,CATEGORY_C_FALSE_OR_CHOP
391004,391011,2024-09-20 09:25:00+00:00,2024-09-20 10:00:00+00:00,8,0.67,0.3612,0.4209,0.7986,0.4648,-0.1507,0.0027,0.0185,-0.0069,CATEGORY_C_FALSE_OR_CHOP
391133,391142,2024-09-20 20:10:00+00:00,2024-09-20 20:55:00+00:00,10,0.83,0.5872,0.6607,0.9423,0.5112,0.0232,0.0093,0.0009,0.0052,CATEGORY_C_FALSE_OR_CHOP
391157,391175,2024-09-20 22:10:00+00:00,2024-09-20 23:40:00+00:00,19,1.58,0.3528,0.5269,1.0402,0.4606,-0.0252,0.004,0.0062,0.0033,CATEGORY_C_FALSE_OR_CHOP
391206,391221,2024-09-21 02:15:00+00:00,2024-09-21 03:30:00+00:00,16,1.33,0.3562,0.4853,0.8812,0.4656,-0.0424,0.0105,0.0023,0.0038,CATEGORY_C_FALSE_OR_CHOP
391223,391230,2024-09-21 03:40:00+00:00,2024-09-21 04:15:00+00:00,8,0.67,0.396,0.4198,1.1423,0.3328,0.0027,0.0108,0.0019,0.0032,CATEGORY_C_FALSE_OR_CHOP
391242,391251,2024-09-21 05:15:00+00:00,2024-09-21 06:00:00+00:00,10,0.83,0.3,0.3644,0.8772,0.4152,0.1616,0.0103,0.0013,0.0013,CATEGORY_C_FALSE_OR_CHOP
391292,391301,2024-09-21 09:25:00+00:00,2024-09-21 10:10:00+00:00,10,0.83,0.2277,0.2997,0.5959,0.3623,-0.1231,0.0078,0.0065,-0.0057,CATEGORY_C_FALSE_OR_CHOP
391400,391407,2024-09-21 18:25:00+00:00,2024-09-21 19:00:00+00:00,8,0.67,0.3029,0.4231,0.7533,0.4625,-0.0398,0.0045,0.0134,-0.0049,CATEGORY_C_FALSE_OR_CHOP
391424,391438,2024-09-21 20:25:00+00:00,2024-09-21 21:35:00+00:00,15,1.25,0.3612,0.4453,1.6038,0.4025,0.1007,0.0073,0.0107,-0.0009,CATEGORY_C_FALSE_OR_CHOP
391833,391839,2024-09-23 06:30:00+00:00,2024-09-23 07:00:00+00:00,7,0.58,0.5116,0.5517,0.677,0.5869,-0.1267,0.0031,0.0145,-0.0041,CATEGORY_C_FALSE_OR_CHOP
392106,392116,2024-09-24 05:15:00+00:00,2024-09-24 06:05:00+00:00,11,0.92,0.3839,0.5526,0.6786,0.4446,0.2034,0.0247,0.0083,0.0132,CATEGORY_A_UPWARD_EXPANSION
392167,392172,2024-09-24 10:20:00+00:00,2024-09-24 10:45:00+00:00,6,0.5,0.5168,0.5422,0.6222,0.4926,-0.0125,0.0185,0.0143,-0.0002,CATEGORY_C_FALSE_OR_CHOP
392397,392402,2024-09-25 05:30:00+00:00,2024-09-25 05:55:00+00:00,6,0.5,0.426,0.5315,1.0559,0.5115,0.0362,0.0,0.0234,-0.009,CATEGORY_B_DOWNWARD_EXPANSION
392432,392437,2024-09-25 08:25:00+00:00,2024-09-25 08:50:00+00:00,6,0.5,0.41,0.4748,1.0261,0.4072,-0.0844,0.0032,0.0177,-0.0002,CATEGORY_C_FALSE_OR_CHOP
392477,392482,2024-09-25 12:10:00+00:00,2024-09-25 12:35:00+00:00,6,0.5,0.4737,0.5617,1.361,0.384,-0.2376,0.0155,0.0167,0.0107,CATEGORY_C_FALSE_OR_CHOP
392552,392560,2024-09-25 18:25:00+00:00,2024-09-25 19:05:00+00:00,9,0.75,0.4411,0.5231,1.2651,0.5859,0.0964,0.038,0.012,0.0285,CATEGORY_A_UPWARD_EXPANSION
392584,392593,2024-09-25 21:05:00+00:00,2024-09-25 21:50:00+00:00,10,0.83,0.5417,0.5906,0.8733,0.5147,0.2371,0.0363,0.0136,0.0228,CATEGORY_A_UPWARD_EXPANSION
392655,392661,2024-09-26 03:00:00+00:00,2024-09-26 03:30:00+00:00,7,0.58,0.3763,0.4262,1.4663,0.4399,0.0067,0.0391,0.0003,0.0275,CATEGORY_A_UPWARD_EXPANSION
392663,392677,2024-09-26 03:40:00+00:00,2024-09-26 04:50:00+00:00,15,1.25,0.3141,0.5469,0.685,0.4152,-0.0679,0.0393,0.0002,0.0311,CATEGORY_A_UPWARD_EXPANSION
392936,392948,2024-09-27 02:25:00+00:00,2024-09-27 03:25:00+00:00,13,1.08,0.4913,0.5364,1.0582,0.4655,0.1419,0.0229,0.0,0.0162,CATEGORY_A_UPWARD_EXPANSION
392963,392969,2024-09-27 04:40:00+00:00,2024-09-27 05:10:00+00:00,7,0.58,0.2921,0.4004,0.7296,0.4159,0.0186,0.0182,0.0032,0.0102,CATEGORY_C_FALSE_OR_CHOP
393036,393043,2024-09-27 10:45:00+00:00,2024-09-27 11:20:00+00:00,8,0.67,0.4813,0.5606,0.7015,0.5098,-0.1081,0.0152,0.0029,0.0036,CATEGORY_C_FALSE_OR_CHOP
393091,393102,2024-09-27 15:20:00+00:00,2024-09-27 16:15:00+00:00,12,1.0,0.5802,0.6551,0.8559,0.4218,-0.0802,0.0048,0.0094,-0.0072,CATEGORY_C_FALSE_OR_CHOP
393150,393163,2024-09-27 20:15:00+00:00,2024-09-27 21:20:00+00:00,14,1.17,0.4369,0.609,0.9222,0.5666,-0.0154,0.0075,0.0053,-0.0035,CATEGORY_C_FALSE_OR_CHOP
393178,393183,2024-09-27 22:35:00+00:00,2024-09-27 23:00:00+00:00,6,0.5,0.4565,0.5096,1.0182,0.4616,0.1423,0.0054,0.0073,-0.0035,CATEGORY_C_FALSE_OR_CHOP
393253,393259,2024-09-28 04:50:00+00:00,2024-09-28 05:20:00+00:00,7,0.58,0.3325,0.4234,0.8607,0.4096,0.0771,0.0005,0.0087,-0.0039,CATEGORY_C_FALSE_OR_CHOP
393277,393284,2024-09-28 06:50:00+00:00,2024-09-28 07:25:00+00:00,8,0.67,0.5372,0.6301,0.9024,0.4026,-0.195,0.0031,0.0055,-0.0041,CATEGORY_C_FALSE_OR_CHOP
393322,393333,2024-09-28 10:35:00+00:00,2024-09-28 11:30:00+00:00,12,1.0,0.495,0.5519,0.699,0.5635,-0.2378,0.004,0.0045,-0.0011,CATEGORY_C_FALSE_OR_CHOP
393379,393389,2024-09-28 15:20:00+00:00,2024-09-28 16:10:00+00:00,11,0.92,0.491,0.5576,0.6627,0.4227,0.0926,0.0058,0.0026,0.0023,CATEGORY_C_FALSE_OR_CHOP
393427,393434,2024-09-28 19:20:00+00:00,2024-09-28 19:55:00+00:00,8,0.67,0.4539,0.4894,1.4206,0.4191,0.0387,0.004,0.0044,0.0036,CATEGORY_C_FALSE_OR_CHOP
393436,393444,2024-09-28 20:05:00+00:00,2024-09-28 20:45:00+00:00,9,0.75,0.3712,0.429,1.2904,0.3679,-0.1644,0.0054,0.0044,0.0015,CATEGORY_C_FALSE_OR_CHOP
393472,393479,2024-09-28 23:05:00+00:00,2024-09-28 23:40:00+00:00,8,0.67,0.6698,0.7018,1.0956,0.3716,0.2107,0.0054,0.0044,-0.0016,CATEGORY_C_FALSE_OR_CHOP
393511,393531,2024-09-29 02:20:00+00:00,2024-09-29 04:00:00+00:00,21,1.75,0.5956,0.6913,0.5495,0.3494,0.0021,0.0044,0.0243,-0.0198,CATEGORY_B_DOWNWARD_EXPANSION
393533,393539,2024-09-29 04:10:00+00:00,2024-09-29 04:40:00+00:00,7,0.58,0.4368,0.5428,0.8299,0.3966,0.0351,0.0051,0.0235,-0.0197,CATEGORY_B_DOWNWARD_EXPANSION
393543,393548,2024-09-29 05:00:00+00:00,2024-09-29 05:25:00+00:00,6,0.5,0.5418,0.5691,1.6213,0.3896,0.2432,0.0053,0.0234,-0.0183,CATEGORY_B_DOWNWARD_EXPANSION
393598,393606,2024-09-29 09:35:00+00:00,2024-09-29 10:15:00+00:00,9,0.75,0.5413,0.6154,1.1667,0.4371,-0.2106,0.0083,0.0348,-0.031,CATEGORY_B_DOWNWARD_EXPANSION
393608,393613,2024-09-29 10:25:00+00:00,2024-09-29 10:50:00+00:00,6,0.5,0.538,0.5838,0.4808,0.5369,0.0738,0.0084,0.0347,-0.0297,CATEGORY_B_DOWNWARD_EXPANSION
393709,393718,2024-09-29 18:50:00+00:00,2024-09-29 19:35:00+00:00,10,0.83,0.4573,0.6085,1.1679,0.4919,0.0033,0.0033,0.0425,-0.0363,CATEGORY_B_DOWNWARD_EXPANSION
394024,394030,2024-09-30 21:05:00+00:00,2024-09-30 21:35:00+00:00,7,0.58,0.536,0.5559,0.6616,0.3901,0.1794,0.0062,0.056,-0.0453,CATEGORY_B_DOWNWARD_EXPANSION
394077,394084,2024-10-01 01:30:00+00:00,2024-10-01 02:05:00+00:00,8,0.67,0.5966,0.6848,1.7585,0.426,-0.2406,0.0124,0.0502,-0.028,CATEGORY_B_DOWNWARD_EXPANSION
394111,394118,2024-10-01 04:20:00+00:00,2024-10-01 04:55:00+00:00,8,0.67,0.6091,0.6341,1.5624,0.5315,0.0228,0.0041,0.058,-0.0372,CATEGORY_B_DOWNWARD_EXPANSION
394125,394130,2024-10-01 05:30:00+00:00,2024-10-01 05:55:00+00:00,6,0.5,0.4166,0.4495,0.5641,0.6355,0.0718,0.006,0.0563,-0.0355,CATEGORY_B_DOWNWARD_EXPANSION
394624,394631,2024-10-02 23:05:00+00:00,2024-10-02 23:40:00+00:00,8,0.67,0.3596,0.4213,0.9226,0.5961,-0.0725,0.0128,0.0144,0.0017,CATEGORY_C_FALSE_OR_CHOP
394685,394694,2024-10-03 04:10:00+00:00,2024-10-03 04:55:00+00:00,10,0.83,0.3135,0.4811,0.8376,0.4196,-0.1413,0.0016,0.0244,-0.0053,CATEGORY_B_DOWNWARD_EXPANSION
394696,394702,2024-10-03 05:05:00+00:00,2024-10-03 05:35:00+00:00,7,0.58,0.2047,0.2704,0.1916,0.3392,-0.1352,0.0051,0.021,0.001,CATEGORY_B_DOWNWARD_EXPANSION
394755,394760,2024-10-03 10:00:00+00:00,2024-10-03 10:25:00+00:00,6,0.5,0.3063,0.3866,0.6367,0.4492,-0.0414,0.0143,0.0157,0.0082,CATEGORY_C_FALSE_OR_CHOP
394762,394770,2024-10-03 10:35:00+00:00,2024-10-03 11:15:00+00:00,9,0.75,0.3017,0.3513,0.9111,0.5,-0.0064,0.0123,0.0176,0.0088,CATEGORY_C_FALSE_OR_CHOP
394916,394923,2024-10-03 23:25:00+00:00,2024-10-04 00:00:00+00:00,8,0.67,0.3061,0.4226,1.1975,0.442,-0.0325,0.0284,0.0049,0.0237,CATEGORY_A_UPWARD_EXPANSION
394956,394975,2024-10-04 02:45:00+00:00,2024-10-04 04:20:00+00:00,20,1.67,0.2768,0.472,0.9897,0.4767,0.2205,0.0228,0.0055,0.0134,CATEGORY_A_UPWARD_EXPANSION
395027,395033,2024-10-04 08:40:00+00:00,2024-10-04 09:10:00+00:00,7,0.58,0.6233,0.6433,1.1914,0.4429,0.009,0.0157,0.0125,0.0113,CATEGORY_C_FALSE_OR_CHOP
395182,395187,2024-10-04 21:35:00+00:00,2024-10-04 22:00:00+00:00,6,0.5,0.3728,0.44,0.6351,0.4254,0.1045,0.0013,0.0097,-0.0051,CATEGORY_C_FALSE_OR_CHOP
395276,395282,2024-10-05 05:25:00+00:00,2024-10-05 05:55:00+00:00,7,0.58,0.4423,0.4645,1.4891,0.5602,0.1074,0.0036,0.0072,-0.0034,CATEGORY_C_FALSE_OR_CHOP
395300,395310,2024-10-05 07:25:00+00:00,2024-10-05 08:15:00+00:00,11,0.92,0.3959,0.4576,1.8553,0.34,0.0994,0.004,0.0068,-0.0022,CATEGORY_C_FALSE_OR_CHOP
395339,395345,2024-10-05 10:40:00+00:00,2024-10-05 11:10:00+00:00,7,0.58,0.2272,0.2438,0.9083,0.3951,-0.1118,0.0024,0.0084,-0.0034,CATEGORY_C_FALSE_OR_CHOP
395347,395354,2024-10-05 11:20:00+00:00,2024-10-05 11:55:00+00:00,8,0.67,0.2785,0.2955,1.0614,0.3925,-0.0971,0.0031,0.0077,-0.0013,CATEGORY_C_FALSE_OR_CHOP
395393,395405,2024-10-05 15:10:00+00:00,2024-10-05 16:10:00+00:00,13,1.08,0.3622,0.4351,0.5901,0.4134,0.1404,0.0133,0.0065,0.0116,CATEGORY_C_FALSE_OR_CHOP
395507,395512,2024-10-06 00:40:00+00:00,2024-10-06 01:05:00+00:00,6,0.5,0.5327,0.7162,0.5944,0.5572,0.2072,0.0326,0.0021,0.0326,CATEGORY_A_UPWARD_EXPANSION
396176,396191,2024-10-08 08:25:00+00:00,2024-10-08 09:40:00+00:00,16,1.33,0.4373,0.5245,0.6153,0.4934,-0.1316,0.0128,0.0086,-0.0029,CATEGORY_C_FALSE_OR_CHOP
396205,396212,2024-10-08 10:50:00+00:00,2024-10-08 11:25:00+00:00,8,0.67,0.3102,0.3316,0.9134,0.5062,-0.0679,0.0114,0.0101,-0.0053,CATEGORY_C_FALSE_OR_CHOP
396321,396333,2024-10-08 20:30:00+00:00,2024-10-08 21:30:00+00:00,13,1.08,0.3894,0.4882,0.7333,0.5035,-0.0451,0.0025,0.0338,-0.0272,CATEGORY_B_DOWNWARD_EXPANSION
396413,396419,2024-10-09 04:10:00+00:00,2024-10-09 04:40:00+00:00,7,0.58,0.3649,0.4028,0.7187,0.6052,0.1126,0.0025,0.0334,-0.0236,CATEGORY_B_DOWNWARD_EXPANSION
396478,396485,2024-10-09 09:35:00+00:00,2024-10-09 10:10:00+00:00,8,0.67,0.3693,0.4696,0.6889,0.4963,-0.1203,0.003,0.0309,-0.02,CATEGORY_B_DOWNWARD_EXPANSION
396488,396498,2024-10-09 10:25:00+00:00,2024-10-09 11:15:00+00:00,11,0.92,0.4147,0.4442,0.474,0.4449,0.0313,0.004,0.0299,-0.0161,CATEGORY_B_DOWNWARD_EXPANSION
396690,396716,2024-10-10 03:15:00+00:00,2024-10-10 05:25:00+00:00,27,2.25,0.2865,0.4694,0.8678,0.4822,0.0318,0.0072,0.0319,-0.0045,CATEGORY_B_DOWNWARD_EXPANSION
396938,396943,2024-10-10 23:55:00+00:00,2024-10-11 00:20:00+00:00,6,0.5,0.3571,0.3938,0.759,0.5518,-0.1769,0.052,0.0032,0.0404,CATEGORY_A_UPWARD_EXPANSION
396988,396998,2024-10-11 04:05:00+00:00,2024-10-11 04:55:00+00:00,11,0.92,0.4036,0.4455,0.8674,0.5229,0.0854,0.0448,0.0018,0.031,CATEGORY_A_UPWARD_EXPANSION
397258,397265,2024-10-12 02:35:00+00:00,2024-10-12 03:10:00+00:00,8,0.67,0.4153,0.4571,1.6879,0.5137,0.1562,0.0139,0.002,0.0033,CATEGORY_C_FALSE_OR_CHOP
397267,397274,2024-10-12 03:20:00+00:00,2024-10-12 03:55:00+00:00,8,0.67,0.5421,0.5559,1.6061,0.4684,0.0098,0.0146,0.0,0.0023,CATEGORY_C_FALSE_OR_CHOP
397283,397295,2024-10-12 04:40:00+00:00,2024-10-12 05:40:00+00:00,13,1.08,0.245,0.4543,0.7542,0.5478,0.1728,0.0126,0.0007,0.0033,CATEGORY_C_FALSE_OR_CHOP
397300,397313,2024-10-12 06:05:00+00:00,2024-10-12 07:10:00+00:00,14,1.17,0.2648,0.3434,0.7103,0.4554,-0.1295,0.0128,0.0005,0.0017,CATEGORY_C_FALSE_OR_CHOP
397333,397338,2024-10-12 08:50:00+00:00,2024-10-12 09:15:00+00:00,6,0.5,0.3778,0.3861,0.9833,0.3659,-0.0803,0.0125,0.0007,0.0016,CATEGORY_C_FALSE_OR_CHOP
397340,397345,2024-10-12 09:25:00+00:00,2024-10-12 09:50:00+00:00,6,0.5,0.3057,0.3454,0.8742,0.4671,0.3259,0.0109,0.0022,0.0011,CATEGORY_C_FALSE_OR_CHOP
397475,397480,2024-10-12 20:40:00+00:00,2024-10-12 21:05:00+00:00,6,0.5,0.3802,0.4443,2.3316,0.4993,0.0528,0.0047,0.0165,-0.0056,CATEGORY_C_FALSE_OR_CHOP
397569,397576,2024-10-13 04:30:00+00:00,2024-10-13 05:05:00+00:00,8,0.67,0.5745,0.6326,0.7778,0.5421,0.1227,0.0255,0.0134,0.0173,CATEGORY_A_UPWARD_EXPANSION
398119,398132,2024-10-15 02:20:00+00:00,2024-10-15 03:25:00+00:00,14,1.17,0.3196,0.5232,1.2405,0.4037,-0.0126,0.0352,0.0128,0.023,CATEGORY_A_UPWARD_EXPANSION
398158,398165,2024-10-15 05:35:00+00:00,2024-10-15 06:10:00+00:00,8,0.67,0.5786,0.6421,0.7194,0.4411,-0.0383,0.0396,0.0086,0.0294,CATEGORY_A_UPWARD_EXPANSION
398189,398194,2024-10-15 08:10:00+00:00,2024-10-15 08:35:00+00:00,6,0.5,0.5678,0.5861,0.8055,0.497,0.0501,0.0325,0.0153,0.0214,CATEGORY_A_UPWARD_EXPANSION
398409,398430,2024-10-16 02:30:00+00:00,2024-10-16 04:15:00+00:00,22,1.83,0.2506,0.319,1.0091,0.4171,-0.0026,0.0186,0.006,0.005,CATEGORY_C_FALSE_OR_CHOP
398631,398641,2024-10-16 21:00:00+00:00,2024-10-16 21:50:00+00:00,11,0.92,0.4426,0.5572,0.5614,0.4341,0.0178,0.0061,0.0128,-0.0071,CATEGORY_C_FALSE_OR_CHOP
398706,398718,2024-10-17 03:15:00+00:00,2024-10-17 04:15:00+00:00,13,1.08,0.3771,0.4418,1.4622,0.4839,-0.0025,0.0111,0.0125,0.0025,CATEGORY_C_FALSE_OR_CHOP
399019,399024,2024-10-18 05:20:00+00:00,2024-10-18 05:45:00+00:00,6,0.5,0.6484,0.6785,0.6386,0.5009,-0.1998,0.0166,0.0034,0.0078,CATEGORY_C_FALSE_OR_CHOP
399058,399063,2024-10-18 08:35:00+00:00,2024-10-18 09:00:00+00:00,6,0.5,0.651,0.7046,1.1676,0.5843,0.0262,0.0158,0.0042,0.0071,CATEGORY_C_FALSE_OR_CHOP
399070,399079,2024-10-18 09:35:00+00:00,2024-10-18 10:20:00+00:00,10,0.83,0.4871,0.5871,1.0894,0.3421,0.0441,0.0167,0.0033,0.0066,CATEGORY_C_FALSE_OR_CHOP
399230,399239,2024-10-18 22:55:00+00:00,2024-10-18 23:40:00+00:00,10,0.83,0.5264,0.5643,1.0144,0.5358,-0.2808,0.0046,0.0054,-0.0003,CATEGORY_C_FALSE_OR_CHOP
399270,399279,2024-10-19 02:15:00+00:00,2024-10-19 03:00:00+00:00,10,0.83,0.3611,0.4743,0.9499,0.4917,0.0534,0.0035,0.0065,-0.0045,CATEGORY_C_FALSE_OR_CHOP
399299,399317,2024-10-19 04:40:00+00:00,2024-10-19 06:10:00+00:00,19,1.58,0.2783,0.393,0.8701,0.4569,0.0504,0.0011,0.0057,-0.0027,CATEGORY_C_FALSE_OR_CHOP
399320,399328,2024-10-19 06:25:00+00:00,2024-10-19 07:05:00+00:00,9,0.75,0.3403,0.3564,1.4985,0.4101,0.0443,0.0021,0.0047,0.0007,CATEGORY_C_FALSE_OR_CHOP
399334,399343,2024-10-19 07:35:00+00:00,2024-10-19 08:20:00+00:00,10,0.83,0.2095,0.3487,0.9493,0.4988,0.1423,0.0018,0.0051,0.001,CATEGORY_C_FALSE_OR_CHOP
399351,399357,2024-10-19 09:00:00+00:00,2024-10-19 09:30:00+00:00,7,0.58,0.3251,0.4468,1.1206,0.3997,-0.3132,0.0018,0.0053,0.0004,CATEGORY_C_FALSE_OR_CHOP
399433,399438,2024-10-19 15:50:00+00:00,2024-10-19 16:15:00+00:00,6,0.5,0.4871,0.5041,1.5619,0.4189,-0.3299,0.0094,0.0018,0.0063,CATEGORY_C_FALSE_OR_CHOP
399463,399474,2024-10-19 18:20:00+00:00,2024-10-19 19:15:00+00:00,12,1.0,0.4106,0.5179,0.8144,0.5715,-0.1683,0.0086,0.0013,0.0055,CATEGORY_C_FALSE_OR_CHOP
399476,399483,2024-10-19 19:25:00+00:00,2024-10-19 20:00:00+00:00,8,0.67,0.4194,0.4587,0.8092,0.3504,0.1082,0.0086,0.0013,0.0043,CATEGORY_C_FALSE_OR_CHOP
399647,399657,2024-10-20 09:40:00+00:00,2024-10-20 10:30:00+00:00,11,0.92,0.5898,0.6786,1.356,0.4713,0.0028,0.0159,0.0046,-0.0002,CATEGORY_C_FALSE_OR_CHOP
400161,400173,2024-10-22 04:30:00+00:00,2024-10-22 05:30:00+00:00,13,1.08,0.4652,0.563,2.3665,0.4433,-0.0604,0.0043,0.0134,-0.0058,CATEGORY_C_FALSE_OR_CHOP
400234,400239,2024-10-22 10:35:00+00:00,2024-10-22 11:00:00+00:00,6,0.5,0.5524,0.582,0.7695,0.5381,0.0713,0.0095,0.0148,-0.0109,CATEGORY_C_FALSE_OR_CHOP
400358,400367,2024-10-22 20:55:00+00:00,2024-10-22 21:40:00+00:00,10,0.83,0.3664,0.5043,1.1655,0.5234,0.1569,0.006,0.0322,-0.0148,CATEGORY_B_DOWNWARD_EXPANSION
400463,400469,2024-10-23 05:40:00+00:00,2024-10-23 06:10:00+00:00,7,0.58,0.5988,0.6361,1.8905,0.5012,0.2353,0.0063,0.0287,0.0035,CATEGORY_B_DOWNWARD_EXPANSION
400471,400476,2024-10-23 06:20:00+00:00,2024-10-23 06:45:00+00:00,6,0.5,0.4002,0.4455,0.705,0.5033,-0.414,0.0068,0.0283,0.0012,CATEGORY_B_DOWNWARD_EXPANSION
400518,400533,2024-10-23 10:15:00+00:00,2024-10-23 11:30:00+00:00,16,1.33,0.5435,0.6025,1.2135,0.4515,0.0663,0.0157,0.0196,0.0108,CATEGORY_C_FALSE_OR_CHOP
400720,400734,2024-10-24 03:05:00+00:00,2024-10-24 04:15:00+00:00,15,1.25,0.3945,0.5726,0.756,0.3368,0.0191,0.0238,0.0082,0.0094,CATEGORY_A_UPWARD_EXPANSION
401014,401021,2024-10-25 03:35:00+00:00,2024-10-25 04:10:00+00:00,8,0.67,0.5317,0.6207,1.2375,0.2908,0.024,0.0126,0.0341,-0.0138,CATEGORY_B_DOWNWARD_EXPANSION
401035,401040,2024-10-25 05:20:00+00:00,2024-10-25 05:45:00+00:00,6,0.5,0.5319,0.5624,0.7193,0.5967,0.2533,0.0139,0.0329,-0.0099,CATEGORY_B_DOWNWARD_EXPANSION
401310,401318,2024-10-26 04:15:00+00:00,2024-10-26 04:55:00+00:00,9,0.75,0.3338,0.3555,0.877,0.3821,-0.1134,0.0076,0.003,0.0032,CATEGORY_C_FALSE_OR_CHOP
401338,401343,2024-10-26 06:35:00+00:00,2024-10-26 07:00:00+00:00,6,0.5,0.2686,0.3038,0.6904,0.4774,-0.0806,0.0041,0.0065,0.0001,CATEGORY_C_FALSE_OR_CHOP
401490,401496,2024-10-26 19:15:00+00:00,2024-10-26 19:45:00+00:00,7,0.58,0.3384,0.3464,0.6895,0.4582,-0.0433,0.0135,0.0027,0.0105,CATEGORY_C_FALSE_OR_CHOP
401596,401601,2024-10-27 04:05:00+00:00,2024-10-27 04:30:00+00:00,6,0.5,0.7215,0.7713,0.5546,0.4838,0.0534,0.0166,0.0026,0.0068,CATEGORY_C_FALSE_OR_CHOP
401615,401629,2024-10-27 05:40:00+00:00,2024-10-27 06:50:00+00:00,15,1.25,0.2282,0.3945,0.4396,0.434,-0.0121,0.0175,0.0018,0.0113,CATEGORY_C_FALSE_OR_CHOP
401635,401642,2024-10-27 07:20:00+00:00,2024-10-27 07:55:00+00:00,8,0.67,0.4063,0.4407,0.9312,0.3263,0.1608,0.022,0.0025,0.018,CATEGORY_A_UPWARD_EXPANSION
402180,402191,2024-10-29 04:45:00+00:00,2024-10-29 05:40:00+00:00,12,1.0,0.4187,0.5591,1.196,0.5602,-0.0664,0.0376,0.0016,0.0215,CATEGORY_A_UPWARD_EXPANSION
402196,402201,2024-10-29 06:05:00+00:00,2024-10-29 06:30:00+00:00,6,0.5,0.4757,0.5272,0.6976,0.5776,-0.1099,0.0349,0.0042,0.0179,CATEGORY_A_UPWARD_EXPANSION
402217,402223,2024-10-29 07:50:00+00:00,2024-10-29 08:20:00+00:00,7,0.58,0.2776,0.4964,0.785,0.3961,0.1151,0.0363,0.0016,0.0203,CATEGORY_A_UPWARD_EXPANSION
402233,402240,2024-10-29 09:10:00+00:00,2024-10-29 09:45:00+00:00,8,0.67,0.3953,0.4363,0.8799,0.455,-0.2958,0.034,0.0038,0.0169,CATEGORY_A_UPWARD_EXPANSION
402460,402475,2024-10-30 04:05:00+00:00,2024-10-30 05:20:00+00:00,16,1.33,0.3013,0.4535,0.8072,0.4361,0.1125,0.0075,0.0136,-0.0013,CATEGORY_C_FALSE_OR_CHOP
402740,402755,2024-10-31 03:25:00+00:00,2024-10-31 04:40:00+00:00,16,1.33,0.3111,0.4559,1.1739,0.4699,-0.0037,0.0053,0.0482,-0.038,CATEGORY_B_DOWNWARD_EXPANSION
403038,403058,2024-11-01 04:15:00+00:00,2024-11-01 05:55:00+00:00,21,1.75,0.2416,0.3567,0.718,0.4661,0.0126,0.0291,0.0113,0.0014,CATEGORY_A_UPWARD_EXPANSION
403087,403093,2024-11-01 08:20:00+00:00,2024-11-01 08:50:00+00:00,7,0.58,0.5143,0.5508,1.0541,0.5072,0.1479,0.0316,0.009,0.003,CATEGORY_A_UPWARD_EXPANSION
403097,403109,2024-11-01 09:10:00+00:00,2024-11-01 10:10:00+00:00,13,1.08,0.421,0.4626,1.2806,0.5745,0.0123,0.0285,0.0119,-0.0024,CATEGORY_A_UPWARD_EXPANSION
403267,403274,2024-11-01 23:20:00+00:00,2024-11-01 23:55:00+00:00,8,0.67,0.3094,0.3352,1.5732,0.4518,-0.0637,0.006,0.0071,-0.0017,CATEGORY_C_FALSE_OR_CHOP
403281,403286,2024-11-02 00:30:00+00:00,2024-11-02 00:55:00+00:00,6,0.5,0.3881,0.4105,1.2322,0.4815,0.0844,0.0036,0.0096,-0.0073,CATEGORY_C_FALSE_OR_CHOP
403486,403491,2024-11-02 17:35:00+00:00,2024-11-02 18:00:00+00:00,6,0.5,0.6218,0.6731,0.3328,0.4699,0.0036,0.0021,0.0281,-0.0153,CATEGORY_B_DOWNWARD_EXPANSION
403507,403524,2024-11-02 19:20:00+00:00,2024-11-02 20:45:00+00:00,18,1.5,0.4767,0.5445,0.6225,0.543,-0.0346,0.0001,0.03,-0.0103,CATEGORY_B_DOWNWARD_EXPANSION
403891,403897,2024-11-04 03:20:00+00:00,2024-11-04 03:50:00+00:00,7,0.58,0.6315,0.6683,0.855,0.5339,-0.0458,0.0037,0.0334,-0.0147,CATEGORY_B_DOWNWARD_EXPANSION
404187,404195,2024-11-05 04:00:00+00:00,2024-11-05 04:40:00+00:00,9,0.75,0.5647,0.619,1.1989,0.5118,-0.0724,0.0958,0.0021,0.0905,CATEGORY_A_UPWARD_EXPANSION
404555,404561,2024-11-06 10:40:00+00:00,2024-11-06 11:10:00+00:00,7,0.58,0.4069,0.5695,1.2079,0.4247,-0.0683,0.0348,0.0046,0.0155,CATEGORY_A_UPWARD_EXPANSION
404633,404643,2024-11-06 17:10:00+00:00,2024-11-06 18:00:00+00:00,11,0.92,0.3413,0.4995,0.5689,0.439,0.083,0.025,0.0025,0.0215,CATEGORY_A_UPWARD_EXPANSION
404694,404699,2024-11-06 22:15:00+00:00,2024-11-06 22:40:00+00:00,6,0.5,0.4769,0.5387,1.5489,0.4286,-0.01,0.0162,0.0159,0.0024,CATEGORY_C_FALSE_OR_CHOP
404701,404708,2024-11-06 22:50:00+00:00,2024-11-06 23:25:00+00:00,8,0.67,0.5523,0.5979,0.694,0.506,0.1514,0.0136,0.0185,0.0005,CATEGORY_C_FALSE_OR_CHOP
404710,404715,2024-11-06 23:35:00+00:00,2024-11-07 00:00:00+00:00,6,0.5,0.3597,0.4684,1.4906,0.4669,0.107,0.0166,0.0156,0.0042,CATEGORY_C_FALSE_OR_CHOP
404758,404772,2024-11-07 03:35:00+00:00,2024-11-07 04:45:00+00:00,15,1.25,0.3681,0.4894,1.14,0.4766,0.018,0.03,0.0026,0.0164,CATEGORY_A_UPWARD_EXPANSION
404774,404786,2024-11-07 04:55:00+00:00,2024-11-07 05:55:00+00:00,13,1.08,0.2231,0.3795,0.5671,0.4557,-0.1214,0.028,0.0045,0.0163,CATEGORY_A_UPWARD_EXPANSION
404860,404866,2024-11-07 12:05:00+00:00,2024-11-07 12:35:00+00:00,7,0.58,0.5294,0.553,0.8252,0.481,-0.089,0.0248,0.0064,0.0136,CATEGORY_A_UPWARD_EXPANSION
404993,404999,2024-11-07 23:10:00+00:00,2024-11-07 23:40:00+00:00,7,0.58,0.451,0.5042,0.9375,0.4822,-0.0361,0.0155,0.0061,0.0056,CATEGORY_C_FALSE_OR_CHOP
405033,405038,2024-11-08 02:30:00+00:00,2024-11-08 02:55:00+00:00,6,0.5,0.4591,0.5256,0.6918,0.493,-0.0179,0.0197,0.0021,0.0094,CATEGORY_C_FALSE_OR_CHOP
405055,405062,2024-11-08 04:20:00+00:00,2024-11-08 04:55:00+00:00,8,0.67,0.3928,0.456,0.8984,0.3987,-0.032,0.018,0.0027,0.0072,CATEGORY_C_FALSE_OR_CHOP
405115,405122,2024-11-08 09:20:00+00:00,2024-11-08 09:55:00+00:00,8,0.67,0.4186,0.4605,0.7613,0.3754,-0.0907,0.0165,0.0042,0.008,CATEGORY_C_FALSE_OR_CHOP
405279,405291,2024-11-08 23:00:00+00:00,2024-11-09 00:00:00+00:00,13,1.08,0.3494,0.5025,0.8755,0.521,-0.0273,0.006,0.0095,0.0014,CATEGORY_C_FALSE_OR_CHOP
405335,405346,2024-11-09 03:40:00+00:00,2024-11-09 04:35:00+00:00,12,1.0,0.3885,0.4598,0.9024,0.4589,-0.0322,0.0219,0.008,0.0203,CATEGORY_A_UPWARD_EXPANSION
405348,405355,2024-11-09 04:45:00+00:00,2024-11-09 05:20:00+00:00,8,0.67,0.3593,0.3969,1.4288,0.4227,0.1183,0.0389,0.0087,0.0384,CATEGORY_A_UPWARD_EXPANSION
405408,405414,2024-11-09 09:45:00+00:00,2024-11-09 10:15:00+00:00,7,0.58,0.273,0.3557,2.1306,0.4419,-0.1079,0.0421,0.0111,0.0359,CATEGORY_A_UPWARD_EXPANSION
405965,405980,2024-11-11 08:10:00+00:00,2024-11-11 09:25:00+00:00,16,1.33,0.4347,0.5915,1.735,0.4504,0.0433,0.105,0.0007,0.0877,CATEGORY_A_UPWARD_EXPANSION
406223,406230,2024-11-12 05:40:00+00:00,2024-11-12 06:15:00+00:00,8,0.67,0.5333,0.6462,1.2067,0.48,0.0397,0.0186,0.0365,-0.0183,CATEGORY_B_DOWNWARD_EXPANSION
406253,406261,2024-11-12 08:10:00+00:00,2024-11-12 08:50:00+00:00,9,0.75,0.4953,0.5366,1.1044,0.5257,0.1489,0.0093,0.0447,-0.0201,CATEGORY_B_DOWNWARD_EXPANSION
406535,406540,2024-11-13 07:40:00+00:00,2024-11-13 08:05:00+00:00,6,0.5,0.6186,0.6527,0.3408,0.4954,0.0575,0.0695,0.0014,0.0458,CATEGORY_A_UPWARD_EXPANSION
406565,406571,2024-11-13 10:10:00+00:00,2024-11-13 10:40:00+00:00,7,0.58,0.41,0.4638,0.8325,0.4787,-0.1292,0.0701,0.0,0.0442,CATEGORY_A_UPWARD_EXPANSION
406726,406737,2024-11-13 23:35:00+00:00,2024-11-14 00:30:00+00:00,12,1.0,0.2826,0.5172,1.2836,0.524,-0.0855,0.0194,0.0375,-0.0185,CATEGORY_B_DOWNWARD_EXPANSION
406772,406778,2024-11-14 03:25:00+00:00,2024-11-14 03:55:00+00:00,7,0.58,0.4585,0.4879,2.9765,0.528,0.1047,0.0206,0.0363,-0.0191,CATEGORY_B_DOWNWARD_EXPANSION
406780,406785,2024-11-14 04:05:00+00:00,2024-11-14 04:30:00+00:00,6,0.5,0.3318,0.3851,0.716,0.4639,-0.1148,0.025,0.0322,-0.0213,CATEGORY_C_FALSE_OR_CHOP
406807,406812,2024-11-14 06:20:00+00:00,2024-11-14 06:45:00+00:00,6,0.5,0.4527,0.469,0.8625,0.481,0.0141,0.0225,0.0346,-0.0208,CATEGORY_B_DOWNWARD_EXPANSION
407049,407062,2024-11-15 02:30:00+00:00,2024-11-15 03:35:00+00:00,14,1.17,0.4512,0.5128,0.7475,0.5308,-0.1414,0.0413,0.0128,0.0346,CATEGORY_A_UPWARD_EXPANSION
407064,407070,2024-11-15 03:45:00+00:00,2024-11-15 04:15:00+00:00,7,0.58,0.4606,0.4842,0.9693,0.4954,-0.072,0.0445,0.0099,0.0356,CATEGORY_A_UPWARD_EXPANSION
407102,407108,2024-11-15 06:55:00+00:00,2024-11-15 07:25:00+00:00,7,0.58,0.6053,0.628,0.64,0.5792,0.0564,0.0408,0.01,0.0348,CATEGORY_A_UPWARD_EXPANSION
407144,407151,2024-11-15 10:25:00+00:00,2024-11-15 11:00:00+00:00,8,0.67,0.457,0.5055,1.3148,0.5546,0.1632,0.0263,0.0195,0.0198,CATEGORY_A_UPWARD_EXPANSION
407153,407160,2024-11-15 11:10:00+00:00,2024-11-15 11:45:00+00:00,8,0.67,0.4001,0.4728,1.1715,0.4966,0.1021,0.0269,0.0189,0.0178,CATEGORY_A_UPWARD_EXPANSION
407293,407305,2024-11-15 22:50:00+00:00,2024-11-15 23:50:00+00:00,13,1.08,0.4427,0.5226,1.3944,0.4896,-0.0614,0.0091,0.0098,-0.0045,CATEGORY_C_FALSE_OR_CHOP
407356,407362,2024-11-16 04:05:00+00:00,2024-11-16 04:35:00+00:00,7,0.58,0.3087,0.3675,0.7255,0.4485,0.291,0.0057,0.0208,-0.0071,CATEGORY_B_DOWNWARD_EXPANSION
407464,407473,2024-11-16 13:05:00+00:00,2024-11-16 13:50:00+00:00,10,0.83,0.3701,0.4416,1.0394,0.5801,-0.0315,0.006,0.0169,-0.0039,CATEGORY_C_FALSE_OR_CHOP
407517,407534,2024-11-16 17:30:00+00:00,2024-11-16 18:55:00+00:00,18,1.5,0.4259,0.479,0.7131,0.5266,-0.0299,0.0016,0.0212,-0.015,CATEGORY_B_DOWNWARD_EXPANSION
407569,407579,2024-11-16 21:50:00+00:00,2024-11-16 22:40:00+00:00,11,0.92,0.4135,0.4994,0.9674,0.4042,-0.2615,0.0077,0.0223,-0.0159,CATEGORY_B_DOWNWARD_EXPANSION
407797,407802,2024-11-17 16:50:00+00:00,2024-11-17 17:15:00+00:00,6,0.5,0.6885,0.7458,1.2157,0.5045,-0.1289,0.0256,0.0173,0.0162,CATEGORY_A_UPWARD_EXPANSION
407886,407895,2024-11-18 00:15:00+00:00,2024-11-18 01:00:00+00:00,10,0.83,0.5461,0.715,0.8505,0.5473,-0.0796,0.029,0.0068,0.0113,CATEGORY_A_UPWARD_EXPANSION
407913,407919,2024-11-18 02:30:00+00:00,2024-11-18 03:00:00+00:00,7,0.58,0.5066,0.6733,1.2413,0.4791,-0.0476,0.0234,0.0122,0.0083,CATEGORY_A_UPWARD_EXPANSION
407923,407943,2024-11-18 03:20:00+00:00,2024-11-18 05:00:00+00:00,21,1.75,0.4603,0.6267,0.6298,0.4338,-0.0595,0.0233,0.0123,0.0123,CATEGORY_A_UPWARD_EXPANSION
408204,408210,2024-11-19 02:45:00+00:00,2024-11-19 03:15:00+00:00,7,0.58,0.3129,0.4795,1.3428,0.5068,-0.0232,0.0295,0.0027,0.0039,CATEGORY_A_UPWARD_EXPANSION
408213,408222,2024-11-19 03:30:00+00:00,2024-11-19 04:15:00+00:00,10,0.83,0.3347,0.398,1.5204,0.4214,-0.1096,0.0284,0.0037,0.0088,CATEGORY_A_UPWARD_EXPANSION
408249,408255,2024-11-19 06:30:00+00:00,2024-11-19 07:00:00+00:00,7,0.58,0.4725,0.5973,0.7395,0.4882,-0.0757,0.0214,0.0105,0.0044,CATEGORY_A_UPWARD_EXPANSION
408299,408305,2024-11-19 10:40:00+00:00,2024-11-19 11:10:00+00:00,7,0.58,0.3992,0.4663,1.0792,0.5229,-0.1185,0.0242,0.0078,0.0123,CATEGORY_A_UPWARD_EXPANSION
408307,408314,2024-11-19 11:20:00+00:00,2024-11-19 11:55:00+00:00,8,0.67,0.2914,0.3166,0.8849,0.598,0.0033,0.0246,0.0074,0.0197,CATEGORY_A_UPWARD_EXPANSION
408510,408518,2024-11-20 04:15:00+00:00,2024-11-20 04:55:00+00:00,9,0.75,0.4826,0.5317,1.0419,0.5414,0.0633,0.0602,0.0018,0.059,CATEGORY_A_UPWARD_EXPANSION
408548,408554,2024-11-20 07:25:00+00:00,2024-11-20 07:55:00+00:00,7,0.58,0.4911,0.5423,1.3233,0.5215,0.0615,0.0539,0.0014,0.0437,CATEGORY_A_UPWARD_EXPANSION
408844,408854,2024-11-21 08:05:00+00:00,2024-11-21 08:55:00+00:00,11,0.92,0.4025,0.5424,1.2033,0.5302,0.1058,0.0238,0.0155,0.0176,CATEGORY_A_UPWARD_EXPANSION
409088,409094,2024-11-22 04:25:00+00:00,2024-11-22 04:55:00+00:00,7,0.58,0.4309,0.5011,0.6683,0.4442,-0.1584,0.008,0.017,-0.0022,CATEGORY_C_FALSE_OR_CHOP
409174,409182,2024-11-22 11:35:00+00:00,2024-11-22 12:15:00+00:00,9,0.75,0.4023,0.468,1.0305,0.3908,-0.0559,0.0094,0.0156,-0.002,CATEGORY_C_FALSE_OR_CHOP
409317,409325,2024-11-22 23:30:00+00:00,2024-11-23 00:10:00+00:00,9,0.75,0.5197,0.6191,1.2385,0.3991,-0.0491,0.0022,0.0157,-0.0088,CATEGORY_C_FALSE_OR_CHOP
409393,409400,2024-11-23 05:50:00+00:00,2024-11-23 06:25:00+00:00,8,0.67,0.4151,0.5006,0.4651,0.3432,-0.0071,0.0022,0.0151,-0.0041,CATEGORY_C_FALSE_OR_CHOP
409402,409412,2024-11-23 06:35:00+00:00,2024-11-23 07:25:00+00:00,11,0.92,0.3744,0.4027,1.3425,0.4088,-0.0379,0.0025,0.0149,-0.004,CATEGORY_C_FALSE_OR_CHOP
409450,409455,2024-11-23 10:35:00+00:00,2024-11-23 11:00:00+00:00,6,0.5,0.4167,0.4526,1.1749,0.3985,-0.0548,0.0043,0.0131,-0.0082,CATEGORY_C_FALSE_OR_CHOP
410028,410033,2024-11-25 10:45:00+00:00,2024-11-25 11:10:00+00:00,6,0.5,0.6799,0.7333,1.0186,0.4333,-0.0573,0.0021,0.064,-0.0592,CATEGORY_B_DOWNWARD_EXPANSION
410263,410268,2024-11-26 06:20:00+00:00,2024-11-26 06:45:00+00:00,6,0.5,0.4224,0.4687,0.5989,0.5187,-0.0465,0.0,0.0415,-0.0164,CATEGORY_B_DOWNWARD_EXPANSION
410465,410474,2024-11-26 23:10:00+00:00,2024-11-26 23:55:00+00:00,10,0.83,0.4455,0.5195,0.7293,0.5156,-0.0106,0.057,0.0019,0.0424,CATEGORY_A_UPWARD_EXPANSION
410495,410500,2024-11-27 01:40:00+00:00,2024-11-27 02:05:00+00:00,6,0.5,0.6297,0.6705,0.8959,0.5072,-0.0621,0.0489,0.004,0.0381,CATEGORY_A_UPWARD_EXPANSION
410533,410538,2024-11-27 04:50:00+00:00,2024-11-27 05:15:00+00:00,6,0.5,0.5787,0.6438,0.9066,0.3632,0.1691,0.0497,0.0016,0.0334,CATEGORY_A_UPWARD_EXPANSION
410540,410548,2024-11-27 05:25:00+00:00,2024-11-27 06:05:00+00:00,9,0.75,0.2836,0.3578,1.0943,0.4789,0.0262,0.0461,0.0008,0.0241,CATEGORY_A_UPWARD_EXPANSION
410818,410826,2024-11-28 04:35:00+00:00,2024-11-28 05:15:00+00:00,9,0.75,0.5314,0.5897,1.0379,0.5421,0.0571,0.0122,0.011,0.0067,CATEGORY_C_FALSE_OR_CHOP
410981,410986,2024-11-28 18:10:00+00:00,2024-11-28 18:35:00+00:00,6,0.5,0.7045,0.7775,0.4192,0.5057,-0.0442,0.037,0.0042,0.0217,CATEGORY_A_UPWARD_EXPANSION
411002,411009,2024-11-28 19:55:00+00:00,2024-11-28 20:30:00+00:00,8,0.67,0.4356,0.5318,3.0471,0.4532,0.0393,0.039,0.0023,0.027,CATEGORY_A_UPWARD_EXPANSION
411092,411114,2024-11-29 03:25:00+00:00,2024-11-29 05:15:00+00:00,23,1.92,0.3115,0.5578,0.7261,0.4679,0.0332,0.0237,0.0076,0.0053,CATEGORY_A_UPWARD_EXPANSION
411153,411161,2024-11-29 08:30:00+00:00,2024-11-29 09:10:00+00:00,9,0.75,0.3637,0.6445,0.9091,0.542,-0.0288,0.0282,0.0,0.009,CATEGORY_A_UPWARD_EXPANSION
411301,411306,2024-11-29 20:50:00+00:00,2024-11-29 21:15:00+00:00,6,0.5,0.5253,0.5975,0.5377,0.4151,0.0435,0.0028,0.0115,-0.0034,CATEGORY_C_FALSE_OR_CHOP
411385,411398,2024-11-30 03:50:00+00:00,2024-11-30 04:55:00+00:00,14,1.17,0.4381,0.4967,0.6809,0.5367,-0.0984,0.0057,0.0102,-0.0017,CATEGORY_C_FALSE_OR_CHOP
411439,411446,2024-11-30 08:20:00+00:00,2024-11-30 08:55:00+00:00,8,0.67,0.5378,0.5743,0.7343,0.5638,0.1118,0.0023,0.013,0.001,CATEGORY_C_FALSE_OR_CHOP
411449,411459,2024-11-30 09:10:00+00:00,2024-11-30 10:00:00+00:00,11,0.92,0.3918,0.5134,0.7252,0.5744,-0.0255,0.0047,0.0106,0.0022,CATEGORY_C_FALSE_OR_CHOP
411568,411573,2024-11-30 19:05:00+00:00,2024-11-30 19:30:00+00:00,6,0.5,0.4969,0.6061,0.3633,0.4127,0.1773,0.0062,0.0127,0.0022,CATEGORY_C_FALSE_OR_CHOP
411575,411580,2024-11-30 19:40:00+00:00,2024-11-30 20:05:00+00:00,6,0.5,0.6188,0.6334,0.9866,0.4803,-0.0179,0.0056,0.0132,-0.0002,CATEGORY_C_FALSE_OR_CHOP
411706,411711,2024-12-01 06:35:00+00:00,2024-12-01 07:00:00+00:00,6,0.5,0.599,0.6672,1.0627,0.3229,-0.0686,0.0188,0.0025,0.0005,CATEGORY_C_FALSE_OR_CHOP
411988,411993,2024-12-02 06:05:00+00:00,2024-12-02 06:30:00+00:00,6,0.5,0.524,0.5886,0.8868,0.4867,0.163,0.0115,0.0193,-0.0009,CATEGORY_C_FALSE_OR_CHOP
411995,412000,2024-12-02 06:40:00+00:00,2024-12-02 07:05:00+00:00,6,0.5,0.6209,0.6364,0.8508,0.4989,-0.0869,0.0092,0.0215,-0.0098,CATEGORY_B_DOWNWARD_EXPANSION
412197,412204,2024-12-02 23:30:00+00:00,2024-12-03 00:05:00+00:00,8,0.67,0.4455,0.5186,1.4423,0.667,-0.0048,0.0044,0.024,-0.0001,CATEGORY_B_DOWNWARD_EXPANSION
412236,412242,2024-12-03 02:45:00+00:00,2024-12-03 03:15:00+00:00,7,0.58,0.5459,0.6179,0.7958,0.4905,0.1592,0.0064,0.0252,-0.0026,CATEGORY_B_DOWNWARD_EXPANSION
412245,412250,2024-12-03 03:30:00+00:00,2024-12-03 03:55:00+00:00,6,0.5,0.4092,0.4588,0.9508,0.4574,-0.0148,0.0056,0.026,-0.0032,CATEGORY_B_DOWNWARD_EXPANSION
412259,412265,2024-12-03 04:40:00+00:00,2024-12-03 05:10:00+00:00,7,0.58,0.2882,0.3722,0.9171,0.4706,0.0439,0.0073,0.0243,0.0017,CATEGORY_B_DOWNWARD_EXPANSION
412267,412273,2024-12-03 05:20:00+00:00,2024-12-03 05:50:00+00:00,7,0.58,0.2814,0.3199,0.9004,0.4381,-0.1919,0.0055,0.0261,0.0035,CATEGORY_B_DOWNWARD_EXPANSION
412303,412314,2024-12-03 08:20:00+00:00,2024-12-03 09:15:00+00:00,12,1.0,0.4376,0.5244,0.6649,0.4169,-0.0028,0.0175,0.0179,0.0161,CATEGORY_C_FALSE_OR_CHOP
412316,412330,2024-12-03 09:25:00+00:00,2024-12-03 10:35:00+00:00,15,1.25,0.3865,0.4773,0.6203,0.5074,0.0681,0.0167,0.0186,0.0126,CATEGORY_C_FALSE_OR_CHOP
412459,412466,2024-12-03 21:20:00+00:00,2024-12-03 21:55:00+00:00,8,0.67,0.4456,0.5026,0.7284,0.4481,0.0376,0.0312,0.0147,0.0176,CATEGORY_A_UPWARD_EXPANSION
412536,412549,2024-12-04 03:45:00+00:00,2024-12-04 04:50:00+00:00,14,1.17,0.3108,0.4319,1.0966,0.4665,-0.1042,0.0856,0.0135,0.0764,CATEGORY_A_UPWARD_EXPANSION
412621,412626,2024-12-04 10:50:00+00:00,2024-12-04 11:15:00+00:00,6,0.5,0.3308,0.3504,0.9444,0.4123,0.0955,0.0802,0.0184,0.0622,CATEGORY_A_UPWARD_EXPANSION
413112,413119,2024-12-06 03:45:00+00:00,2024-12-06 04:20:00+00:00,8,0.67,0.2892,0.3059,0.5917,0.3928,0.0207,0.0434,0.003,0.0153,CATEGORY_A_UPWARD_EXPANSION
413193,413198,2024-12-06 10:30:00+00:00,2024-12-06 10:55:00+00:00,6,0.5,0.23,0.3327,0.8013,0.4707,-0.0349,0.0385,0.0062,0.0143,CATEGORY_A_UPWARD_EXPANSION
413310,413315,2024-12-06 20:15:00+00:00,2024-12-06 20:40:00+00:00,6,0.5,0.3031,0.3271,1.1481,0.4685,-0.032,0.0,0.0293,-0.0157,CATEGORY_B_DOWNWARD_EXPANSION
413375,413390,2024-12-07 01:40:00+00:00,2024-12-07 02:55:00+00:00,16,1.33,0.3468,0.5528,0.6856,0.4378,-0.0527,0.0051,0.0109,0.0022,CATEGORY_C_FALSE_OR_CHOP
413437,413442,2024-12-07 06:50:00+00:00,2024-12-07 07:15:00+00:00,6,0.5,0.5769,0.6085,1.1144,0.5024,0.1811,0.0105,0.0037,0.0027,CATEGORY_C_FALSE_OR_CHOP
413479,413493,2024-12-07 10:20:00+00:00,2024-12-07 11:30:00+00:00,15,1.25,0.3024,0.4333,0.7501,0.4213,-0.1401,0.0096,0.0084,0.0001,CATEGORY_C_FALSE_OR_CHOP
413503,413509,2024-12-07 12:20:00+00:00,2024-12-07 12:50:00+00:00,7,0.58,0.2005,0.3624,0.896,0.4623,-0.0643,0.01,0.008,0.0051,CATEGORY_C_FALSE_OR_CHOP
413556,413568,2024-12-07 16:45:00+00:00,2024-12-07 17:45:00+00:00,13,1.08,0.5157,0.5585,1.2196,0.4271,0.1193,0.0089,0.0096,0.0033,CATEGORY_C_FALSE_OR_CHOP
413732,413738,2024-12-08 07:25:00+00:00,2024-12-08 07:55:00+00:00,7,0.58,0.5715,0.6639,1.4868,0.4057,-0.315,0.0168,0.0135,-0.001,CATEGORY_C_FALSE_OR_CHOP
413901,413907,2024-12-08 21:30:00+00:00,2024-12-08 22:00:00+00:00,7,0.58,0.6164,0.6676,0.8027,0.5701,0.0806,0.0137,0.0583,-0.0304,CATEGORY_B_DOWNWARD_EXPANSION
413995,414003,2024-12-09 05:20:00+00:00,2024-12-09 06:00:00+00:00,9,0.75,0.4942,0.5405,1.961,0.5532,0.184,0.0099,0.0532,-0.0261,CATEGORY_B_DOWNWARD_EXPANSION
414288,414295,2024-12-10 05:45:00+00:00,2024-12-10 06:20:00+00:00,8,0.67,0.4801,0.5372,1.0378,0.5318,0.0658,0.0131,0.0283,0.0062,CATEGORY_B_DOWNWARD_EXPANSION
414297,414302,2024-12-10 06:30:00+00:00,2024-12-10 06:55:00+00:00,6,0.5,0.5262,0.5527,1.5335,0.521,0.1059,0.0083,0.0329,0.0023,CATEGORY_B_DOWNWARD_EXPANSION
414304,414315,2024-12-10 07:05:00+00:00,2024-12-10 08:00:00+00:00,12,1.0,0.3574,0.4437,0.9255,0.5641,0.1039,0.0114,0.0299,0.0045,CATEGORY_B_DOWNWARD_EXPANSION
414346,414355,2024-12-10 10:35:00+00:00,2024-12-10 11:20:00+00:00,10,0.83,0.3685,0.4156,1.556,0.5225,-0.1053,0.0093,0.0339,0.0083,CATEGORY_B_DOWNWARD_EXPANSION
414557,414563,2024-12-11 04:10:00+00:00,2024-12-11 04:40:00+00:00,7,0.58,0.3696,0.394,0.7323,0.5783,-0.1064,0.0472,0.0011,0.0364,CATEGORY_A_UPWARD_EXPANSION
414568,414574,2024-12-11 05:05:00+00:00,2024-12-11 05:35:00+00:00,7,0.58,0.4674,0.4973,1.2326,0.3803,-0.0265,0.0467,0.0009,0.0381,CATEGORY_A_UPWARD_EXPANSION
414576,414584,2024-12-11 05:45:00+00:00,2024-12-11 06:25:00+00:00,9,0.75,0.436,0.4699,1.376,0.4676,0.0952,0.0431,0.0044,0.0303,CATEGORY_A_UPWARD_EXPANSION
414586,414592,2024-12-11 06:35:00+00:00,2024-12-11 07:05:00+00:00,7,0.58,0.2767,0.3194,1.7534,0.4899,-0.0602,0.0431,0.0044,0.0299,CATEGORY_A_UPWARD_EXPANSION
414631,414636,2024-12-11 10:20:00+00:00,2024-12-11 10:45:00+00:00,6,0.5,0.3097,0.3141,1.3454,0.4537,0.1,0.0383,0.0006,0.0244,CATEGORY_A_UPWARD_EXPANSION
414785,414797,2024-12-11 23:10:00+00:00,2024-12-12 00:10:00+00:00,13,1.08,0.4924,0.5712,1.3683,0.4041,-0.0237,0.0147,0.0173,-0.0104,CATEGORY_C_FALSE_OR_CHOP
414853,414858,2024-12-12 04:50:00+00:00,2024-12-12 05:15:00+00:00,6,0.5,0.4817,0.5917,0.714,0.5812,0.181,0.0177,0.0154,-0.0065,CATEGORY_C_FALSE_OR_CHOP
414871,414876,2024-12-12 06:20:00+00:00,2024-12-12 06:45:00+00:00,6,0.5,0.4994,0.5735,0.6404,0.4954,-0.1216,0.0195,0.0137,-0.007,CATEGORY_C_FALSE_OR_CHOP
415129,415139,2024-12-13 03:50:00+00:00,2024-12-13 04:40:00+00:00,11,0.92,0.3888,0.4558,1.6277,0.4595,0.0576,0.0275,0.004,0.0175,CATEGORY_A_UPWARD_EXPANSION
415141,415146,2024-12-13 04:50:00+00:00,2024-12-13 05:15:00+00:00,6,0.5,0.4219,0.465,0.7704,0.4461,0.0983,0.0255,0.006,0.0161,CATEGORY_A_UPWARD_EXPANSION
415197,415206,2024-12-13 09:30:00+00:00,2024-12-13 10:15:00+00:00,10,0.83,0.3342,0.3942,0.6575,0.468,0.0664,0.025,0.0045,0.012,CATEGORY_A_UPWARD_EXPANSION
415356,415364,2024-12-13 22:45:00+00:00,2024-12-13 23:25:00+00:00,9,0.75,0.4655,0.5472,0.9404,0.3804,-0.1129,0.0149,0.0053,0.0024,CATEGORY_C_FALSE_OR_CHOP
415435,415443,2024-12-14 05:20:00+00:00,2024-12-14 06:00:00+00:00,9,0.75,0.2809,0.331,0.6302,0.4581,-0.0709,0.0106,0.0114,0.0036,CATEGORY_C_FALSE_OR_CHOP
415445,415450,2024-12-14 06:10:00+00:00,2024-12-14 06:35:00+00:00,6,0.5,0.4277,0.4503,1.0473,0.4439,0.0179,0.0092,0.0128,0.0004,CATEGORY_C_FALSE_OR_CHOP
415653,415658,2024-12-14 23:30:00+00:00,2024-12-14 23:55:00+00:00,6,0.5,0.5685,0.5878,0.2625,0.5335,-0.0964,0.0378,0.0018,0.03,CATEGORY_A_UPWARD_EXPANSION
415891,415897,2024-12-15 19:20:00+00:00,2024-12-15 19:50:00+00:00,7,0.58,0.6434,0.6889,0.7511,0.4737,-0.0809,0.0432,0.0068,0.0314,CATEGORY_A_UPWARD_EXPANSION
416015,416024,2024-12-16 05:40:00+00:00,2024-12-16 06:25:00+00:00,10,0.83,0.2492,0.3756,1.469,0.4539,0.1031,0.0257,0.0168,0.0131,CATEGORY_A_UPWARD_EXPANSION
416257,416262,2024-12-17 01:50:00+00:00,2024-12-17 02:15:00+00:00,6,0.5,0.3971,0.4548,1.7004,0.5307,-0.0589,0.017,0.015,-0.0101,CATEGORY_C_FALSE_OR_CHOP
416305,416310,2024-12-17 05:50:00+00:00,2024-12-17 06:15:00+00:00,6,0.5,0.369,0.4353,1.0004,0.4481,-0.0978,0.0157,0.0319,-0.0273,CATEGORY_B_DOWNWARD_EXPANSION
416352,416357,2024-12-17 09:45:00+00:00,2024-12-17 10:10:00+00:00,6,0.5,0.5238,0.5457,1.5673,0.4224,0.0299,0.0114,0.0372,-0.0273,CATEGORY_B_DOWNWARD_EXPANSION
416364,416373,2024-12-17 10:45:00+00:00,2024-12-17 11:30:00+00:00,10,0.83,0.4839,0.53,1.041,0.5268,-0.0697,0.0113,0.0374,-0.0218,CATEGORY_B_DOWNWARD_EXPANSION
416620,416626,2024-12-18 08:05:00+00:00,2024-12-18 08:35:00+00:00,7,0.58,0.5192,0.6012,0.786,0.4142,-0.027,0.0127,0.0503,-0.0234,CATEGORY_B_DOWNWARD_EXPANSION
416653,416658,2024-12-18 10:50:00+00:00,2024-12-18 11:15:00+00:00,6,0.5,0.487,0.5388,1.5953,0.495,0.0386,0.0068,0.0558,-0.022,CATEGORY_B_DOWNWARD_EXPANSION
416739,416744,2024-12-18 18:00:00+00:00,2024-12-18 18:25:00+00:00,6,0.5,0.6012,0.6726,0.8104,0.5314,-0.0284,0.0023,0.0743,-0.0594,CATEGORY_B_DOWNWARD_EXPANSION
416865,416870,2024-12-19 04:30:00+00:00,2024-12-19 04:55:00+00:00,6,0.5,0.5057,0.5183,1.2821,0.3889,-0.0253,0.0211,0.0494,-0.0335,CATEGORY_B_DOWNWARD_EXPANSION
416890,416897,2024-12-19 06:35:00+00:00,2024-12-19 07:10:00+00:00,8,0.67,0.4491,0.4825,0.7255,0.4262,-0.0773,0.0158,0.0544,-0.0313,CATEGORY_B_DOWNWARD_EXPANSION
416926,416933,2024-12-19 09:35:00+00:00,2024-12-19 10:10:00+00:00,8,0.67,0.3785,0.4255,1.3882,0.5013,-0.0576,0.0093,0.0771,-0.0771,CATEGORY_B_DOWNWARD_EXPANSION
417323,417329,2024-12-20 18:40:00+00:00,2024-12-20 19:10:00+00:00,7,0.58,0.6112,0.6292,0.8026,0.4609,-0.0583,0.0252,0.0175,0.0004,CATEGORY_A_UPWARD_EXPANSION
417331,417340,2024-12-20 19:20:00+00:00,2024-12-20 20:05:00+00:00,10,0.83,0.6455,0.6966,0.7404,0.5016,-0.0364,0.0268,0.016,0.0069,CATEGORY_A_UPWARD_EXPANSION
417367,417378,2024-12-20 22:20:00+00:00,2024-12-20 23:15:00+00:00,12,1.0,0.3841,0.4656,0.8402,0.5526,-0.0954,0.021,0.0112,-0.004,CATEGORY_A_UPWARD_EXPANSION
417380,417387,2024-12-20 23:25:00+00:00,2024-12-21 00:00:00+00:00,8,0.67,0.3988,0.4492,1.1086,0.4954,0.0015,0.0189,0.0132,-0.0053,CATEGORY_C_FALSE_OR_CHOP
417395,417401,2024-12-21 00:40:00+00:00,2024-12-21 01:10:00+00:00,7,0.58,0.3907,0.442,1.4181,0.4669,-0.1179,0.02,0.0122,-0.0025,CATEGORY_C_FALSE_OR_CHOP
417406,417413,2024-12-21 01:35:00+00:00,2024-12-21 02:10:00+00:00,8,0.67,0.3309,0.3581,0.767,0.4925,-0.0914,0.023,0.0093,-0.0018,CATEGORY_A_UPWARD_EXPANSION
417415,417429,2024-12-21 02:20:00+00:00,2024-12-21 03:30:00+00:00,15,1.25,0.3042,0.3241,0.8397,0.4733,-0.1089,0.0217,0.0105,-0.0027,CATEGORY_A_UPWARD_EXPANSION
417436,417443,2024-12-21 04:05:00+00:00,2024-12-21 04:40:00+00:00,8,0.67,0.2546,0.2989,0.7385,0.4777,0.0923,0.0203,0.0126,-0.0121,CATEGORY_A_UPWARD_EXPANSION
417505,417512,2024-12-21 09:50:00+00:00,2024-12-21 10:25:00+00:00,8,0.67,0.3513,0.417,1.8727,0.4411,-0.1079,0.0002,0.0269,-0.0142,CATEGORY_B_DOWNWARD_EXPANSION
417876,417884,2024-12-22 16:45:00+00:00,2024-12-22 17:25:00+00:00,9,0.75,0.5441,0.5742,0.6742,0.4764,-0.0944,0.0105,0.0273,-0.0183,CATEGORY_B_DOWNWARD_EXPANSION
418083,418088,2024-12-23 10:00:00+00:00,2024-12-23 10:25:00+00:00,6,0.5,0.4556,0.5236,2.0524,0.5421,0.0756,0.004,0.0378,-0.0235,CATEGORY_B_DOWNWARD_EXPANSION
418263,418269,2024-12-24 01:00:00+00:00,2024-12-24 01:30:00+00:00,7,0.58,0.4704,0.5163,0.8661,0.5146,-0.0448,0.054,0.0087,0.0395,CATEGORY_A_UPWARD_EXPANSION
418271,418276,2024-12-24 01:40:00+00:00,2024-12-24 02:05:00+00:00,6,0.5,0.5173,0.5778,1.0636,0.4238,-0.0112,0.0557,0.0071,0.0387,CATEGORY_A_UPWARD_EXPANSION
418296,418304,2024-12-24 03:45:00+00:00,2024-12-24 04:25:00+00:00,9,0.75,0.5436,0.6074,0.4827,0.4633,0.0499,0.0543,0.0059,0.0403,CATEGORY_A_UPWARD_EXPANSION
418312,418324,2024-12-24 05:05:00+00:00,2024-12-24 06:05:00+00:00,13,1.08,0.3717,0.5039,0.9659,0.4983,0.0659,0.0527,0.0074,0.0393,CATEGORY_A_UPWARD_EXPANSION
418377,418382,2024-12-24 10:30:00+00:00,2024-12-24 10:55:00+00:00,6,0.5,0.6093,0.6358,0.9098,0.4566,0.0374,0.0587,0.0004,0.0477,CATEGORY_A_UPWARD_EXPANSION
418584,418605,2024-12-25 03:45:00+00:00,2024-12-25 05:30:00+00:00,22,1.83,0.3783,0.5239,0.5289,0.4764,-0.0457,0.0182,0.0056,0.0007,CATEGORY_C_FALSE_OR_CHOP
418607,418612,2024-12-25 05:40:00+00:00,2024-12-25 06:05:00+00:00,6,0.5,0.4021,0.4138,0.949,0.463,-0.2083,0.0177,0.006,0.0016,CATEGORY_C_FALSE_OR_CHOP
418638,418643,2024-12-25 08:15:00+00:00,2024-12-25 08:40:00+00:00,6,0.5,0.3612,0.4076,0.7345,0.5082,-0.1812,0.0182,0.0261,-0.0219,CATEGORY_B_DOWNWARD_EXPANSION
418654,418659,2024-12-25 09:35:00+00:00,2024-12-25 10:00:00+00:00,6,0.5,0.4016,0.4855,0.5169,0.5525,0.2091,0.0181,0.029,-0.0289,CATEGORY_B_DOWNWARD_EXPANSION
419171,419176,2024-12-27 04:40:00+00:00,2024-12-27 05:05:00+00:00,6,0.5,0.5368,0.5614,0.674,0.4864,0.0039,0.0134,0.0286,-0.0172,CATEGORY_B_DOWNWARD_EXPANSION
419178,419190,2024-12-27 05:15:00+00:00,2024-12-27 06:15:00+00:00,13,1.08,0.46,0.5352,0.6897,0.5043,0.0319,0.0148,0.0273,-0.0164,CATEGORY_B_DOWNWARD_EXPANSION
419253,419259,2024-12-27 11:30:00+00:00,2024-12-27 12:00:00+00:00,7,0.58,0.4546,0.4831,1.8245,0.5705,0.0898,0.0018,0.0347,-0.0209,CATEGORY_B_DOWNWARD_EXPANSION
419266,419271,2024-12-27 12:35:00+00:00,2024-12-27 13:00:00+00:00,6,0.5,0.5118,0.6009,1.2394,0.5586,-0.0612,0.0,0.0324,-0.0216,CATEGORY_B_DOWNWARD_EXPANSION
419414,419421,2024-12-28 00:55:00+00:00,2024-12-28 01:30:00+00:00,8,0.67,0.4332,0.5405,1.3985,0.4178,0.0537,0.0168,0.0001,0.0088,CATEGORY_C_FALSE_OR_CHOP
419437,419446,2024-12-28 02:50:00+00:00,2024-12-28 03:35:00+00:00,10,0.83,0.4162,0.4885,1.1253,0.5191,0.1651,0.0118,0.0032,0.0052,CATEGORY_C_FALSE_OR_CHOP
419453,419462,2024-12-28 04:10:00+00:00,2024-12-28 04:55:00+00:00,10,0.83,0.2144,0.2602,0.6348,0.4469,-0.0013,0.0128,0.0023,0.0064,CATEGORY_C_FALSE_OR_CHOP
419747,419753,2024-12-29 04:40:00+00:00,2024-12-29 05:10:00+00:00,7,0.58,0.4091,0.5151,0.5491,0.3218,0.1032,0.0022,0.022,-0.0177,CATEGORY_B_DOWNWARD_EXPANSION
420352,420359,2024-12-31 07:05:00+00:00,2024-12-31 07:40:00+00:00,8,0.67,0.2269,0.2987,1.7147,0.5217,0.2177,0.0368,0.0005,0.008,CATEGORY_A_UPWARD_EXPANSION
420381,420388,2024-12-31 09:30:00+00:00,2024-12-31 10:05:00+00:00,8,0.67,0.4409,0.5268,0.8739,0.4309,0.0006,0.0251,0.0075,-0.0034,CATEGORY_A_UPWARD_EXPANSION
